source_file,sequence_number,day,timestamp,segment_id,line_name,group,direction,location_type,station_id,station_name,platform_regime,line_regime,pm1,pm25,pm10,humidity,co2
commuta_readings_today_20260710_114808.csv,4829,2026-07-10,2026-07-10T10:26:42.000+01:00,S01,Central,quieter,Stratford->Bond Street,platform,940GZZLUSTD,Stratford,open_air,deep_tube_open,13.297562599182127,14.061664581298828,14.061667442321776,45.03395080566406,513.0
commuta_readings_today_20260710_114808.csv,4830,2026-07-10,2026-07-10T10:26:52.000+01:00,S01,Central,quieter,Stratford->Bond Street,platform,940GZZLUSTD,Stratford,open_air,deep_tube_open,13.286989212036133,14.050484657287598,14.05048656463623,45.09956359863281,517.0
commuta_readings_today_20260710_114808.csv,4831,2026-07-10,2026-07-10T10:27:02.000+01:00,S01,Central,quieter,Stratford->Bond Street,platform,940GZZLUSTD,Stratford,open_air,deep_tube_open,13.659074783325195,14.443950653076172,14.443952560424805,44.96528625488281,550.0
commuta_readings_today_20260710_114808.csv,4832,2026-07-10,2026-07-10T10:27:12.000+01:00,S01,Central,quieter,Stratford->Bond Street,platform,940GZZLUSTD,Stratford,open_air,deep_tube_open,12.560466766357422,13.282214164733888,13.28221607208252,45.12855911254883,625.0
commuta_readings_today_20260710_114808.csv,4833,2026-07-10,2026-07-10T10:27:22.000+01:00,S01,Central,quieter,Stratford->Bond Street,platform,940GZZLUSTD,Stratford,open_air,deep_tube_open,12.276527404785156,12.981959342956545,12.981961250305176,45.85488510131836,693.0
commuta_readings_today_20260710_114808.csv,4834,2026-07-10,2026-07-10T10:27:32.000+01:00,S01,Central,quieter,Stratford->Bond Street,platform,940GZZLUSTD,Stratford,open_air,deep_tube_open,12.381912231445312,13.09340000152588,13.093401908874512,46.31723403930664,722.0
commuta_readings_today_20260710_114808.csv,4835,2026-07-10,2026-07-10T10:27:42.000+01:00,S01,Central,quieter,Stratford->Bond Street,platform,940GZZLUSTD,Stratford,open_air,deep_tube_open,12.574031829833984,13.296558380126951,13.296561241149902,46.82230758666992,729.0
commuta_readings_today_20260710_114808.csv,4836,2026-07-10,2026-07-10T10:27:52.000+01:00,S01,Central,quieter,Stratford->Bond Street,platform,940GZZLUSTD,Stratford,open_air,deep_tube_open,16.980384826660156,17.95611000061035,17.956111907958984,46.89707946777344,732.0
commuta_readings_today_20260710_114808.csv,4837,2026-07-10,2026-07-10T10:28:02.000+01:00,S01,Central,quieter,Stratford->Bond Street,platform,940GZZLUSTD,Stratford,open_air,deep_tube_open,17.39054298400879,18.47300910949707,18.577600479125977,46.67887496948242,732.0
commuta_readings_today_20260710_114808.csv,4838,2026-07-10,2026-07-10T10:28:12.000+01:00,S01,Central,quieter,Stratford->Bond Street,platform,940GZZLUSTD,Stratford,open_air,deep_tube_open,16.252426147460938,17.499361038208008,17.892995834350586,46.567481994628906,731.0
commuta_readings_today_20260710_114808.csv,4839,2026-07-10,2026-07-10T10:28:22.000+01:00,S01,Central,quieter,Stratford->Bond Street,platform,940GZZLUSTD,Stratford,open_air,deep_tube_open,14.07636833190918,15.100956916809082,15.372230529785156,45.897613525390625,731.0
commuta_readings_today_20260710_114808.csv,4840,2026-07-10,2026-07-10T10:28:32.000+01:00,S01,Central,quieter,Stratford->Bond Street,platform,940GZZLUSTD,Stratford,open_air,deep_tube_open,12.721046447753906,13.472835540771484,13.49901008605957,44.6280632019043,730.0
commuta_readings_today_20260710_114808.csv,4841,2026-07-10,2026-07-10T10:28:42.000+01:00,S01,Central,quieter,Stratford->Bond Street,platform,940GZZLUSTD,Stratford,open_air,deep_tube_open,12.40113639831543,13.115904808044434,13.118642807006836,43.869686126708984,723.0
commuta_readings_today_20260710_114808.csv,4843,2026-07-10,2026-07-10T10:29:02.000+01:00,S01,Central,quieter,Stratford->Bond Street,platform,940GZZLUSTD,Stratford,open_air,deep_tube_open,12.09324836730957,12.788172721862791,12.788204193115234,43.2639045715332,684.0
commuta_readings_today_20260710_114808.csv,4844,2026-07-10,2026-07-10T10:29:12.000+01:00,S01,Central,quieter,Stratford->Bond Street,platform,940GZZLUSTD,Stratford,open_air,deep_tube_open,11.584826469421388,12.250515937805176,12.250523567199709,42.88853454589844,673.0
commuta_readings_today_20260710_114808.csv,4845,2026-07-10,2026-07-10T10:29:22.000+01:00,S01,Central,quieter,Stratford->Bond Street,platform,940GZZLUSTD,Stratford,open_air,deep_tube_open,10.537474632263184,11.142980575561523,11.142987251281738,42.65049362182617,659.0
commuta_readings_today_20260710_114808.csv,4846,2026-07-10,2026-07-10T10:29:32.000+01:00,S01,Central,quieter,Stratford->Bond Street,platform,940GZZLUSTD,Stratford,open_air,deep_tube_open,10.22042465209961,10.807713508605955,10.807719230651855,42.404823303222656,652.0
commuta_readings_today_20260710_114808.csv,4847,2026-07-10,2026-07-10T10:29:42.000+01:00,S01,Central,quieter,Stratford->Bond Street,platform,940GZZLUSTD,Stratford,open_air,deep_tube_open,10.289887428283691,10.881166458129885,10.881173133850098,42.26291275024414,648.0
commuta_readings_today_20260710_114808.csv,4848,2026-07-10,2026-07-10T10:29:52.000+01:00,S01,Central,quieter,Stratford->Bond Street,platform,940GZZLUSTD,Stratford,open_air,deep_tube_open,10.817768096923828,11.439380645751951,11.439388275146484,42.26749038696289,646.0
commuta_readings_today_20260710_114808.csv,4849,2026-07-10,2026-07-10T10:30:02.000+01:00,S01,Central,quieter,Stratford->Bond Street,platform,940GZZLUSTD,Stratford,open_air,deep_tube_open,10.66904640197754,11.282113075256348,11.282119750976562,42.31784439086914,647.0
commuta_readings_today_20260710_114808.csv,4850,2026-07-10,2026-07-10T10:30:12.000+01:00,S01,Central,quieter,Stratford->Bond Street,platform,940GZZLUSTD,Stratford,open_air,deep_tube_open,10.089248657226562,10.66899871826172,10.669005393981934,42.446022033691406,647.0
commuta_readings_today_20260710_114808.csv,4851,2026-07-10,2026-07-10T10:30:22.000+01:00,S01,Central,quieter,Stratford->Bond Street,platform,940GZZLUSTD,Stratford,open_air,deep_tube_open,10.663905143737791,11.276676177978516,11.27668285369873,42.67185592651367,651.0
commuta_readings_today_20260710_114808.csv,4852,2026-07-10,2026-07-10T10:30:32.000+01:00,S01,Central,quieter,Stratford->Bond Street,platform,940GZZLUSTD,Stratford,open_air,deep_tube_open,10.831788063049316,11.454205513000488,11.45421314239502,42.32547378540039,657.0
commuta_readings_today_20260710_114808.csv,4853,2026-07-10,2026-07-10T10:30:42.000+01:00,S01,Central,quieter,Stratford->Bond Street,platform,940GZZLUSTD,Stratford,open_air,deep_tube_open,12.162775993347168,12.861676216125488,12.86168384552002,42.059967041015625,660.0
commuta_readings_today_20260710_114808.csv,4854,2026-07-10,2026-07-10T10:30:52.000+01:00,S01,Central,quieter,Stratford->Bond Street,platform,940GZZLUSTD,Stratford,open_air,deep_tube_open,12.623738288879396,13.349125862121582,13.349133491516112,42.29800796508789,712.0
commuta_readings_today_20260710_114808.csv,4855,2026-07-10,2026-07-10T10:31:02.000+01:00,S01,Central,quieter,Stratford->Bond Street,platform,940GZZLUSTD,Stratford,open_air,deep_tube_open,10.759771347045898,11.378050804138184,11.378058433532717,41.956207275390625,746.0
commuta_readings_today_20260710_114808.csv,4856,2026-07-10,2026-07-10T10:31:12.000+01:00,S01,Central,quieter,Stratford->Bond Street,platform,940GZZLUSTD,Stratford,open_air,deep_tube_open,9.64691925048828,10.201251983642578,10.201257705688477,41.63576889038086,750.0
commuta_readings_today_20260710_114808.csv,4857,2026-07-10,2026-07-10T10:31:22.000+01:00,S01,Central,quieter,Stratford->Bond Street,platform,940GZZLUSTD,Stratford,open_air,deep_tube_open,8.96392822265625,9.479015350341797,9.479021072387695,41.32600784301758,748.0
commuta_readings_today_20260710_114808.csv,4858,2026-07-10,2026-07-10T10:31:32.000+01:00,S01,Central,quieter,Stratford->Bond Street,platform,940GZZLUSTD,Stratford,open_air,deep_tube_open,9.47220516204834,10.016499519348145,10.016505241394045,41.35042190551758,733.0
commuta_readings_today_20260710_114808.csv,4859,2026-07-10,2026-07-10T10:31:42.000+01:00,S01,Central,quieter,Stratford->Bond Street,platform,940GZZLUSTD,Stratford,open_air,deep_tube_open,9.894673347473145,10.463242530822754,10.463249206542969,41.28786087036133,714.0
commuta_readings_today_20260710_114808.csv,4860,2026-07-10,2026-07-10T10:31:52.000+01:00,S01,Central,quieter,Stratford->Bond Street,platform,940GZZLUSTD,Stratford,open_air,deep_tube_open,15.419204711914062,16.305227279663086,16.30523681640625,41.25581741333008,686.0
commuta_readings_today_20260710_114808.csv,4861,2026-07-10,2026-07-10T10:32:02.000+01:00,S01,Central,quieter,Stratford->Bond Street,in_train,,,,deep_tube_open,19.826091766357425,20.995677947998047,21.033836364746097,41.53353118896485,676.0
commuta_readings_today_20260710_114808.csv,4862,2026-07-10,2026-07-10T10:32:12.000+01:00,S01,Central,quieter,Stratford->Bond Street,in_train,,,,deep_tube_open,19.379650115966797,20.52712631225586,20.56973648071289,41.70443344116211,669.0
commuta_readings_today_20260710_114808.csv,4863,2026-07-10,2026-07-10T10:32:22.000+01:00,S01,Central,quieter,Stratford->Bond Street,in_train,,,,deep_tube_open,18.337356567382812,19.400630950927734,19.412683486938477,42.429237365722656,666.0
commuta_readings_today_20260710_114808.csv,4864,2026-07-10,2026-07-10T10:32:32.000+01:00,S01,Central,quieter,Stratford->Bond Street,in_train,,,,deep_tube_open,17.347122192382812,18.344894409179688,18.346118927001953,43.62401580810547,673.0
commuta_readings_today_20260710_114808.csv,4865,2026-07-10,2026-07-10T10:32:42.000+01:00,S01,Central,quieter,Stratford->Bond Street,in_train,,,,deep_tube_open,16.51869010925293,17.467979431152344,17.46810531616211,44.354923248291016,688.0
commuta_readings_today_20260710_114808.csv,4866,2026-07-10,2026-07-10T10:32:52.000+01:00,S01,Central,quieter,Stratford->Bond Street,in_train,,,,deep_tube_open,16.14354133605957,17.071189880371094,17.071208953857422,44.48157501220703,694.0
commuta_readings_today_20260710_114808.csv,4867,2026-07-10,2026-07-10T10:33:02.000+01:00,S01,Central,quieter,Stratford->Bond Street,in_train,,,,deep_tube_open,15.898386001586914,16.811941146850586,16.811952590942383,43.837642669677734,695.0
commuta_readings_today_20260710_114808.csv,4868,2026-07-10,2026-07-10T10:33:12.000+01:00,S01,Central,quieter,Stratford->Bond Street,in_train,,,,deep_tube_open,15.906688690185549,16.824264526367188,16.82872772216797,43.10826110839844,696.0
commuta_readings_today_20260710_114808.csv,4869,2026-07-10,2026-07-10T10:33:22.000+01:00,S01,Central,quieter,Stratford->Bond Street,in_train,,,,deep_tube_open,15.374130249023438,16.28182601928711,16.312353134155273,42.607765197753906,689.0
commuta_readings_today_20260710_114808.csv,4870,2026-07-10,2026-07-10T10:33:32.000+01:00,S01,Central,quieter,Stratford->Bond Street,in_train,,,,deep_tube_open,15.99480152130127,16.951416015625,16.99860191345215,42.35751724243164,673.0
commuta_readings_today_20260710_114808.csv,4871,2026-07-10,2026-07-10T10:33:42.000+01:00,S01,Central,quieter,Stratford->Bond Street,in_train,,,,deep_tube_open,27.32223892211914,29.04915428161621,29.246488571166992,42.12710952758789,658.0
commuta_readings_today_20260710_114808.csv,4872,2026-07-10,2026-07-10T10:33:52.000+01:00,S01,Central,quieter,Stratford->Bond Street,in_train,,,,deep_tube_open,34.602455139160156,37.05754089355469,37.64447784423828,41.937896728515625,651.0
commuta_readings_today_20260710_114808.csv,4873,2026-07-10,2026-07-10T10:34:02.000+01:00,S01,Central,quieter,Stratford->Bond Street,in_train,,,,deep_tube_open,42.773651123046875,46.43961334228515,47.9587516784668,41.890594482421875,635.0
commuta_readings_today_20260710_114808.csv,4874,2026-07-10,2026-07-10T10:34:12.000+01:00,S01,Central,quieter,Stratford->Bond Street,in_train,,,,deep_tube_open,51.13788986206055,56.57527160644531,59.71750259399414,41.76546859741211,636.0
commuta_readings_today_20260710_114808.csv,4875,2026-07-10,2026-07-10T10:34:22.000+01:00,S01,Central,quieter,Stratford->Bond Street,in_train,,,,deep_tube_open,58.52813720703125,65.830078125,70.78291320800781,41.65865707397461,633.0
commuta_readings_today_20260710_114808.csv,4876,2026-07-10,2026-07-10T10:34:32.000+01:00,S01,Central,quieter,Stratford->Bond Street,in_train,,,,deep_tube_open,69.74018096923828,79.74067687988281,87.27668762207031,41.908905029296875,630.0
commuta_readings_today_20260710_114808.csv,4877,2026-07-10,2026-07-10T10:34:42.000+01:00,S01,Central,quieter,Stratford->Bond Street,in_train,,,,deep_tube_open,82.4823989868164,96.11974334716795,107.30818939208984,41.997406005859375,621.0
commuta_readings_today_20260710_114808.csv,4878,2026-07-10,2026-07-10T10:34:52.000+01:00,S01,Central,quieter,Stratford->Bond Street,in_train,,,,deep_tube_open,85.8343505859375,101.05567932128906,113.99369049072266,42.121002197265625,617.0
commuta_readings_today_20260710_114808.csv,4879,2026-07-10,2026-07-10T10:35:02.000+01:00,S01,Central,quieter,Stratford->Bond Street,in_train,,,,deep_tube_open,82.51799774169922,97.4124984741211,110.17918395996094,42.28427505493164,617.0
commuta_readings_today_20260710_114808.csv,4880,2026-07-10,2026-07-10T10:35:12.000+01:00,S01,Central,quieter,Stratford->Bond Street,in_train,,,,deep_tube_open,82.39422607421875,98.51818084716795,112.83975982666016,42.44449615478515,618.0
commuta_readings_today_20260710_114808.csv,4881,2026-07-10,2026-07-10T10:35:22.000+01:00,S01,Central,quieter,Stratford->Bond Street,platform,940GZZLUMED,Mile End,underground_no_psd,deep_tube_open,81.9467544555664,100.15365600585938,117.1267547607422,42.65049362182617,632.0
commuta_readings_today_20260710_114808.csv,4882,2026-07-10,2026-07-10T10:35:32.000+01:00,S01,Central,quieter,Stratford->Bond Street,platform,940GZZLUMED,Mile End,underground_no_psd,deep_tube_open,85.12347412109375,104.6190414428711,122.98306274414062,42.575721740722656,648.0
commuta_readings_today_20260710_114808.csv,4883,2026-07-10,2026-07-10T10:35:42.000+01:00,S01,Central,quieter,Stratford->Bond Street,platform,940GZZLUMED,Mile End,underground_no_psd,deep_tube_open,86.35899353027344,106.4430694580078,125.45781707763672,42.558937072753906,653.0
commuta_readings_today_20260710_114808.csv,4884,2026-07-10,2026-07-10T10:35:52.000+01:00,S01,Central,quieter,Stratford->Bond Street,platform,940GZZLUMED,Mile End,underground_no_psd,deep_tube_open,85.51612091064453,104.23005676269533,121.58282470703124,42.624549865722656,657.0
commuta_readings_today_20260710_114808.csv,4885,2026-07-10,2026-07-10T10:36:02.000+01:00,S01,Central,quieter,Stratford->Bond Street,platform,940GZZLUMED,Mile End,underground_no_psd,deep_tube_open,81.35067749023438,97.21939086914062,111.29542541503906,42.514686584472656,657.0
commuta_readings_today_20260710_114808.csv,4886,2026-07-10,2026-07-10T10:36:12.000+01:00,S01,Central,quieter,Stratford->Bond Street,platform,940GZZLUMED,Mile End,underground_no_psd,deep_tube_open,82.51083374023438,98.0845184326172,111.70575714111328,42.36209487915039,655.0
commuta_readings_today_20260710_114808.csv,4887,2026-07-10,2026-07-10T10:36:22.000+01:00,S01,Central,quieter,Stratford->Bond Street,platform,940GZZLUMED,Mile End,underground_no_psd,deep_tube_open,86.48863220214844,102.94302368164062,117.38428497314452,42.35446548461914,651.0
commuta_readings_today_20260710_114808.csv,4888,2026-07-10,2026-07-10T10:36:32.000+01:00,S01,Central,quieter,Stratford->Bond Street,platform,940GZZLUMED,Mile End,underground_no_psd,deep_tube_open,89.97333526611328,107.42546081542967,122.8695297241211,42.394142150878906,650.0
commuta_readings_today_20260710_114808.csv,4889,2026-07-10,2026-07-10T10:36:42.000+01:00,S01,Central,quieter,Stratford->Bond Street,platform,940GZZLUMED,Mile End,underground_no_psd,deep_tube_open,88.63541412353516,107.26348876953124,124.2829132080078,42.24765396118164,645.0
commuta_readings_today_20260710_114808.csv,4890,2026-07-10,2026-07-10T10:36:52.000+01:00,S01,Central,quieter,Stratford->Bond Street,platform,940GZZLUMED,Mile End,underground_no_psd,deep_tube_open,85.950439453125,105.07106018066406,122.9038543701172,42.32394790649414,644.0
commuta_readings_today_20260710_114808.csv,4891,2026-07-10,2026-07-10T10:37:02.000+01:00,S01,Central,quieter,Stratford->Bond Street,platform,940GZZLUMED,Mile End,underground_no_psd,deep_tube_open,78.54304504394531,95.32699584960938,110.75676727294922,42.33310317993164,640.0
commuta_readings_today_20260710_114808.csv,4892,2026-07-10,2026-07-10T10:37:12.000+01:00,S01,Central,quieter,Stratford->Bond Street,platform,940GZZLUMED,Mile End,underground_no_psd,deep_tube_open,75.2100830078125,91.34838104248048,106.20710754394533,42.26596450805664,638.0
commuta_readings_today_20260710_114808.csv,4893,2026-07-10,2026-07-10T10:37:22.000+01:00,S01,Central,quieter,Stratford->Bond Street,platform,940GZZLUMED,Mile End,underground_no_psd,deep_tube_open,76.63346099853516,93.16802978515624,108.42220306396484,42.23086929321289,637.0
commuta_readings_today_20260710_114808.csv,4894,2026-07-10,2026-07-10T10:37:32.000+01:00,S01,Central,quieter,Stratford->Bond Street,platform,940GZZLUMED,Mile End,underground_no_psd,deep_tube_open,80.26588439941406,96.4070053100586,110.9039535522461,42.14694595336914,636.0
commuta_readings_today_20260710_114808.csv,4895,2026-07-10,2026-07-10T10:37:42.000+01:00,S01,Central,quieter,Stratford->Bond Street,platform,940GZZLUMED,Mile End,underground_no_psd,deep_tube_open,83.79364776611328,100.87936401367188,116.30919647216795,41.886016845703125,635.0
commuta_readings_today_20260710_114808.csv,4896,2026-07-10,2026-07-10T10:37:52.000+01:00,S01,Central,quieter,Stratford->Bond Street,platform,940GZZLUMED,Mile End,underground_no_psd,deep_tube_open,90.88461303710938,109.193359375,125.64875793457033,41.84176254272461,634.0
commuta_readings_today_20260710_114808.csv,4897,2026-07-10,2026-07-10T10:38:02.000+01:00,S01,Central,quieter,Stratford->Bond Street,platform,940GZZLUMED,Mile End,underground_no_psd,deep_tube_open,92.7796630859375,110.67594146728516,126.4757308959961,42.29953384399414,634.0
commuta_readings_today_20260710_114808.csv,4898,2026-07-10,2026-07-10T10:38:12.000+01:00,S01,Central,quieter,Stratford->Bond Street,platform,940GZZLUMED,Mile End,underground_no_psd,deep_tube_open,88.17131042480469,105.22654724121094,120.30174255371094,42.522315979003906,633.0
commuta_readings_today_20260710_114808.csv,4899,2026-07-10,2026-07-10T10:38:22.000+01:00,S01,Central,quieter,Stratford->Bond Street,in_train,,,,deep_tube_open,84.66156005859375,102.05055236816406,117.7990493774414,42.94651794433594,636.0
commuta_readings_today_20260710_114808.csv,4900,2026-07-10,2026-07-10T10:38:32.000+01:00,S01,Central,quieter,Stratford->Bond Street,in_train,,,,deep_tube_open,83.37342834472656,100.82437896728516,116.74382019042967,43.923095703125,645.0
commuta_readings_today_20260710_114808.csv,4901,2026-07-10,2026-07-10T10:38:42.000+01:00,S01,Central,quieter,Stratford->Bond Street,in_train,,,,deep_tube_open,81.91448974609375,97.66815948486328,111.55880737304688,44.0604248046875,649.0
commuta_readings_today_20260710_114808.csv,4902,2026-07-10,2026-07-10T10:38:52.000+01:00,S01,Central,quieter,Stratford->Bond Street,in_train,,,,deep_tube_open,82.72648620605469,97.68355560302734,110.51383209228516,43.79339218139648,653.0
commuta_readings_today_20260710_114808.csv,4903,2026-07-10,2026-07-10T10:39:02.000+01:00,S01,Central,quieter,Stratford->Bond Street,in_train,,,,deep_tube_open,84.16012573242188,99.18733215332033,112.00223541259766,43.697261810302734,655.0
commuta_readings_today_20260710_114808.csv,4904,2026-07-10,2026-07-10T10:39:12.000+01:00,S01,Central,quieter,Stratford->Bond Street,in_train,,,,deep_tube_open,85.25572204589844,100.93761444091795,114.49658966064452,43.56145477294922,668.0
commuta_readings_today_20260710_114808.csv,4905,2026-07-10,2026-07-10T10:39:22.000+01:00,S01,Central,quieter,Stratford->Bond Street,in_train,,,,deep_tube_open,86.71776580810547,102.93250274658205,117.05584716796876,43.60875701904297,698.0
commuta_readings_today_20260710_114808.csv,4906,2026-07-10,2026-07-10T10:39:32.000+01:00,S01,Central,quieter,Stratford->Bond Street,in_train,,,,deep_tube_open,87.4520263671875,103.4017333984375,117.13880920410156,43.700313568115234,702.0
commuta_readings_today_20260710_114808.csv,4907,2026-07-10,2026-07-10T10:39:42.000+01:00,S01,Central,quieter,Stratford->Bond Street,in_train,,,,deep_tube_open,91.26959991455078,107.50727081298828,121.33057403564452,43.60265350341797,704.0
commuta_readings_today_20260710_114808.csv,4908,2026-07-10,2026-07-10T10:39:52.000+01:00,S01,Central,quieter,Stratford->Bond Street,in_train,,,,deep_tube_open,93.62168884277344,109.47733306884766,122.65029907226562,43.50194549560547,713.0
commuta_readings_today_20260710_114808.csv,4909,2026-07-10,2026-07-10T10:40:02.000+01:00,S01,Central,quieter,Stratford->Bond Street,in_train,,,,deep_tube_open,96.13525390625,112.76677703857422,126.73374938964844,43.40581512451172,712.0
commuta_readings_today_20260710_114808.csv,4910,2026-07-10,2026-07-10T10:40:12.000+01:00,S01,Central,quieter,Stratford->Bond Street,in_train,,,,deep_tube_open,98.22309112548828,116.23731231689452,131.79208374023438,43.3737678527832,711.0
commuta_readings_today_20260710_114808.csv,4911,2026-07-10,2026-07-10T10:40:22.000+01:00,S01,Central,quieter,Stratford->Bond Street,platform,940GZZLUBLG,Bethnal Green,underground_no_psd,deep_tube_open,108.1175765991211,129.253173828125,148.0180206298828,43.11283874511719,710.0
commuta_readings_today_20260710_114808.csv,4912,2026-07-10,2026-07-10T10:40:32.000+01:00,S01,Central,quieter,Stratford->Bond Street,platform,940GZZLUBLG,Bethnal Green,underground_no_psd,deep_tube_open,115.6574478149414,138.42758178710938,158.7029571533203,42.83207321166992,709.0
commuta_readings_today_20260710_114808.csv,4913,2026-07-10,2026-07-10T10:40:42.000+01:00,S01,Central,quieter,Stratford->Bond Street,platform,940GZZLUBLG,Bethnal Green,underground_no_psd,deep_tube_open,119.98271942138672,143.22357177734375,163.77833557128906,42.519264221191406,708.0
commuta_readings_today_20260710_114808.csv,4914,2026-07-10,2026-07-10T10:40:52.000+01:00,S01,Central,quieter,Stratford->Bond Street,platform,940GZZLUBLG,Bethnal Green,underground_no_psd,deep_tube_open,123.70989227294922,149.39109802246094,172.74517822265625,42.33768081665039,704.0
commuta_readings_today_20260710_114808.csv,4915,2026-07-10,2026-07-10T10:41:02.000+01:00,S01,Central,quieter,Stratford->Bond Street,platform,940GZZLUBLG,Bethnal Green,underground_no_psd,deep_tube_open,122.51626586914062,150.76699829101562,177.43838500976562,41.998931884765625,687.0
commuta_readings_today_20260710_114808.csv,4916,2026-07-10,2026-07-10T10:41:12.000+01:00,S01,Central,quieter,Stratford->Bond Street,platform,940GZZLUBLG,Bethnal Green,underground_no_psd,deep_tube_open,122.94325256347656,151.6074981689453,178.7679443359375,41.957733154296875,683.0
commuta_readings_today_20260710_114808.csv,4917,2026-07-10,2026-07-10T10:41:22.000+01:00,S01,Central,quieter,Stratford->Bond Street,platform,940GZZLUBLG,Bethnal Green,underground_no_psd,deep_tube_open,122.73893737792967,150.3629150390625,176.23004150390625,42.021820068359375,674.0
commuta_readings_today_20260710_114808.csv,4918,2026-07-10,2026-07-10T10:41:32.000+01:00,S01,Central,quieter,Stratford->Bond Street,platform,940GZZLUBLG,Bethnal Green,underground_no_psd,deep_tube_open,116.9388427734375,142.074951171875,165.23281860351562,41.931793212890625,664.0
commuta_readings_today_20260710_114808.csv,4919,2026-07-10,2026-07-10T10:41:42.000+01:00,S01,Central,quieter,Stratford->Bond Street,platform,940GZZLUBLG,Bethnal Green,underground_no_psd,deep_tube_open,111.83756256103516,135.49163818359375,157.15452575683594,42.024871826171875,625.0
commuta_readings_today_20260710_114808.csv,4920,2026-07-10,2026-07-10T10:41:52.000+01:00,S01,Central,quieter,Stratford->Bond Street,platform,940GZZLUBLG,Bethnal Green,underground_no_psd,deep_tube_open,104.31073760986328,126.06383514404295,145.88018798828125,42.041656494140625,614.0
commuta_readings_today_20260710_114808.csv,4921,2026-07-10,2026-07-10T10:42:02.000+01:00,S01,Central,quieter,Stratford->Bond Street,platform,940GZZLUBLG,Bethnal Green,underground_no_psd,deep_tube_open,93.19792938232422,111.8525390625,128.57565307617188,41.957733154296875,612.0
commuta_readings_today_20260710_114808.csv,4922,2026-07-10,2026-07-10T10:42:12.000+01:00,S01,Central,quieter,Stratford->Bond Street,platform,940GZZLUBLG,Bethnal Green,underground_no_psd,deep_tube_open,90.75015258789062,108.27964782714844,123.76487731933594,41.927215576171875,613.0
commuta_readings_today_20260710_114808.csv,4923,2026-07-10,2026-07-10T10:42:22.000+01:00,S01,Central,quieter,Stratford->Bond Street,platform,940GZZLUBLG,Bethnal Green,underground_no_psd,deep_tube_open,91.40846252441406,107.95746612548828,122.16219329833984,42.508583068847656,614.0
commuta_readings_today_20260710_114808.csv,4924,2026-07-10,2026-07-10T10:42:32.000+01:00,S01,Central,quieter,Stratford->Bond Street,platform,940GZZLUBLG,Bethnal Green,underground_no_psd,deep_tube_open,59.11387252807617,69.20310974121094,77.6185073852539,43.59044647216797,632.0
commuta_readings_today_20260710_114808.csv,4925,2026-07-10,2026-07-10T10:42:42.000+01:00,S01,Central,quieter,Stratford->Bond Street,platform,940GZZLUBLG,Bethnal Green,underground_no_psd,deep_tube_open,35.585121154785156,41.26932144165039,45.84568405151367,44.48157501220703,665.0
commuta_readings_today_20260710_114808.csv,4926,2026-07-10,2026-07-10T10:42:52.000+01:00,S01,Central,quieter,Stratford->Bond Street,platform,940GZZLUBLG,Bethnal Green,underground_no_psd,deep_tube_open,31.38871192932129,36.03312683105469,39.60523223876953,44.45716094970703,678.0
commuta_readings_today_20260710_114808.csv,4927,2026-07-10,2026-07-10T10:43:02.000+01:00,S01,Central,quieter,Stratford->Bond Street,platform,940GZZLUBLG,Bethnal Green,underground_no_psd,deep_tube_open,28.02683448791504,31.834716796875,34.597843170166016,44.22980117797851,688.0
commuta_readings_today_20260710_114808.csv,4928,2026-07-10,2026-07-10T10:43:12.000+01:00,S01,Central,quieter,Stratford->Bond Street,in_train,,,,deep_tube_open,25.985082626342773,29.33749008178711,31.67540740966797,44.1214599609375,702.0
commuta_readings_today_20260710_114808.csv,4929,2026-07-10,2026-07-10T10:43:22.000+01:00,S01,Central,quieter,Stratford->Bond Street,in_train,,,,deep_tube_open,24.219741821289062,27.179443359375,29.151103973388672,44.02532958984375,724.0
commuta_readings_today_20260710_114808.csv,4930,2026-07-10,2026-07-10T10:43:32.000+01:00,S01,Central,quieter,Stratford->Bond Street,in_train,,,,deep_tube_open,26.457820892333984,29.582258224487305,31.599367141723633,43.22270584106445,730.0
commuta_readings_today_20260710_114808.csv,4931,2026-07-10,2026-07-10T10:43:42.000+01:00,S01,Central,quieter,Stratford->Bond Street,in_train,,,,deep_tube_open,39.02833938598633,43.50487518310547,46.31388092041016,42.67185592651367,731.0
commuta_readings_today_20260710_114808.csv,4932,2026-07-10,2026-07-10T10:43:52.000+01:00,S01,Central,quieter,Stratford->Bond Street,in_train,,,,deep_tube_open,59.097469329833984,66.10459899902344,70.64559173583984,42.38956451416016,729.0
commuta_readings_today_20260710_114808.csv,4933,2026-07-10,2026-07-10T10:44:02.000+01:00,S01,Central,quieter,Stratford->Bond Street,in_train,,,,deep_tube_open,64.73200988769531,73.14253997802734,79.04112243652344,42.33157730102539,729.0
commuta_readings_today_20260710_114808.csv,4934,2026-07-10,2026-07-10T10:44:12.000+01:00,S01,Central,quieter,Stratford->Bond Street,in_train,,,,deep_tube_open,69.13627624511719,78.68390655517578,85.69410705566406,42.471961975097656,727.0
commuta_readings_today_20260710_114808.csv,4935,2026-07-10,2026-07-10T10:44:22.000+01:00,S01,Central,quieter,Stratford->Bond Street,in_train,,,,deep_tube_open,69.54570007324219,79.29239654541016,86.5233154296875,42.577247619628906,717.0
commuta_readings_today_20260710_114808.csv,4936,2026-07-10,2026-07-10T10:44:32.000+01:00,S01,Central,quieter,Stratford->Bond Street,in_train,,,,deep_tube_open,73.0202407836914,83.83000183105469,92.14659881591795,42.77103805541992,719.0
commuta_readings_today_20260710_114808.csv,4937,2026-07-10,2026-07-10T10:44:42.000+01:00,S01,Central,quieter,Stratford->Bond Street,in_train,,,,deep_tube_open,74.79744720458984,85.88714599609375,94.4273452758789,43.04112243652344,718.0
commuta_readings_today_20260710_114808.csv,4938,2026-07-10,2026-07-10T10:44:52.000+01:00,S01,Central,quieter,Stratford->Bond Street,in_train,,,,deep_tube_open,78.2571792602539,90.39102935791016,99.99419403076172,43.11894226074219,713.0
commuta_readings_today_20260710_114808.csv,4939,2026-07-10,2026-07-10T10:45:02.000+01:00,S01,Central,quieter,Stratford->Bond Street,in_train,,,,deep_tube_open,80.67040252685547,93.97364044189452,104.87289428710938,43.1540412902832,709.0
commuta_readings_today_20260710_114808.csv,4940,2026-07-10,2026-07-10T10:45:12.000+01:00,S01,Central,quieter,Stratford->Bond Street,in_train,,,,deep_tube_open,83.17924499511719,97.04134368896484,108.46207427978516,43.41191864013672,710.0
commuta_readings_today_20260710_114808.csv,4941,2026-07-10,2026-07-10T10:45:22.000+01:00,S01,Central,quieter,Stratford->Bond Street,in_train,,,,deep_tube_open,86.3380126953125,100.94252014160156,113.06853485107422,43.39208221435547,711.0
commuta_readings_today_20260710_114808.csv,4942,2026-07-10,2026-07-10T10:45:32.000+01:00,S01,Central,quieter,Stratford->Bond Street,in_train,,,,deep_tube_open,86.6968994140625,102.11555480957033,115.23938751220705,43.43328094482422,714.0
commuta_readings_today_20260710_114808.csv,4943,2026-07-10,2026-07-10T10:45:42.000+01:00,S01,Central,quieter,Stratford->Bond Street,in_train,,,,deep_tube_open,84.5908432006836,99.89547729492188,113.02813720703124,43.49889373779297,726.0
commuta_readings_today_20260710_114808.csv,4944,2026-07-10,2026-07-10T10:45:52.000+01:00,S01,Central,quieter,Stratford->Bond Street,platform,940GZZLULVT,Liverpool Street,underground_no_psd,deep_tube_open,84.39501190185547,100.096923828125,113.74325561523438,43.54161834716797,745.0
commuta_readings_today_20260710_114808.csv,4945,2026-07-10,2026-07-10T10:46:02.000+01:00,S01,Central,quieter,Stratford->Bond Street,platform,940GZZLULVT,Liverpool Street,underground_no_psd,deep_tube_open,82.33393096923828,98.20225524902344,112.20677185058594,43.49431610107422,750.0
commuta_readings_today_20260710_114808.csv,4946,2026-07-10,2026-07-10T10:46:12.000+01:00,S01,Central,quieter,Stratford->Bond Street,platform,940GZZLULVT,Liverpool Street,underground_no_psd,deep_tube_open,77.35737609863281,91.33053588867188,103.3115692138672,43.08689880371094,755.0
commuta_readings_today_20260710_114808.csv,4947,2026-07-10,2026-07-10T10:46:22.000+01:00,S01,Central,quieter,Stratford->Bond Street,platform,940GZZLULVT,Liverpool Street,underground_no_psd,deep_tube_open,75.70761108398438,89.08721923828125,100.44108581542967,42.90989685058594,755.0
commuta_readings_today_20260710_114808.csv,4948,2026-07-10,2026-07-10T10:46:32.000+01:00,S01,Central,quieter,Stratford->Bond Street,platform,940GZZLULVT,Liverpool Street,underground_no_psd,deep_tube_open,73.59306335449219,86.39632415771484,97.1782684326172,42.97703552246094,754.0
commuta_readings_today_20260710_114808.csv,4949,2026-07-10,2026-07-10T10:46:42.000+01:00,S01,Central,quieter,Stratford->Bond Street,platform,940GZZLULVT,Liverpool Street,underground_no_psd,deep_tube_open,71.5416259765625,84.85292053222656,96.42190551757812,43.1418342590332,755.0
commuta_readings_today_20260710_114808.csv,4950,2026-07-10,2026-07-10T10:46:52.000+01:00,S01,Central,quieter,Stratford->Bond Street,platform,940GZZLULVT,Liverpool Street,underground_no_psd,deep_tube_open,72.47743225097656,86.41284942626953,98.6989974975586,42.95109558105469,755.0
commuta_readings_today_20260710_114808.csv,4951,2026-07-10,2026-07-10T10:47:02.000+01:00,S01,Central,quieter,Stratford->Bond Street,platform,940GZZLULVT,Liverpool Street,underground_no_psd,deep_tube_open,73.09579467773438,87.43951416015625,100.1944351196289,42.84428024291992,754.0
commuta_readings_today_20260710_114808.csv,4952,2026-07-10,2026-07-10T10:47:12.000+01:00,S01,Central,quieter,Stratford->Bond Street,platform,940GZZLULVT,Liverpool Street,underground_no_psd,deep_tube_open,71.38883972167969,85.6780014038086,98.48762512207033,42.68101119995117,754.0
commuta_readings_today_20260710_114808.csv,4953,2026-07-10,2026-07-10T10:47:22.000+01:00,S01,Central,quieter,Stratford->Bond Street,platform,940GZZLULVT,Liverpool Street,underground_no_psd,deep_tube_open,59.058475494384766,70.7029800415039,81.0780258178711,42.458229064941406,752.0
commuta_readings_today_20260710_114808.csv,4954,2026-07-10,2026-07-10T10:47:32.000+01:00,S01,Central,quieter,Stratford->Bond Street,platform,940GZZLULVT,Liverpool Street,underground_no_psd,deep_tube_open,47.49274826049805,56.32839584350586,64.00714874267578,42.24612808227539,748.0
commuta_readings_today_20260710_114808.csv,4955,2026-07-10,2026-07-10T10:47:42.000+01:00,S01,Central,quieter,Stratford->Bond Street,platform,940GZZLULVT,Liverpool Street,underground_no_psd,deep_tube_open,51.02485275268555,59.83017349243164,67.2155990600586,41.940948486328125,740.0
commuta_readings_today_20260710_114808.csv,4956,2026-07-10,2026-07-10T10:47:52.000+01:00,S01,Central,quieter,Stratford->Bond Street,platform,940GZZLULVT,Liverpool Street,underground_no_psd,deep_tube_open,38.774810791015625,45.29556655883789,50.69338607788086,41.65560531616211,727.0
commuta_readings_today_20260710_114808.csv,4957,2026-07-10,2026-07-10T10:48:02.000+01:00,S01,Central,quieter,Stratford->Bond Street,platform,940GZZLULVT,Liverpool Street,underground_no_psd,deep_tube_open,32.111392974853516,37.28315353393555,41.466156005859375,41.565574645996094,719.0
commuta_readings_today_20260710_114808.csv,4958,2026-07-10,2026-07-10T10:48:12.000+01:00,S01,Central,quieter,Stratford->Bond Street,platform,940GZZLULVT,Liverpool Street,underground_no_psd,deep_tube_open,59.66796875,69.26296997070312,77.01683807373047,41.445030212402344,708.0
commuta_readings_today_20260710_114808.csv,4959,2026-07-10,2026-07-10T10:48:22.000+01:00,S01,Central,quieter,Stratford->Bond Street,platform,940GZZLULVT,Liverpool Street,underground_no_psd,deep_tube_open,63.427452087402344,73.55152130126953,81.69905090332031,41.44808197021485,703.0
commuta_readings_today_20260710_114808.csv,4960,2026-07-10,2026-07-10T10:48:32.000+01:00,S01,Central,quieter,Stratford->Bond Street,platform,940GZZLULVT,Liverpool Street,underground_no_psd,deep_tube_open,71.9935531616211,83.60645294189453,93.00714874267578,41.42977142333984,696.0
commuta_readings_today_20260710_114808.csv,4961,2026-07-10,2026-07-10T10:48:42.000+01:00,S01,Central,quieter,Stratford->Bond Street,platform,940GZZLULVT,Liverpool Street,underground_no_psd,deep_tube_open,81.57988739013672,95.37142944335938,106.81900787353516,41.928741455078125,695.0
commuta_readings_today_20260710_114808.csv,4962,2026-07-10,2026-07-10T10:48:52.000+01:00,S01,Central,quieter,Stratford->Bond Street,platform,940GZZLULVT,Liverpool Street,underground_no_psd,deep_tube_open,82.50711822509766,95.9903793334961,106.9832763671875,42.458229064941406,700.0
commuta_readings_today_20260710_114808.csv,4963,2026-07-10,2026-07-10T10:49:02.000+01:00,S01,Central,quieter,Stratford->Bond Street,in_train,,,,deep_tube_open,80.38965606689453,93.54985809326172,104.28953552246094,42.77408981323242,727.0
commuta_readings_today_20260710_114808.csv,4964,2026-07-10,2026-07-10T10:49:12.000+01:00,S01,Central,quieter,Stratford->Bond Street,in_train,,,,deep_tube_open,77.2276611328125,90.61360168457033,101.86559295654295,43.23491287231445,759.0
commuta_readings_today_20260710_114808.csv,4965,2026-07-10,2026-07-10T10:49:22.000+01:00,S01,Central,quieter,Stratford->Bond Street,in_train,,,,deep_tube_open,75.66130065917969,89.12229919433594,100.58187866210938,43.64690780639648,813.0
commuta_readings_today_20260710_114808.csv,4966,2026-07-10,2026-07-10T10:49:32.000+01:00,S01,Central,quieter,Stratford->Bond Street,in_train,,,,deep_tube_open,73.61985778808594,87.3674087524414,99.33480072021484,44.10162353515625,875.0
commuta_readings_today_20260710_114808.csv,4967,2026-07-10,2026-07-10T10:49:42.000+01:00,S01,Central,quieter,Stratford->Bond Street,in_train,,,,deep_tube_open,71.52825927734375,85.47196960449219,97.83714294433594,44.23590469360352,901.0
commuta_readings_today_20260710_114808.csv,4968,2026-07-10,2026-07-10T10:49:52.000+01:00,S01,Central,quieter,Stratford->Bond Street,in_train,,,,deep_tube_open,73.12737274169922,87.29873657226562,99.83460998535156,44.43122100830078,915.0
commuta_readings_today_20260710_114808.csv,4969,2026-07-10,2026-07-10T10:50:02.000+01:00,S01,Central,quieter,Stratford->Bond Street,in_train,,,,deep_tube_open,75.96395874023438,90.72750091552734,103.80307006835938,44.51361846923828,931.0
commuta_readings_today_20260710_114808.csv,4970,2026-07-10,2026-07-10T10:50:12.000+01:00,S01,Central,quieter,Stratford->Bond Street,in_train,,,,deep_tube_open,73.98359680175781,87.97779083251953,100.2290496826172,44.71503829956055,957.0
commuta_readings_today_20260710_114808.csv,4971,2026-07-10,2026-07-10T10:50:22.000+01:00,S01,Central,quieter,Stratford->Bond Street,in_train,,,,deep_tube_open,74.37743377685547,87.74565124511719,99.18131256103516,44.83405685424805,1014.0
commuta_readings_today_20260710_114808.csv,4972,2026-07-10,2026-07-10T10:50:32.000+01:00,S01,Central,quieter,Stratford->Bond Street,in_train,,,,deep_tube_open,75.6039810180664,88.8132553100586,99.96041107177734,44.7074089050293,1054.0
commuta_readings_today_20260710_114808.csv,4973,2026-07-10,2026-07-10T10:50:42.000+01:00,S01,Central,quieter,Stratford->Bond Street,platform,940GZZLUBNK,Bank,underground_no_psd,deep_tube_open,76.58317565917969,89.61089324951172,100.45902252197266,44.353397369384766,1065.0
commuta_readings_today_20260710_114808.csv,4974,2026-07-10,2026-07-10T10:50:52.000+01:00,S01,Central,quieter,Stratford->Bond Street,platform,940GZZLUBNK,Bank,underground_no_psd,deep_tube_open,79.4398193359375,93.8187255859375,106.15948486328124,43.682003021240234,1064.0
commuta_readings_today_20260710_114808.csv,4975,2026-07-10,2026-07-10T10:51:02.000+01:00,S01,Central,quieter,Stratford->Bond Street,platform,940GZZLUBNK,Bank,underground_no_psd,deep_tube_open,80.8953628540039,98.20856475830078,114.13385772705078,43.45311737060547,1062.0
commuta_readings_today_20260710_114808.csv,4976,2026-07-10,2026-07-10T10:51:12.000+01:00,S01,Central,quieter,Stratford->Bond Street,platform,940GZZLUBNK,Bank,underground_no_psd,deep_tube_open,80.5469741821289,100.4809112548828,119.72683715820312,43.38445281982422,1041.0
commuta_readings_today_20260710_114808.csv,4977,2026-07-10,2026-07-10T10:51:22.000+01:00,S01,Central,quieter,Stratford->Bond Street,platform,940GZZLUBNK,Bank,underground_no_psd,deep_tube_open,79.77315521240234,99.49588012695312,118.53211212158205,42.85953903198242,1009.0
commuta_readings_today_20260710_114808.csv,4978,2026-07-10,2026-07-10T10:51:32.000+01:00,S01,Central,quieter,Stratford->Bond Street,platform,940GZZLUBNK,Bank,underground_no_psd,deep_tube_open,82.1419906616211,102.13704681396484,121.34457397460938,42.441444396972656,979.0
commuta_readings_today_20260710_114808.csv,4979,2026-07-10,2026-07-10T10:51:42.000+01:00,S01,Central,quieter,Stratford->Bond Street,platform,940GZZLUBNK,Bank,underground_no_psd,deep_tube_open,86.09486389160156,104.89735412597656,122.31967163085938,42.29037857055664,957.0
commuta_readings_today_20260710_114808.csv,4980,2026-07-10,2026-07-10T10:51:52.000+01:00,S01,Central,quieter,Stratford->Bond Street,platform,940GZZLUBNK,Bank,underground_no_psd,deep_tube_open,88.873046875,107.10572814941406,123.61080932617188,42.15457534790039,919.0
commuta_readings_today_20260710_114808.csv,4981,2026-07-10,2026-07-10T10:52:02.000+01:00,S01,Central,quieter,Stratford->Bond Street,platform,940GZZLUBNK,Bank,underground_no_psd,deep_tube_open,88.52082061767578,107.395751953125,124.73390197753906,42.066070556640625,893.0
commuta_readings_today_20260710_114808.csv,4982,2026-07-10,2026-07-10T10:52:12.000+01:00,S01,Central,quieter,Stratford->Bond Street,platform,940GZZLUBNK,Bank,underground_no_psd,deep_tube_open,86.85759735107422,106.24020385742188,124.33688354492188,41.944000244140625,859.0
commuta_readings_today_20260710_114808.csv,4983,2026-07-10,2026-07-10T10:52:22.000+01:00,S01,Central,quieter,Stratford->Bond Street,platform,940GZZLUBNK,Bank,underground_no_psd,deep_tube_open,85.4120864868164,104.3749771118164,122.04834747314452,42.001983642578125,845.0
commuta_readings_today_20260710_114808.csv,4984,2026-07-10,2026-07-10T10:52:32.000+01:00,S01,Central,quieter,Stratford->Bond Street,platform,940GZZLUBNK,Bank,underground_no_psd,deep_tube_open,84.15396118164062,102.61946105957033,119.7582778930664,42.014190673828125,834.0
commuta_readings_today_20260710_114808.csv,4985,2026-07-10,2026-07-10T10:52:42.000+01:00,S01,Central,quieter,Stratford->Bond Street,platform,940GZZLUBNK,Bank,underground_no_psd,deep_tube_open,82.79962158203125,100.24883270263672,116.20758056640624,41.939422607421875,825.0
commuta_readings_today_20260710_114808.csv,4986,2026-07-10,2026-07-10T10:52:52.000+01:00,S01,Central,quieter,Stratford->Bond Street,platform,940GZZLUBNK,Bank,underground_no_psd,deep_tube_open,84.37246704101562,100.72420501708984,115.18927764892578,42.058441162109375,809.0
commuta_readings_today_20260710_114808.csv,4987,2026-07-10,2026-07-10T10:53:02.000+01:00,S01,Central,quieter,Stratford->Bond Street,platform,940GZZLUBNK,Bank,underground_no_psd,deep_tube_open,83.45491027832031,99.54452514648438,113.7463150024414,42.081329345703125,803.0
commuta_readings_today_20260710_114808.csv,4988,2026-07-10,2026-07-10T10:53:12.000+01:00,S01,Central,quieter,Stratford->Bond Street,platform,940GZZLUBNK,Bank,underground_no_psd,deep_tube_open,84.52851104736328,101.4529800415039,116.62696838378906,41.989776611328125,800.0
commuta_readings_today_20260710_114808.csv,4989,2026-07-10,2026-07-10T10:53:22.000+01:00,S01,Central,quieter,Stratford->Bond Street,platform,940GZZLUBNK,Bank,underground_no_psd,deep_tube_open,86.15036010742188,103.49942779541016,119.0901336669922,41.68307113647461,797.0
commuta_readings_today_20260710_114808.csv,4990,2026-07-10,2026-07-10T10:53:32.000+01:00,S01,Central,quieter,Stratford->Bond Street,in_train,,,,deep_tube_open,87.3781509399414,106.26073455810548,123.69105529785156,41.947052001953125,794.0
commuta_readings_today_20260710_114808.csv,4991,2026-07-10,2026-07-10T10:53:42.000+01:00,S01,Central,quieter,Stratford->Bond Street,in_train,,,,deep_tube_open,86.12960815429688,104.32176971435548,120.97412109375,42.29037857055664,794.0
commuta_readings_today_20260710_114808.csv,4992,2026-07-10,2026-07-10T10:53:52.000+01:00,S01,Central,quieter,Stratford->Bond Street,in_train,,,,deep_tube_open,85.68980407714844,102.38268280029295,117.18157196044922,42.606239318847656,803.0
commuta_readings_today_20260710_114808.csv,4993,2026-07-10,2026-07-10T10:54:02.000+01:00,S01,Central,quieter,Stratford->Bond Street,in_train,,,,deep_tube_open,85.30475616455078,102.4840850830078,117.92247009277344,42.94194030761719,830.0
commuta_readings_today_20260710_114808.csv,4994,2026-07-10,2026-07-10T10:54:12.000+01:00,S01,Central,quieter,Stratford->Bond Street,in_train,,,,deep_tube_open,86.67770385742188,104.08830261230467,119.71829223632812,43.41649627685547,854.0
commuta_readings_today_20260710_114808.csv,4995,2026-07-10,2026-07-10T10:54:22.000+01:00,S01,Central,quieter,Stratford->Bond Street,in_train,,,,deep_tube_open,85.15271759033203,102.6602020263672,118.52220153808594,43.9322509765625,882.0
commuta_readings_today_20260710_114808.csv,4996,2026-07-10,2026-07-10T10:54:32.000+01:00,S01,Central,quieter,Stratford->Bond Street,in_train,,,,deep_tube_open,83.8270492553711,101.24440002441406,117.0888442993164,44.24200820922851,904.0
commuta_readings_today_20260710_114808.csv,4997,2026-07-10,2026-07-10T10:54:42.000+01:00,S01,Central,quieter,Stratford->Bond Street,in_train,,,,deep_tube_open,84.44158935546875,101.32528686523438,116.45428466796876,43.813228607177734,968.0
commuta_readings_today_20260710_114808.csv,4998,2026-07-10,2026-07-10T10:54:52.000+01:00,S01,Central,quieter,Stratford->Bond Street,in_train,,,,deep_tube_open,83.35501861572266,100.33673858642578,115.66751861572266,43.62248992919922,966.0
commuta_readings_today_20260710_114808.csv,4999,2026-07-10,2026-07-10T10:55:02.000+01:00,S01,Central,quieter,Stratford->Bond Street,in_train,,,,deep_tube_open,84.94314575195312,101.72412872314452,116.68775177001952,43.54772186279297,967.0
commuta_readings_today_20260710_114808.csv,5000,2026-07-10,2026-07-10T10:55:12.000+01:00,S01,Central,quieter,Stratford->Bond Street,platform,940GZZLUSPU,St. Paul's,underground_no_psd,deep_tube_open,85.53721618652344,102.7080078125,118.11884307861328,43.18303298950195,967.0
commuta_readings_today_20260710_114808.csv,5001,2026-07-10,2026-07-10T10:55:22.000+01:00,S01,Central,quieter,Stratford->Bond Street,platform,940GZZLUSPU,St. Paul's,underground_no_psd,deep_tube_open,83.47110748291016,100.2238311767578,115.25826263427734,42.22781753540039,966.0
commuta_readings_today_20260710_114808.csv,5002,2026-07-10,2026-07-10T10:55:32.000+01:00,S01,Central,quieter,Stratford->Bond Street,platform,940GZZLUSPU,St. Paul's,underground_no_psd,deep_tube_open,82.71377563476562,99.771728515625,115.2446746826172,41.77462387084961,940.0
commuta_readings_today_20260710_114808.csv,5007,2026-07-10,2026-07-10T10:56:22.000+01:00,S01,Central,quieter,Stratford->Bond Street,platform,940GZZLUSPU,St. Paul's,underground_no_psd,deep_tube_open,100.07689666748048,122.60508728027344,143.7020263671875,40.39063262939453,807.0
commuta_readings_today_20260710_114808.csv,5008,2026-07-10,2026-07-10T10:56:32.000+01:00,S01,Central,quieter,Stratford->Bond Street,platform,940GZZLUSPU,St. Paul's,underground_no_psd,deep_tube_open,96.01383209228516,116.6478271484375,135.65647888183594,40.39521026611328,772.0
commuta_readings_today_20260710_114808.csv,5009,2026-07-10,2026-07-10T10:56:42.000+01:00,S01,Central,quieter,Stratford->Bond Street,platform,940GZZLUSPU,St. Paul's,underground_no_psd,deep_tube_open,92.2505111694336,111.55150604248048,129.15586853027344,40.357059478759766,766.0
commuta_readings_today_20260710_114808.csv,5010,2026-07-10,2026-07-10T10:56:52.000+01:00,S01,Central,quieter,Stratford->Bond Street,platform,940GZZLUSPU,St. Paul's,underground_no_psd,deep_tube_open,87.38743591308594,105.7955551147461,122.6285629272461,40.41657257080078,756.0
commuta_readings_today_20260710_114808.csv,5014,2026-07-10,2026-07-10T10:57:32.000+01:00,S01,Central,quieter,Stratford->Bond Street,platform,940GZZLUSPU,St. Paul's,underground_no_psd,deep_tube_open,69.95484924316406,84.38876342773438,97.4840316772461,40.169376373291016,713.0
commuta_readings_today_20260710_114808.csv,5015,2026-07-10,2026-07-10T10:57:42.000+01:00,S01,Central,quieter,Stratford->Bond Street,platform,940GZZLUSPU,St. Paul's,underground_no_psd,deep_tube_open,73.62765502929688,87.98773956298828,100.7248077392578,40.06103515625,697.0
commuta_readings_today_20260710_114808.csv,5016,2026-07-10,2026-07-10T10:57:52.000+01:00,S01,Central,quieter,Stratford->Bond Street,platform,940GZZLUSPU,St. Paul's,underground_no_psd,deep_tube_open,74.7131576538086,89.89705657958984,103.59160614013672,40.273136138916016,697.0
commuta_readings_today_20260710_114808.csv,5017,2026-07-10,2026-07-10T10:58:02.000+01:00,S01,Central,quieter,Stratford->Bond Street,platform,940GZZLUSPU,St. Paul's,underground_no_psd,deep_tube_open,77.12397003173828,94.28235626220705,110.2854995727539,40.55847930908203,698.0
commuta_readings_today_20260710_114808.csv,5018,2026-07-10,2026-07-10T10:58:12.000+01:00,S01,Central,quieter,Stratford->Bond Street,in_train,,,,deep_tube_open,79.27960968017578,97.22535705566406,114.0627899169922,40.95979309082031,702.0
commuta_readings_today_20260710_114808.csv,5019,2026-07-10,2026-07-10T10:58:22.000+01:00,S01,Central,quieter,Stratford->Bond Street,in_train,,,,deep_tube_open,80.66851806640625,98.36028289794922,114.77799224853516,41.05134582519531,718.0
commuta_readings_today_20260710_114808.csv,5020,2026-07-10,2026-07-10T10:58:32.000+01:00,S01,Central,quieter,Stratford->Bond Street,in_train,,,,deep_tube_open,82.2795639038086,99.6305160522461,115.50328063964844,41.31990432739258,740.0
commuta_readings_today_20260710_114808.csv,5021,2026-07-10,2026-07-10T10:58:42.000+01:00,S01,Central,quieter,Stratford->Bond Street,in_train,,,,deep_tube_open,82.28946685791016,98.86746215820312,113.76756286621094,41.412986755371094,758.0
commuta_readings_today_20260710_114808.csv,5022,2026-07-10,2026-07-10T10:58:52.000+01:00,S01,Central,quieter,Stratford->Bond Street,in_train,,,,deep_tube_open,83.77132415771484,99.80521392822266,113.91403198242188,41.382469177246094,782.0
commuta_readings_today_20260710_114808.csv,5023,2026-07-10,2026-07-10T10:59:02.000+01:00,S01,Central,quieter,Stratford->Bond Street,in_train,,,,deep_tube_open,82.73251342773438,98.46100616455078,112.26090240478516,41.477073669433594,800.0
commuta_readings_today_20260710_114808.csv,5024,2026-07-10,2026-07-10T10:59:12.000+01:00,S01,Central,quieter,Stratford->Bond Street,in_train,,,,deep_tube_open,91.7891082763672,110.83831787109376,128.15940856933594,41.440452575683594,807.0
commuta_readings_today_20260710_114808.csv,5025,2026-07-10,2026-07-10T10:59:22.000+01:00,S01,Central,quieter,Stratford->Bond Street,in_train,,,,deep_tube_open,96.72940063476562,117.58961486816406,136.8310089111328,41.406883239746094,809.0
commuta_readings_today_20260710_114808.csv,5026,2026-07-10,2026-07-10T10:59:32.000+01:00,S01,Central,quieter,Stratford->Bond Street,in_train,,,,deep_tube_open,99.82418823242188,121.05207824707033,140.5321807861328,41.53963470458984,822.0
commuta_readings_today_20260710_114808.csv,5027,2026-07-10,2026-07-10T10:59:42.000+01:00,S01,Central,quieter,Stratford->Bond Street,platform,940GZZLUCHL,Chancery Lane,underground_no_psd,deep_tube_open,107.49654388427734,130.3114013671875,151.23268127441406,41.518272399902344,827.0
commuta_readings_today_20260710_114808.csv,5028,2026-07-10,2026-07-10T10:59:52.000+01:00,S01,Central,quieter,Stratford->Bond Street,platform,940GZZLUCHL,Chancery Lane,underground_no_psd,deep_tube_open,112.78651428222656,137.1871337890625,159.72019958496094,41.11543273925781,826.0
commuta_readings_today_20260710_114808.csv,5029,2026-07-10,2026-07-10T11:00:02.000+01:00,S01,Central,quieter,Stratford->Bond Street,platform,940GZZLUCHL,Chancery Lane,underground_no_psd,deep_tube_open,113.27484130859376,137.43768310546875,159.63645935058594,41.01014709472656,826.0
commuta_readings_today_20260710_114808.csv,5030,2026-07-10,2026-07-10T11:00:12.000+01:00,S01,Central,quieter,Stratford->Bond Street,platform,940GZZLUCHL,Chancery Lane,underground_no_psd,deep_tube_open,113.29113006591795,136.65777587890625,157.8542022705078,40.92469787597656,822.0
commuta_readings_today_20260710_114808.csv,5031,2026-07-10,2026-07-10T11:00:22.000+01:00,S01,Central,quieter,Stratford->Bond Street,platform,940GZZLUCHL,Chancery Lane,underground_no_psd,deep_tube_open,76.24498748779297,91.39839935302734,104.94390106201172,40.6317253112793,797.0
commuta_readings_today_20260710_114808.csv,5032,2026-07-10,2026-07-10T11:00:32.000+01:00,S01,Central,quieter,Stratford->Bond Street,platform,940GZZLUCHL,Chancery Lane,underground_no_psd,deep_tube_open,78.41621398925781,92.5079116821289,104.5614776611328,40.41809844970703,781.0
commuta_readings_today_20260710_114808.csv,5033,2026-07-10,2026-07-10T11:00:42.000+01:00,S01,Central,quieter,Stratford->Bond Street,platform,940GZZLUCHL,Chancery Lane,underground_no_psd,deep_tube_open,81.6950454711914,95.47958374023438,106.91000366210938,40.218204498291016,769.0
commuta_readings_today_20260710_114808.csv,5034,2026-07-10,2026-07-10T11:00:52.000+01:00,S01,Central,quieter,Stratford->Bond Street,platform,940GZZLUCHL,Chancery Lane,underground_no_psd,deep_tube_open,78.93640899658203,92.13899230957033,103.0369873046875,40.0762939453125,761.0
commuta_readings_today_20260710_114808.csv,5035,2026-07-10,2026-07-10T11:01:02.000+01:00,S01,Central,quieter,Stratford->Bond Street,platform,940GZZLUCHL,Chancery Lane,underground_no_psd,deep_tube_open,76.88526153564453,90.06787109375,101.08895111083984,39.850460052490234,746.0
commuta_readings_today_20260710_114808.csv,5036,2026-07-10,2026-07-10T11:01:12.000+01:00,S01,Central,quieter,Stratford->Bond Street,platform,940GZZLUCHL,Chancery Lane,underground_no_psd,deep_tube_open,77.0671615600586,90.67674255371094,102.2215576171875,39.629207611083984,734.0
commuta_readings_today_20260710_114808.csv,5037,2026-07-10,2026-07-10T11:01:22.000+01:00,S01,Central,quieter,Stratford->Bond Street,platform,940GZZLUCHL,Chancery Lane,underground_no_psd,deep_tube_open,76.67970275878906,90.22588348388672,101.71895599365234,39.40642547607422,721.0
commuta_readings_today_20260710_114808.csv,5038,2026-07-10,2026-07-10T11:01:32.000+01:00,S01,Central,quieter,Stratford->Bond Street,platform,940GZZLUCHL,Chancery Lane,underground_no_psd,deep_tube_open,76.08378601074219,89.9203109741211,101.8215560913086,39.16838455200195,702.0
commuta_readings_today_20260710_114808.csv,5039,2026-07-10,2026-07-10T11:01:42.000+01:00,S01,Central,quieter,Stratford->Bond Street,platform,940GZZLUCHL,Chancery Lane,underground_no_psd,deep_tube_open,108.68453979492188,133.662109375,157.21702575683594,39.3469123840332,694.0
commuta_readings_today_20260710_114808.csv,5040,2026-07-10,2026-07-10T11:01:52.000+01:00,S01,Central,quieter,Stratford->Bond Street,platform,940GZZLUCHL,Chancery Lane,underground_no_psd,deep_tube_open,111.08392333984376,142.32550048828125,173.5836944580078,39.53612518310547,686.0
commuta_readings_today_20260710_114808.csv,5041,2026-07-10,2026-07-10T11:02:02.000+01:00,S01,Central,quieter,Stratford->Bond Street,platform,940GZZLUCHL,Chancery Lane,underground_no_psd,deep_tube_open,108.15493774414062,138.10292053222656,167.94613647460938,39.74822616577149,687.0
commuta_readings_today_20260710_114808.csv,5042,2026-07-10,2026-07-10T11:02:12.000+01:00,S01,Central,quieter,Stratford->Bond Street,platform,940GZZLUCHL,Chancery Lane,underground_no_psd,deep_tube_open,110.87066650390624,138.53387451171875,165.3079071044922,39.795528411865234,688.0
commuta_readings_today_20260710_114808.csv,5043,2026-07-10,2026-07-10T11:02:22.000+01:00,S01,Central,quieter,Stratford->Bond Street,platform,940GZZLUCHL,Chancery Lane,underground_no_psd,deep_tube_open,113.90001678466795,139.9890899658203,164.56480407714844,39.9267578125,689.0
commuta_readings_today_20260710_114808.csv,5044,2026-07-10,2026-07-10T11:02:32.000+01:00,S01,Central,quieter,Stratford->Bond Street,in_train,,,,deep_tube_open,112.7105941772461,138.02452087402344,161.71148681640625,40.144962310791016,690.0
commuta_readings_today_20260710_114808.csv,5045,2026-07-10,2026-07-10T11:02:42.000+01:00,S01,Central,quieter,Stratford->Bond Street,in_train,,,,deep_tube_open,111.07491302490234,135.50360107421875,158.19561767578125,40.59662628173828,718.0
commuta_readings_today_20260710_114808.csv,5046,2026-07-10,2026-07-10T11:02:52.000+01:00,S01,Central,quieter,Stratford->Bond Street,in_train,,,,deep_tube_open,109.4530258178711,131.7838592529297,151.9551239013672,40.85908126831055,734.0
commuta_readings_today_20260710_114808.csv,5047,2026-07-10,2026-07-10T11:03:02.000+01:00,S01,Central,quieter,Stratford->Bond Street,in_train,,,,deep_tube_open,106.83805847167967,128.6106414794922,148.26890563964844,41.03456115722656,738.0
commuta_readings_today_20260710_114808.csv,5048,2026-07-10,2026-07-10T11:03:12.000+01:00,S01,Central,quieter,Stratford->Bond Street,in_train,,,,deep_tube_open,106.07009887695312,128.1230926513672,148.18942260742188,40.97047424316406,750.0
commuta_readings_today_20260710_114808.csv,5049,2026-07-10,2026-07-10T11:03:22.000+01:00,S01,Central,quieter,Stratford->Bond Street,platform,940GZZLUHBN,Holborn,underground_no_psd,deep_tube_open,106.2053680419922,127.42862701416016,146.44183349609375,40.94148254394531,760.0
commuta_readings_today_20260710_114808.csv,5050,2026-07-10,2026-07-10T11:03:32.000+01:00,S01,Central,quieter,Stratford->Bond Street,platform,940GZZLUHBN,Holborn,underground_no_psd,deep_tube_open,100.35560607910156,120.3844985961914,138.3185272216797,40.94453430175781,770.0
commuta_readings_today_20260710_114808.csv,5051,2026-07-10,2026-07-10T11:03:42.000+01:00,S01,Central,quieter,Stratford->Bond Street,platform,940GZZLUHBN,Holborn,underground_no_psd,deep_tube_open,95.57351684570312,114.85289764404295,132.19000244140625,40.73395919799805,773.0
commuta_readings_today_20260710_114808.csv,5052,2026-07-10,2026-07-10T11:03:52.000+01:00,S01,Central,quieter,Stratford->Bond Street,platform,940GZZLUHBN,Holborn,underground_no_psd,deep_tube_open,93.63025665283205,112.77972412109376,130.0938720703125,40.48981475830078,774.0
commuta_readings_today_20260710_114808.csv,5053,2026-07-10,2026-07-10T11:04:02.000+01:00,S01,Central,quieter,Stratford->Bond Street,platform,940GZZLUHBN,Holborn,underground_no_psd,deep_tube_open,94.38145446777344,113.5489273071289,130.83143615722656,40.55237579345703,772.0
commuta_readings_today_20260710_114808.csv,5054,2026-07-10,2026-07-10T11:04:12.000+01:00,S01,Central,quieter,Stratford->Bond Street,platform,940GZZLUHBN,Holborn,underground_no_psd,deep_tube_open,93.68959045410156,113.08616638183594,130.70675659179688,40.180057525634766,770.0
commuta_readings_today_20260710_114808.csv,5055,2026-07-10,2026-07-10T11:04:22.000+01:00,S01,Central,quieter,Stratford->Bond Street,platform,940GZZLUHBN,Holborn,underground_no_psd,deep_tube_open,95.3825225830078,114.99813842773438,132.77186584472656,40.134281158447266,767.0
commuta_readings_today_20260710_114808.csv,5056,2026-07-10,2026-07-10T11:04:32.000+01:00,S01,Central,quieter,Stratford->Bond Street,platform,940GZZLUHBN,Holborn,underground_no_psd,deep_tube_open,93.2119140625,111.7658462524414,128.36135864257812,39.80926132202149,757.0
commuta_readings_today_20260710_114808.csv,5057,2026-07-10,2026-07-10T11:04:42.000+01:00,S01,Central,quieter,Stratford->Bond Street,platform,940GZZLUHBN,Holborn,underground_no_psd,deep_tube_open,83.68961334228516,99.6771469116211,113.73360443115234,39.46440887451172,739.0
commuta_readings_today_20260710_114808.csv,5058,2026-07-10,2026-07-10T11:04:52.000+01:00,S01,Central,quieter,Stratford->Bond Street,platform,940GZZLUHBN,Holborn,underground_no_psd,deep_tube_open,76.72813415527344,91.7646942138672,105.12834167480467,39.07835388183594,723.0
commuta_readings_today_20260710_114808.csv,5059,2026-07-10,2026-07-10T11:05:02.000+01:00,S01,Central,quieter,Stratford->Bond Street,platform,940GZZLUHBN,Holborn,underground_no_psd,deep_tube_open,69.38239288330078,82.4100570678711,93.77841186523438,38.84794235229492,717.0
commuta_readings_today_20260710_114808.csv,5060,2026-07-10,2026-07-10T11:05:12.000+01:00,S01,Central,quieter,Stratford->Bond Street,platform,940GZZLUHBN,Holborn,underground_no_psd,deep_tube_open,65.93472290039062,78.63299560546875,89.83625793457031,38.72282028198242,708.0
commuta_readings_today_20260710_114808.csv,5061,2026-07-10,2026-07-10T11:05:22.000+01:00,S01,Central,quieter,Stratford->Bond Street,platform,940GZZLUHBN,Holborn,underground_no_psd,deep_tube_open,78.60781860351562,94.528076171875,108.86711883544922,38.65568161010742,699.0
commuta_readings_today_20260710_114808.csv,5062,2026-07-10,2026-07-10T11:05:32.000+01:00,S01,Central,quieter,Stratford->Bond Street,platform,940GZZLUHBN,Holborn,underground_no_psd,deep_tube_open,95.90989685058594,118.6213607788086,140.24981689453125,38.82352828979492,695.0
commuta_readings_today_20260710_114808.csv,5063,2026-07-10,2026-07-10T11:05:42.000+01:00,S01,Central,quieter,Stratford->Bond Street,platform,940GZZLUHBN,Holborn,underground_no_psd,deep_tube_open,102.3128662109375,128.88314819335938,154.90121459960938,38.96849060058594,690.0
commuta_readings_today_20260710_114808.csv,5064,2026-07-10,2026-07-10T11:05:52.000+01:00,S01,Central,quieter,Stratford->Bond Street,platform,940GZZLUHBN,Holborn,underground_no_psd,deep_tube_open,105.54900360107422,131.5778045654297,156.68113708496094,39.41710662841797,690.0
commuta_readings_today_20260710_114808.csv,5065,2026-07-10,2026-07-10T11:06:02.000+01:00,S01,Central,quieter,Stratford->Bond Street,in_train,,,,deep_tube_open,107.58674621582033,133.7805938720703,158.9442596435547,40.0030517578125,690.0
commuta_readings_today_20260710_114808.csv,5066,2026-07-10,2026-07-10T11:06:12.000+01:00,S01,Central,quieter,Stratford->Bond Street,in_train,,,,deep_tube_open,109.33472442626952,133.65167236328125,156.3289031982422,40.308231353759766,695.0
commuta_readings_today_20260710_114808.csv,5067,2026-07-10,2026-07-10T11:06:22.000+01:00,S01,Central,quieter,Stratford->Bond Street,in_train,,,,deep_tube_open,109.6735610961914,131.817138671875,151.7370147705078,40.48218536376953,711.0
commuta_readings_today_20260710_114808.csv,5068,2026-07-10,2026-07-10T11:06:32.000+01:00,S01,Central,quieter,Stratford->Bond Street,in_train,,,,deep_tube_open,105.13164520263672,125.47913360595705,143.46871948242188,41.14442825317383,776.0
commuta_readings_today_20260710_114808.csv,5069,2026-07-10,2026-07-10T11:06:42.000+01:00,S01,Central,quieter,Stratford->Bond Street,in_train,,,,deep_tube_open,101.96954345703124,122.10799407958984,140.0631866455078,41.21614456176758,817.0
commuta_readings_today_20260710_114808.csv,5070,2026-07-10,2026-07-10T11:06:52.000+01:00,S01,Central,quieter,Stratford->Bond Street,in_train,,,,deep_tube_open,101.54232788085938,121.2894515991211,138.78346252441406,41.08033752441406,826.0
commuta_readings_today_20260710_114808.csv,5071,2026-07-10,2026-07-10T11:07:02.000+01:00,S01,Central,quieter,Stratford->Bond Street,in_train,,,,deep_tube_open,101.05793762207033,120.96773529052734,138.7012939453125,40.95674133300781,835.0
commuta_readings_today_20260710_114808.csv,5072,2026-07-10,2026-07-10T11:07:12.000+01:00,S01,Central,quieter,Stratford->Bond Street,in_train,,,,deep_tube_open,98.89260864257812,118.78005981445312,136.64198303222656,40.8453483581543,836.0
commuta_readings_today_20260710_114808.csv,5073,2026-07-10,2026-07-10T11:07:22.000+01:00,S01,Central,quieter,Stratford->Bond Street,platform,940GZZLUTCR,Tottenham Court Road,underground_no_psd,deep_tube_open,100.36121368408205,121.98757934570312,141.92994689941406,40.8026237487793,836.0
commuta_readings_today_20260710_114808.csv,5074,2026-07-10,2026-07-10T11:07:32.000+01:00,S01,Central,quieter,Stratford->Bond Street,platform,940GZZLUTCR,Tottenham Court Road,underground_no_psd,deep_tube_open,105.08287048339844,128.92491149902344,151.31219482421875,40.53711700439453,834.0
commuta_readings_today_20260710_114808.csv,5075,2026-07-10,2026-07-10T11:07:42.000+01:00,S01,Central,quieter,Stratford->Bond Street,platform,940GZZLUTCR,Tottenham Court Road,underground_no_psd,deep_tube_open,112.4116668701172,137.92701721191406,161.8888397216797,40.39215850830078,833.0
commuta_readings_today_20260710_114808.csv,5076,2026-07-10,2026-07-10T11:07:52.000+01:00,S01,Central,quieter,Stratford->Bond Street,platform,940GZZLUTCR,Tottenham Court Road,underground_no_psd,deep_tube_open,123.39266967773438,150.03419494628906,174.61874389648438,40.24567031860352,826.0
commuta_readings_today_20260710_114808.csv,5077,2026-07-10,2026-07-10T11:08:02.000+01:00,S01,Central,quieter,Stratford->Bond Street,platform,940GZZLUTCR,Tottenham Court Road,underground_no_psd,deep_tube_open,120.92729949951172,147.87469482421875,173.02197265625,40.14191055297851,796.0
commuta_readings_today_20260710_114808.csv,5078,2026-07-10,2026-07-10T11:08:12.000+01:00,S01,Central,quieter,Stratford->Bond Street,platform,940GZZLUTCR,Tottenham Court Road,underground_no_psd,deep_tube_open,116.2327117919922,140.83230590820312,163.3665313720703,40.054931640625,787.0
commuta_readings_today_20260710_114808.csv,5079,2026-07-10,2026-07-10T11:08:22.000+01:00,S01,Central,quieter,Stratford->Bond Street,platform,940GZZLUTCR,Tottenham Court Road,underground_no_psd,deep_tube_open,117.1741180419922,142.0217742919922,164.79991149902344,40.149539947509766,789.0
commuta_readings_today_20260710_114808.csv,5081,2026-07-10,2026-07-10T11:08:42.000+01:00,S01,Central,quieter,Stratford->Bond Street,platform,940GZZLUTCR,Tottenham Court Road,underground_no_psd,deep_tube_open,114.73037719726562,140.0753631591797,163.65545654296875,40.22125625610352,783.0
commuta_readings_today_20260710_114808.csv,5082,2026-07-10,2026-07-10T11:08:52.000+01:00,S01,Central,quieter,Stratford->Bond Street,platform,940GZZLUTCR,Tottenham Court Road,underground_no_psd,deep_tube_open,112.8130874633789,138.39044189453125,162.40127563476562,40.1129150390625,777.0
commuta_readings_today_20260710_114808.csv,5083,2026-07-10,2026-07-10T11:09:02.000+01:00,S01,Central,quieter,Stratford->Bond Street,platform,940GZZLUTCR,Tottenham Court Road,underground_no_psd,deep_tube_open,113.21483612060548,139.0783233642578,163.419921875,39.9786376953125,774.0
commuta_readings_today_20260710_114808.csv,5084,2026-07-10,2026-07-10T11:09:12.000+01:00,S01,Central,quieter,Stratford->Bond Street,platform,940GZZLUTCR,Tottenham Court Road,underground_no_psd,deep_tube_open,110.59651947021484,134.98944091796875,157.6710662841797,39.867244720458984,773.0
commuta_readings_today_20260710_114808.csv,5085,2026-07-10,2026-07-10T11:09:22.000+01:00,S01,Central,quieter,Stratford->Bond Street,platform,940GZZLUTCR,Tottenham Court Road,underground_no_psd,deep_tube_open,103.59845733642578,126.5545654296875,147.93508911132812,39.78484725952149,766.0
commuta_readings_today_20260710_114808.csv,5086,2026-07-10,2026-07-10T11:09:32.000+01:00,S01,Central,quieter,Stratford->Bond Street,platform,940GZZLUTCR,Tottenham Court Road,underground_no_psd,deep_tube_open,100.253662109375,123.13249969482422,144.65756225585938,39.642940521240234,762.0
commuta_readings_today_20260710_114808.csv,5087,2026-07-10,2026-07-10T11:09:42.000+01:00,S01,Central,quieter,Stratford->Bond Street,platform,940GZZLUTCR,Tottenham Court Road,underground_no_psd,deep_tube_open,97.88758087158205,120.9240264892578,142.81822204589844,39.653621673583984,757.0
commuta_readings_today_20260710_114808.csv,5088,2026-07-10,2026-07-10T11:09:52.000+01:00,S01,Central,quieter,Stratford->Bond Street,platform,940GZZLUTCR,Tottenham Court Road,underground_no_psd,deep_tube_open,94.91539764404295,116.36019897460938,136.46774291992188,39.95880126953125,756.0
commuta_readings_today_20260710_114808.csv,5089,2026-07-10,2026-07-10T11:10:02.000+01:00,S01,Central,quieter,Stratford->Bond Street,platform,940GZZLUTCR,Tottenham Court Road,underground_no_psd,deep_tube_open,90.8984603881836,110.13541412353516,127.75695037841795,39.884033203125,746.0
commuta_readings_today_20260710_114808.csv,5090,2026-07-10,2026-07-10T11:10:12.000+01:00,S01,Central,quieter,Stratford->Bond Street,platform,940GZZLUTCR,Tottenham Court Road,underground_no_psd,deep_tube_open,93.59003448486328,112.7100601196289,129.99012756347656,39.89013671875,743.0
commuta_readings_today_20260710_114808.csv,5091,2026-07-10,2026-07-10T11:10:22.000+01:00,S01,Central,quieter,Stratford->Bond Street,in_train,,,,deep_tube_open,101.27889251708984,122.19173431396484,141.1706085205078,40.01678466796875,743.0
commuta_readings_today_20260710_114808.csv,5092,2026-07-10,2026-07-10T11:10:32.000+01:00,S01,Central,quieter,Stratford->Bond Street,in_train,,,,deep_tube_open,110.05196380615234,132.55921936035156,152.90902709960938,40.173954010009766,741.0
commuta_readings_today_20260710_114808.csv,5093,2026-07-10,2026-07-10T11:10:42.000+01:00,S01,Central,quieter,Stratford->Bond Street,in_train,,,,deep_tube_open,115.70198822021484,138.33152770996094,158.42689514160156,40.34332656860352,740.0
commuta_readings_today_20260710_114808.csv,5094,2026-07-10,2026-07-10T11:10:52.000+01:00,S01,Central,quieter,Stratford->Bond Street,in_train,,,,deep_tube_open,116.50456237792967,138.7320098876953,158.26377868652344,40.39826202392578,740.0
commuta_readings_today_20260710_114808.csv,5095,2026-07-10,2026-07-10T11:11:02.000+01:00,S01,Central,quieter,Stratford->Bond Street,in_train,,,,deep_tube_open,114.58242797851562,135.25120544433594,152.96189880371094,40.42267608642578,742.0
commuta_readings_today_20260710_114808.csv,5096,2026-07-10,2026-07-10T11:11:12.000+01:00,S01,Central,quieter,Stratford->Bond Street,in_train,,,,deep_tube_open,115.93048095703124,136.19969177246094,153.31057739257812,40.54016876220703,746.0
commuta_readings_today_20260710_114808.csv,5097,2026-07-10,2026-07-10T11:11:22.000+01:00,S01,Central,quieter,Stratford->Bond Street,platform,940GZZLUOXC,Oxford Circus,underground_no_psd,deep_tube_open,116.06893157958984,136.8041229248047,154.4908905029297,40.56458282470703,755.0
commuta_readings_today_20260710_114808.csv,5098,2026-07-10,2026-07-10T11:11:32.000+01:00,S01,Central,quieter,Stratford->Bond Street,platform,940GZZLUOXC,Oxford Circus,underground_no_psd,deep_tube_open,119.5365982055664,142.9662322998047,163.7906036376953,40.38605499267578,758.0
commuta_readings_today_20260710_114808.csv,5099,2026-07-10,2026-07-10T11:11:42.000+01:00,S01,Central,quieter,Stratford->Bond Street,platform,940GZZLUOXC,Oxford Circus,underground_no_psd,deep_tube_open,123.44210815429688,147.81935119628906,169.5531005859375,40.224308013916016,761.0
commuta_readings_today_20260710_114808.csv,5100,2026-07-10,2026-07-10T11:11:52.000+01:00,S01,Central,quieter,Stratford->Bond Street,platform,940GZZLUOXC,Oxford Circus,underground_no_psd,deep_tube_open,120.41661071777344,143.54270935058594,163.92176818847656,40.22125625610352,762.0
commuta_readings_today_20260710_114808.csv,5101,2026-07-10,2026-07-10T11:12:02.000+01:00,S01,Central,quieter,Stratford->Bond Street,platform,940GZZLUOXC,Oxford Circus,underground_no_psd,deep_tube_open,120.30598449707033,142.6072998046875,161.95729064941406,40.61341094970703,768.0
commuta_readings_today_20260710_114808.csv,5102,2026-07-10,2026-07-10T11:12:12.000+01:00,S01,Central,quieter,Stratford->Bond Street,platform,940GZZLUOXC,Oxford Circus,underground_no_psd,deep_tube_open,120.6734848022461,142.87646484375,162.07620239257812,40.7843132019043,770.0
commuta_readings_today_20260710_114808.csv,5103,2026-07-10,2026-07-10T11:12:22.000+01:00,S01,Central,quieter,Stratford->Bond Street,platform,940GZZLUOXC,Oxford Circus,underground_no_psd,deep_tube_open,118.44029235839844,141.58966064453125,162.14083862304688,40.74921798706055,770.0
commuta_readings_today_20260710_114808.csv,5104,2026-07-10,2026-07-10T11:12:32.000+01:00,S01,Central,quieter,Stratford->Bond Street,platform,940GZZLUOXC,Oxford Circus,underground_no_psd,deep_tube_open,117.16886138916016,140.72122192382812,161.87098693847656,41.00251770019531,774.0
commuta_readings_today_20260710_114808.csv,5105,2026-07-10,2026-07-10T11:12:42.000+01:00,S01,Central,quieter,Stratford->Bond Street,platform,940GZZLUOXC,Oxford Circus,underground_no_psd,deep_tube_open,118.66045379638672,143.18658447265625,165.45301818847656,41.21004104614258,776.0
commuta_readings_today_20260710_114808.csv,5106,2026-07-10,2026-07-10T11:12:52.000+01:00,S01,Central,quieter,Stratford->Bond Street,platform,940GZZLUOXC,Oxford Circus,underground_no_psd,deep_tube_open,118.63294219970705,142.82720947265625,164.6783447265625,41.30311965942383,780.0
commuta_readings_today_20260710_114808.csv,5107,2026-07-10,2026-07-10T11:13:02.000+01:00,S01,Central,quieter,Stratford->Bond Street,platform,940GZZLUOXC,Oxford Circus,underground_no_psd,deep_tube_open,117.00154113769533,141.31866455078125,163.44216918945312,41.13069534301758,788.0
commuta_readings_today_20260710_114808.csv,5108,2026-07-10,2026-07-10T11:13:12.000+01:00,S01,Central,quieter,Stratford->Bond Street,platform,940GZZLUOXC,Oxford Circus,underground_no_psd,deep_tube_open,115.33927917480467,140.22450256347656,163.18246459960938,41.03303527832031,791.0
commuta_readings_today_20260710_114808.csv,5109,2026-07-10,2026-07-10T11:13:22.000+01:00,S01,Central,quieter,Stratford->Bond Street,platform,940GZZLUOXC,Oxford Circus,underground_no_psd,deep_tube_open,113.12969207763672,137.02777099609375,158.9040985107422,41.28023147583008,807.0
commuta_readings_today_20260710_114808.csv,5110,2026-07-10,2026-07-10T11:13:32.000+01:00,S01,Central,quieter,Stratford->Bond Street,platform,940GZZLUOXC,Oxford Circus,underground_no_psd,deep_tube_open,113.0369110107422,135.2579803466797,155.03228759765625,41.434349060058594,834.0
commuta_readings_today_20260710_114808.csv,5111,2026-07-10,2026-07-10T11:13:42.000+01:00,S01,Central,quieter,Stratford->Bond Street,platform,940GZZLUOXC,Oxford Circus,underground_no_psd,deep_tube_open,112.67577362060548,133.77017211914062,152.1538543701172,41.71053695678711,854.0
commuta_readings_today_20260710_114808.csv,5112,2026-07-10,2026-07-10T11:13:52.000+01:00,S01,Central,quieter,Stratford->Bond Street,platform,940GZZLUOXC,Oxford Circus,underground_no_psd,deep_tube_open,111.17259216308594,131.16018676757812,148.2607421875,42.110321044921875,864.0
commuta_readings_today_20260710_114808.csv,5113,2026-07-10,2026-07-10T11:14:02.000+01:00,S01,Central,quieter,Stratford->Bond Street,platform,940GZZLUOXC,Oxford Circus,underground_no_psd,deep_tube_open,113.96215057373048,135.31979370117188,153.9415283203125,42.522315979003906,875.0
commuta_readings_today_20260710_114808.csv,5114,2026-07-10,2026-07-10T11:14:12.000+01:00,S01,Central,quieter,Stratford->Bond Street,platform,940GZZLUOXC,Oxford Circus,underground_no_psd,deep_tube_open,114.17974853515624,136.21060180664062,155.6631317138672,42.88395690917969,939.0
commuta_readings_today_20260710_114808.csv,5115,2026-07-10,2026-07-10T11:14:22.000+01:00,S01,Central,quieter,Stratford->Bond Street,platform,940GZZLUOXC,Oxford Circus,underground_no_psd,deep_tube_open,114.39388275146484,137.0896759033203,157.36289978027344,42.98008728027344,1007.0
commuta_readings_today_20260710_114808.csv,5116,2026-07-10,2026-07-10T11:14:32.000+01:00,S01,Central,quieter,Stratford->Bond Street,platform,940GZZLUOXC,Oxford Circus,underground_no_psd,deep_tube_open,112.096923828125,136.22096252441406,158.45606994628906,42.96940612792969,1051.0
commuta_readings_today_20260710_114808.csv,5117,2026-07-10,2026-07-10T11:14:42.000+01:00,S01,Central,quieter,Stratford->Bond Street,platform,940GZZLUOXC,Oxford Circus,underground_no_psd,deep_tube_open,111.9554214477539,137.0537567138672,160.524169921875,42.92973327636719,1082.0
commuta_readings_today_20260710_114808.csv,5118,2026-07-10,2026-07-10T11:14:52.000+01:00,S01,Central,quieter,Stratford->Bond Street,platform,940GZZLUOXC,Oxford Circus,underground_no_psd,deep_tube_open,111.71878814697266,137.1751708984375,161.1129150390625,42.97856140136719,1098.0
commuta_readings_today_20260710_114808.csv,5119,2026-07-10,2026-07-10T11:15:02.000+01:00,S01,Central,quieter,Stratford->Bond Street,platform,940GZZLUOXC,Oxford Circus,underground_no_psd,deep_tube_open,112.23992156982422,138.9217071533203,164.36268615722656,42.87785339355469,1099.0
commuta_readings_today_20260710_114808.csv,5120,2026-07-10,2026-07-10T11:15:12.000+01:00,S01,Central,quieter,Stratford->Bond Street,platform,940GZZLUOXC,Oxford Circus,underground_no_psd,deep_tube_open,108.94969940185548,135.04666137695312,159.98997497558594,42.82444381713867,1097.0
commuta_readings_today_20260710_114808.csv,5121,2026-07-10,2026-07-10T11:15:22.000+01:00,S01,Central,quieter,Stratford->Bond Street,platform,940GZZLUOXC,Oxford Circus,underground_no_psd,deep_tube_open,108.7077865600586,134.05950927734375,158.08323669433594,43.1509895324707,1097.0
commuta_readings_today_20260710_114808.csv,5123,2026-07-10,2026-07-10T11:15:42.000+01:00,S01,Central,quieter,Stratford->Bond Street,platform,940GZZLUOXC,Oxford Circus,underground_no_psd,deep_tube_open,109.26429748535156,134.5750732421875,158.50709533691406,42.76188278198242,1100.0
commuta_readings_today_20260710_114808.csv,5124,2026-07-10,2026-07-10T11:15:52.000+01:00,S01,Central,quieter,Stratford->Bond Street,platform,940GZZLUOXC,Oxford Circus,underground_no_psd,deep_tube_open,108.78984832763672,134.36264038085938,158.65841674804688,42.540626525878906,1101.0
commuta_readings_today_20260710_114808.csv,5125,2026-07-10,2026-07-10T11:16:02.000+01:00,S01,Central,quieter,Stratford->Bond Street,platform,940GZZLUOXC,Oxford Circus,underground_no_psd,deep_tube_open,111.80858612060548,137.57838439941406,161.90374755859375,42.35904312133789,1102.0
commuta_readings_today_20260710_114808.csv,5126,2026-07-10,2026-07-10T11:16:12.000+01:00,S01,Central,quieter,Stratford->Bond Street,platform,940GZZLUOXC,Oxford Circus,underground_no_psd,deep_tube_open,112.63468933105467,138.74244689941406,163.43312072753906,42.28427505493164,1100.0
commuta_readings_today_20260710_114808.csv,5127,2026-07-10,2026-07-10T11:16:22.000+01:00,S01,Central,quieter,Stratford->Bond Street,platform,940GZZLUOXC,Oxford Circus,underground_no_psd,deep_tube_open,112.02175903320312,137.49656677246094,161.43560791015625,42.14999771118164,1100.0
commuta_readings_today_20260710_114808.csv,5128,2026-07-10,2026-07-10T11:16:32.000+01:00,S01,Central,quieter,Stratford->Bond Street,platform,940GZZLUOXC,Oxford Circus,underground_no_psd,deep_tube_open,108.94367218017578,135.33563232421875,160.6503448486328,42.075225830078125,1102.0
commuta_readings_today_20260710_114808.csv,5129,2026-07-10,2026-07-10T11:16:42.000+01:00,S01,Central,quieter,Stratford->Bond Street,platform,940GZZLUOXC,Oxford Circus,underground_no_psd,deep_tube_open,105.44456481933594,132.9302215576172,159.87301635742188,42.24002456665039,1145.0
commuta_readings_today_20260710_114808.csv,5130,2026-07-10,2026-07-10T11:16:52.000+01:00,S01,Central,quieter,Stratford->Bond Street,platform,940GZZLUOXC,Oxford Circus,underground_no_psd,deep_tube_open,101.90572357177734,126.88597869873048,150.93409729003906,42.29953384399414,1208.0
commuta_readings_today_20260710_114808.csv,5131,2026-07-10,2026-07-10T11:17:02.000+01:00,S01,Central,quieter,Stratford->Bond Street,platform,940GZZLUOXC,Oxford Circus,underground_no_psd,deep_tube_open,102.57171630859376,126.72848510742188,149.6929931640625,42.375831604003906,1233.0
commuta_readings_today_20260710_114808.csv,5132,2026-07-10,2026-07-10T11:17:12.000+01:00,S01,Central,quieter,Stratford->Bond Street,platform,940GZZLUOXC,Oxford Circus,underground_no_psd,deep_tube_open,102.6019515991211,126.9778823852539,150.2157745361328,42.28732681274414,1240.0
commuta_readings_today_20260710_114808.csv,5133,2026-07-10,2026-07-10T11:17:22.000+01:00,S01,Central,quieter,Stratford->Bond Street,platform,940GZZLUOXC,Oxford Circus,underground_no_psd,deep_tube_open,100.79464721679688,127.00243377685548,152.6743927001953,42.012664794921875,1239.0
commuta_readings_today_20260710_114808.csv,5134,2026-07-10,2026-07-10T11:17:32.000+01:00,S01,Central,quieter,Stratford->Bond Street,platform,940GZZLUOXC,Oxford Circus,underground_no_psd,deep_tube_open,97.07278442382812,123.33509826660156,149.3445281982422,41.469444274902344,1223.0
commuta_readings_today_20260710_114808.csv,5135,2026-07-10,2026-07-10T11:17:42.000+01:00,S01,Central,quieter,Stratford->Bond Street,platform,940GZZLUOXC,Oxford Circus,underground_no_psd,deep_tube_open,98.54344177246094,124.32524871826172,149.6241912841797,40.97657775878906,1170.0
commuta_readings_today_20260710_114808.csv,5136,2026-07-10,2026-07-10T11:17:52.000+01:00,S01,Central,quieter,Stratford->Bond Street,platform,940GZZLUOXC,Oxford Circus,underground_no_psd,deep_tube_open,101.23809814453124,126.94239807128906,151.9491729736328,40.7812614440918,1157.0
commuta_readings_today_20260710_114808.csv,5137,2026-07-10,2026-07-10T11:18:02.000+01:00,S01,Central,quieter,Stratford->Bond Street,platform,940GZZLUOXC,Oxford Circus,underground_no_psd,deep_tube_open,101.59837341308594,125.8758316040039,149.06240844726562,40.7171745300293,1148.0
commuta_readings_today_20260710_114808.csv,5138,2026-07-10,2026-07-10T11:18:12.000+01:00,S01,Central,quieter,Stratford->Bond Street,platform,940GZZLUOXC,Oxford Circus,underground_no_psd,deep_tube_open,100.02576446533205,123.53597259521484,145.8714141845703,40.75226974487305,1132.0
commuta_readings_today_20260710_114808.csv,5139,2026-07-10,2026-07-10T11:18:22.000+01:00,S01,Central,quieter,Stratford->Bond Street,platform,940GZZLUOXC,Oxford Circus,underground_no_psd,deep_tube_open,98.41569519042967,120.29315185546876,140.6918182373047,40.7721061706543,1113.0
commuta_readings_today_20260710_114808.csv,5140,2026-07-10,2026-07-10T11:18:32.000+01:00,S01,Central,quieter,Stratford->Bond Street,platform,940GZZLUOXC,Oxford Circus,underground_no_psd,deep_tube_open,99.46595001220705,121.07915496826172,141.06968688964844,41.05439758300781,1094.0
commuta_readings_today_20260710_114808.csv,5141,2026-07-10,2026-07-10T11:18:42.000+01:00,S01,Central,quieter,Stratford->Bond Street,platform,940GZZLUOXC,Oxford Circus,underground_no_psd,deep_tube_open,101.08090209960938,122.99874877929688,143.25563049316406,41.06050109863281,1087.0
commuta_readings_today_20260710_114808.csv,5142,2026-07-10,2026-07-10T11:18:52.000+01:00,S01,Central,quieter,Stratford->Bond Street,platform,940GZZLUOXC,Oxford Circus,underground_no_psd,deep_tube_open,101.44344329833984,123.06251525878906,142.91749572753906,40.98573303222656,1082.0
commuta_readings_today_20260710_114808.csv,5143,2026-07-10,2026-07-10T11:19:02.000+01:00,S01,Central,quieter,Stratford->Bond Street,platform,940GZZLUOXC,Oxford Circus,underground_no_psd,deep_tube_open,101.3140106201172,122.88169860839844,142.68145751953125,41.10017395019531,1073.0
commuta_readings_today_20260710_114808.csv,5144,2026-07-10,2026-07-10T11:19:12.000+01:00,S01,Central,quieter,Stratford->Bond Street,platform,940GZZLUOXC,Oxford Circus,underground_no_psd,deep_tube_open,91.38643646240234,110.83456420898438,128.6864013671875,41.34889602661133,1071.0
commuta_readings_today_20260710_114808.csv,5145,2026-07-10,2026-07-10T11:19:22.000+01:00,S01,Central,quieter,Stratford->Bond Street,platform,940GZZLUOXC,Oxford Circus,underground_no_psd,deep_tube_open,78.16412353515625,94.2197265625,108.7610092163086,41.19630813598633,1063.0
commuta_readings_today_20260710_114808.csv,5146,2026-07-10,2026-07-10T11:19:32.000+01:00,S01,Central,quieter,Stratford->Bond Street,platform,940GZZLUOXC,Oxford Circus,underground_no_psd,deep_tube_open,73.61927032470703,88.73313903808594,102.4186553955078,41.05897521972656,1044.0
commuta_readings_today_20260710_114808.csv,5147,2026-07-10,2026-07-10T11:19:42.000+01:00,S01,Central,quieter,Stratford->Bond Street,platform,940GZZLUOXC,Oxford Circus,underground_no_psd,deep_tube_open,71.5293197631836,85.69207000732422,98.33262634277344,40.8331413269043,1030.0
commuta_readings_today_20260710_114808.csv,5148,2026-07-10,2026-07-10T11:19:52.000+01:00,S01,Central,quieter,Stratford->Bond Street,platform,940GZZLUOXC,Oxford Circus,underground_no_psd,deep_tube_open,69.33592987060547,81.95846557617188,92.8207550048828,40.74311447143555,1014.0
commuta_readings_today_20260710_114808.csv,5149,2026-07-10,2026-07-10T11:20:02.000+01:00,S01,Central,quieter,Stratford->Bond Street,platform,940GZZLUOXC,Oxford Circus,underground_no_psd,deep_tube_open,70.85541534423828,83.78433990478516,94.922119140625,40.6622428894043,1002.0
commuta_readings_today_20260710_114808.csv,5150,2026-07-10,2026-07-10T11:20:12.000+01:00,S01,Central,quieter,Stratford->Bond Street,platform,940GZZLUOXC,Oxford Circus,underground_no_psd,deep_tube_open,82.84563446044922,99.27105712890624,113.93911743164062,40.45777130126953,977.0
commuta_readings_today_20260710_114808.csv,5151,2026-07-10,2026-07-10T11:20:22.000+01:00,S01,Central,quieter,Stratford->Bond Street,platform,940GZZLUOXC,Oxford Circus,underground_no_psd,deep_tube_open,88.3010025024414,106.081298828125,122.05884552001952,40.32501602172851,968.0
commuta_readings_today_20260710_114808.csv,5152,2026-07-10,2026-07-10T11:20:32.000+01:00,S01,Central,quieter,Stratford->Bond Street,platform,940GZZLUOXC,Oxford Circus,underground_no_psd,deep_tube_open,92.22755432128906,110.49720001220705,126.80636596679688,40.363162994384766,954.0
commuta_readings_today_20260710_114808.csv,5153,2026-07-10,2026-07-10T11:20:42.000+01:00,S01,Central,quieter,Stratford->Bond Street,platform,940GZZLUOXC,Oxford Circus,underground_no_psd,deep_tube_open,98.57880401611328,118.22496032714844,135.80612182617188,40.45166778564453,948.0
commuta_readings_today_20260710_114808.csv,5154,2026-07-10,2026-07-10T11:20:52.000+01:00,S01,Central,quieter,Stratford->Bond Street,platform,940GZZLUOXC,Oxford Circus,underground_no_psd,deep_tube_open,101.47723388671876,122.15689849853516,140.8282012939453,40.48218536376953,947.0
commuta_readings_today_20260710_114808.csv,5155,2026-07-10,2026-07-10T11:21:02.000+01:00,S01,Central,quieter,Stratford->Bond Street,platform,940GZZLUOXC,Oxford Circus,underground_no_psd,deep_tube_open,104.39480590820312,126.61418914794922,147.0107879638672,40.52185821533203,945.0
commuta_readings_today_20260710_114808.csv,5156,2026-07-10,2026-07-10T11:21:12.000+01:00,S01,Central,quieter,Stratford->Bond Street,platform,940GZZLUOXC,Oxford Circus,underground_no_psd,deep_tube_open,104.88562774658205,127.81651306152344,149.0723419189453,40.193790435791016,945.0
commuta_readings_today_20260710_114808.csv,5157,2026-07-10,2026-07-10T11:21:22.000+01:00,S01,Central,quieter,Stratford->Bond Street,platform,940GZZLUOXC,Oxford Circus,underground_no_psd,deep_tube_open,105.59310913085938,127.30925750732422,146.98651123046875,39.775691986083984,921.0
commuta_readings_today_20260710_114808.csv,5158,2026-07-10,2026-07-10T11:21:32.000+01:00,S01,Central,quieter,Stratford->Bond Street,platform,940GZZLUOXC,Oxford Circus,underground_no_psd,deep_tube_open,105.24230194091795,125.6367645263672,143.6774139404297,40.01373291015625,898.0
commuta_readings_today_20260710_114808.csv,5159,2026-07-10,2026-07-10T11:21:42.000+01:00,S01,Central,quieter,Stratford->Bond Street,platform,940GZZLUOXC,Oxford Circus,underground_no_psd,deep_tube_open,106.05133056640624,126.1711196899414,143.80789184570312,40.205997467041016,890.0
commuta_readings_today_20260710_114808.csv,5160,2026-07-10,2026-07-10T11:21:52.000+01:00,S01,Central,quieter,Stratford->Bond Street,platform,940GZZLUOXC,Oxford Circus,underground_no_psd,deep_tube_open,107.54672241210938,126.80699920654295,143.2549285888672,41.00862121582031,875.0
commuta_readings_today_20260710_114808.csv,5161,2026-07-10,2026-07-10T11:22:02.000+01:00,S01,Central,quieter,Stratford->Bond Street,platform,940GZZLUOXC,Oxford Circus,underground_no_psd,deep_tube_open,108.11246490478516,126.96037292480467,142.8489227294922,41.376365661621094,877.0
commuta_readings_today_20260710_114808.csv,5162,2026-07-10,2026-07-10T11:22:12.000+01:00,S01,Central,quieter,Stratford->Bond Street,in_train,,,,deep_tube_open,107.63606262207033,126.41481018066406,142.25082397460938,41.39925384521485,890.0
commuta_readings_today_20260710_114808.csv,5163,2026-07-10,2026-07-10T11:22:22.000+01:00,S01,Central,quieter,Stratford->Bond Street,in_train,,,,deep_tube_open,107.70777130126952,125.852783203125,140.88670349121094,41.62966537475586,942.0
commuta_readings_today_20260710_114808.csv,5164,2026-07-10,2026-07-10T11:22:32.000+01:00,S01,Central,quieter,Stratford->Bond Street,in_train,,,,deep_tube_open,107.24807739257812,124.7718505859375,139.05780029296875,42.035552978515625,996.0
commuta_readings_today_20260710_114808.csv,5165,2026-07-10,2026-07-10T11:22:42.000+01:00,S01,Central,quieter,Stratford->Bond Street,in_train,,,,deep_tube_open,100.5240249633789,115.68151092529295,127.47786712646484,42.20340347290039,1047.0
commuta_readings_today_20260710_114808.csv,5166,2026-07-10,2026-07-10T11:22:52.000+01:00,S01,Central,quieter,Stratford->Bond Street,in_train,,,,deep_tube_open,91.1447982788086,104.6972885131836,115.1531219482422,42.27054214477539,1089.0
commuta_readings_today_20260710_114808.csv,5167,2026-07-10,2026-07-10T11:23:02.000+01:00,S01,Central,quieter,Stratford->Bond Street,in_train,,,,deep_tube_open,89.00470733642578,101.88904571533205,111.65933227539062,42.410926818847656,1118.0
commuta_readings_today_20260710_114808.csv,5168,2026-07-10,2026-07-10T11:23:12.000+01:00,S01,Central,quieter,Stratford->Bond Street,platform,940GZZLUBND,Bond Street,underground_no_psd,deep_tube_open,74.04889678955078,84.48728942871094,92.26261138916016,42.89616394042969,1163.0
commuta_readings_today_20260710_114808.csv,5169,2026-07-10,2026-07-10T11:23:22.000+01:00,S01,Central,quieter,Stratford->Bond Street,platform,940GZZLUBND,Bond Street,underground_no_psd,deep_tube_open,56.18369674682617,64.38819885253906,70.64533996582031,42.067596435546875,1167.0
commuta_readings_today_20260710_114808.csv,5170,2026-07-10,2026-07-10T11:23:32.000+01:00,S01,Central,quieter,Stratford->Bond Street,platform,940GZZLUBND,Bond Street,underground_no_psd,deep_tube_open,79.81803894042969,91.81806182861328,101.14017486572266,41.04524230957031,1149.0
commuta_readings_today_20260710_114808.csv,5171,2026-07-10,2026-07-10T11:23:42.000+01:00,S01,Central,quieter,Stratford->Bond Street,platform,940GZZLUBND,Bond Street,underground_no_psd,deep_tube_open,93.4134750366211,106.91168975830078,117.13534545898438,40.50507354736328,1077.0
commuta_readings_today_20260710_114808.csv,5172,2026-07-10,2026-07-10T11:23:52.000+01:00,S01,Central,quieter,Stratford->Bond Street,platform,940GZZLUBND,Bond Street,underground_no_psd,deep_tube_open,21.20652198791504,24.005273818969727,25.992267608642575,40.03509521484375,1029.0
commuta_readings_today_20260710_114808.csv,5173,2026-07-10,2026-07-10T11:24:02.000+01:00,S01,Central,quieter,Stratford->Bond Street,platform,940GZZLUBND,Bond Street,underground_no_psd,deep_tube_open,15.02242946624756,16.7606143951416,17.860836029052734,39.10124206542969,975.0
commuta_readings_today_20260710_114808.csv,5174,2026-07-10,2026-07-10T11:24:12.000+01:00,S01,Central,quieter,Stratford->Bond Street,platform,940GZZLUBND,Bond Street,underground_no_psd,deep_tube_open,12.671791076660156,13.962345123291016,14.669548034667969,38.19180679321289,956.0
commuta_readings_today_20260710_114808.csv,5175,2026-07-10,2026-07-10T11:24:22.000+01:00,S01,Central,quieter,Stratford->Bond Street,platform,940GZZLUBND,Bond Street,underground_no_psd,deep_tube_open,30.142663955688477,32.87953186035156,34.14303207397461,37.61653900146485,888.0
commuta_readings_today_20260710_114808.csv,5176,2026-07-10,2026-07-10T11:24:32.000+01:00,S01,Central,quieter,Stratford->Bond Street,platform,940GZZLUBND,Bond Street,underground_no_psd,deep_tube_open,105.40480041503906,115.7528305053711,121.1489028930664,37.67300033569336,851.0
commuta_readings_today_20260710_114808.csv,5177,2026-07-10,2026-07-10T11:24:42.000+01:00,S01,Central,quieter,Stratford->Bond Street,platform,940GZZLUBND,Bond Street,underground_no_psd,deep_tube_open,100.157470703125,111.32105255126952,118.12178802490234,38.016326904296875,824.0
commuta_readings_today_20260710_114808.csv,5178,2026-07-10,2026-07-10T11:24:52.000+01:00,S01,Central,quieter,Stratford->Bond Street,platform,940GZZLUBND,Bond Street,underground_no_psd,deep_tube_open,99.082275390625,110.98640441894533,118.7959976196289,38.36728286743164,815.0
commuta_readings_today_20260710_114808.csv,5179,2026-07-10,2026-07-10T11:25:02.000+01:00,S01,Central,quieter,Stratford->Bond Street,platform,940GZZLUBND,Bond Street,underground_no_psd,deep_tube_open,97.63752746582033,110.01299285888672,118.51966094970705,38.512245178222656,807.0
commuta_readings_today_20260710_114808.csv,5180,2026-07-10,2026-07-10T11:25:12.000+01:00,S01,Central,quieter,Stratford->Bond Street,platform,940GZZLUBND,Bond Street,underground_no_psd,deep_tube_open,94.76617431640624,108.36644744873048,118.62071228027344,38.384071350097656,803.0
commuta_readings_today_20260710_114808.csv,5181,2026-07-10,2026-07-10T11:25:22.000+01:00,S01,Central,quieter,Stratford->Bond Street,platform,940GZZLUBND,Bond Street,underground_no_psd,deep_tube_open,91.66226196289062,106.10106658935548,117.6340103149414,39.91607666015625,794.0
commuta_readings_today_20260710_114808.csv,5182,2026-07-10,2026-07-10T11:25:32.000+01:00,S01,Central,quieter,Stratford->Bond Street,platform,940GZZLUBND,Bond Street,underground_no_psd,deep_tube_open,88.50970458984375,102.97161865234376,114.76140594482422,42.043182373046875,1915.0
commuta_readings_today_20260710_114808.csv,5183,2026-07-10,2026-07-10T11:25:42.000+01:00,S01,Central,quieter,Stratford->Bond Street,platform,940GZZLUBND,Bond Street,underground_no_psd,deep_tube_open,87.43424224853516,101.6487274169922,113.20510864257812,40.96284484863281,2149.0
commuta_readings_today_20260710_114808.csv,5184,2026-07-10,2026-07-10T11:25:52.000+01:00,S01,Central,quieter,Stratford->Bond Street,platform,940GZZLUBND,Bond Street,underground_no_psd,deep_tube_open,85.31150817871094,99.0515365600586,110.16468811035156,40.22125625610352,2103.0
commuta_readings_today_20260710_114808.csv,5185,2026-07-10,2026-07-10T11:26:02.000+01:00,S01,Central,quieter,Stratford->Bond Street,platform,940GZZLUBND,Bond Street,underground_no_psd,deep_tube_open,83.4215316772461,96.4976043701172,106.91242980957033,39.777217864990234,1911.0
commuta_readings_today_20260710_114808.csv,5186,2026-07-10,2026-07-10T11:26:12.000+01:00,S01,Central,quieter,Stratford->Bond Street,platform,940GZZLUBND,Bond Street,underground_no_psd,deep_tube_open,81.24695587158203,94.42294311523438,105.12053680419922,39.658199310302734,1686.0
commuta_readings_today_20260710_114808.csv,5187,2026-07-10,2026-07-10T11:26:22.000+01:00,S01,Central,quieter,Stratford->Bond Street,platform,940GZZLUBND,Bond Street,underground_no_psd,deep_tube_open,79.94296264648438,92.45111083984376,102.4031219482422,39.3286018371582,1506.0
commuta_readings_today_20260710_114808.csv,5188,2026-07-10,2026-07-10T11:26:32.000+01:00,S01,Central,quieter,Stratford->Bond Street,platform,940GZZLUBND,Bond Street,underground_no_psd,deep_tube_open,80.0198974609375,93.154541015625,103.88880920410156,39.2858772277832,1351.0
commuta_readings_today_20260710_114808.csv,5189,2026-07-10,2026-07-10T11:26:42.000+01:00,S01,Central,quieter,Stratford->Bond Street,platform,940GZZLUBND,Bond Street,underground_no_psd,deep_tube_open,79.1146240234375,91.29359436035156,100.8915557861328,39.1271858215332,1221.0
commuta_readings_today_20260807_233732.csv,4894,2026-08-07,2026-08-07T15:31:14.000+01:00,S02,Jubilee,quieter,Stratford->Bond Street,platform,940GZZLUSTD,Stratford,open_air,mixed,3.0989573001861572,3.3259685039520264,3.387507915496826,28.53437042236328,780.0
commuta_readings_today_20260807_233732.csv,4895,2026-08-07,2026-08-07T15:31:24.000+01:00,S02,Jubilee,quieter,Stratford->Bond Street,platform,940GZZLUSTD,Stratford,open_air,mixed,2.8953819274902344,3.120356559753418,3.194044351577759,28.48249053955078,763.0
commuta_readings_today_20260807_233732.csv,4896,2026-08-07,2026-08-07T15:31:34.000+01:00,S02,Jubilee,quieter,Stratford->Bond Street,platform,940GZZLUSTD,Stratford,open_air,mixed,2.7519454956054688,2.9726858139038086,3.0514137744903564,28.238346099853516,739.0
commuta_readings_today_20260807_233732.csv,4897,2026-08-07,2026-08-07T15:31:44.000+01:00,S02,Jubilee,quieter,Stratford->Bond Street,platform,940GZZLUSTD,Stratford,open_air,mixed,2.7176454067230225,2.9401798248291016,3.023641586303711,27.97894287109375,707.0
commuta_readings_today_20260807_233732.csv,4898,2026-08-07,2026-08-07T15:31:54.000+01:00,S02,Jubilee,quieter,Stratford->Bond Street,platform,940GZZLUSTD,Stratford,open_air,mixed,2.3519818782806396,2.5496163368225098,2.6281888484954834,27.792781829833984,690.0
commuta_readings_today_20260807_233732.csv,4899,2026-08-07,2026-08-07T15:32:04.000+01:00,S02,Jubilee,quieter,Stratford->Bond Street,platform,940GZZLUSTD,Stratford,open_air,mixed,1.8902299404144287,2.051734209060669,2.1182379722595215,27.47692108154297,665.0
commuta_readings_today_20260807_233732.csv,4900,2026-08-07,2026-08-07T15:32:14.000+01:00,S02,Jubilee,quieter,Stratford->Bond Street,platform,940GZZLUSTD,Stratford,open_air,mixed,1.8331432342529297,1.9907828569412231,2.056551933288574,27.14122200012207,620.0
commuta_readings_today_20260807_233732.csv,4901,2026-08-07,2026-08-07T15:32:24.000+01:00,S02,Jubilee,quieter,Stratford->Bond Street,platform,940GZZLUSTD,Stratford,open_air,mixed,1.7424589395523071,1.8934539556503296,1.9574203491210935,26.99473571777344,597.0
commuta_readings_today_20260807_233732.csv,4902,2026-08-07,2026-08-07T15:32:34.000+01:00,S02,Jubilee,quieter,Stratford->Bond Street,platform,940GZZLUSTD,Stratford,open_air,mixed,2.097811698913574,2.2786448001861572,2.3544552326202393,26.97642517089844,577.0
commuta_readings_today_20260807_233732.csv,4903,2026-08-07,2026-08-07T15:32:44.000+01:00,S02,Jubilee,quieter,Stratford->Bond Street,in_train,,,,mixed,2.2967658042907715,2.4919872283935547,2.5715157985687256,27.034408569335938,568.0
commuta_readings_today_20260807_233732.csv,4904,2026-08-07,2026-08-07T15:32:55.000+01:00,S02,Jubilee,quieter,Stratford->Bond Street,in_train,,,,mixed,2.248159646987915,2.4374659061431885,2.5130672454833984,27.197681427001953,568.0
commuta_readings_today_20260807_233732.csv,4905,2026-08-07,2026-08-07T15:33:04.000+01:00,S02,Jubilee,quieter,Stratford->Bond Street,in_train,,,,mixed,2.477090597,2.685753107070923,2.7691526412963867,27.719539642333984,574.0
commuta_readings_today_20260807_233732.csv,4906,2026-08-07,2026-08-07T15:33:14.000+01:00,S02,Jubilee,quieter,Stratford->Bond Street,in_train,,,,mixed,2.665102243423462,2.890303611755371,2.980914831161499,28.284122467041016,579.0
commuta_readings_today_20260807_233732.csv,4907,2026-08-07,2026-08-07T15:33:24.000+01:00,S02,Jubilee,quieter,Stratford->Bond Street,in_train,,,,mixed,2.910280943,3.159224510192871,3.261974334716797,28.790721893310547,632.0
commuta_readings_today_20260807_233732.csv,4908,2026-08-07,2026-08-07T15:33:34.000+01:00,S02,Jubilee,quieter,Stratford->Bond Street,in_train,,,,mixed,3.9419758319854736,4.289719104766846,4.442160606384277,29.149309158325195,688.0
commuta_readings_today_20260807_233732.csv,4909,2026-08-07,2026-08-07T15:33:44.000+01:00,S02,Jubilee,quieter,Stratford->Bond Street,in_train,,,,mixed,5.029849052429199,5.5044355392456055,5.7377705574035645,29.474327087402344,737.0
commuta_readings_today_20260807_233732.csv,4910,2026-08-07,2026-08-07T15:33:54.000+01:00,S02,Jubilee,quieter,Stratford->Bond Street,in_train,,,,mixed,5.462970257,6.013052463531494,6.310023784637451,29.677270889282227,773.0
commuta_readings_today_20260807_233732.csv,4911,2026-08-07,2026-08-07T15:34:04.000+01:00,S02,Jubilee,quieter,Stratford->Bond Street,in_train,,,,mixed,7.342285156,8.140275955200195,8.613190650939941,30.13504219055176,811.0
commuta_readings_today_20260807_233732.csv,4912,2026-08-07,2026-08-07T15:34:14.000+01:00,S02,Jubilee,quieter,Stratford->Bond Street,in_train,,,,mixed,8.005390167236328,8.938259125,9.532858848571776,30.411230087280273,847.0
commuta_readings_today_20260807_233732.csv,4913,2026-08-07,2026-08-07T15:34:24.000+01:00,S02,Jubilee,quieter,Stratford->Bond Street,in_train,,,,mixed,8.395587921142578,9.446534156799316,10.161419868469238,30.511940002441406,870.0
commuta_readings_today_20260807_233732.csv,4914,2026-08-07,2026-08-07T15:34:34.000+01:00,S02,Jubilee,quieter,Stratford->Bond Street,in_train,,,,mixed,9.472935676574709,10.760784149169922,11.69571590423584,30.705730438232425,887.0
commuta_readings_today_20260807_233732.csv,4915,2026-08-07,2026-08-07T15:34:45.000+01:00,S02,Jubilee,quieter,Stratford->Bond Street,in_train,,,,mixed,9.683880805969238,11.113780975341797,12.212095260620115,30.749980926513672,892.0
commuta_readings_today_20260807_233732.csv,4916,2026-08-07,2026-08-07T15:34:54.000+01:00,S02,Jubilee,quieter,Stratford->Bond Street,in_train,,,,mixed,8.876420974731445,10.254901885986328,11.34690284729004,30.64774513244629,901.0
commuta_readings_today_20260807_233732.csv,4917,2026-08-07,2026-08-07T15:35:04.000+01:00,S02,Jubilee,quieter,Stratford->Bond Street,in_train,,,,mixed,7.279453754425049,8.429509162902832,9.349661827087402,30.97276306152344,912.0
commuta_readings_today_20260807_233732.csv,4918,2026-08-07,2026-08-07T15:35:14.000+01:00,S02,Jubilee,quieter,Stratford->Bond Street,in_train,,,,mixed,5.683500767,6.5815300941467285,7.3000922203063965,31.67925453186035,940.0
commuta_readings_today_20260807_233732.csv,4919,2026-08-07,2026-08-07T15:35:24.000+01:00,S02,Jubilee,quieter,Stratford->Bond Street,platform,940GZZLUWHM,West Ham,open_air,mixed,4.131438255310059,4.782308578491211,5.302226543426514,31.360342025756836,962.0
commuta_readings_today_20260807_233732.csv,4920,2026-08-07,2026-08-07T15:35:34.000+01:00,S02,Jubilee,quieter,Stratford->Bond Street,platform,940GZZLUWHM,West Ham,open_air,mixed,3.0723512172698975,3.5506739616394043,3.9301462173461914,30.041961669921875,951.0
commuta_readings_today_20260807_233732.csv,4921,2026-08-07,2026-08-07T15:35:44.000+01:00,S02,Jubilee,quieter,Stratford->Bond Street,platform,940GZZLUWHM,West Ham,open_air,mixed,2.592993736,2.991041421890259,3.3042078018188477,29.208820343017575,862.0
commuta_readings_today_20260807_233732.csv,4922,2026-08-07,2026-08-07T15:35:54.000+01:00,S02,Jubilee,quieter,Stratford->Bond Street,platform,940GZZLUWHM,West Ham,open_air,mixed,2.1289777755737305,2.448502302,2.696457862854004,28.35736656188965,805.0
commuta_readings_today_20260807_233732.csv,4923,2026-08-07,2026-08-07T15:36:04.000+01:00,S02,Jubilee,quieter,Stratford->Bond Street,platform,940GZZLUWHM,West Ham,open_air,mixed,2.1270194053649902,2.440842628479004,2.681769847869873,27.97589111328125,753.0
commuta_readings_today_20260807_233732.csv,4924,2026-08-07,2026-08-07T15:36:14.000+01:00,S02,Jubilee,quieter,Stratford->Bond Street,platform,940GZZLUWHM,West Ham,open_air,mixed,2.4215497970581055,2.7761504650115967,3.047071933746338,27.753108978271484,716.0
commuta_readings_today_20260807_233732.csv,4925,2026-08-07,2026-08-07T15:36:24.000+01:00,S02,Jubilee,quieter,Stratford->Bond Street,platform,940GZZLUWHM,West Ham,open_air,mixed,2.456610918045044,2.818614959716797,3.096313238143921,27.577631,684.0
commuta_readings_today_20260807_233732.csv,4926,2026-08-07,2026-08-07T15:36:35.000+01:00,S02,Jubilee,quieter,Stratford->Bond Street,platform,940GZZLUWHM,West Ham,open_air,mixed,1.9242557287216189,2.2079951763153076,2.425745010375977,27.38384056091309,652.0
commuta_readings_today_20260807_233732.csv,4927,2026-08-07,2026-08-07T15:36:44.000+01:00,S02,Jubilee,quieter,Stratford->Bond Street,platform,940GZZLUWHM,West Ham,open_air,mixed,1.7714593410491943,2.028048515319824,2.222698689,27.07103157043457,618.0
commuta_readings_today_20260807_233732.csv,4928,2026-08-07,2026-08-07T15:36:54.000+01:00,S02,Jubilee,quieter,Stratford->Bond Street,platform,940GZZLUWHM,West Ham,open_air,mixed,1.757493257522583,2.004676103591919,2.188507318496704,26.713970184326172,594.0
commuta_readings_today_20260807_233732.csv,4929,2026-08-07,2026-08-07T15:37:04.000+01:00,S02,Jubilee,quieter,Stratford->Bond Street,platform,940GZZLUWHM,West Ham,open_air,mixed,1.7745202779769895,2.0161290168762207,2.191720485687256,26.19974136352539,580.0
commuta_readings_today_20260807_233732.csv,4930,2026-08-07,2026-08-07T15:37:14.000+01:00,S02,Jubilee,quieter,Stratford->Bond Street,platform,940GZZLUWHM,West Ham,open_air,mixed,1.8523844480514529,2.0937654972076416,2.2634453773498535,25.902189254760746,563.0
commuta_readings_today_20260807_233732.csv,4931,2026-08-07,2026-08-07T15:37:24.000+01:00,S02,Jubilee,quieter,Stratford->Bond Street,platform,940GZZLUWHM,West Ham,open_air,mixed,1.6538580656051636,1.8597139120101929,1.999066710472107,25.587854385375977,545.0
commuta_readings_today_20260807_233732.csv,4932,2026-08-07,2026-08-07T15:37:34.000+01:00,S02,Jubilee,quieter,Stratford->Bond Street,platform,940GZZLUWHM,West Ham,open_air,mixed,1.5731996297836304,1.7607084512710571,1.8828191757202148,25.42763328552246,540.0
commuta_readings_today_20260807_233732.csv,4933,2026-08-07,2026-08-07T15:37:45.000+01:00,S02,Jubilee,quieter,Stratford->Bond Street,platform,940GZZLUWHM,West Ham,open_air,mixed,1.5846494436264038,1.764854907989502,1.8769539594650269,25.218585968017575,536.0
commuta_readings_today_20260807_233732.csv,4934,2026-08-07,2026-08-07T15:37:54.000+01:00,S02,Jubilee,quieter,Stratford->Bond Street,platform,940GZZLUWHM,West Ham,open_air,mixed,1.5968929529190063,1.7716903686523438,1.8761048316955569,25.098039627075195,530.0
commuta_readings_today_20260807_233732.csv,4935,2026-08-07,2026-08-07T15:38:04.000+01:00,S02,Jubilee,quieter,Stratford->Bond Street,platform,940GZZLUWHM,West Ham,open_air,mixed,1.379801630973816,1.5261057615280151,1.610377550125122,24.86762809753418,521.0
commuta_readings_today_20260807_233732.csv,4936,2026-08-07,2026-08-07T15:38:14.000+01:00,S02,Jubilee,quieter,Stratford->Bond Street,platform,940GZZLUWHM,West Ham,open_air,mixed,1.7246524095535278,1.9008408784866333,1.997773528,24.785228729248047,515.0
commuta_readings_today_20260807_233732.csv,4937,2026-08-07,2026-08-07T15:38:25.000+01:00,S02,Jubilee,quieter,Stratford->Bond Street,in_train,,,,mixed,3.0280072689056396,3.3338429927825928,3.4996259212493896,24.756237030029297,511.0
commuta_readings_today_20260807_233732.csv,4938,2026-08-07,2026-08-07T15:38:34.000+01:00,S02,Jubilee,quieter,Stratford->Bond Street,in_train,,,,mixed,4.2299675941467285,4.655263423919678,4.8844122886657715,25.36659812927246,512.0
commuta_readings_today_20260807_233732.csv,4939,2026-08-07,2026-08-07T15:38:44.000+01:00,S02,Jubilee,quieter,Stratford->Bond Street,in_train,,,,mixed,4.429490566253662,4.875776290893555,5.1169047355651855,25.76333236694336,519.0
commuta_readings_today_20260807_233732.csv,4940,2026-08-07,2026-08-07T15:38:54.000+01:00,S02,Jubilee,quieter,Stratford->Bond Street,in_train,,,,mixed,4.633272647857666,5.105830192565918,5.365268707275391,25.944915771484375,538.0
commuta_readings_today_20260807_233732.csv,4941,2026-08-07,2026-08-07T15:39:04.000+01:00,S02,Jubilee,quieter,Stratford->Bond Street,in_train,,,,mixed,4.807659149169922,5.316364765167236,5.6086578369140625,26.15091133117676,566.0
commuta_readings_today_20260807_233732.csv,4942,2026-08-07,2026-08-07T15:39:14.000+01:00,S02,Jubilee,quieter,Stratford->Bond Street,in_train,,,,mixed,5.0211873054504395,5.570751667022705,5.898992538452148,26.27450942993164,577.0
commuta_readings_today_20260807_233732.csv,4943,2026-08-07,2026-08-07T15:39:24.000+01:00,S02,Jubilee,quieter,Stratford->Bond Street,in_train,,,,mixed,5.417701721191406,6.020467758178711,6.386958122253418,26.24094009399414,588.0
commuta_readings_today_20260807_233732.csv,4944,2026-08-07,2026-08-07T15:39:34.000+01:00,S02,Jubilee,quieter,Stratford->Bond Street,in_train,,,,mixed,5.315991401672363,5.918207645,6.291354179382324,26.356908798217773,597.0
commuta_readings_today_20260807_233732.csv,4945,2026-08-07,2026-08-07T15:39:44.000+01:00,S02,Jubilee,quieter,Stratford->Bond Street,in_train,,,,mixed,5.496084690093994,6.1221795082092285,6.512340068817139,26.419469833374023,609.0
commuta_readings_today_20260807_233732.csv,4946,2026-08-07,2026-08-07T15:39:55.000+01:00,S02,Jubilee,quieter,Stratford->Bond Street,in_train,,,,mixed,5.734922409057617,6.403849124908447,6.830609321594238,26.500343322753903,614.0
commuta_readings_today_20260807_233732.csv,4947,2026-08-07,2026-08-07T15:40:04.000+01:00,S02,Jubilee,quieter,Stratford->Bond Street,in_train,,,,mixed,7.032311916351318,7.940762519836426,8.574971199035645,26.553749084472656,619.0
commuta_readings_today_20260807_233732.csv,4948,2026-08-07,2026-08-07T15:40:14.000+01:00,S02,Jubilee,quieter,Stratford->Bond Street,in_train,,,,mixed,6.726278305053711,7.707925796508789,8.456286430358887,26.63004493713379,623.0
commuta_readings_today_20260807_233732.csv,4949,2026-08-07,2026-08-07T15:40:24.000+01:00,S02,Jubilee,quieter,Stratford->Bond Street,platform,940GZZLUCGT,Canning Town,open_air,mixed,6.583544731140137,7.638513088226318,8.489384651184082,26.77347946166992,632.0
commuta_readings_today_20260807_233732.csv,4950,2026-08-07,2026-08-07T15:40:34.000+01:00,S02,Jubilee,quieter,Stratford->Bond Street,platform,940GZZLUCGT,Canning Town,open_air,mixed,5.283865451812744,6.168915271759033,6.900031566619873,26.851301193237305,640.0
commuta_readings_today_20260807_233732.csv,4951,2026-08-07,2026-08-07T15:40:44.000+01:00,S02,Jubilee,quieter,Stratford->Bond Street,platform,940GZZLUCGT,Canning Town,open_air,mixed,3.5897421836853027,4.204876899719238,4.718997478485107,26.22110366821289,639.0
commuta_readings_today_20260807_233732.csv,4952,2026-08-07,2026-08-07T15:40:54.000+01:00,S02,Jubilee,quieter,Stratford->Bond Street,platform,940GZZLUCGT,Canning Town,open_air,mixed,2.705003499984741,3.1710379123687744,3.561601161956787,25.946441650390625,639.0
commuta_readings_today_20260807_233732.csv,4953,2026-08-07,2026-08-07T15:41:04.000+01:00,S02,Jubilee,quieter,Stratford->Bond Street,platform,940GZZLUCGT,Canning Town,open_air,mixed,2.595341444015503,3.0439579486846924,3.420542001724243,25.79537582397461,633.0
commuta_readings_today_20260807_233732.csv,4954,2026-08-07,2026-08-07T15:41:14.000+01:00,S02,Jubilee,quieter,Stratford->Bond Street,platform,940GZZLUCGT,Canning Town,open_air,mixed,2.262531042098999,2.6529300212860107,2.980355978012085,25.654993057250977,623.0
commuta_readings_today_20260807_233732.csv,4955,2026-08-07,2026-08-07T15:41:24.000+01:00,S02,Jubilee,quieter,Stratford->Bond Street,platform,940GZZLUCGT,Canning Town,open_air,mixed,2.4649462699890137,2.8731493949890137,3.208337783813477,25.520713806152344,611.0
commuta_readings_today_20260807_233732.csv,4956,2026-08-07,2026-08-07T15:41:35.000+01:00,S02,Jubilee,quieter,Stratford->Bond Street,platform,940GZZLUCGT,Canning Town,open_air,mixed,2.2935538291931152,2.658764123916626,2.952275514602661,25.250629425048828,589.0
commuta_readings_today_20260807_233732.csv,4957,2026-08-07,2026-08-07T15:41:44.000+01:00,S02,Jubilee,quieter,Stratford->Bond Street,platform,940GZZLUCGT,Canning Town,open_air,mixed,2.117314100265503,2.4451539516448975,2.704408645629883,24.90272331237793,573.0
commuta_readings_today_20260807_233732.csv,4958,2026-08-07,2026-08-07T15:41:54.000+01:00,S02,Jubilee,quieter,Stratford->Bond Street,platform,940GZZLUCGT,Canning Town,open_air,mixed,2.0710511207580566,2.3836452960968018,2.6270716190338135,24.67841529846191,559.0
commuta_readings_today_20260807_233732.csv,4959,2026-08-07,2026-08-07T15:42:04.000+01:00,S02,Jubilee,quieter,Stratford->Bond Street,platform,940GZZLUCGT,Canning Town,open_air,mixed,2.110051393508911,2.423164129257202,2.6644246578216553,24.53498077392578,547.0
commuta_readings_today_20260807_233732.csv,4960,2026-08-07,2026-08-07T15:42:14.000+01:00,S02,Jubilee,quieter,Stratford->Bond Street,platform,940GZZLUCGT,Canning Town,open_air,mixed,1.95531702041626,2.240130662918091,2.4569873809814453,24.47547149658203,535.0
commuta_readings_today_20260807_233732.csv,4961,2026-08-07,2026-08-07T15:42:24.000+01:00,S02,Jubilee,quieter,Stratford->Bond Street,platform,940GZZLUCGT,Canning Town,open_air,mixed,1.902641773223877,2.1699488162994385,2.3685972690582275,24.29846572875977,528.0
commuta_readings_today_20260807_233732.csv,4962,2026-08-07,2026-08-07T15:42:34.000+01:00,S02,Jubilee,quieter,Stratford->Bond Street,platform,940GZZLUCGT,Canning Town,open_air,mixed,1.7538789510726929,1.989308476448059,2.1586217880249023,23.94750977,519.0
commuta_readings_today_20260807_233732.csv,4963,2026-08-07,2026-08-07T15:42:44.000+01:00,S02,Jubilee,quieter,Stratford->Bond Street,platform,940GZZLUCGT,Canning Town,open_air,mixed,1.7052373886108398,1.9247145652770996,2.077483654022217,23.715572357177734,508.0
commuta_readings_today_20260807_233732.csv,4964,2026-08-07,2026-08-07T15:42:54.000+01:00,S02,Jubilee,quieter,Stratford->Bond Street,platform,940GZZLUCGT,Canning Town,open_air,mixed,1.7672020196914673,1.9857615232467651,2.1328985691070557,23.60875893,500.0
commuta_readings_today_20260807_233732.csv,4965,2026-08-07,2026-08-07T15:43:04.000+01:00,S02,Jubilee,quieter,Stratford->Bond Street,platform,940GZZLUCGT,Canning Town,open_air,mixed,1.5635743141174316,1.749672770500183,1.870705246925354,23.51415252685547,494.0
commuta_readings_today_20260807_233732.csv,4966,2026-08-07,2026-08-07T15:43:15.000+01:00,S02,Jubilee,quieter,Stratford->Bond Street,platform,940GZZLUCGT,Canning Town,open_air,mixed,2.2258358001708984,2.4821770191192627,2.6436843872070312,23.45006561279297,490.0
commuta_readings_today_20260807_233732.csv,4967,2026-08-07,2026-08-07T15:43:24.000+01:00,S02,Jubilee,quieter,Stratford->Bond Street,platform,940GZZLUCGT,Canning Town,open_air,mixed,2.9826674461364746,3.316471815109253,3.5206997394561768,23.41191673278809,487.0
commuta_readings_today_20260807_233732.csv,4968,2026-08-07,2026-08-07T15:43:34.000+01:00,S02,Jubilee,quieter,Stratford->Bond Street,in_train,,,,mixed,4.935057640075684,5.4950995445251465,5.842739105224609,23.51415252685547,485.0
commuta_readings_today_20260807_233732.csv,4969,2026-08-07,2026-08-07T15:43:44.000+01:00,S02,Jubilee,quieter,Stratford->Bond Street,in_train,,,,mixed,5.309789657592773,5.921068192,6.306057929992676,23.63622475,483.0
commuta_readings_today_20260807_233732.csv,4970,2026-08-07,2026-08-07T15:43:54.000+01:00,S02,Jubilee,quieter,Stratford->Bond Street,in_train,,,,mixed,5.174645424,5.776526451,6.159465312957764,23.752193450927734,483.0
commuta_readings_today_20260807_233732.csv,4971,2026-08-07,2026-08-07T15:44:04.000+01:00,S02,Jubilee,quieter,Stratford->Bond Street,in_train,,,,mixed,5.600519657,6.277678966522217,6.724501609802246,23.900205612182617,484.0
commuta_readings_today_20260807_233732.csv,4972,2026-08-07,2026-08-07T15:44:14.000+01:00,S02,Jubilee,quieter,Stratford->Bond Street,in_train,,,,mixed,11.536192893981934,13.064774513244627,14.153335571289062,24.04058837890625,495.0
commuta_readings_today_20260807_233732.csv,4973,2026-08-07,2026-08-07T15:44:24.000+01:00,S02,Jubilee,quieter,Stratford->Bond Street,in_train,,,,mixed,17.41063690185547,20.50701141357422,23.14252471923828,24.063478469848633,507.0
commuta_readings_today_20260807_233732.csv,4974,2026-08-07,2026-08-07T15:44:34.000+01:00,S02,Jubilee,quieter,Stratford->Bond Street,in_train,,,,mixed,21.75080680847168,27.515596389770508,33.19289779663086,24.165712356567383,507.0
commuta_readings_today_20260807_233732.csv,4975,2026-08-07,2026-08-07T15:44:44.000+01:00,S02,Jubilee,quieter,Stratford->Bond Street,in_train,,,,mixed,22.314613342285156,29.959426879882812,37.960018157958984,24.151979446411133,507.0
commuta_readings_today_20260807_233732.csv,4976,2026-08-07,2026-08-07T15:44:55.000+01:00,S02,Jubilee,quieter,Stratford->Bond Street,in_train,,,,mixed,20.86060905456543,29.19833755493164,38.175296783447266,24.28015518188477,508.0
commuta_readings_today_20260807_233732.csv,4977,2026-08-07,2026-08-07T15:45:04.000+01:00,S02,Jubilee,quieter,Stratford->Bond Street,in_train,,,,mixed,20.769899368286133,29.146385192871097,38.17862701416016,24.46784210205078,510.0
commuta_readings_today_20260807_233732.csv,4978,2026-08-07,2026-08-07T15:45:14.000+01:00,S02,Jubilee,quieter,Stratford->Bond Street,in_train,,,,mixed,21.28544235229492,29.843849182128903,39.067596435546875,24.567026138305664,511.0
commuta_readings_today_20260807_233732.csv,4979,2026-08-07,2026-08-07T15:45:24.000+01:00,S02,Jubilee,quieter,Stratford->Bond Street,in_train,,,,mixed,20.944570541381836,29.60802459716797,38.98849105834961,24.667734146118164,513.0
commuta_readings_today_20260807_233732.csv,4980,2026-08-07,2026-08-07T15:45:34.000+01:00,S02,Jubilee,quieter,Stratford->Bond Street,platform,940GZZLUNGW,North Greenwich,train_height_psd,mixed,21.689725875854492,30.75093650817871,40.57772064208984,24.722667694091797,513.0
commuta_readings_today_20260807_233732.csv,4981,2026-08-07,2026-08-07T15:45:44.000+01:00,S02,Jubilee,quieter,Stratford->Bond Street,platform,940GZZLUNGW,North Greenwich,train_height_psd,mixed,21.653234481811523,30.955368041992188,41.08773422241211,24.58686256408691,516.0
commuta_readings_today_20260807_233732.csv,4982,2026-08-07,2026-08-07T15:45:54.000+01:00,S02,Jubilee,quieter,Stratford->Bond Street,platform,940GZZLUNGW,North Greenwich,train_height_psd,mixed,17.254169464111328,25.041767120361328,33.587547302246094,24.46936798095703,519.0
commuta_readings_today_20260807_233732.csv,4983,2026-08-07,2026-08-07T15:46:04.000+01:00,S02,Jubilee,quieter,Stratford->Bond Street,platform,940GZZLUNGW,North Greenwich,train_height_psd,mixed,15.610347747802734,21.924869537353516,28.73711395263672,24.39002037,520.0
commuta_readings_today_20260807_233732.csv,4984,2026-08-07,2026-08-07T15:46:14.000+01:00,S02,Jubilee,quieter,Stratford->Bond Street,platform,940GZZLUNGW,North Greenwich,train_height_psd,mixed,16.454004287719727,22.380788803100582,28.644515991210938,24.33814049,521.0
commuta_readings_today_20260807_233732.csv,4985,2026-08-07,2026-08-07T15:46:24.000+01:00,S02,Jubilee,quieter,Stratford->Bond Street,platform,940GZZLUNGW,North Greenwich,train_height_psd,mixed,13.995387077331545,18.802717208862305,23.836437225341797,24.35187339782715,521.0
commuta_readings_today_20260807_233732.csv,4986,2026-08-07,2026-08-07T15:46:34.000+01:00,S02,Jubilee,quieter,Stratford->Bond Street,platform,940GZZLUNGW,North Greenwich,train_height_psd,mixed,11.60069751739502,15.440038681030272,19.429588317871097,24.37781334,521.0
commuta_readings_today_20260807_233732.csv,4987,2026-08-07,2026-08-07T15:46:44.000+01:00,S02,Jubilee,quieter,Stratford->Bond Street,platform,940GZZLUNGW,North Greenwich,train_height_psd,mixed,9.979578971862791,13.120587348937988,16.34916114807129,24.293888092041016,522.0
commuta_readings_today_20260807_233732.csv,4988,2026-08-07,2026-08-07T15:46:54.000+01:00,S02,Jubilee,quieter,Stratford->Bond Street,platform,940GZZLUNGW,North Greenwich,train_height_psd,mixed,9.125124931,11.831591606140137,14.575488090515137,24.36102867126465,522.0
commuta_readings_today_20260807_233732.csv,4989,2026-08-07,2026-08-07T15:47:04.000+01:00,S02,Jubilee,quieter,Stratford->Bond Street,platform,940GZZLUNGW,North Greenwich,train_height_psd,mixed,9.494760513305664,12.16938304901123,14.846529960632324,24.289310455322266,523.0
commuta_readings_today_20260807_233732.csv,4990,2026-08-07,2026-08-07T15:47:14.000+01:00,S02,Jubilee,quieter,Stratford->Bond Street,platform,940GZZLUNGW,North Greenwich,train_height_psd,mixed,18.728620529174805,23.941625595092773,29.143461227416992,24.136720657348633,526.0
commuta_readings_today_20260807_233732.csv,4995,2026-08-07,2026-08-07T15:48:05.000+01:00,S02,Jubilee,quieter,Stratford->Bond Street,platform,940GZZLUNGW,North Greenwich,train_height_psd,mixed,21.00118064880371,26.850608825683594,32.688507080078125,23.772029876708984,527.0
commuta_readings_today_20260807_233732.csv,4998,2026-08-07,2026-08-07T15:48:34.000+01:00,S02,Jubilee,quieter,Stratford->Bond Street,in_train,,,,mixed,28.069257736206055,36.31108856201172,44.64659881591797,24.081789016723633,536.0
commuta_readings_today_20260807_233732.csv,4999,2026-08-07,2026-08-07T15:48:44.000+01:00,S02,Jubilee,quieter,Stratford->Bond Street,in_train,,,,mixed,33.103519439697266,42.703426361083984,52.38289642333984,24.42358971,575.0
commuta_readings_today_20260807_233732.csv,5000,2026-08-07,2026-08-07T15:48:55.000+01:00,S02,Jubilee,quieter,Stratford->Bond Street,in_train,,,,mixed,35.204715728759766,45.15196228027344,55.11636734008789,24.763866424560547,636.0
commuta_readings_today_20260807_233732.csv,5001,2026-08-07,2026-08-07T15:49:04.000+01:00,S02,Jubilee,quieter,Stratford->Bond Street,in_train,,,,mixed,35.747432708740234,47.14324951171875,58.88994216918945,25.069047927856445,697.0
commuta_readings_today_20260807_233732.csv,5002,2026-08-07,2026-08-07T15:49:14.000+01:00,S02,Jubilee,quieter,Stratford->Bond Street,in_train,,,,mixed,33.38845443725586,45.770896911621094,58.928653717041016,25.41695213317871,732.0
commuta_readings_today_20260807_233732.csv,5003,2026-08-07,2026-08-07T15:49:24.000+01:00,S02,Jubilee,quieter,Stratford->Bond Street,in_train,,,,mixed,31.324472427368164,43.35264205932617,56.21405792236328,25.535972595214844,745.0
commuta_readings_today_20260807_233732.csv,5004,2026-08-07,2026-08-07T15:49:34.000+01:00,S02,Jubilee,quieter,Stratford->Bond Street,in_train,,,,mixed,29.50582504272461,40.41048431396485,51.99055099487305,25.73891830444336,767.0
commuta_readings_today_20260807_233732.csv,5005,2026-08-07,2026-08-07T15:49:44.000+01:00,S02,Jubilee,quieter,Stratford->Bond Street,in_train,,,,mixed,26.97974395751953,36.836524963378906,47.281463623046875,25.72060775756836,771.0
commuta_readings_today_20260807_233732.csv,5006,2026-08-07,2026-08-07T15:49:54.000+01:00,S02,Jubilee,quieter,Stratford->Bond Street,in_train,,,,mixed,25.767513275146484,35.093387603759766,44.958343505859375,25.78316879272461,774.0
commuta_readings_today_20260807_233732.csv,5007,2026-08-07,2026-08-07T15:50:05.000+01:00,S02,Jubilee,quieter,Stratford->Bond Street,in_train,,,,mixed,25.43755340576172,34.94004821777344,45.05092239379883,25.879301071166992,778.0
commuta_readings_today_20260807_233732.csv,5008,2026-08-07,2026-08-07T15:50:14.000+01:00,S02,Jubilee,quieter,Stratford->Bond Street,platform,940GZZLUCYF,Canary Wharf,train_height_psd,mixed,29.003507614135746,39.684688568115234,51.02003860473633,25.940338134765625,780.0
commuta_readings_today_20260807_233732.csv,5009,2026-08-07,2026-08-07T15:50:24.000+01:00,S02,Jubilee,quieter,Stratford->Bond Street,platform,940GZZLUCYF,Canary Wharf,train_height_psd,mixed,21.23222923278809,28.595495223999023,36.32025909423828,25.841154098510746,780.0
commuta_readings_today_20260807_233732.csv,5010,2026-08-07,2026-08-07T15:50:34.000+01:00,S02,Jubilee,quieter,Stratford->Bond Street,platform,940GZZLUCYF,Canary Wharf,train_height_psd,mixed,21.643308639526367,28.688915252685547,35.98454666137695,25.452049255371097,778.0
commuta_readings_today_20260807_233732.csv,5012,2026-08-07,2026-08-07T15:50:54.000+01:00,S02,Jubilee,quieter,Stratford->Bond Street,platform,940GZZLUCYF,Canary Wharf,train_height_psd,mixed,34.58640670776367,45.05608749389648,55.72209548950195,24.791332244873047,721.0
commuta_readings_today_20260807_233732.csv,5013,2026-08-07,2026-08-07T15:51:04.000+01:00,S02,Jubilee,quieter,Stratford->Bond Street,platform,940GZZLUCYF,Canary Wharf,train_height_psd,mixed,31.039260864257812,40.87990188598633,51.011226654052734,24.42206382751465,680.0
commuta_readings_today_20260807_233732.csv,5014,2026-08-07,2026-08-07T15:51:14.000+01:00,S02,Jubilee,quieter,Stratford->Bond Street,platform,940GZZLUCYF,Canary Wharf,train_height_psd,mixed,25.624849319458008,34.129940032958984,42.97311019897461,24.264896392822266,654.0
commuta_readings_today_20260807_233732.csv,5016,2026-08-07,2026-08-07T15:51:34.000+01:00,S02,Jubilee,quieter,Stratford->Bond Street,platform,940GZZLUCYF,Canary Wharf,train_height_psd,mixed,17.487565994262695,23.19748878479004,29.11384391784668,24.129091262817383,619.0
commuta_readings_today_20260807_233732.csv,5017,2026-08-07,2026-08-07T15:51:45.000+01:00,S02,Jubilee,quieter,Stratford->Bond Street,in_train,,,,mixed,15.16501235961914,19.867338180541992,24.68450927734375,24.06195068359375,598.0
commuta_readings_today_20260807_233732.csv,5019,2026-08-07,2026-08-07T15:52:04.000+01:00,S02,Jubilee,quieter,Stratford->Bond Street,in_train,,,,mixed,19.06124687194824,24.625085830688477,30.24403953552246,24.148927688598633,590.0
commuta_readings_today_20260807_233732.csv,5024,2026-08-07,2026-08-07T15:52:54.000+01:00,S02,Jubilee,quieter,Stratford->Bond Street,in_train,,,,mixed,26.975502014160156,33.96532440185547,40.80552673339844,25.210956573486328,752.0
commuta_readings_today_20260807_233732.csv,5025,2026-08-07,2026-08-07T15:53:04.000+01:00,S02,Jubilee,quieter,Stratford->Bond Street,in_train,,,,mixed,25.818187713623047,32.63434600830078,39.33979797363281,25.256732940673828,762.0
commuta_readings_today_20260807_233732.csv,5026,2026-08-07,2026-08-07T15:53:14.000+01:00,S02,Jubilee,quieter,Stratford->Bond Street,in_train,,,,mixed,24.658687591552734,31.085437774658203,37.385005950927734,25.34676170349121,780.0
commuta_readings_today_20260807_233732.csv,5027,2026-08-07,2026-08-07T15:53:25.000+01:00,S02,Jubilee,quieter,Stratford->Bond Street,in_train,,,,mixed,25.469144821166992,31.986299514770508,38.34099197387695,25.232318878173828,778.0
commuta_readings_today_20260807_233732.csv,5028,2026-08-07,2026-08-07T15:53:34.000+01:00,S02,Jubilee,quieter,Stratford->Bond Street,in_train,,,,mixed,25.588401794433594,32.122684478759766,38.49029922485352,25.174333572387695,777.0
commuta_readings_today_20260807_233732.csv,5030,2026-08-07,2026-08-07T15:53:54.000+01:00,S02,Jubilee,quieter,Stratford->Bond Street,in_train,,,,mixed,23.691139221191406,29.62986183166504,35.385677337646484,25.152971267700195,748.0
commuta_readings_today_20260807_233732.csv,5031,2026-08-07,2026-08-07T15:54:04.000+01:00,S02,Jubilee,quieter,Stratford->Bond Street,in_train,,,,mixed,23.335058212280273,29.250694274902344,35.00320816040039,25.243000030517575,737.0
commuta_readings_today_20260807_233732.csv,5038,2026-08-07,2026-08-07T15:55:14.000+01:00,S02,Jubilee,quieter,Stratford->Bond Street,platform,940GZZLUCWR,Canada Water,train_height_psd,mixed,30.79388999938965,37.991737365722656,44.817623138427734,23.9810791,615.0
commuta_readings_today_20260807_233732.csv,5039,2026-08-07,2026-08-07T15:55:24.000+01:00,S02,Jubilee,quieter,Stratford->Bond Street,platform,940GZZLUCWR,Canada Water,train_height_psd,mixed,27.26603889465332,33.954898834228516,40.39566421508789,23.97802734,605.0
commuta_readings_today_20260807_233732.csv,5040,2026-08-07,2026-08-07T15:55:34.000+01:00,S02,Jubilee,quieter,Stratford->Bond Street,platform,940GZZLUCWR,Canada Water,train_height_psd,mixed,25.308101654052734,31.588293075561523,37.65665817260742,23.913938522338867,585.0
commuta_readings_today_20260807_233732.csv,5043,2026-08-07,2026-08-07T15:56:04.000+01:00,S02,Jubilee,quieter,Stratford->Bond Street,platform,940GZZLUCWR,Canada Water,train_height_psd,mixed,24.82806968688965,31.46035385131836,38.006134033203125,24.090944290161133,543.0
commuta_readings_today_20260807_233732.csv,5044,2026-08-07,2026-08-07T15:56:14.000+01:00,S02,Jubilee,quieter,Stratford->Bond Street,platform,940GZZLUCWR,Canada Water,train_height_psd,mixed,22.822826385498047,28.98824691772461,35.09186553955078,24.150453567504883,534.0
commuta_readings_today_20260807_233732.csv,5045,2026-08-07,2026-08-07T15:56:24.000+01:00,S02,Jubilee,quieter,Stratford->Bond Street,platform,940GZZLUCWR,Canada Water,train_height_psd,mixed,20.51062584,25.97579002380371,31.36594009399414,24.31982994,518.0
commuta_readings_today_20260807_233732.csv,5046,2026-08-07,2026-08-07T15:56:34.000+01:00,S02,Jubilee,quieter,Stratford->Bond Street,platform,940GZZLUCWR,Canada Water,train_height_psd,mixed,18.913124084472656,23.971858978271484,28.966373443603516,24.43579674,514.0
commuta_readings_today_20260807_233732.csv,5047,2026-08-07,2026-08-07T15:56:45.000+01:00,S02,Jubilee,quieter,Stratford->Bond Street,platform,940GZZLUCWR,Canada Water,train_height_psd,mixed,17.707117080688477,22.512537002563477,27.27565574645996,24.42816734313965,508.0
commuta_readings_today_20260807_233732.csv,5048,2026-08-07,2026-08-07T15:56:54.000+01:00,S02,Jubilee,quieter,Stratford->Bond Street,platform,940GZZLUCWR,Canada Water,train_height_psd,mixed,31.87989044189453,40.14247512817383,48.22874450683594,24.42816734313965,507.0
commuta_readings_today_20260807_233732.csv,5049,2026-08-07,2026-08-07T15:57:04.000+01:00,S02,Jubilee,quieter,Stratford->Bond Street,in_train,,,,mixed,54.85877227783203,69.17848205566406,83.22092438,24.43732261657715,506.0
commuta_readings_today_20260807_233732.csv,5050,2026-08-07,2026-08-07T15:57:14.000+01:00,S02,Jubilee,quieter,Stratford->Bond Street,in_train,,,,mixed,51.94272232055664,65.53694915771484,78.87783051,24.699779510498047,507.0
commuta_readings_today_20260807_233732.csv,5051,2026-08-07,2026-08-07T15:57:24.000+01:00,S02,Jubilee,quieter,Stratford->Bond Street,in_train,,,,mixed,53.91102981567383,68.89368438720703,83.83820343017578,24.89509391784668,510.0
commuta_readings_today_20260807_233732.csv,5052,2026-08-07,2026-08-07T15:57:34.000+01:00,S02,Jubilee,quieter,Stratford->Bond Street,in_train,,,,mixed,53.635040283203125,69.22241973876953,84.94728851,25.070573806762695,514.0
commuta_readings_today_20260807_233732.csv,5053,2026-08-07,2026-08-07T15:57:44.000+01:00,S02,Jubilee,quieter,Stratford->Bond Street,in_train,,,,mixed,54.67733383178711,70.54611206054688,86.54951477050781,25.37575340270996,532.0
commuta_readings_today_20260807_233732.csv,5054,2026-08-07,2026-08-07T15:57:54.000+01:00,S02,Jubilee,quieter,Stratford->Bond Street,in_train,,,,mixed,53.45433807373047,68.46139526367188,83.46960449,25.441368103027344,539.0
commuta_readings_today_20260807_233732.csv,5055,2026-08-07,2026-08-07T15:58:04.000+01:00,S02,Jubilee,quieter,Stratford->Bond Street,in_train,,,,mixed,47.56734085083008,60.708587646484375,73.79600524902344,25.487144470214844,558.0
commuta_readings_today_20260807_233732.csv,5056,2026-08-07,2026-08-07T15:58:14.000+01:00,S02,Jubilee,quieter,Stratford->Bond Street,in_train,,,,mixed,38.56596755981445,48.66171646118164,58.56999588012695,25.597009658813477,572.0
commuta_readings_today_20260807_233732.csv,5057,2026-08-07,2026-08-07T15:58:25.000+01:00,S02,Jubilee,quieter,Stratford->Bond Street,in_train,,,,mixed,35.66797637939453,44.803314208984375,53.713321685791016,25.633630752563477,582.0
commuta_readings_today_20260807_233732.csv,5058,2026-08-07,2026-08-07T15:58:34.000+01:00,S02,Jubilee,quieter,Stratford->Bond Street,platform,940GZZLUBMY,Bermondsey,train_height_psd,mixed,22.719308853149418,28.446754455566406,34.00712585449219,25.603113174438477,586.0
commuta_readings_today_20260807_233732.csv,5059,2026-08-07,2026-08-07T15:58:44.000+01:00,S02,Jubilee,quieter,Stratford->Bond Street,platform,940GZZLUBMY,Bermondsey,train_height_psd,mixed,13.321887016296388,16.67459487915039,19.927865982055664,25.253681182861328,585.0
commuta_readings_today_20260807_233732.csv,5060,2026-08-07,2026-08-07T15:58:54.000+01:00,S02,Jubilee,quieter,Stratford->Bond Street,platform,940GZZLUBMY,Bermondsey,train_height_psd,mixed,13.394943237304688,16.71843719482422,19.929697036743164,25.004959106445312,583.0
commuta_readings_today_20260807_233732.csv,5061,2026-08-07,2026-08-07T15:59:04.000+01:00,S02,Jubilee,quieter,Stratford->Bond Street,platform,940GZZLUBMY,Bermondsey,train_height_psd,mixed,9.308135032653809,11.562925338745115,13.725641250610352,24.754711151123047,578.0
commuta_readings_today_20260807_233732.csv,5062,2026-08-07,2026-08-07T15:59:14.000+01:00,S02,Jubilee,quieter,Stratford->Bond Street,platform,940GZZLUBMY,Bermondsey,train_height_psd,mixed,8.474698066711426,10.501001358032228,12.436630249023438,24.657052993774418,570.0
commuta_readings_today_20260807_233732.csv,5063,2026-08-07,2026-08-07T15:59:25.000+01:00,S02,Jubilee,quieter,Stratford->Bond Street,platform,940GZZLUBMY,Bermondsey,train_height_psd,mixed,12.298968315124512,15.190031051635742,17.93671989440918,24.643320083618164,565.0
commuta_readings_today_20260807_233732.csv,5064,2026-08-07,2026-08-07T15:59:34.000+01:00,S02,Jubilee,quieter,Stratford->Bond Street,platform,940GZZLUBMY,Bermondsey,train_height_psd,mixed,12.475574493408203,15.450407028198242,18.28967285,24.773021697998047,552.0
commuta_readings_today_20260807_233732.csv,5065,2026-08-07,2026-08-07T15:59:44.000+01:00,S02,Jubilee,quieter,Stratford->Bond Street,platform,940GZZLUBMY,Bermondsey,train_height_psd,mixed,12.156332015991213,15.033340454101562,17.772663116455078,24.693675994873047,547.0
commuta_readings_today_20260807_233732.csv,5066,2026-08-07,2026-08-07T15:59:54.000+01:00,S02,Jubilee,quieter,Stratford->Bond Street,platform,940GZZLUBMY,Bermondsey,train_height_psd,mixed,12.864158630371094,15.908756256103516,18.80767250061035,24.61127662658691,541.0
commuta_readings_today_20260807_233732.csv,5067,2026-08-07,2026-08-07T16:00:04.000+01:00,S02,Jubilee,quieter,Stratford->Bond Street,platform,940GZZLUBMY,Bermondsey,train_height_psd,mixed,13.749749183654783,17.093965530395508,20.305644989013672,24.45716094970703,538.0
commuta_readings_today_20260807_233732.csv,5068,2026-08-07,2026-08-07T16:00:15.000+01:00,S02,Jubilee,quieter,Stratford->Bond Street,platform,940GZZLUBMY,Bermondsey,train_height_psd,mixed,13.30245876312256,16.494159698486328,19.546381,24.46326446533203,536.0
commuta_readings_today_20260807_233732.csv,5070,2026-08-07,2026-08-07T16:00:34.000+01:00,S02,Jubilee,quieter,Stratford->Bond Street,platform,940GZZLUBMY,Bermondsey,train_height_psd,mixed,14.140893936157228,17.399883270263672,20.476131439208984,24.50598907470703,524.0
commuta_readings_today_20260807_233732.csv,5071,2026-08-07,2026-08-07T16:00:44.000+01:00,S02,Jubilee,quieter,Stratford->Bond Street,in_train,,,,mixed,24.21573257446289,29.848499298095703,35.18169021606445,24.637216567993164,523.0
commuta_readings_today_20260807_233732.csv,5073,2026-08-07,2026-08-07T16:01:04.000+01:00,S02,Jubilee,quieter,Stratford->Bond Street,in_train,,,,mixed,26.526159286499023,32.57823181152344,38.27173614501953,24.91798210144043,525.0
commuta_readings_today_20260807_233732.csv,5074,2026-08-07,2026-08-07T16:01:14.000+01:00,S02,Jubilee,quieter,Stratford->Bond Street,in_train,,,,mixed,27.194995880126953,33.51393127441406,39.49467086791992,25.091936111450195,552.0
commuta_readings_today_20260807_233732.csv,5075,2026-08-07,2026-08-07T16:01:24.000+01:00,S02,Jubilee,quieter,Stratford->Bond Street,in_train,,,,mixed,26.08685874938965,32.63817215,38.99118423461914,25.20943069458008,568.0
commuta_readings_today_20260807_233732.csv,5076,2026-08-07,2026-08-07T16:01:34.000+01:00,S02,Jubilee,quieter,Stratford->Bond Street,in_train,,,,mixed,24.50866127,30.798480987548828,36.93671417236328,25.557334899902344,601.0
commuta_readings_today_20260807_233732.csv,5077,2026-08-07,2026-08-07T16:01:44.000+01:00,S02,Jubilee,quieter,Stratford->Bond Street,in_train,,,,mixed,23.937883377075195,30.08966064453125,36.095550537109375,25.964752197265625,625.0
commuta_readings_today_20260807_233732.csv,5078,2026-08-07,2026-08-07T16:01:55.000+01:00,S02,Jubilee,quieter,Stratford->Bond Street,in_train,,,,mixed,23.546104431152344,29.46562957763672,35.207786560058594,26.381322860717773,652.0
commuta_readings_today_20260807_233732.csv,5079,2026-08-07,2026-08-07T16:02:04.000+01:00,S02,Jubilee,quieter,Stratford->Bond Street,in_train,,,,mixed,24.080398559570312,30.143938064575195,36.02858352661133,26.523231506347656,665.0
commuta_readings_today_20260807_233732.csv,5080,2026-08-07,2026-08-07T16:02:14.000+01:00,S02,Jubilee,quieter,Stratford->Bond Street,in_train,,,,mixed,23.810457229614254,29.631603240966797,35.23094177246094,26.733806610107425,680.0
commuta_readings_today_20260807_233732.csv,5081,2026-08-07,2026-08-07T16:02:24.000+01:00,S02,Jubilee,quieter,Stratford->Bond Street,in_train,,,,mixed,30.575035095214844,37.70964431762695,44.47182846069336,26.733806610107425,695.0
commuta_readings_today_20260807_233732.csv,5082,2026-08-07,2026-08-07T16:02:34.000+01:00,S02,Jubilee,quieter,Stratford->Bond Street,in_train,,,,mixed,35.65298080444336,43.49932098388672,50.78956223,26.782634735107425,702.0
commuta_readings_today_20260807_233732.csv,5083,2026-08-07,2026-08-07T16:02:44.000+01:00,S02,Jubilee,quieter,Stratford->Bond Street,in_train,,,,mixed,38.10292434692383,46.72636413574219,54.816741943359375,26.857404708862305,712.0
commuta_readings_today_20260807_233732.csv,5084,2026-08-07,2026-08-07T16:02:54.000+01:00,S02,Jubilee,quieter,Stratford->Bond Street,platform,940GZZLULNB,London Bridge,train_height_psd,mixed,37.44417953491211,46.03596496582031,54.13414383,26.889448165893555,726.0
commuta_readings_today_20260807_233732.csv,5085,2026-08-07,2026-08-07T16:03:04.000+01:00,S02,Jubilee,quieter,Stratford->Bond Street,platform,940GZZLULNB,London Bridge,train_height_psd,mixed,36.50969696044922,44.78856277,52.56077575683594,26.471351623535156,724.0
commuta_readings_today_20260807_233732.csv,5086,2026-08-07,2026-08-07T16:03:14.000+01:00,S02,Jubilee,quieter,Stratford->Bond Street,platform,940GZZLULNB,London Bridge,train_height_psd,mixed,35.23137283325195,42.78019332885742,49.72677230834961,26.23178482055664,720.0
commuta_readings_today_20260807_233732.csv,5087,2026-08-07,2026-08-07T16:03:24.000+01:00,S02,Jubilee,quieter,Stratford->Bond Street,platform,940GZZLULNB,London Bridge,train_height_psd,mixed,34.318199157714844,41.54829025268555,48.16007232666016,25.957122802734375,704.0
commuta_readings_today_20260807_233732.csv,5088,2026-08-07,2026-08-07T16:03:35.000+01:00,S02,Jubilee,quieter,Stratford->Bond Street,platform,940GZZLULNB,London Bridge,train_height_psd,mixed,34.76213836669922,42.584476470947266,49.908897399902344,25.77553939819336,676.0
commuta_readings_today_20260807_233732.csv,5089,2026-08-07,2026-08-07T16:03:44.000+01:00,S02,Jubilee,quieter,Stratford->Bond Street,platform,940GZZLULNB,London Bridge,train_height_psd,mixed,37.69066619873047,46.68742752075195,55.27702713012695,25.635156631469727,646.0
commuta_readings_today_20260807_233732.csv,5090,2026-08-07,2026-08-07T16:03:54.000+01:00,S02,Jubilee,quieter,Stratford->Bond Street,platform,940GZZLULNB,London Bridge,train_height_psd,mixed,38.71788787841797,48.93818283081055,58.99208450317383,25.535972595214844,635.0
commuta_readings_today_20260807_233732.csv,5091,2026-08-07,2026-08-07T16:04:04.000+01:00,S02,Jubilee,quieter,Stratford->Bond Street,platform,940GZZLULNB,London Bridge,train_height_psd,mixed,55.57746887207031,70.00218963623047,84.12472534179688,25.462730407714844,629.0
commuta_readings_today_20260807_233732.csv,5092,2026-08-07,2026-08-07T16:04:14.000+01:00,S02,Jubilee,quieter,Stratford->Bond Street,platform,940GZZLULNB,London Bridge,train_height_psd,mixed,34.692771911621094,43.28473663330078,51.58194732666016,25.40474510192871,622.0
commuta_readings_today_20260807_233732.csv,5095,2026-08-07,2026-08-07T16:04:44.000+01:00,S02,Jubilee,quieter,Stratford->Bond Street,platform,940GZZLULNB,London Bridge,train_height_psd,mixed,44.08806228637695,55.019065856933594,65.57863617,25.195697784423828,596.0
commuta_readings_today_20260807_233732.csv,5096,2026-08-07,2026-08-07T16:04:54.000+01:00,S02,Jubilee,quieter,Stratford->Bond Street,platform,940GZZLULNB,London Bridge,train_height_psd,mixed,40.41441345214844,50.51512145996094,60.29605484008789,25.059890747070312,585.0
commuta_readings_today_20260807_233732.csv,5097,2026-08-07,2026-08-07T16:05:04.000+01:00,S02,Jubilee,quieter,Stratford->Bond Street,platform,940GZZLULNB,London Bridge,train_height_psd,mixed,36.31669235229492,45.56041336,54.5598259,25.038528442382812,575.0
commuta_readings_today_20260807_233732.csv,5098,2026-08-07,2026-08-07T16:05:15.000+01:00,S02,Jubilee,quieter,Stratford->Bond Street,platform,940GZZLULNB,London Bridge,train_height_psd,mixed,32.12131881713867,40.96379852294922,49.76180267333984,25.023269653320312,566.0
commuta_readings_today_20260807_233732.csv,5099,2026-08-07,2026-08-07T16:05:24.000+01:00,S02,Jubilee,quieter,Stratford->Bond Street,in_train,,,,mixed,31.101545333862305,39.51748275756836,47.852821350097656,24.962234497070312,560.0
commuta_readings_today_20260807_233732.csv,5100,2026-08-07,2026-08-07T16:05:34.000+01:00,S02,Jubilee,quieter,Stratford->Bond Street,in_train,,,,mixed,31.401670455932617,40.01264190673828,48.57154465,25.178911209106445,560.0
commuta_readings_today_20260807_233732.csv,5101,2026-08-07,2026-08-07T16:05:44.000+01:00,S02,Jubilee,quieter,Stratford->Bond Street,in_train,,,,mixed,31.84523582458496,40.28538131713867,48.597434997558594,25.479515075683594,562.0
commuta_readings_today_20260807_233732.csv,5102,2026-08-07,2026-08-07T16:05:54.000+01:00,S02,Jubilee,quieter,Stratford->Bond Street,in_train,,,,mixed,33.32733917236328,41.660892486572266,49.73182297,25.650415420532227,584.0
commuta_readings_today_20260807_233732.csv,5103,2026-08-07,2026-08-07T16:06:04.000+01:00,S02,Jubilee,quieter,Stratford->Bond Street,in_train,,,,mixed,33.67869186401367,41.61394882202149,49.15864181518555,25.77401351928711,615.0
commuta_readings_today_20260807_233732.csv,5104,2026-08-07,2026-08-07T16:06:14.000+01:00,S02,Jubilee,quieter,Stratford->Bond Street,in_train,,,,mixed,32.62272262573242,40.06117630004883,47.057464599609375,26.21805191040039,692.0
commuta_readings_today_20260807_233732.csv,5105,2026-08-07,2026-08-07T16:06:24.000+01:00,S02,Jubilee,quieter,Stratford->Bond Street,in_train,,,,mixed,32.13408660888672,39.64440155029297,46.76634979248047,26.440834045410156,728.0
commuta_readings_today_20260807_233732.csv,5106,2026-08-07,2026-08-07T16:06:34.000+01:00,S02,Jubilee,quieter,Stratford->Bond Street,in_train,,,,mixed,32.489341735839844,40.97763442993164,49.30368423461914,26.62394142150879,757.0
commuta_readings_today_20260807_233732.csv,5107,2026-08-07,2026-08-07T16:06:44.000+01:00,S02,Jubilee,quieter,Stratford->Bond Street,in_train,,,,mixed,33.05504227,42.21613693237305,51.347320556640625,26.744487762451172,796.0
commuta_readings_today_20260807_233732.csv,5108,2026-08-07,2026-08-07T16:06:55.000+01:00,S02,Jubilee,quieter,Stratford->Bond Street,in_train,,,,mixed,32.992801666259766,42.468788146972656,52.00042724609375,26.915388107299805,805.0
commuta_readings_today_20260807_233732.csv,5109,2026-08-07,2026-08-07T16:07:04.000+01:00,S02,Jubilee,quieter,Stratford->Bond Street,in_train,,,,mixed,32.841087341308594,42.77135467529297,52.88518905639648,27.07866096496582,816.0
commuta_readings_today_20260807_233732.csv,5110,2026-08-07,2026-08-07T16:07:14.000+01:00,S02,Jubilee,quieter,Stratford->Bond Street,in_train,,,,mixed,33.74759292602539,43.79189682006836,53.98361587524414,27.11680793762207,826.0
commuta_readings_today_20260807_233732.csv,5111,2026-08-07,2026-08-07T16:07:24.000+01:00,S02,Jubilee,quieter,Stratford->Bond Street,platform,940GZZLUSWK,Southwark,train_height_psd,mixed,33.52905273,42.69091033935547,51.78879928588867,27.15800666809082,838.0
commuta_readings_today_20260807_233732.csv,5112,2026-08-07,2026-08-07T16:07:34.000+01:00,S02,Jubilee,quieter,Stratford->Bond Street,platform,940GZZLUSWK,Southwark,train_height_psd,mixed,35.41903305053711,44.458744049072266,53.266483306884766,27.011520385742188,844.0
commuta_readings_today_20260807_233732.csv,5113,2026-08-07,2026-08-07T16:07:44.000+01:00,S02,Jubilee,quieter,Stratford->Bond Street,platform,940GZZLUSWK,Southwark,train_height_psd,mixed,41.60300827026367,52.29081344604492,62.72411346435547,26.61326026916504,840.0
commuta_readings_today_20260807_233732.csv,5114,2026-08-07,2026-08-07T16:07:54.000+01:00,S02,Jubilee,quieter,Stratford->Bond Street,platform,940GZZLUSWK,Southwark,train_height_psd,mixed,52.391483306884766,66.62242889404297,80.73150634765625,26.485084533691406,803.0
commuta_readings_today_20260807_233732.csv,5115,2026-08-07,2026-08-07T16:08:04.000+01:00,S02,Jubilee,quieter,Stratford->Bond Street,platform,940GZZLUSWK,Southwark,train_height_psd,mixed,46.571102142333984,59.35776901245117,72.07131195,26.330968856811523,763.0
commuta_readings_today_20260807_233732.csv,5116,2026-08-07,2026-08-07T16:08:14.000+01:00,S02,Jubilee,quieter,Stratford->Bond Street,platform,940GZZLUSWK,Southwark,train_height_psd,mixed,40.39622497558594,51.05501174926758,61.53900909423828,26.13870429992676,734.0
commuta_readings_today_20260807_233732.csv,5117,2026-08-07,2026-08-07T16:08:24.000+01:00,S02,Jubilee,quieter,Stratford->Bond Street,platform,940GZZLUSWK,Southwark,train_height_psd,mixed,33.18509292602539,41.82868576049805,50.29974365234375,25.900663375854492,705.0
commuta_readings_today_20260807_233732.csv,5118,2026-08-07,2026-08-07T16:08:35.000+01:00,S02,Jubilee,quieter,Stratford->Bond Street,platform,940GZZLUSWK,Southwark,train_height_psd,mixed,32.76077651977539,41.424781799316406,49.95216751098633,25.908292770385746,680.0
commuta_readings_today_20260807_233732.csv,5119,2026-08-07,2026-08-07T16:08:44.000+01:00,S02,Jubilee,quieter,Stratford->Bond Street,platform,940GZZLUSWK,Southwark,train_height_psd,mixed,31.6543026,39.93906021118164,48.06949996948242,25.70992660522461,660.0
commuta_readings_today_20260807_233732.csv,5120,2026-08-07,2026-08-07T16:08:54.000+01:00,S02,Jubilee,quieter,Stratford->Bond Street,platform,940GZZLUSWK,Southwark,train_height_psd,mixed,31.14927673339844,38.92050552368164,46.44171905517578,25.72518539428711,655.0
commuta_readings_today_20260807_233732.csv,5121,2026-08-07,2026-08-07T16:09:04.000+01:00,S02,Jubilee,quieter,Stratford->Bond Street,platform,940GZZLUSWK,Southwark,train_height_psd,mixed,29.37353516,36.55044937133789,43.45264816,25.571069717407227,640.0
commuta_readings_today_20260807_233732.csv,5122,2026-08-07,2026-08-07T16:09:14.000+01:00,S02,Jubilee,quieter,Stratford->Bond Street,platform,940GZZLUSWK,Southwark,train_height_psd,mixed,30.668725967407227,38.04052734,45.09419631958008,25.523765563964844,626.0
commuta_readings_today_20260807_233732.csv,5123,2026-08-07,2026-08-07T16:09:24.000+01:00,S02,Jubilee,quieter,Stratford->Bond Street,platform,940GZZLUSWK,Southwark,train_height_psd,mixed,40.22526550292969,49.72008514404297,58.75282669067383,25.43068504333496,614.0
commuta_readings_today_20260807_233732.csv,5124,2026-08-07,2026-08-07T16:09:34.000+01:00,S02,Jubilee,quieter,Stratford->Bond Street,platform,940GZZLUSWK,Southwark,train_height_psd,mixed,41.75230026245117,51.388771057128906,60.48929214477539,25.43373680114746,599.0
commuta_readings_today_20260807_233732.csv,5125,2026-08-07,2026-08-07T16:09:45.000+01:00,S02,Jubilee,quieter,Stratford->Bond Street,platform,940GZZLUSWK,Southwark,train_height_psd,mixed,45.04059600830078,55.67015075683594,65.78182983398438,25.464256286621097,591.0
commuta_readings_today_20260807_233732.csv,5126,2026-08-07,2026-08-07T16:09:54.000+01:00,S02,Jubilee,quieter,Stratford->Bond Street,platform,940GZZLUSWK,Southwark,train_height_psd,mixed,47.05332946777344,58.328086853027344,69.10563659667969,25.41847801208496,578.0
commuta_readings_today_20260807_233732.csv,5127,2026-08-07,2026-08-07T16:10:04.000+01:00,S02,Jubilee,quieter,Stratford->Bond Street,platform,940GZZLUSWK,Southwark,train_height_psd,mixed,47.05677032470703,58.672813415527344,69.87926483154297,25.37117576599121,574.0
commuta_readings_today_20260807_233732.csv,5128,2026-08-07,2026-08-07T16:10:14.000+01:00,S02,Jubilee,quieter,Stratford->Bond Street,platform,940GZZLUSWK,Southwark,train_height_psd,mixed,46.14765548706055,58.16062927246094,69.93190765,25.41847801208496,574.0
commuta_readings_today_20260807_233732.csv,5129,2026-08-07,2026-08-07T16:10:25.000+01:00,S02,Jubilee,quieter,Stratford->Bond Street,platform,940GZZLUSWK,Southwark,train_height_psd,mixed,39.85826873779297,50.136573791503906,60.181026458740234,25.32692527770996,573.0
commuta_readings_today_20260807_233732.csv,5130,2026-08-07,2026-08-07T16:10:34.000+01:00,S02,Jubilee,quieter,Stratford->Bond Street,platform,940GZZLUSWK,Southwark,train_height_psd,mixed,33.97151184082031,42.54355239868164,50.86781692504883,25.261310577392575,573.0
commuta_readings_today_20260807_233732.csv,5131,2026-08-07,2026-08-07T16:10:44.000+01:00,S02,Jubilee,quieter,Stratford->Bond Street,platform,940GZZLUSWK,Southwark,train_height_psd,mixed,33.54008102416992,41.708030700683594,49.55533981323242,25.255207061767575,572.0
commuta_readings_today_20260807_233732.csv,5132,2026-08-07,2026-08-07T16:10:54.000+01:00,S02,Jubilee,quieter,Stratford->Bond Street,platform,940GZZLUSWK,Southwark,train_height_psd,mixed,30.82439613342285,38.13405227661133,45.09833526611328,25.198749542236328,571.0
commuta_readings_today_20260807_233732.csv,5133,2026-08-07,2026-08-07T16:11:04.000+01:00,S02,Jubilee,quieter,Stratford->Bond Street,platform,940GZZLUSWK,Southwark,train_height_psd,mixed,29.14221954345703,35.70140075683594,41.843544006347656,25.078203201293945,570.0
commuta_readings_today_20260807_233732.csv,5134,2026-08-07,2026-08-07T16:11:14.000+01:00,S02,Jubilee,quieter,Stratford->Bond Street,platform,940GZZLUSWK,Southwark,train_height_psd,mixed,29.942058563232425,36.392784118652344,42.34076690673828,25.052261352539062,568.0
commuta_readings_today_20260807_233732.csv,5135,2026-08-07,2026-08-07T16:11:24.000+01:00,S02,Jubilee,quieter,Stratford->Bond Street,platform,940GZZLUSWK,Southwark,train_height_psd,mixed,32.644004821777344,39.968414306640625,46.81975936889648,25.009536743164062,564.0
commuta_readings_today_20260807_233732.csv,5136,2026-08-07,2026-08-07T16:11:34.000+01:00,S02,Jubilee,quieter,Stratford->Bond Street,platform,940GZZLUSWK,Southwark,train_height_psd,mixed,36.305301666259766,45.02481460571289,53.36589431762695,24.980545043945312,563.0
commuta_readings_today_20260807_233732.csv,5137,2026-08-07,2026-08-07T16:11:44.000+01:00,S02,Jubilee,quieter,Stratford->Bond Street,platform,940GZZLUSWK,Southwark,train_height_psd,mixed,38.81114578,48.613677978515625,58.13552474975586,25.015640258789062,563.0
commuta_readings_today_20260807_233732.csv,5138,2026-08-07,2026-08-07T16:11:54.000+01:00,S02,Jubilee,quieter,Stratford->Bond Street,platform,940GZZLUSWK,Southwark,train_height_psd,mixed,40.77299499511719,50.902347564697266,60.69340515136719,25.050735473632812,563.0
commuta_readings_today_20260807_233732.csv,5139,2026-08-07,2026-08-07T16:12:04.000+01:00,S02,Jubilee,quieter,Stratford->Bond Street,platform,940GZZLUSWK,Southwark,train_height_psd,mixed,39.04182434082031,48.88674545288086,58.44524002075195,25.130083084106445,570.0
commuta_readings_today_20260807_233732.csv,5140,2026-08-07,2026-08-07T16:12:15.000+01:00,S02,Jubilee,quieter,Stratford->Bond Street,platform,940GZZLUSWK,Southwark,train_height_psd,mixed,39.811805725097656,50.549774169921875,61.175575256347656,25.259784698486328,570.0
commuta_readings_today_20260807_233732.csv,5141,2026-08-07,2026-08-07T16:12:24.000+01:00,S02,Jubilee,quieter,Stratford->Bond Street,platform,940GZZLUSWK,Southwark,train_height_psd,mixed,38.90765380859375,49.80531692504883,60.697261810302734,25.37880516052246,573.0
commuta_readings_today_20260807_233732.csv,5142,2026-08-07,2026-08-07T16:12:34.000+01:00,S02,Jubilee,quieter,Stratford->Bond Street,in_train,,,,mixed,38.163143157958984,48.43581771850586,58.59566879272461,25.452049255371097,572.0
commuta_readings_today_20260807_233732.csv,5149,2026-08-07,2026-08-07T16:13:44.000+01:00,S02,Jubilee,quieter,Stratford->Bond Street,in_train,,,,mixed,48.86103820800781,61.192726135253906,73.16869354248047,26.813154220581055,766.0
commuta_readings_today_20260807_233732.csv,5150,2026-08-07,2026-08-07T16:13:54.000+01:00,S02,Jubilee,quieter,Stratford->Bond Street,platform,940GZZLUWLO,Waterloo,train_height_psd,mixed,50.21971512,62.997352600097656,75.43590545654297,28.180360794067383,827.0
commuta_readings_today_20260807_233732.csv,5151,2026-08-07,2026-08-07T16:14:04.000+01:00,S02,Jubilee,quieter,Stratford->Bond Street,platform,940GZZLUWLO,Waterloo,train_height_psd,mixed,45.25942611694336,56.62229537963867,67.64025115966797,27.98657227,850.0
commuta_readings_today_20260807_233732.csv,5152,2026-08-07,2026-08-07T16:14:14.000+01:00,S02,Jubilee,quieter,Stratford->Bond Street,platform,940GZZLUWLO,Waterloo,train_height_psd,mixed,42.825050354003906,53.14078903198242,63.01794434,27.56847572,850.0
commuta_readings_today_20260807_233732.csv,5153,2026-08-07,2026-08-07T16:14:25.000+01:00,S02,Jubilee,quieter,Stratford->Bond Street,platform,940GZZLUWLO,Waterloo,train_height_psd,mixed,42.54291915893555,52.80992889404297,62.64619064331055,27.345693588256836,847.0
commuta_readings_today_20260807_233732.csv,5154,2026-08-07,2026-08-07T16:14:34.000+01:00,S02,Jubilee,quieter,Stratford->Bond Street,platform,940GZZLUWLO,Waterloo,train_height_psd,mixed,47.529510498046875,59.34012985229492,70.75710297,27.269397735595703,833.0
commuta_readings_today_20260807_233732.csv,5155,2026-08-07,2026-08-07T16:14:44.000+01:00,S02,Jubilee,quieter,Stratford->Bond Street,platform,940GZZLUWLO,Waterloo,train_height_psd,mixed,50.54707717895508,64.10540008544922,77.50197601,27.190052032470703,793.0
commuta_readings_today_20260807_233732.csv,5156,2026-08-07,2026-08-07T16:14:54.000+01:00,S02,Jubilee,quieter,Stratford->Bond Street,platform,940GZZLUWLO,Waterloo,train_height_psd,mixed,51.62660217285156,65.77358246,79.83236694335938,27.035934448242188,764.0
commuta_readings_today_20260807_233732.csv,5157,2026-08-07,2026-08-07T16:15:04.000+01:00,S02,Jubilee,quieter,Stratford->Bond Street,platform,940GZZLUWLO,Waterloo,train_height_psd,mixed,51.714900970458984,65.96277618408203,80.14201354980469,26.996261596679688,755.0
commuta_readings_today_20260807_233732.csv,5158,2026-08-07,2026-08-07T16:15:14.000+01:00,S02,Jubilee,quieter,Stratford->Bond Street,platform,940GZZLUWLO,Waterloo,train_height_psd,mixed,50.93877029418945,65.63016510009766,80.42321014404297,26.837568283081055,702.0
commuta_readings_today_20260807_233732.csv,5159,2026-08-07,2026-08-07T16:15:24.000+01:00,S02,Jubilee,quieter,Stratford->Bond Street,platform,940GZZLUWLO,Waterloo,train_height_psd,mixed,49.82933807373047,64.54972839355469,79.45938110351562,26.62394142150879,694.0
commuta_readings_today_20260807_233732.csv,5160,2026-08-07,2026-08-07T16:15:34.000+01:00,S02,Jubilee,quieter,Stratford->Bond Street,platform,940GZZLUWLO,Waterloo,train_height_psd,mixed,49.36257553100586,63.36920166015625,77.41507720947266,26.460670471191406,688.0
commuta_readings_today_20260807_233732.csv,5161,2026-08-07,2026-08-07T16:15:44.000+01:00,S02,Jubilee,quieter,Stratford->Bond Street,in_train,,,,mixed,49.30865478515625,63.67527389526367,78.17771911621094,26.373693466186523,680.0
commuta_readings_today_20260807_233732.csv,5162,2026-08-07,2026-08-07T16:15:54.000+01:00,S02,Jubilee,quieter,Stratford->Bond Street,in_train,,,,mixed,49.81671524047851,64.18772888183594,78.65898895263672,26.399633407592773,676.0
commuta_readings_today_20260807_233732.csv,5163,2026-08-07,2026-08-07T16:16:04.000+01:00,S02,Jubilee,quieter,Stratford->Bond Street,in_train,,,,mixed,52.26518249511719,66.70890045166016,81.09468078613281,26.434728622436523,674.0
commuta_readings_today_20260807_233732.csv,5164,2026-08-07,2026-08-07T16:16:14.000+01:00,S02,Jubilee,quieter,Stratford->Bond Street,in_train,,,,mixed,57.80132293701172,72.13973236083984,85.99306488,26.544593811035156,675.0
commuta_readings_today_20260807_233732.csv,5165,2026-08-07,2026-08-07T16:16:24.000+01:00,S02,Jubilee,quieter,Stratford->Bond Street,in_train,,,,mixed,61.28509140014648,76.17559814453125,90.47144317626952,26.63157081604004,675.0
commuta_readings_today_20260807_233732.csv,5166,2026-08-07,2026-08-07T16:16:35.000+01:00,S02,Jubilee,quieter,Stratford->Bond Street,in_train,,,,mixed,60.50090408325195,75.52366638183594,90.04248047,26.66056251525879,675.0
commuta_readings_today_20260807_233732.csv,5167,2026-08-07,2026-08-07T16:16:44.000+01:00,S02,Jubilee,quieter,Stratford->Bond Street,in_train,,,,mixed,59.59193801879883,74.65895844,89.29911804199219,26.65751075744629,676.0
commuta_readings_today_20260807_233732.csv,5168,2026-08-07,2026-08-07T16:16:54.000+01:00,S02,Jubilee,quieter,Stratford->Bond Street,in_train,,,,mixed,59.26634598,73.95101928710938,88.13390350341797,26.698711395263672,682.0
commuta_readings_today_20260807_233732.csv,5169,2026-08-07,2026-08-07T16:17:04.000+01:00,S02,Jubilee,quieter,Stratford->Bond Street,in_train,,,,mixed,58.176116943359375,73.03742980957031,87.52120971679688,26.741436004638672,685.0
commuta_readings_today_20260807_233732.csv,5170,2026-08-07,2026-08-07T16:17:14.000+01:00,S02,Jubilee,quieter,Stratford->Bond Street,platform,940GZZLUWSM,Westminster,train_height_psd,mixed,58.74232482910156,73.85047912597656,88.60372924804688,26.76127243041992,692.0
commuta_readings_today_20260807_233732.csv,5171,2026-08-07,2026-08-07T16:17:24.000+01:00,S02,Jubilee,quieter,Stratford->Bond Street,platform,940GZZLUWSM,Westminster,train_height_psd,mixed,52.768272399902344,66.02270508,78.87665557861328,26.63004493713379,693.0
commuta_readings_today_20260807_233732.csv,5172,2026-08-07,2026-08-07T16:17:34.000+01:00,S02,Jubilee,quieter,Stratford->Bond Street,platform,940GZZLUWSM,Westminster,train_height_psd,mixed,50.008636474609375,62.03254318237305,73.53856658935547,26.56748390197754,690.0
commuta_readings_today_20260807_233732.csv,5173,2026-08-07,2026-08-07T16:17:44.000+01:00,S02,Jubilee,quieter,Stratford->Bond Street,platform,940GZZLUWSM,Westminster,train_height_psd,mixed,54.416866302490234,68.20767974853516,81.61699676513672,26.428625106811523,689.0
commuta_readings_today_20260807_233732.csv,5174,2026-08-07,2026-08-07T16:17:54.000+01:00,S02,Jubilee,quieter,Stratford->Bond Street,platform,940GZZLUWSM,Westminster,train_height_psd,mixed,57.287471771240234,72.09824371,86.58269500732422,26.24856948852539,680.0
commuta_readings_today_20260807_233732.csv,5175,2026-08-07,2026-08-07T16:18:04.000+01:00,S02,Jubilee,quieter,Stratford->Bond Street,platform,940GZZLUWSM,Westminster,train_height_psd,mixed,54.89741134643555,68.99290466308594,82.75060272216797,26.18906021118164,674.0
commuta_readings_today_20260807_233732.csv,5176,2026-08-07,2026-08-07T16:18:14.000+01:00,S02,Jubilee,quieter,Stratford->Bond Street,platform,940GZZLUWSM,Westminster,train_height_psd,mixed,47.45547866821289,59.62939453,71.50853729248047,26.182954788208008,662.0
commuta_readings_today_20260807_233732.csv,5177,2026-08-07,2026-08-07T16:18:24.000+01:00,S02,Jubilee,quieter,Stratford->Bond Street,platform,940GZZLUWSM,Westminster,train_height_psd,mixed,40.480018615722656,50.95674514770508,61.20576095581055,26.21805191040039,653.0
commuta_readings_today_20260807_233732.csv,5178,2026-08-07,2026-08-07T16:18:34.000+01:00,S02,Jubilee,quieter,Stratford->Bond Street,platform,940GZZLUWSM,Westminster,train_height_psd,mixed,35.13333511352539,44.785377502441406,54.38372802734375,26.20431900024414,646.0
commuta_readings_today_20260807_233732.csv,5179,2026-08-07,2026-08-07T16:18:45.000+01:00,S02,Jubilee,quieter,Stratford->Bond Street,platform,940GZZLUWSM,Westminster,train_height_psd,mixed,30.38372039794922,39.270233154296875,48.24916458129883,26.16922187805176,646.0
commuta_readings_today_20260807_233732.csv,5180,2026-08-07,2026-08-07T16:18:54.000+01:00,S02,Jubilee,quieter,Stratford->Bond Street,platform,940GZZLUWSM,Westminster,train_height_psd,mixed,28.676610946655273,37.47744369506836,46.47199249267578,26.26077651977539,643.0
commuta_readings_today_20260807_233732.csv,5181,2026-08-07,2026-08-07T16:19:04.000+01:00,S02,Jubilee,quieter,Stratford->Bond Street,platform,940GZZLUWSM,Westminster,train_height_psd,mixed,33.546226501464844,43.3094368,53.16226577758789,26.26382827758789,637.0
commuta_readings_today_20260807_233732.csv,5182,2026-08-07,2026-08-07T16:19:14.000+01:00,S02,Jubilee,quieter,Stratford->Bond Street,platform,940GZZLUWSM,Westminster,train_height_psd,mixed,41.631141662597656,53.23986816,64.82915496826172,26.392004013061523,637.0
commuta_readings_today_20260807_233732.csv,5183,2026-08-07,2026-08-07T16:19:24.000+01:00,S02,Jubilee,quieter,Stratford->Bond Street,platform,940GZZLUWSM,Westminster,train_height_psd,mixed,45.45783615112305,57.54654312133789,69.46287536621094,26.478981018066406,634.0
commuta_readings_today_20260807_233732.csv,5184,2026-08-07,2026-08-07T16:19:34.000+01:00,S02,Jubilee,quieter,Stratford->Bond Street,platform,940GZZLUWSM,Westminster,train_height_psd,mixed,46.50486373901367,58.47032928466797,70.15605163574219,26.491188049316406,632.0
commuta_readings_today_20260807_233732.csv,5185,2026-08-07,2026-08-07T16:19:44.000+01:00,S02,Jubilee,quieter,Stratford->Bond Street,in_train,,,,mixed,45.36433410644531,57.78353118896485,70.12218475341797,26.56595802307129,630.0
commuta_readings_today_20260807_233732.csv,5186,2026-08-07,2026-08-07T16:19:54.000+01:00,S02,Jubilee,quieter,Stratford->Bond Street,in_train,,,,mixed,45.33451461791992,58.608612060546875,72.02442169189453,27.325857162475582,638.0
commuta_readings_today_20260807_233732.csv,5187,2026-08-07,2026-08-07T16:20:04.000+01:00,S02,Jubilee,quieter,Stratford->Bond Street,in_train,,,,mixed,44.865516662597656,58.12186813354492,71.54924011230469,27.60967445373535,676.0
commuta_readings_today_20260807_233732.csv,5188,2026-08-07,2026-08-07T16:20:14.000+01:00,S02,Jubilee,quieter,Stratford->Bond Street,in_train,,,,mixed,44.79315185546875,57.37727737426758,69.96460723876953,27.692073822021484,721.0
commuta_readings_today_20260807_233732.csv,5189,2026-08-07,2026-08-07T16:20:25.000+01:00,S02,Jubilee,quieter,Stratford->Bond Street,in_train,,,,mixed,45.84990692138672,57.81736373901367,69.55289459228516,27.870603561401367,781.0
commuta_readings_today_20260807_233732.csv,5190,2026-08-07,2026-08-07T16:20:34.000+01:00,S02,Jubilee,quieter,Stratford->Bond Street,in_train,,,,mixed,49.058082580566406,61.69015884399414,74.02959442138672,28.32227135,817.0
commuta_readings_today_20260807_233732.csv,5191,2026-08-07,2026-08-07T16:20:44.000+01:00,S02,Jubilee,quieter,Stratford->Bond Street,in_train,,,,mixed,51.75943374633789,64.97341156,77.84938049316406,28.760204315185547,844.0
commuta_readings_today_20260807_233732.csv,5192,2026-08-07,2026-08-07T16:20:54.000+01:00,S02,Jubilee,quieter,Stratford->Bond Street,in_train,,,,mixed,52.42362594604492,66.01976776123047,79.32830047607422,28.90516471862793,854.0
commuta_readings_today_20260807_233732.csv,5193,2026-08-07,2026-08-07T16:21:04.000+01:00,S02,Jubilee,quieter,Stratford->Bond Street,in_train,,,,mixed,51.384910583496094,64.50777435302734,77.29623413085938,28.99671936035156,861.0
commuta_readings_today_20260807_233732.csv,5194,2026-08-07,2026-08-07T16:21:14.000+01:00,S02,Jubilee,quieter,Stratford->Bond Street,in_train,,,,mixed,50.06046676635742,62.649208068847656,74.86175537109375,29.063859939575195,870.0
commuta_readings_today_20260807_233732.csv,5195,2026-08-07,2026-08-07T16:21:25.000+01:00,S02,Jubilee,quieter,Stratford->Bond Street,in_train,,,,mixed,51.49180603027344,63.87397766113281,75.72334289550781,29.077592849731445,880.0
commuta_readings_today_20260807_233732.csv,5196,2026-08-07,2026-08-07T16:21:34.000+01:00,S02,Jubilee,quieter,Stratford->Bond Street,in_train,,,,mixed,51.36392593383789,63.10548782348633,74.15855407714844,29.00892639160156,892.0
commuta_readings_today_20260807_233732.csv,5197,2026-08-07,2026-08-07T16:21:44.000+01:00,S02,Jubilee,quieter,Stratford->Bond Street,in_train,,,,mixed,50.37747573852539,61.422122955322266,71.67013549804688,29.062332153320312,892.0
commuta_readings_today_20260807_233732.csv,5198,2026-08-07,2026-08-07T16:21:54.000+01:00,S02,Jubilee,quieter,Stratford->Bond Street,in_train,,,,mixed,49.358341217041016,60.23598098754883,70.34764099121094,29.32326316833496,895.0
commuta_readings_today_20260807_233732.csv,5199,2026-08-07,2026-08-07T16:22:04.000+01:00,S02,Jubilee,quieter,Stratford->Bond Street,platform,940GZZLUGPK,Green Park,underground_no_psd,mixed,52.81771469116211,65.50678253173828,77.64625549316406,29.190509796142575,901.0
commuta_readings_today_20260807_233732.csv,5200,2026-08-07,2026-08-07T16:22:14.000+01:00,S02,Jubilee,quieter,Stratford->Bond Street,platform,940GZZLUGPK,Green Park,underground_no_psd,mixed,53.32345199584961,66.28754425048828,78.73629760742188,28.53284454345703,899.0
commuta_readings_today_20260807_233732.csv,5201,2026-08-07,2026-08-07T16:22:24.000+01:00,S02,Jubilee,quieter,Stratford->Bond Street,platform,940GZZLUGPK,Green Park,underground_no_psd,mixed,51.920265197753906,64.18048095703125,75.84552764892578,28.05981445,886.0
commuta_readings_today_20260807_233732.csv,5202,2026-08-07,2026-08-07T16:22:34.000+01:00,S02,Jubilee,quieter,Stratford->Bond Street,platform,940GZZLUGPK,Green Park,underground_no_psd,mixed,52.25236892700195,65.09312438964844,77.46418762207031,27.827878952026367,860.0
commuta_readings_today_20260807_233732.csv,5204,2026-08-07,2026-08-07T16:22:54.000+01:00,S02,Jubilee,quieter,Stratford->Bond Street,platform,940GZZLUGPK,Green Park,underground_no_psd,mixed,50.60928726196289,63.54695892333984,76.15859985351562,27.61730385,814.0
commuta_readings_today_20260807_233732.csv,5205,2026-08-07,2026-08-07T16:23:04.000+01:00,S02,Jubilee,quieter,Stratford->Bond Street,platform,940GZZLUGPK,Green Park,underground_no_psd,mixed,46.07160949707031,58.33729553222656,70.43183135986328,27.48455047607422,795.0
commuta_readings_today_20260807_233732.csv,5206,2026-08-07,2026-08-07T16:23:14.000+01:00,S02,Jubilee,quieter,Stratford->Bond Street,platform,940GZZLUGPK,Green Park,underground_no_psd,mixed,41.71575164794922,53.35281753540039,64.97161102294922,27.199207305908203,773.0
commuta_readings_today_20260807_233732.csv,5207,2026-08-07,2026-08-07T16:23:24.000+01:00,S02,Jubilee,quieter,Stratford->Bond Street,platform,940GZZLUGPK,Green Park,underground_no_psd,mixed,39.35283279418945,51.12052154541016,63.07431411743164,27.06340217590332,756.0
commuta_readings_today_20260807_233732.csv,5208,2026-08-07,2026-08-07T16:23:35.000+01:00,S02,Jubilee,quieter,Stratford->Bond Street,platform,940GZZLUGPK,Green Park,underground_no_psd,mixed,35.640743255615234,47.13218307495117,59.00682449,26.65445899963379,736.0
commuta_readings_today_20260807_233732.csv,5209,2026-08-07,2026-08-07T16:23:44.000+01:00,S02,Jubilee,quieter,Stratford->Bond Street,platform,940GZZLUGPK,Green Park,underground_no_psd,mixed,32.30891418457031,42.910762786865234,53.907527923583984,26.326391220092773,714.0
commuta_readings_today_20260807_233732.csv,5210,2026-08-07,2026-08-07T16:23:54.000+01:00,S02,Jubilee,quieter,Stratford->Bond Street,platform,940GZZLUGPK,Green Park,underground_no_psd,mixed,30.63235664367676,40.55006790161133,50.807708740234375,26.129549026489254,696.0
commuta_readings_today_20260807_233732.csv,5211,2026-08-07,2026-08-07T16:24:04.000+01:00,S02,Jubilee,quieter,Stratford->Bond Street,platform,940GZZLUGPK,Green Park,underground_no_psd,mixed,30.000537872314453,39.21187210083008,48.626930236816406,26.07766914367676,682.0
commuta_readings_today_20260807_233732.csv,5212,2026-08-07,2026-08-07T16:24:14.000+01:00,S02,Jubilee,quieter,Stratford->Bond Street,platform,940GZZLUGPK,Green Park,underground_no_psd,mixed,28.72994041442871,37.02217483520508,45.37333297729492,25.975433349609375,668.0
commuta_readings_today_20260807_233732.csv,5213,2026-08-07,2026-08-07T16:24:24.000+01:00,S02,Jubilee,quieter,Stratford->Bond Street,platform,940GZZLUGPK,Green Park,underground_no_psd,mixed,28.60029411315918,36.93193435668945,45.34199523925781,25.79079818725586,658.0
commuta_readings_today_20260807_233732.csv,5214,2026-08-07,2026-08-07T16:24:34.000+01:00,S02,Jubilee,quieter,Stratford->Bond Street,platform,940GZZLUGPK,Green Park,underground_no_psd,mixed,33.36274337768555,42.95941162109375,52.61607360839844,25.77859115600586,648.0
commuta_readings_today_20260807_233732.csv,5215,2026-08-07,2026-08-07T16:24:44.000+01:00,S02,Jubilee,quieter,Stratford->Bond Street,platform,940GZZLUGPK,Green Park,underground_no_psd,mixed,37.630802154541016,49.002349853515625,60.58243942260742,25.870145797729492,642.0
commuta_readings_today_20260807_233732.csv,5216,2026-08-07,2026-08-07T16:24:54.000+01:00,S02,Jubilee,quieter,Stratford->Bond Street,platform,940GZZLUGPK,Green Park,underground_no_psd,mixed,44.314491271972656,57.33281326293945,70.50070190429688,26.30502700805664,639.0
commuta_readings_today_20260807_233732.csv,5217,2026-08-07,2026-08-07T16:25:04.000+01:00,S02,Jubilee,quieter,Stratford->Bond Street,platform,940GZZLUGPK,Green Park,underground_no_psd,mixed,53.65333938598633,68.62803649902344,83.58119201660156,26.753643035888672,633.0
commuta_readings_today_20260807_233732.csv,5219,2026-08-07,2026-08-07T16:25:24.000+01:00,S02,Jubilee,quieter,Stratford->Bond Street,platform,940GZZLUGPK,Green Park,underground_no_psd,mixed,71.08174133300781,88.81349182128906,105.97418212890624,27.032882690429688,628.0
commuta_readings_today_20260807_233732.csv,5220,2026-08-07,2026-08-07T16:25:34.000+01:00,S02,Jubilee,quieter,Stratford->Bond Street,platform,940GZZLUGPK,Green Park,underground_no_psd,mixed,73.68870544433594,91.49963379,108.57152557373048,27.008468627929688,629.0
commuta_readings_today_20260807_233732.csv,5221,2026-08-07,2026-08-07T16:25:45.000+01:00,S02,Jubilee,quieter,Stratford->Bond Street,platform,940GZZLUGPK,Green Park,underground_no_psd,mixed,73.14017486572266,91.28991699,108.8274917602539,27.06797981262207,629.0
commuta_readings_today_20260807_233732.csv,5222,2026-08-07,2026-08-07T16:25:54.000+01:00,S02,Jubilee,quieter,Stratford->Bond Street,platform,940GZZLUGPK,Green Park,underground_no_psd,mixed,71.95763397216797,89.43978881835938,106.22335052490234,27.12138557434082,628.0
commuta_readings_today_20260807_233732.csv,5223,2026-08-07,2026-08-07T16:26:04.000+01:00,S02,Jubilee,quieter,Stratford->Bond Street,in_train,,,,mixed,68.28974914550781,85.14655303955078,101.40877532958984,27.16563606262207,628.0
commuta_readings_today_20260807_233732.csv,5224,2026-08-07,2026-08-07T16:26:14.000+01:00,S02,Jubilee,quieter,Stratford->Bond Street,in_train,,,,mixed,60.11066055297851,75.433815,90.3585434,27.330434799194336,629.0
commuta_readings_today_20260807_233732.csv,5225,2026-08-07,2026-08-07T16:26:24.000+01:00,S02,Jubilee,quieter,Stratford->Bond Street,in_train,,,,mixed,55.21784210205078,70.88007354736328,86.58472442626953,27.69054794311523,640.0
commuta_readings_today_20260807_233732.csv,5226,2026-08-07,2026-08-07T16:26:34.000+01:00,S02,Jubilee,quieter,Stratford->Bond Street,in_train,,,,mixed,51.49723815917969,66.12606048583984,80.80007172,28.19714736938477,665.0
commuta_readings_today_20260807_233732.csv,5227,2026-08-07,2026-08-07T16:26:44.000+01:00,S02,Jubilee,quieter,Stratford->Bond Street,in_train,,,,mixed,51.716026306152344,65.85990142822266,79.90830993652344,28.946365356445312,746.0
commuta_readings_today_20260807_233732.csv,5228,2026-08-07,2026-08-07T16:26:54.000+01:00,S02,Jubilee,quieter,Stratford->Bond Street,in_train,,,,mixed,52.662994384765625,66.32678985595703,79.70308685302734,29.149309158325195,794.0
commuta_readings_today_20260807_233732.csv,5229,2026-08-07,2026-08-07T16:27:04.000+01:00,S02,Jubilee,quieter,Stratford->Bond Street,in_train,,,,mixed,52.415924072265625,65.51713562011719,78.20386505126953,29.34920310974121,857.0
commuta_readings_today_20260807_233732.csv,5230,2026-08-07,2026-08-07T16:27:14.000+01:00,S02,Jubilee,quieter,Stratford->Bond Street,in_train,,,,mixed,52.78514862060547,65.65660095214844,78.02775573730469,29.626916885375977,888.0
commuta_readings_today_20260807_233732.csv,5231,2026-08-07,2026-08-07T16:27:24.000+01:00,S02,Jubilee,quieter,Stratford->Bond Street,in_train,,,,mixed,56.43564987182617,70.61119842529297,84.35842895507812,29.78408432006836,916.0
commuta_readings_today_20260807_233732.csv,5232,2026-08-07,2026-08-07T16:27:34.000+01:00,S02,Jubilee,quieter,Stratford->Bond Street,in_train,,,,mixed,61.45108795166016,78.31681060791016,95.08440399169922,30.054168701171875,941.0
commuta_readings_today_20260807_233732.csv,5233,2026-08-07,2026-08-07T16:27:44.000+01:00,S02,Jubilee,quieter,Stratford->Bond Street,in_train,,,,mixed,67.43205261230469,86.22215270996094,104.97738647460938,30.162508010864254,956.0
commuta_readings_today_20260807_233732.csv,5234,2026-08-07,2026-08-07T16:27:55.000+01:00,S02,Jubilee,quieter,Stratford->Bond Street,platform,940GZZLUBND,Bond Street,underground_no_psd,mixed,70.03482055664062,88.86444091796875,107.48127746582033,30.22964859008789,962.0
commuta_readings_today_20260807_233732.csv,5235,2026-08-07,2026-08-07T16:28:04.000+01:00,S02,Jubilee,quieter,Stratford->Bond Street,platform,940GZZLUBND,Bond Street,underground_no_psd,mixed,81.25498199,102.51603698730467,123.37955474853516,30.17166328430176,965.0
commuta_readings_today_20260807_233732.csv,5236,2026-08-07,2026-08-07T16:28:14.000+01:00,S02,Jubilee,quieter,Stratford->Bond Street,platform,940GZZLUBND,Bond Street,underground_no_psd,mixed,89.30763244628906,113.00125885009766,136.3417969,29.70779037475586,962.0
commuta_readings_today_20260807_233732.csv,5237,2026-08-07,2026-08-07T16:28:24.000+01:00,S02,Jubilee,quieter,Stratford->Bond Street,platform,940GZZLUBND,Bond Street,underground_no_psd,mixed,90.61237335205078,114.08175659179688,137.0460205078125,29.300373077392575,936.0
commuta_readings_today_20260807_233732.csv,5238,2026-08-07,2026-08-07T16:28:34.000+01:00,S02,Jubilee,quieter,Stratford->Bond Street,platform,940GZZLUBND,Bond Street,underground_no_psd,mixed,86.50348663330078,110.57401275634766,134.5911102294922,29.156938552856445,911.0
commuta_readings_today_20260807_233732.csv,5239,2026-08-07,2026-08-07T16:28:44.000+01:00,S02,Jubilee,quieter,Stratford->Bond Street,platform,940GZZLUBND,Bond Street,underground_no_psd,mixed,86.87636566,112.6271743774414,138.73013305664062,29.022659301757812,890.0
commuta_readings_today_20260807_233732.csv,5240,2026-08-07,2026-08-07T16:28:54.000+01:00,S02,Jubilee,quieter,Stratford->Bond Street,platform,940GZZLUBND,Bond Street,underground_no_psd,mixed,84.80282592773438,109.7251434326172,134.93618774414062,28.89143180847168,877.0
commuta_readings_today_20260807_233732.csv,5241,2026-08-07,2026-08-07T16:29:04.000+01:00,S02,Jubilee,quieter,Stratford->Bond Street,platform,940GZZLUBND,Bond Street,underground_no_psd,mixed,72.72008514404297,93.66175842285156,114.74036407470705,28.636606216430664,857.0
commuta_readings_today_20260807_233732.csv,5242,2026-08-07,2026-08-07T16:29:14.000+01:00,S02,Jubilee,quieter,Stratford->Bond Street,platform,940GZZLUBND,Bond Street,underground_no_psd,mixed,64.4214859,83.23455810546875,102.2362060546875,28.35584068,839.0
commuta_readings_today_20260807_233732.csv,5243,2026-08-07,2026-08-07T16:29:24.000+01:00,S02,Jubilee,quieter,Stratford->Bond Street,platform,940GZZLUBND,Bond Street,underground_no_psd,mixed,94.63264465332033,123.04413604736328,151.93234252929688,28.093385696411133,813.0
commuta_readings_today_20260807_233732.csv,5244,2026-08-07,2026-08-07T16:29:34.000+01:00,S02,Jubilee,quieter,Stratford->Bond Street,platform,940GZZLUBND,Bond Street,underground_no_psd,mixed,125.32877349853516,162.37928771972656,199.9126892089844,28.096437454223633,802.0
commuta_readings_today_20260807_233732.csv,5245,2026-08-07,2026-08-07T16:29:44.000+01:00,S02,Jubilee,quieter,Stratford->Bond Street,platform,940GZZLUBND,Bond Street,underground_no_psd,mixed,115.30723571777344,148.34349060058594,181.55323791503903,28.123903274536133,784.0
commuta_readings_today_20260807_233732.csv,5246,2026-08-07,2026-08-07T16:29:54.000+01:00,S02,Jubilee,quieter,Stratford->Bond Street,platform,940GZZLUBND,Bond Street,underground_no_psd,mixed,99.93753814697266,129.7260742,159.96255493164062,28.02319336,774.0
commuta_readings_today_20260807_233732.csv,5312,2026-08-07,2026-08-07T16:40:54.000+01:00,S03,Elizabeth,busier,Paddington->Custom House,platform,910GPADTLL,Paddington,full_psd,full_psd_line,9.378340721130373,10.43697738647461,11.090523719787598,28.19714736938477,1679.0
commuta_readings_today_20260807_233732.csv,5313,2026-08-07,2026-08-07T16:41:04.000+01:00,S03,Elizabeth,busier,Paddington->Custom House,platform,910GPADTLL,Paddington,full_psd,full_psd_line,8.942491531,9.99433135986328,10.67082405090332,27.351797103881836,1623.0
commuta_readings_today_20260807_233732.csv,5314,2026-08-07,2026-08-07T16:41:15.000+01:00,S03,Elizabeth,busier,Paddington->Custom House,platform,910GPADTLL,Paddington,full_psd,full_psd_line,8.052328109741211,9.028961181640623,9.675201416015623,26.78568649291992,1473.0
commuta_readings_today_20260807_233732.csv,5315,2026-08-07,2026-08-07T16:41:24.000+01:00,S03,Elizabeth,busier,Paddington->Custom House,platform,910GPADTLL,Paddington,full_psd,full_psd_line,7.055071830749512,7.885767936706543,8.420559883117676,26.129549026489254,1304.0
commuta_readings_today_20260807_233732.csv,5316,2026-08-07,2026-08-07T16:41:34.000+01:00,S03,Elizabeth,busier,Paddington->Custom House,platform,910GPADTLL,Paddington,full_psd,full_psd_line,5.567920207977295,6.2000813484191895,6.592680931091309,25.578699111938477,1162.0
commuta_readings_today_20260807_233732.csv,5317,2026-08-07,2026-08-07T16:41:44.000+01:00,S03,Elizabeth,busier,Paddington->Custom House,platform,910GPADTLL,Paddington,full_psd,full_psd_line,4.380977630615234,4.859550476074219,5.144782543182373,25.06141662597656,1036.0
commuta_readings_today_20260807_233732.csv,5318,2026-08-07,2026-08-07T16:41:54.000+01:00,S03,Elizabeth,busier,Paddington->Custom House,platform,910GPADTLL,Paddington,full_psd,full_psd_line,3.896758556365967,4.305392265319824,4.5376667976379395,24.719615936279297,939.0
commuta_readings_today_20260807_233732.csv,5319,2026-08-07,2026-08-07T16:42:04.000+01:00,S03,Elizabeth,busier,Paddington->Custom House,in_train,,,,full_psd_line,3.5372445583343506,3.897971630096435,4.095983028411865,24.91645622253418,839.0
commuta_readings_today_20260807_233732.csv,5320,2026-08-07,2026-08-07T16:42:15.000+01:00,S03,Elizabeth,busier,Paddington->Custom House,in_train,,,,full_psd_line,3.3094470500946045,3.638897895812988,3.814039945602417,25.064470291137695,802.0
commuta_readings_today_20260807_233732.csv,5321,2026-08-07,2026-08-07T16:42:24.000+01:00,S03,Elizabeth,busier,Paddington->Custom House,in_train,,,,full_psd_line,3.0242669582366943,3.3252084255218506,3.485107898712158,25.36202049255371,783.0
commuta_readings_today_20260807_233732.csv,5322,2026-08-07,2026-08-07T16:42:34.000+01:00,S03,Elizabeth,busier,Paddington->Custom House,in_train,,,,full_psd_line,3.046928644180298,3.3522160053253174,3.515942096710205,25.575647354125977,771.0
commuta_readings_today_20260807_233732.csv,5323,2026-08-07,2026-08-07T16:42:44.000+01:00,S03,Elizabeth,busier,Paddington->Custom House,in_train,,,,full_psd_line,2.9516658782958984,3.249525785446167,3.4107956886291504,25.77248764038086,766.0
commuta_readings_today_20260807_233732.csv,5324,2026-08-07,2026-08-07T16:42:54.000+01:00,S03,Elizabeth,busier,Paddington->Custom House,in_train,,,,full_psd_line,3.660334825515747,4.029293537139893,4.228760242462158,25.876249313354492,759.0
commuta_readings_today_20260807_233732.csv,5325,2026-08-07,2026-08-07T16:43:04.000+01:00,S03,Elizabeth,busier,Paddington->Custom House,in_train,,,,full_psd_line,3.688359498977661,4.052190780639648,4.243187427520752,25.996795654296875,756.0
commuta_readings_today_20260807_233732.csv,5326,2026-08-07,2026-08-07T16:43:14.000+01:00,S03,Elizabeth,busier,Paddington->Custom House,in_train,,,,full_psd_line,3.620894432067871,3.977365970611572,4.1639814376831055,26.149385452270508,757.0
commuta_readings_today_20260807_233732.csv,5327,2026-08-07,2026-08-07T16:43:24.000+01:00,S03,Elizabeth,busier,Paddington->Custom House,in_train,,,,full_psd_line,3.365405321121216,3.69504714,3.866385936737061,26.109712600708008,758.0
commuta_readings_today_20260807_233732.csv,5328,2026-08-07,2026-08-07T16:43:34.000+01:00,S03,Elizabeth,busier,Paddington->Custom House,in_train,,,,full_psd_line,3.330211639404297,3.658094882965088,3.829764842987061,26.123445510864254,758.0
commuta_readings_today_20260807_233732.csv,5329,2026-08-07,2026-08-07T16:43:45.000+01:00,S03,Elizabeth,busier,Paddington->Custom House,in_train,,,,full_psd_line,3.2643070220947266,3.5843470096588135,3.750917196273804,26.068513870239254,759.0
commuta_readings_today_20260807_233732.csv,5330,2026-08-07,2026-08-07T16:43:54.000+01:00,S03,Elizabeth,busier,Paddington->Custom House,in_train,,,,full_psd_line,3.202320337295532,3.5144309997558594,3.675509214401245,25.973907470703125,765.0
commuta_readings_today_20260807_233732.csv,5331,2026-08-07,2026-08-07T16:44:04.000+01:00,S03,Elizabeth,busier,Paddington->Custom House,in_train,,,,full_psd_line,3.0425684452056885,3.3376657962799072,3.488893508911133,25.889982223510746,771.0
commuta_readings_today_20260807_233732.csv,5332,2026-08-07,2026-08-07T16:44:14.000+01:00,S03,Elizabeth,busier,Paddington->Custom House,in_train,,,,full_psd_line,3.202392816543579,3.5134310722351074,3.673156261444092,25.894559860229492,784.0
commuta_readings_today_20260807_233732.csv,5333,2026-08-07,2026-08-07T16:44:24.000+01:00,S03,Elizabeth,busier,Paddington->Custom House,in_train,,,,full_psd_line,3.248956203460694,3.562455654144287,3.721911191940307,25.72823715209961,790.0
commuta_readings_today_20260807_233732.csv,5334,2026-08-07,2026-08-07T16:44:34.000+01:00,S03,Elizabeth,busier,Paddington->Custom House,platform,910GBONDST,Bond Street,full_psd,full_psd_line,4.674045562744141,5.124556064605713,5.353325366973877,25.677881240844727,796.0
commuta_readings_today_20260807_233732.csv,5335,2026-08-07,2026-08-07T16:44:44.000+01:00,S03,Elizabeth,busier,Paddington->Custom House,platform,910GBONDST,Bond Street,full_psd,full_psd_line,7.056212425231934,7.729833602905273,8.067029953,25.627527236938477,800.0
commuta_readings_today_20260807_233732.csv,5336,2026-08-07,2026-08-07T16:44:54.000+01:00,S03,Elizabeth,busier,Paddington->Custom House,platform,910GBONDST,Bond Street,full_psd,full_psd_line,7.975729942321777,8.738517761230469,9.121395111083984,25.43373680114746,802.0
commuta_readings_today_20260807_233732.csv,5337,2026-08-07,2026-08-07T16:45:04.000+01:00,S03,Elizabeth,busier,Paddington->Custom House,platform,910GBONDST,Bond Street,full_psd,full_psd_line,7.137783050537109,7.836676597595215,8.199757576,25.271991729736328,801.0
commuta_readings_today_20260807_233732.csv,5338,2026-08-07,2026-08-07T16:45:14.000+01:00,S03,Elizabeth,busier,Paddington->Custom House,platform,910GBONDST,Bond Street,full_psd,full_psd_line,6.068135738372803,6.680957794189453,7.013094902038574,25.171281814575195,796.0
commuta_readings_today_20260807_233732.csv,5339,2026-08-07,2026-08-07T16:45:24.000+01:00,S03,Elizabeth,busier,Paddington->Custom House,platform,910GBONDST,Bond Street,full_psd,full_psd_line,6.249861717224121,6.8999738693237305,7.265872955322266,25.015640258789062,777.0
commuta_readings_today_20260807_233732.csv,5340,2026-08-07,2026-08-07T16:45:34.000+01:00,S03,Elizabeth,busier,Paddington->Custom House,platform,910GBONDST,Bond Street,full_psd,full_psd_line,6.1468400955200195,6.7891435623168945,7.152666091918945,24.88288688659668,764.0
commuta_readings_today_20260807_233732.csv,5341,2026-08-07,2026-08-07T16:45:44.000+01:00,S03,Elizabeth,busier,Paddington->Custom House,platform,910GBONDST,Bond Street,full_psd,full_psd_line,6.212178707122803,6.874523162841797,7.2585248947143555,24.762340545654297,744.0
commuta_readings_today_20260807_233732.csv,5342,2026-08-07,2026-08-07T16:45:55.000+01:00,S03,Elizabeth,busier,Paddington->Custom House,platform,910GBONDST,Bond Street,full_psd,full_psd_line,6.524755477905273,7.212104320526123,7.604962348937988,24.728771209716797,723.0
commuta_readings_today_20260807_233732.csv,5343,2026-08-07,2026-08-07T16:46:04.000+01:00,S03,Elizabeth,busier,Paddington->Custom House,platform,910GBONDST,Bond Street,full_psd,full_psd_line,6.584319114685059,7.266106605529785,7.647666931152344,24.745555877685547,712.0
commuta_readings_today_20260807_233732.csv,5344,2026-08-07,2026-08-07T16:46:14.000+01:00,S03,Elizabeth,busier,Paddington->Custom House,platform,910GBONDST,Bond Street,full_psd,full_psd_line,5.661787033081055,6.244639873504639,6.568451881408691,24.631113052368164,700.0
commuta_readings_today_20260807_233732.csv,5345,2026-08-07,2026-08-07T16:46:24.000+01:00,S03,Elizabeth,busier,Paddington->Custom House,platform,910GBONDST,Bond Street,full_psd,full_psd_line,4.629346848,5.096281528,5.348934650421143,24.33203697,682.0
commuta_readings_today_20260807_233732.csv,5346,2026-08-07,2026-08-07T16:46:34.000+01:00,S03,Elizabeth,busier,Paddington->Custom House,platform,910GBONDST,Bond Street,full_psd,full_psd_line,3.698097705841065,4.059046745300293,4.245714188,24.124513626098633,668.0
commuta_readings_today_20260807_233732.csv,5347,2026-08-07,2026-08-07T16:46:44.000+01:00,S03,Elizabeth,busier,Paddington->Custom House,platform,910GBONDST,Bond Street,full_psd,full_psd_line,3.5597102642059326,3.8949692249298096,4.059332370758057,23.98413086,653.0
commuta_readings_today_20260807_233732.csv,5348,2026-08-07,2026-08-07T16:46:54.000+01:00,S03,Elizabeth,busier,Paddington->Custom House,platform,910GBONDST,Bond Street,full_psd,full_psd_line,3.4284491539001465,3.745930433273315,3.897423505783081,23.94598388671875,636.0
commuta_readings_today_20260807_233732.csv,5349,2026-08-07,2026-08-07T16:47:04.000+01:00,S03,Elizabeth,busier,Paddington->Custom House,platform,910GBONDST,Bond Street,full_psd,full_psd_line,4.0918803215026855,4.466764450073242,4.6425018310546875,24.00854492,627.0
commuta_readings_today_20260807_233732.csv,5350,2026-08-07,2026-08-07T16:47:14.000+01:00,S03,Elizabeth,busier,Paddington->Custom House,platform,910GBONDST,Bond Street,full_psd,full_psd_line,5.035333156585693,5.492490768432617,5.703514575958252,23.9810791,617.0
commuta_readings_today_20260807_233732.csv,5351,2026-08-07,2026-08-07T16:47:24.000+01:00,S03,Elizabeth,busier,Paddington->Custom House,platform,910GBONDST,Bond Street,full_psd,full_psd_line,5.748877048492432,6.278259277,6.528542518615723,23.894102096557617,613.0
commuta_readings_today_20260807_233732.csv,5352,2026-08-07,2026-08-07T16:47:34.000+01:00,S03,Elizabeth,busier,Paddington->Custom House,platform,910GBONDST,Bond Street,full_psd,full_psd_line,5.718050956726074,6.249309539794922,6.504180431365967,23.857481002807617,609.0
commuta_readings_today_20260807_233732.csv,5353,2026-08-07,2026-08-07T16:47:44.000+01:00,S03,Elizabeth,busier,Paddington->Custom House,in_train,,,,full_psd_line,5.654297828674316,6.176911354064941,6.425518035888672,23.904783248901367,607.0
commuta_readings_today_20260807_233732.csv,5354,2026-08-07,2026-08-07T16:47:54.000+01:00,S03,Elizabeth,busier,Paddington->Custom House,in_train,,,,full_psd_line,5.373416900634766,5.862276077270508,6.088733196258545,23.52178192138672,608.0
commuta_readings_today_20260807_233732.csv,5355,2026-08-07,2026-08-07T16:48:05.000+01:00,S03,Elizabeth,busier,Paddington->Custom House,in_train,,,,full_psd_line,4.719056606292725,5.1419782638549805,5.332804203033447,23.306629180908203,615.0
commuta_readings_today_20260807_233732.csv,5356,2026-08-07,2026-08-07T16:48:14.000+01:00,S03,Elizabeth,busier,Paddington->Custom House,in_train,,,,full_psd_line,4.610538959503174,5.020593643188477,5.203080654144287,23.062484741210938,631.0
commuta_readings_today_20260807_233732.csv,5357,2026-08-07,2026-08-07T16:48:24.000+01:00,S03,Elizabeth,busier,Paddington->Custom House,in_train,,,,full_psd_line,5.209315776824951,5.663321495056152,5.857809543609619,23.10978889465332,648.0
commuta_readings_today_20260807_233732.csv,5358,2026-08-07,2026-08-07T16:48:34.000+01:00,S03,Elizabeth,busier,Paddington->Custom House,in_train,,,,full_psd_line,5.427093505859375,5.878536224365234,6.0540666580200195,22.96177673339844,682.0
commuta_readings_today_20260807_233732.csv,5359,2026-08-07,2026-08-07T16:48:44.000+01:00,S03,Elizabeth,busier,Paddington->Custom House,in_train,,,,full_psd_line,5.344623565673828,5.779348850250244,5.939815044403076,22.891584396362305,731.0
commuta_readings_today_20260807_233732.csv,5361,2026-08-07,2026-08-07T16:49:04.000+01:00,S03,Elizabeth,busier,Paddington->Custom House,in_train,,,,full_psd_line,4.675311088562012,5.047124862670898,5.176846027374268,22.69779586791992,766.0
commuta_readings_today_20260807_233732.csv,5362,2026-08-07,2026-08-07T16:49:14.000+01:00,S03,Elizabeth,busier,Paddington->Custom House,in_train,,,,full_psd_line,4.715478420257568,5.093735218048096,5.228656292,22.71610641479492,785.0
commuta_readings_today_20260807_233732.csv,5363,2026-08-07,2026-08-07T16:49:24.000+01:00,S03,Elizabeth,busier,Paddington->Custom House,in_train,,,,full_psd_line,4.484515190124512,4.842012882232666,4.967517852783203,22.696269989013672,833.0
commuta_readings_today_20260807_233732.csv,5364,2026-08-07,2026-08-07T16:49:34.000+01:00,S03,Elizabeth,busier,Paddington->Custom House,in_train,,,,full_psd_line,4.2353410720825195,4.569127559661865,4.6828203201293945,22.58793067932129,862.0
commuta_readings_today_20260807_233732.csv,5365,2026-08-07,2026-08-07T16:49:44.000+01:00,S03,Elizabeth,busier,Paddington->Custom House,platform,910GTOTCTRD,Tottenham Court Road,full_psd,full_psd_line,5.765291213989258,6.2216081619262695,6.378831386566162,22.473487854003903,875.0
commuta_readings_today_20260807_233732.csv,5366,2026-08-07,2026-08-07T16:49:54.000+01:00,S03,Elizabeth,busier,Paddington->Custom House,platform,910GTOTCTRD,Tottenham Court Road,full_psd,full_psd_line,8.289805412,8.959617614746094,9.202888488769531,22.491798400878903,882.0
commuta_readings_today_20260807_233732.csv,5367,2026-08-07,2026-08-07T16:50:04.000+01:00,S03,Elizabeth,busier,Paddington->Custom House,platform,910GTOTCTRD,Tottenham Court Road,full_psd,full_psd_line,9.395995140075684,10.17896842956543,10.48460865020752,22.60166358947754,880.0
commuta_readings_today_20260807_233732.csv,5368,2026-08-07,2026-08-07T16:50:15.000+01:00,S03,Elizabeth,busier,Paddington->Custom House,platform,910GTOTCTRD,Tottenham Court Road,full_psd,full_psd_line,9.369047164916992,10.14469051361084,10.443058013916016,22.68711280822754,874.0
commuta_readings_today_20260807_233732.csv,5369,2026-08-07,2026-08-07T16:50:24.000+01:00,S03,Elizabeth,busier,Paddington->Custom House,platform,910GTOTCTRD,Tottenham Court Road,full_psd,full_psd_line,8.323676109313965,9.011398315429688,9.274746894836426,22.774089813232425,856.0
commuta_readings_today_20260807_233732.csv,5370,2026-08-07,2026-08-07T16:50:34.000+01:00,S03,Elizabeth,busier,Paddington->Custom House,platform,910GTOTCTRD,Tottenham Court Road,full_psd,full_psd_line,7.589418888092041,8.207857131958008,8.437134742736816,22.96788024902344,807.0
commuta_readings_today_20260807_233732.csv,5371,2026-08-07,2026-08-07T16:50:44.000+01:00,S03,Elizabeth,busier,Paddington->Custom House,platform,910GTOTCTRD,Tottenham Court Road,full_psd,full_psd_line,7.851158142089844,8.484433174,8.713456153869629,23.04722595214844,783.0
commuta_readings_today_20260807_233732.csv,5372,2026-08-07,2026-08-07T16:50:54.000+01:00,S03,Elizabeth,busier,Paddington->Custom House,platform,910GTOTCTRD,Tottenham Court Road,full_psd,full_psd_line,8.662014961242676,9.371035576,9.636719703674316,23.11894416809082,762.0
commuta_readings_today_20260807_233732.csv,5373,2026-08-07,2026-08-07T16:51:04.000+01:00,S03,Elizabeth,busier,Paddington->Custom House,platform,910GTOTCTRD,Tottenham Court Road,full_psd,full_psd_line,9.345424652,10.145936012268066,10.477282524108888,23.283740997314453,739.0
commuta_readings_today_20260807_233732.csv,5374,2026-08-07,2026-08-07T16:51:14.000+01:00,S03,Elizabeth,busier,Paddington->Custom House,platform,910GTOTCTRD,Tottenham Court Road,full_psd,full_psd_line,9.427042961120604,10.262903213500977,10.632802963256836,23.288318634033203,717.0
commuta_readings_today_20260807_233732.csv,5375,2026-08-07,2026-08-07T16:51:24.000+01:00,S03,Elizabeth,busier,Paddington->Custom House,platform,910GTOTCTRD,Tottenham Court Road,full_psd,full_psd_line,10.198179244995115,11.168667793273926,11.652138710021973,23.43022727966309,701.0
commuta_readings_today_20260807_233732.csv,5376,2026-08-07,2026-08-07T16:51:34.000+01:00,S03,Elizabeth,busier,Paddington->Custom House,platform,910GTOTCTRD,Tottenham Court Road,full_psd,full_psd_line,10.773199081420898,11.855596542358398,12.43823528289795,23.44853973388672,688.0
commuta_readings_today_20260807_233732.csv,5377,2026-08-07,2026-08-07T16:51:44.000+01:00,S03,Elizabeth,busier,Paddington->Custom House,platform,910GTOTCTRD,Tottenham Court Road,full_psd,full_psd_line,10.866103172302246,11.956313133239746,12.542064666748049,23.49279022216797,681.0
commuta_readings_today_20260807_233732.csv,5378,2026-08-07,2026-08-07T16:51:54.000+01:00,S03,Elizabeth,busier,Paddington->Custom House,platform,910GTOTCTRD,Tottenham Court Road,full_psd,full_psd_line,10.364143371582031,11.410279273986816,11.976879119873049,23.59502601623535,671.0
commuta_readings_today_20260807_233732.csv,5379,2026-08-07,2026-08-07T16:52:05.000+01:00,S03,Elizabeth,busier,Paddington->Custom House,platform,910GTOTCTRD,Tottenham Court Road,full_psd,full_psd_line,9.441105842590332,10.394481658935549,10.911133766174316,23.59502601623535,660.0
commuta_readings_today_20260807_233732.csv,5380,2026-08-07,2026-08-07T16:52:14.000+01:00,S03,Elizabeth,busier,Paddington->Custom House,platform,910GTOTCTRD,Tottenham Court Road,full_psd,full_psd_line,9.284098625183104,10.247900009155272,10.78900433,23.697261810302734,647.0
commuta_readings_today_20260807_233732.csv,5381,2026-08-07,2026-08-07T16:52:24.000+01:00,S03,Elizabeth,busier,Paddington->Custom House,platform,910GTOTCTRD,Tottenham Court Road,full_psd,full_psd_line,8.854612350463867,9.797483444213867,10.343301773071287,23.709468841552734,637.0
commuta_readings_today_20260807_233732.csv,5382,2026-08-07,2026-08-07T16:52:34.000+01:00,S03,Elizabeth,busier,Paddington->Custom House,platform,910GTOTCTRD,Tottenham Court Road,full_psd,full_psd_line,9.240800857543944,10.231021881103516,10.808476448059082,23.714046478271484,635.0
commuta_readings_today_20260807_233732.csv,5383,2026-08-07,2026-08-07T16:52:44.000+01:00,S03,Elizabeth,busier,Paddington->Custom House,in_train,,,,full_psd_line,9.044533729553224,10.019908905029297,10.592876434326172,23.81017684936523,636.0
commuta_readings_today_20260807_233732.csv,5384,2026-08-07,2026-08-07T16:52:54.000+01:00,S03,Elizabeth,busier,Paddington->Custom House,in_train,,,,full_psd_line,7.622754573822021,8.447776794433594,8.934416770935059,23.855955123901367,637.0
commuta_readings_today_20260807_233732.csv,5385,2026-08-07,2026-08-07T16:53:05.000+01:00,S03,Elizabeth,busier,Paddington->Custom House,in_train,,,,full_psd_line,6.492607593536377,7.186046123504639,7.588883876800537,23.802547454833984,662.0
commuta_readings_today_20260807_233732.csv,5386,2026-08-07,2026-08-07T16:53:14.000+01:00,S03,Elizabeth,busier,Paddington->Custom House,in_train,,,,full_psd_line,5.977800369262695,6.602321147918701,6.955695629119873,23.52025604248047,713.0
commuta_readings_today_20260807_233732.csv,5387,2026-08-07,2026-08-07T16:53:24.000+01:00,S03,Elizabeth,busier,Paddington->Custom House,in_train,,,,full_psd_line,6.214092254638672,6.852956295013428,7.207291603088379,23.340200424194336,785.0
commuta_readings_today_20260807_233732.csv,5388,2026-08-07,2026-08-07T16:53:34.000+01:00,S03,Elizabeth,busier,Paddington->Custom House,in_train,,,,full_psd_line,7.373706340789795,8.126721382141113,8.540808678,23.262378692626953,849.0
commuta_readings_today_20260807_233732.csv,5389,2026-08-07,2026-08-07T16:53:44.000+01:00,S03,Elizabeth,busier,Paddington->Custom House,in_train,,,,full_psd_line,8.142084121704102,8.969103813171387,9.420729637145996,23.18455696105957,890.0
commuta_readings_today_20260807_233732.csv,5390,2026-08-07,2026-08-07T16:53:54.000+01:00,S03,Elizabeth,busier,Paddington->Custom House,in_train,,,,full_psd_line,7.727134704589844,8.495792388916016,8.904012680053711,23.07621955871582,940.0
commuta_readings_today_20260807_233732.csv,5391,2026-08-07,2026-08-07T16:54:04.000+01:00,S03,Elizabeth,busier,Paddington->Custom House,in_train,,,,full_psd_line,7.548280715942383,8.281396865844727,8.657849311828613,23.025863647460938,942.0
commuta_readings_today_20260807_233732.csv,5392,2026-08-07,2026-08-07T16:54:14.000+01:00,S03,Elizabeth,busier,Paddington->Custom House,in_train,,,,full_psd_line,7.767274379730225,8.523645401000977,8.913515090942383,22.938888549804688,945.0
commuta_readings_today_20260807_233732.csv,5393,2026-08-07,2026-08-07T16:54:24.000+01:00,S03,Elizabeth,busier,Paddington->Custom House,in_train,,,,full_psd_line,7.573135375976563,8.318174362182617,8.707823753356934,22.922101974487305,945.0
commuta_readings_today_20260807_233732.csv,5394,2026-08-07,2026-08-07T16:54:34.000+01:00,S03,Elizabeth,busier,Paddington->Custom House,in_train,,,,full_psd_line,6.757180690765381,7.424680709838867,7.775785446166992,22.946517944335938,949.0
commuta_readings_today_20260807_233732.csv,5395,2026-08-07,2026-08-07T16:54:44.000+01:00,S03,Elizabeth,busier,Paddington->Custom House,in_train,,,,full_psd_line,5.353955268859863,5.874546051025391,6.142311096191406,23.007553100585938,965.0
commuta_readings_today_20260807_233732.csv,5396,2026-08-07,2026-08-07T16:54:55.000+01:00,S03,Elizabeth,busier,Paddington->Custom House,in_train,,,,full_psd_line,4.980585575,5.457703590393066,5.697782039642334,23.00450134277344,1002.0
commuta_readings_today_20260807_233732.csv,5397,2026-08-07,2026-08-07T16:55:04.000+01:00,S03,Elizabeth,busier,Paddington->Custom House,in_train,,,,full_psd_line,5.000900745391846,5.483105182647705,5.728111267089844,23.05332946777344,1009.0
commuta_readings_today_20260807_233732.csv,5398,2026-08-07,2026-08-07T16:55:14.000+01:00,S03,Elizabeth,busier,Paddington->Custom House,in_train,,,,full_psd_line,4.763443470001221,5.229114055633545,5.470487594604492,23.08232307434082,1020.0
commuta_readings_today_20260807_233732.csv,5399,2026-08-07,2026-08-07T16:55:24.000+01:00,S03,Elizabeth,busier,Paddington->Custom House,in_train,,,,full_psd_line,4.822567462921143,5.294384479522705,5.539213657,23.054855346679688,1022.0
commuta_readings_today_20260807_233732.csv,5400,2026-08-07,2026-08-07T16:55:34.000+01:00,S03,Elizabeth,busier,Paddington->Custom House,in_train,,,,full_psd_line,5.2379984855651855,5.748338222503662,6.011589050292969,23.030441284179688,1029.0
commuta_readings_today_20260807_233732.csv,5401,2026-08-07,2026-08-07T16:55:44.000+01:00,S03,Elizabeth,busier,Paddington->Custom House,in_train,,,,full_psd_line,4.6937360763549805,5.146862030029297,5.377498626708984,22.934309005737305,1031.0
commuta_readings_today_20260807_233732.csv,5402,2026-08-07,2026-08-07T16:55:54.000+01:00,S03,Elizabeth,busier,Paddington->Custom House,platform,910GFRNDXR,Farringdon,full_psd,full_psd_line,13.69587230682373,15.01039981842041,15.673755645751951,22.856489181518555,1032.0
commuta_readings_today_20260807_233732.csv,5403,2026-08-07,2026-08-07T16:56:04.000+01:00,S03,Elizabeth,busier,Paddington->Custom House,platform,910GFRNDXR,Farringdon,full_psd,full_psd_line,12.95169734954834,14.23174763,14.905516624450684,23.212024688720703,1031.0
commuta_readings_today_20260807_233732.csv,5404,2026-08-07,2026-08-07T16:56:14.000+01:00,S03,Elizabeth,busier,Paddington->Custom House,platform,910GFRNDXR,Farringdon,full_psd,full_psd_line,12.78707790374756,14.08367634,14.790145874023438,23.715572357177734,1022.0
commuta_readings_today_20260807_233732.csv,5405,2026-08-07,2026-08-07T16:56:24.000+01:00,S03,Elizabeth,busier,Paddington->Custom House,platform,910GFRNDXR,Farringdon,full_psd,full_psd_line,12.281105995178224,13.54526138305664,14.247493743896484,24.115358352661133,1001.0
commuta_readings_today_20260807_233732.csv,5406,2026-08-07,2026-08-07T16:56:34.000+01:00,S03,Elizabeth,busier,Paddington->Custom House,platform,910GFRNDXR,Farringdon,full_psd,full_psd_line,13.206792831420898,14.620336532592772,15.44353485107422,24.29846572875977,972.0
commuta_readings_today_20260807_233732.csv,5407,2026-08-07,2026-08-07T16:56:44.000+01:00,S03,Elizabeth,busier,Paddington->Custom House,platform,910GFRNDXR,Farringdon,full_psd,full_psd_line,13.428072929382324,14.942950248718262,15.877581596374512,24.49225616455078,931.0
commuta_readings_today_20260807_233732.csv,5408,2026-08-07,2026-08-07T16:56:54.000+01:00,S03,Elizabeth,busier,Paddington->Custom House,platform,910GFRNDXR,Farringdon,full_psd,full_psd_line,14.211349487304688,15.957520484924316,17.126394271850586,24.644845962524418,904.0
commuta_readings_today_20260807_233732.csv,5409,2026-08-07,2026-08-07T16:57:05.000+01:00,S03,Elizabeth,busier,Paddington->Custom House,platform,910GFRNDXR,Farringdon,full_psd,full_psd_line,15.736812591552734,17.804685592651367,19.26785469055176,24.753185272216797,872.0
commuta_readings_today_20260807_233732.csv,5410,2026-08-07,2026-08-07T16:57:14.000+01:00,S03,Elizabeth,busier,Paddington->Custom House,platform,910GFRNDXR,Farringdon,full_psd,full_psd_line,16.287368774414062,18.534664154052734,20.183671951293945,24.92713737487793,856.0
commuta_readings_today_20260807_233732.csv,5411,2026-08-07,2026-08-07T16:57:24.000+01:00,S03,Elizabeth,busier,Paddington->Custom House,platform,910GFRNDXR,Farringdon,full_psd,full_psd_line,17.13262367248535,19.680339813232425,21.646034240722656,24.91035270690918,839.0
commuta_readings_today_20260807_233732.csv,5412,2026-08-07,2026-08-07T16:57:34.000+01:00,S03,Elizabeth,busier,Paddington->Custom House,platform,910GFRNDXR,Farringdon,full_psd,full_psd_line,17.36966896057129,20.07776260375977,22.22799301147461,24.97596740722656,826.0
commuta_readings_today_20260807_233732.csv,5413,2026-08-07,2026-08-07T16:57:44.000+01:00,S03,Elizabeth,busier,Paddington->Custom House,platform,910GFRNDXR,Farringdon,full_psd,full_psd_line,17.00231934,19.815031051635746,22.12335777282715,25.021743774414062,815.0
commuta_readings_today_20260807_233732.csv,5414,2026-08-07,2026-08-07T16:57:54.000+01:00,S03,Elizabeth,busier,Paddington->Custom House,platform,910GFRNDXR,Farringdon,full_psd,full_psd_line,16.773263931274414,19.600276947021484,21.94314193725586,25.152971267700195,811.0
commuta_readings_today_20260807_233732.csv,5415,2026-08-07,2026-08-07T16:58:04.000+01:00,S03,Elizabeth,busier,Paddington->Custom House,platform,910GFRNDXR,Farringdon,full_psd,full_psd_line,16.822092056274414,19.62440490722656,21.932682037353516,25.230792999267575,806.0
commuta_readings_today_20260807_233732.csv,5416,2026-08-07,2026-08-07T16:58:14.000+01:00,S03,Elizabeth,busier,Paddington->Custom House,platform,910GFRNDXR,Farringdon,full_psd,full_psd_line,16.00029182434082,18.66059303283691,20.84967613220215,25.262836456298828,799.0
commuta_readings_today_20260807_233732.csv,5417,2026-08-07,2026-08-07T16:58:24.000+01:00,S03,Elizabeth,busier,Paddington->Custom House,platform,910GFRNDXR,Farringdon,full_psd,full_psd_line,15.879956245422363,18.522445678710938,20.69782829284668,25.279621124267575,798.0
commuta_readings_today_20260807_233732.csv,5418,2026-08-07,2026-08-07T16:58:34.000+01:00,S03,Elizabeth,busier,Paddington->Custom House,platform,910GFRNDXR,Farringdon,full_psd,full_psd_line,15.698934555053713,18.37695313,20.610084533691406,25.464256286621097,799.0
commuta_readings_today_20260807_233732.csv,5419,2026-08-07,2026-08-07T16:58:44.000+01:00,S03,Elizabeth,busier,Paddington->Custom House,platform,910GFRNDXR,Farringdon,full_psd,full_psd_line,18.48837661743164,21.69822883605957,24.398561477661133,25.485618591308594,798.0
commuta_readings_today_20260807_233732.csv,5420,2026-08-07,2026-08-07T16:58:54.000+01:00,S03,Elizabeth,busier,Paddington->Custom House,platform,910GFRNDXR,Farringdon,full_psd,full_psd_line,21.007143020629883,24.859134674072266,28.18493652,25.477989196777344,798.0
commuta_readings_today_20260807_233732.csv,5421,2026-08-07,2026-08-07T16:59:04.000+01:00,S03,Elizabeth,busier,Paddington->Custom House,in_train,,,,full_psd_line,15.617180824279783,18.53262710571289,21.07022476196289,25.583276748657227,804.0
commuta_readings_today_20260807_233732.csv,5422,2026-08-07,2026-08-07T16:59:15.000+01:00,S03,Elizabeth,busier,Paddington->Custom House,in_train,,,,full_psd_line,9.880413055419922,11.69491481781006,13.262642860412598,25.79232406616211,823.0
commuta_readings_today_20260807_233732.csv,5423,2026-08-07,2026-08-07T16:59:24.000+01:00,S03,Elizabeth,busier,Paddington->Custom House,in_train,,,,full_psd_line,7.969136238098144,9.384635925292969,10.58874225616455,25.91134452819824,881.0
commuta_readings_today_20260807_233732.csv,5424,2026-08-07,2026-08-07T16:59:34.000+01:00,S03,Elizabeth,busier,Paddington->Custom House,in_train,,,,full_psd_line,7.463652134,8.729516983032227,9.781986236572266,26.20889663696289,971.0
commuta_readings_today_20260807_233732.csv,5425,2026-08-07,2026-08-07T16:59:44.000+01:00,S03,Elizabeth,busier,Paddington->Custom House,in_train,,,,full_psd_line,7.679527282714844,8.929552078,9.946505546569824,26.372167587280273,1096.0
commuta_readings_today_20260807_233732.csv,5426,2026-08-07,2026-08-07T16:59:54.000+01:00,S03,Elizabeth,busier,Paddington->Custom House,in_train,,,,full_psd_line,7.913001537322998,9.155624389648438,10.146400451660156,26.512550354003903,1217.0
commuta_readings_today_20260807_233732.csv,5427,2026-08-07,2026-08-07T17:00:04.000+01:00,S03,Elizabeth,busier,Paddington->Custom House,in_train,,,,full_psd_line,7.833593368530273,9.002397537231445,9.906086921691896,26.58274269104004,1299.0
commuta_readings_today_20260807_233732.csv,5428,2026-08-07,2026-08-07T17:00:14.000+01:00,S03,Elizabeth,busier,Paddington->Custom House,in_train,,,,full_psd_line,8.101675033569336,9.247448921203612,10.102810859680176,26.768901824951172,1377.0
commuta_readings_today_20260807_233732.csv,5429,2026-08-07,2026-08-07T17:00:24.000+01:00,S03,Elizabeth,busier,Paddington->Custom House,in_train,,,,full_psd_line,8.236195564,9.316853523254396,10.080615997314451,26.840620040893555,1433.0
commuta_readings_today_20260807_233732.csv,5430,2026-08-07,2026-08-07T17:00:34.000+01:00,S03,Elizabeth,busier,Paddington->Custom House,in_train,,,,full_psd_line,8.142472267150879,9.141530037,9.809453964233398,27.01914978027344,1480.0
commuta_readings_today_20260807_233732.csv,5431,2026-08-07,2026-08-07T17:00:44.000+01:00,S03,Elizabeth,busier,Paddington->Custom House,in_train,,,,full_psd_line,8.462604522705078,9.478148460388184,10.143672943115234,27.08476448059082,1556.0
commuta_readings_today_20260807_233732.csv,5432,2026-08-07,2026-08-07T17:00:54.000+01:00,S03,Elizabeth,busier,Paddington->Custom House,in_train,,,,full_psd_line,8.221961021,9.214319229125977,9.868077278137209,27.313650131225582,1594.0
commuta_readings_today_20260807_233732.csv,5443,2026-08-07,2026-08-07T17:02:44.000+01:00,S03,Elizabeth,busier,Paddington->Custom House,in_train,,,,full_psd_line,6.385694980621338,6.983997821807861,7.274934292,31.35576438903809,1954.0
commuta_readings_today_20260807_233732.csv,5444,2026-08-07,2026-08-07T17:02:54.000+01:00,S03,Elizabeth,busier,Paddington->Custom House,platform,910GLIVSTLL,Liverpool Street,full_psd,full_psd_line,30.462060928344727,33.28164291381836,34.62607192993164,31.50988006591797,1967.0
commuta_readings_today_20260807_233732.csv,5445,2026-08-07,2026-08-07T17:03:05.000+01:00,S03,Elizabeth,busier,Paddington->Custom House,platform,910GLIVSTLL,Liverpool Street,full_psd,full_psd_line,31.79921531677246,35.00018310546875,36.72756576538086,30.815595626831055,1940.0
commuta_readings_today_20260807_233732.csv,5446,2026-08-07,2026-08-07T17:03:14.000+01:00,S03,Elizabeth,busier,Paddington->Custom House,platform,910GLIVSTLL,Liverpool Street,full_psd,full_psd_line,32.60429382324219,36.38557815551758,38.78450393676758,30.457008361816406,1820.0
commuta_readings_today_20260807_233732.csv,5447,2026-08-07,2026-08-07T17:03:24.000+01:00,S03,Elizabeth,busier,Paddington->Custom House,platform,910GLIVSTLL,Liverpool Street,full_psd,full_psd_line,30.258878707885746,34.26414108276367,37.11418151855469,30.011444091796875,1687.0
commuta_readings_today_20260807_233732.csv,5448,2026-08-07,2026-08-07T17:03:34.000+01:00,S03,Elizabeth,busier,Paddington->Custom House,platform,910GLIVSTLL,Liverpool Street,full_psd,full_psd_line,28.272783279418945,32.3357048,35.40175247192383,29.669641494750977,1559.0
commuta_readings_today_20260807_233732.csv,5449,2026-08-07,2026-08-07T17:03:44.000+01:00,S03,Elizabeth,busier,Paddington->Custom House,platform,910GLIVSTLL,Liverpool Street,full_psd,full_psd_line,25.466482162475582,29.22092056274414,32.101837158203125,29.32631492614746,1428.0
commuta_readings_today_20260807_233732.csv,5450,2026-08-07,2026-08-07T17:03:55.000+01:00,S03,Elizabeth,busier,Paddington->Custom House,platform,910GLIVSTLL,Liverpool Street,full_psd,full_psd_line,22.52873992919922,26.028764724731445,28.802045822143555,28.96009826660156,1328.0
commuta_readings_today_20260807_233732.csv,5451,2026-08-07,2026-08-07T17:04:04.000+01:00,S03,Elizabeth,busier,Paddington->Custom House,platform,910GLIVSTLL,Liverpool Street,full_psd,full_psd_line,21.38693046569824,24.983722686767575,27.961183547973633,28.39551353,1174.0
commuta_readings_today_20260807_233732.csv,5452,2026-08-07,2026-08-07T17:04:14.000+01:00,S03,Elizabeth,busier,Paddington->Custom House,platform,910GLIVSTLL,Liverpool Street,full_psd,full_psd_line,22.120925903320312,25.960174560546875,29.189468383789062,28.19714736938477,1089.0
commuta_readings_today_20260807_233732.csv,5453,2026-08-07,2026-08-07T17:04:24.000+01:00,S03,Elizabeth,busier,Paddington->Custom House,platform,910GLIVSTLL,Liverpool Street,full_psd,full_psd_line,22.70168685913086,26.64447975158691,29.962017059326172,27.98962402,1024.0
commuta_readings_today_20260807_233732.csv,5454,2026-08-07,2026-08-07T17:04:34.000+01:00,S03,Elizabeth,busier,Paddington->Custom House,platform,910GLIVSTLL,Liverpool Street,full_psd,full_psd_line,23.60602378845215,28.025175094604492,31.876359939575195,27.785152435302734,974.0
commuta_readings_today_20260807_233732.csv,5455,2026-08-07,2026-08-07T17:04:44.000+01:00,S03,Elizabeth,busier,Paddington->Custom House,platform,910GLIVSTLL,Liverpool Street,full_psd,full_psd_line,22.38340187072754,26.75156021118164,30.62696647644043,27.756160736083984,936.0
commuta_readings_today_20260807_233732.csv,5456,2026-08-07,2026-08-07T17:04:54.000+01:00,S03,Elizabeth,busier,Paddington->Custom House,platform,910GLIVSTLL,Liverpool Street,full_psd,full_psd_line,22.18241310119629,26.439950942993164,30.19077491760254,27.695125579833984,906.0
commuta_readings_today_20260807_233732.csv,5457,2026-08-07,2026-08-07T17:05:04.000+01:00,S03,Elizabeth,busier,Paddington->Custom House,platform,910GLIVSTLL,Liverpool Street,full_psd,full_psd_line,20.68547821044922,24.599626541137695,28.02682876586914,27.70275497436523,882.0
commuta_readings_today_20260807_233732.csv,5458,2026-08-07,2026-08-07T17:05:14.000+01:00,S03,Elizabeth,busier,Paddington->Custom House,platform,910GLIVSTLL,Liverpool Street,full_psd,full_psd_line,20.496763229370117,24.231603622436523,27.446975708007812,27.63256264,870.0
commuta_readings_today_20260807_233732.csv,5459,2026-08-07,2026-08-07T17:05:24.000+01:00,S03,Elizabeth,busier,Paddington->Custom House,platform,910GLIVSTLL,Liverpool Street,full_psd,full_psd_line,20.421388626098633,23.87561607,26.743574142456055,27.63714027404785,862.0
commuta_readings_today_20260807_233732.csv,5460,2026-08-07,2026-08-07T17:05:34.000+01:00,S03,Elizabeth,busier,Paddington->Custom House,platform,910GLIVSTLL,Liverpool Street,full_psd,full_psd_line,20.953542709350582,24.36366081237793,27.13770103,27.54863739013672,854.0
commuta_readings_today_20260807_233732.csv,5461,2026-08-07,2026-08-07T17:05:44.000+01:00,S03,Elizabeth,busier,Paddington->Custom House,platform,910GLIVSTLL,Liverpool Street,full_psd,full_psd_line,22.43977165222168,26.076068878173828,29.027128219604492,27.56542397,848.0
commuta_readings_today_20260807_233732.csv,5462,2026-08-07,2026-08-07T17:05:55.000+01:00,S03,Elizabeth,busier,Paddington->Custom House,platform,910GLIVSTLL,Liverpool Street,full_psd,full_psd_line,25.25006103515625,29.18541145324707,32.309452056884766,27.49675750732422,847.0
commuta_readings_today_20260807_233732.csv,5463,2026-08-07,2026-08-07T17:06:04.000+01:00,S03,Elizabeth,busier,Paddington->Custom House,platform,910GLIVSTLL,Liverpool Street,full_psd,full_psd_line,26.963871002197266,31.431224822998047,35.100406646728516,27.429616928100582,847.0
commuta_readings_today_20260807_233732.csv,5464,2026-08-07,2026-08-07T17:06:14.000+01:00,S03,Elizabeth,busier,Paddington->Custom House,platform,910GLIVSTLL,Liverpool Street,full_psd,full_psd_line,28.040035247802734,33.13500977,37.51563262939453,27.35332298278809,847.0
commuta_readings_today_20260807_233732.csv,5465,2026-08-07,2026-08-07T17:06:24.000+01:00,S03,Elizabeth,busier,Paddington->Custom House,platform,910GLIVSTLL,Liverpool Street,full_psd,full_psd_line,28.301921844482425,33.67378234863281,38.383644104003906,27.275501251220703,847.0
commuta_readings_today_20260807_233732.csv,5466,2026-08-07,2026-08-07T17:06:34.000+01:00,S03,Elizabeth,busier,Paddington->Custom House,platform,910GLIVSTLL,Liverpool Street,full_psd,full_psd_line,28.32800865,34.092342376708984,39.29384231567383,27.289234161376953,848.0
commuta_readings_today_20260807_233732.csv,5467,2026-08-07,2026-08-07T17:06:44.000+01:00,S03,Elizabeth,busier,Paddington->Custom House,platform,910GLIVSTLL,Liverpool Street,full_psd,full_psd_line,26.411699295043945,32.03254318237305,37.19206619262695,27.31670188903809,848.0
commuta_readings_today_20260807_233732.csv,5468,2026-08-07,2026-08-07T17:06:54.000+01:00,S03,Elizabeth,busier,Paddington->Custom House,platform,910GLIVSTLL,Liverpool Street,full_psd,full_psd_line,24.20547866821289,29.420637130737305,34.22944259643555,27.437246322631836,849.0
commuta_readings_today_20260807_233732.csv,5469,2026-08-07,2026-08-07T17:07:04.000+01:00,S03,Elizabeth,busier,Paddington->Custom House,platform,910GLIVSTLL,Liverpool Street,full_psd,full_psd_line,23.307388305664062,28.194564819335938,32.65584945678711,27.46929168701172,854.0
commuta_readings_today_20260807_233732.csv,5470,2026-08-07,2026-08-07T17:07:14.000+01:00,S03,Elizabeth,busier,Paddington->Custom House,platform,910GLIVSTLL,Liverpool Street,full_psd,full_psd_line,22.2003231,26.733139038085938,30.828819274902344,27.57610511779785,870.0
commuta_readings_today_20260807_233732.csv,5472,2026-08-07,2026-08-07T17:07:34.000+01:00,S03,Elizabeth,busier,Paddington->Custom House,platform,910GLIVSTLL,Liverpool Street,full_psd,full_psd_line,22.408100128173828,27.477298736572266,32.232444763183594,27.55016326904297,887.0
commuta_readings_today_20260807_233732.csv,5473,2026-08-07,2026-08-07T17:07:44.000+01:00,S03,Elizabeth,busier,Paddington->Custom House,platform,910GLIVSTLL,Liverpool Street,full_psd,full_psd_line,22.415374755859375,27.669265747070312,32.65612030029297,27.406728744506836,888.0
commuta_readings_today_20260807_233732.csv,5474,2026-08-07,2026-08-07T17:07:55.000+01:00,S03,Elizabeth,busier,Paddington->Custom House,platform,910GLIVSTLL,Liverpool Street,full_psd,full_psd_line,22.178064346313477,27.37456703186035,32.30641174316406,27.35332298278809,889.0
commuta_readings_today_20260807_233732.csv,5475,2026-08-07,2026-08-07T17:08:04.000+01:00,S03,Elizabeth,busier,Paddington->Custom House,platform,910GLIVSTLL,Liverpool Street,full_psd,full_psd_line,21.938108444213867,26.941265106201172,31.64732360839844,27.246509552001953,888.0
commuta_readings_today_20260807_233732.csv,5476,2026-08-07,2026-08-07T17:08:14.000+01:00,S03,Elizabeth,busier,Paddington->Custom House,platform,910GLIVSTLL,Liverpool Street,full_psd,full_psd_line,21.36347198486328,26.196762084960938,30.730749130249023,27.209888458251953,886.0
commuta_readings_today_20260807_233732.csv,5477,2026-08-07,2026-08-07T17:08:24.000+01:00,S03,Elizabeth,busier,Paddington->Custom House,platform,910GLIVSTLL,Liverpool Street,full_psd,full_psd_line,21.24154281616211,26.129169464111328,30.740283966064453,27.18242073059082,885.0
commuta_readings_today_20260807_233732.csv,5478,2026-08-07,2026-08-07T17:08:34.000+01:00,S03,Elizabeth,busier,Paddington->Custom House,platform,910GLIVSTLL,Liverpool Street,full_psd,full_psd_line,19.927906036376953,24.586244583129883,29.00395965576172,27.309070587158203,886.0
commuta_readings_today_20260807_233732.csv,5479,2026-08-07,2026-08-07T17:08:44.000+01:00,S03,Elizabeth,busier,Paddington->Custom House,platform,910GLIVSTLL,Liverpool Street,full_psd,full_psd_line,18.709861755371097,23.00233268737793,27.048004150390625,27.336538314819336,888.0
commuta_readings_today_20260807_233732.csv,5480,2026-08-07,2026-08-07T17:08:54.000+01:00,S03,Elizabeth,busier,Paddington->Custom House,platform,910GLIVSTLL,Liverpool Street,full_psd,full_psd_line,18.43798256,22.607940673828125,26.519197463989254,27.45098114013672,896.0
commuta_readings_today_20260807_233732.csv,5481,2026-08-07,2026-08-07T17:09:04.000+01:00,S03,Elizabeth,busier,Paddington->Custom House,platform,910GLIVSTLL,Liverpool Street,full_psd,full_psd_line,18.494657516479492,22.553325653076172,26.320547103881836,27.45708465576172,908.0
commuta_readings_today_20260807_233732.csv,5482,2026-08-07,2026-08-07T17:09:14.000+01:00,S03,Elizabeth,busier,Paddington->Custom House,platform,910GLIVSTLL,Liverpool Street,full_psd,full_psd_line,18.53373336791992,22.528339385986328,26.212177276611328,27.48455047607422,929.0
commuta_readings_today_20260807_233732.csv,5483,2026-08-07,2026-08-07T17:09:24.000+01:00,S03,Elizabeth,busier,Paddington->Custom House,platform,910GLIVSTLL,Liverpool Street,full_psd,full_psd_line,17.83134651184082,21.58325768,25.012676239013672,27.53795623779297,948.0
commuta_readings_today_20260807_233732.csv,5484,2026-08-07,2026-08-07T17:09:34.000+01:00,S03,Elizabeth,busier,Paddington->Custom House,platform,910GLIVSTLL,Liverpool Street,full_psd,full_psd_line,17.458650588989258,21.09173583984375,24.39866828918457,27.65239906311035,971.0
commuta_readings_today_20260807_233732.csv,5485,2026-08-07,2026-08-07T17:09:44.000+01:00,S03,Elizabeth,busier,Paddington->Custom House,platform,910GLIVSTLL,Liverpool Street,full_psd,full_psd_line,17.52428436279297,21.04326820373535,24.201984405517575,27.68139076,987.0
commuta_readings_today_20260807_233732.csv,5486,2026-08-07,2026-08-07T17:09:55.000+01:00,S03,Elizabeth,busier,Paddington->Custom House,platform,910GLIVSTLL,Liverpool Street,full_psd,full_psd_line,18.531484603881836,22.084209442138672,25.21257209777832,27.759212493896484,1008.0
commuta_readings_today_20260807_233732.csv,5487,2026-08-07,2026-08-07T17:10:04.000+01:00,S03,Elizabeth,busier,Paddington->Custom House,platform,910GLIVSTLL,Liverpool Street,full_psd,full_psd_line,18.916858673095703,22.413000106811523,25.442373275756836,27.785152435302734,1027.0
commuta_readings_today_20260807_233732.csv,5488,2026-08-07,2026-08-07T17:10:14.000+01:00,S03,Elizabeth,busier,Paddington->Custom House,platform,910GLIVSTLL,Liverpool Street,full_psd,full_psd_line,18.79340171813965,22.039396286010746,24.763137817382812,27.754634857177734,1043.0
commuta_readings_today_20260807_233732.csv,5489,2026-08-07,2026-08-07T17:10:24.000+01:00,S03,Elizabeth,busier,Paddington->Custom House,platform,910GLIVSTLL,Liverpool Street,full_psd,full_psd_line,18.310760498046875,21.33997917175293,23.82601547241211,27.78820419311523,1055.0
commuta_readings_today_20260807_233732.csv,5490,2026-08-07,2026-08-07T17:10:34.000+01:00,S03,Elizabeth,busier,Paddington->Custom House,platform,910GLIVSTLL,Liverpool Street,full_psd,full_psd_line,17.933156967163086,20.846574783325195,23.214282989501953,27.740901947021484,1063.0
commuta_readings_today_20260807_233732.csv,5491,2026-08-07,2026-08-07T17:10:44.000+01:00,S03,Elizabeth,busier,Paddington->Custom House,platform,910GLIVSTLL,Liverpool Street,full_psd,full_psd_line,16.615795135498047,19.342239379882812,21.57002067565918,27.80041122436523,1073.0
commuta_readings_today_20260807_233732.csv,5492,2026-08-07,2026-08-07T17:10:54.000+01:00,S03,Elizabeth,busier,Paddington->Custom House,platform,910GLIVSTLL,Liverpool Street,full_psd,full_psd_line,15.994860649108888,18.736957550048828,21.029285430908203,27.896543502807617,1096.0
commuta_readings_today_20260807_233732.csv,5493,2026-08-07,2026-08-07T17:11:04.000+01:00,S03,Elizabeth,busier,Paddington->Custom House,platform,910GLIVSTLL,Liverpool Street,full_psd,full_psd_line,15.634915351867676,18.38847923278809,20.72123908996582,28.081178665161133,1112.0
commuta_readings_today_20260807_233732.csv,5494,2026-08-07,2026-08-07T17:11:14.000+01:00,S03,Elizabeth,busier,Paddington->Custom House,platform,910GLIVSTLL,Liverpool Street,full_psd,full_psd_line,14.601289749145508,17.13397789001465,19.263681411743164,28.32837486,1124.0
commuta_readings_today_20260807_233732.csv,5495,2026-08-07,2026-08-07T17:11:24.000+01:00,S03,Elizabeth,busier,Paddington->Custom House,platform,910GLIVSTLL,Liverpool Street,full_psd,full_psd_line,13.871747970581056,16.306964874267578,18.36681747436523,28.61371803283691,1131.0
commuta_readings_today_20260807_233732.csv,5496,2026-08-07,2026-08-07T17:11:34.000+01:00,S03,Elizabeth,busier,Paddington->Custom House,platform,910GLIVSTLL,Liverpool Street,full_psd,full_psd_line,14.033294677734377,16.61535072,18.848169326782227,28.809032440185547,1134.0
commuta_readings_today_20260807_233732.csv,5497,2026-08-07,2026-08-07T17:11:44.000+01:00,S03,Elizabeth,busier,Paddington->Custom House,platform,910GLIVSTLL,Liverpool Street,full_psd,full_psd_line,14.32496452331543,17.00225830078125,19.333763122558594,28.82124137878418,1136.0
commuta_readings_today_20260807_233732.csv,5498,2026-08-07,2026-08-07T17:11:55.000+01:00,S03,Elizabeth,busier,Paddington->Custom House,platform,910GLIVSTLL,Liverpool Street,full_psd,full_psd_line,14.334503173828123,17.05675697,19.44410514831543,28.747997283935547,1137.0
commuta_readings_today_20260807_233732.csv,5499,2026-08-07,2026-08-07T17:12:04.000+01:00,S03,Elizabeth,busier,Paddington->Custom House,platform,910GLIVSTLL,Liverpool Street,full_psd,full_psd_line,13.153955459594728,15.64444637298584,17.825664520263672,28.66864967346191,1140.0
commuta_readings_today_20260807_233732.csv,5500,2026-08-07,2026-08-07T17:12:14.000+01:00,S03,Elizabeth,busier,Paddington->Custom House,platform,910GLIVSTLL,Liverpool Street,full_psd,full_psd_line,12.607274055480955,14.941537857055664,16.965803146362305,28.56488990783691,1144.0
commuta_readings_today_20260807_233732.csv,5501,2026-08-07,2026-08-07T17:12:24.000+01:00,S03,Elizabeth,busier,Paddington->Custom House,platform,910GLIVSTLL,Liverpool Street,full_psd,full_psd_line,13.08657169342041,15.486720085144045,17.559206008911133,28.586252212524418,1143.0
commuta_readings_today_20260807_233732.csv,5502,2026-08-07,2026-08-07T17:17:46.000+01:00,S03,Elizabeth,busier,Paddington->Custom House,in_train,,,,full_psd_line,10.496880531311035,13.481499671936035,16.476043701171875,28.622873306274418,1211.0
commuta_readings_today_20260807_233732.csv,5503,2026-08-07,2026-08-07T17:17:56.000+01:00,S03,Elizabeth,busier,Paddington->Custom House,in_train,,,,full_psd_line,10.117006301879885,12.868462562561035,15.597264289855955,29.182878494262695,1340.0
commuta_readings_today_20260807_233732.csv,5504,2026-08-07,2026-08-07T17:18:06.000+01:00,S03,Elizabeth,busier,Paddington->Custom House,in_train,,,,full_psd_line,9.636165618896484,12.101346969604492,14.504916191101074,29.532310485839844,1445.0
commuta_readings_today_20260807_233732.csv,5505,2026-08-07,2026-08-07T17:18:16.000+01:00,S03,Elizabeth,busier,Paddington->Custom House,in_train,,,,full_psd_line,9.361071586608888,11.607110023498535,13.754992485046388,29.77035140991211,1502.0
commuta_readings_today_20260807_233732.csv,5506,2026-08-07,2026-08-07T17:18:26.000+01:00,S03,Elizabeth,busier,Paddington->Custom House,in_train,,,,full_psd_line,9.255744934082031,11.329825401306152,13.269094467163086,29.947357177734375,1512.0
commuta_readings_today_20260807_233732.csv,5507,2026-08-07,2026-08-07T17:18:36.000+01:00,S03,Elizabeth,busier,Paddington->Custom House,in_train,,,,full_psd_line,9.365944862365724,11.34057903289795,13.146841049194336,30.22812271118164,1514.0
commuta_readings_today_20260807_233732.csv,5508,2026-08-07,2026-08-07T17:18:46.000+01:00,S03,Elizabeth,busier,Paddington->Custom House,in_train,,,,full_psd_line,9.571626663208008,11.47720718383789,13.181774139404297,30.363927841186523,1515.0
commuta_readings_today_20260807_233732.csv,5509,2026-08-07,2026-08-07T17:18:56.000+01:00,S03,Elizabeth,busier,Paddington->Custom House,in_train,,,,full_psd_line,9.715932846069336,11.572423934936523,13.204835891723633,30.56992530822754,1525.0
commuta_readings_today_20260807_233732.csv,5510,2026-08-07,2026-08-07T17:19:06.000+01:00,S03,Elizabeth,busier,Paddington->Custom House,in_train,,,,full_psd_line,9.449563026428224,11.194613456726074,12.70614242553711,30.68284034729004,1525.0
commuta_readings_today_20260807_233732.csv,5511,2026-08-07,2026-08-07T17:19:16.000+01:00,S03,Elizabeth,busier,Paddington->Custom House,in_train,,,,full_psd_line,9.202206612,10.83459758758545,12.222332954406738,30.67978858947754,1523.0
commuta_readings_today_20260807_233732.csv,5512,2026-08-07,2026-08-07T17:19:26.000+01:00,S03,Elizabeth,busier,Paddington->Custom House,platform,910GWCHAPXR,Whitechapel,full_psd,full_psd_line,8.917758942,10.427142143249512,11.680755615234377,30.826276779174805,1516.0
commuta_readings_today_20260807_233732.csv,5513,2026-08-07,2026-08-07T17:19:36.000+01:00,S03,Elizabeth,busier,Paddington->Custom House,platform,910GWCHAPXR,Whitechapel,full_psd,full_psd_line,6.165647983551025,7.175670146942139,8.000219345092773,29.819181442260746,1438.0
commuta_readings_today_20260807_233732.csv,5514,2026-08-07,2026-08-07T17:19:46.000+01:00,S03,Elizabeth,busier,Paddington->Custom House,platform,910GWCHAPXR,Whitechapel,full_psd,full_psd_line,4.547555446624756,5.2724738121032715,5.855435371398926,29.059280395507812,1329.0
commuta_readings_today_20260807_233732.csv,5515,2026-08-07,2026-08-07T17:19:56.000+01:00,S03,Elizabeth,busier,Paddington->Custom House,platform,910GWCHAPXR,Whitechapel,full_psd,full_psd_line,4.0081892013549805,4.648521900177002,5.164093017578125,28.65033912658691,1224.0
commuta_readings_today_20260807_233732.csv,5516,2026-08-07,2026-08-07T17:20:06.000+01:00,S03,Elizabeth,busier,Paddington->Custom House,platform,910GWCHAPXR,Whitechapel,full_psd,full_psd_line,3.503825426101685,4.071191787719727,4.531454563140869,28.38788414001465,1131.0
commuta_readings_today_20260807_233732.csv,5517,2026-08-07,2026-08-07T17:20:16.000+01:00,S03,Elizabeth,busier,Paddington->Custom House,platform,910GWCHAPXR,Whitechapel,full_psd,full_psd_line,3.4059383869171143,3.9751334190368657,4.444768905639648,28.25818252563477,1061.0
commuta_readings_today_20260807_233732.csv,5518,2026-08-07,2026-08-07T17:20:26.000+01:00,S03,Elizabeth,busier,Paddington->Custom House,platform,910GWCHAPXR,Whitechapel,full_psd,full_psd_line,3.811469078063965,4.455503463745117,4.989943027496338,28.130006790161133,1004.0
commuta_readings_today_20260807_233732.csv,5519,2026-08-07,2026-08-07T17:20:36.000+01:00,S03,Elizabeth,busier,Paddington->Custom House,platform,910GWCHAPXR,Whitechapel,full_psd,full_psd_line,3.696404457092285,4.311533451080322,4.817941188812256,28.110170364379883,965.0
commuta_readings_today_20260807_233732.csv,5520,2026-08-07,2026-08-07T17:20:46.000+01:00,S03,Elizabeth,busier,Paddington->Custom House,platform,910GWCHAPXR,Whitechapel,full_psd,full_psd_line,3.1748061180114746,3.707662343978882,4.148304462432861,27.95452880859375,938.0
commuta_readings_today_20260807_233732.csv,5521,2026-08-07,2026-08-07T17:20:56.000+01:00,S03,Elizabeth,busier,Paddington->Custom House,platform,910GWCHAPXR,Whitechapel,full_psd,full_psd_line,3.072434186935425,3.5848746299743652,4.007242202758789,27.913328170776367,910.0
commuta_readings_today_20260807_233732.csv,5522,2026-08-07,2026-08-07T17:21:06.000+01:00,S03,Elizabeth,busier,Paddington->Custom House,platform,910GWCHAPXR,Whitechapel,full_psd,full_psd_line,3.626685143,4.226555347442627,4.718813419342041,27.858396530151367,885.0
commuta_readings_today_20260807_233732.csv,5523,2026-08-07,2026-08-07T17:21:16.000+01:00,S03,Elizabeth,busier,Paddington->Custom House,platform,910GWCHAPXR,Whitechapel,full_psd,full_psd_line,3.4844141006469727,4.059953689575195,4.531896591186523,27.830930709838867,879.0
commuta_readings_today_20260807_233732.csv,5524,2026-08-07,2026-08-07T17:21:26.000+01:00,S03,Elizabeth,busier,Paddington->Custom House,platform,910GWCHAPXR,Whitechapel,full_psd,full_psd_line,3.658231258392334,4.276039123535156,4.788573741912842,27.843137741088867,875.0
commuta_readings_today_20260807_233732.csv,5525,2026-08-07,2026-08-07T17:21:36.000+01:00,S03,Elizabeth,busier,Paddington->Custom House,platform,910GWCHAPXR,Whitechapel,full_psd,full_psd_line,4.2000226974487305,4.927822589874268,5.539517402648926,27.795833587646484,868.0
commuta_readings_today_20260807_233732.csv,5526,2026-08-07,2026-08-07T17:21:46.000+01:00,S03,Elizabeth,busier,Paddington->Custom House,platform,910GWCHAPXR,Whitechapel,full_psd,full_psd_line,4.708277702331543,5.543791770935059,6.254208564758301,27.69665145874023,864.0
commuta_readings_today_20260807_233732.csv,5527,2026-08-07,2026-08-07T17:21:56.000+01:00,S03,Elizabeth,busier,Paddington->Custom House,in_train,,,,full_psd_line,8.532951354980469,10.096960067749023,11.447065353393556,27.72716903686523,861.0
commuta_readings_today_20260807_233732.csv,5528,2026-08-07,2026-08-07T17:22:06.000+01:00,S03,Elizabeth,busier,Paddington->Custom House,in_train,,,,full_psd_line,9.505924224853516,11.244842529296877,12.744586944580078,28.268863677978516,869.0
commuta_readings_today_20260807_233732.csv,5530,2026-08-07,2026-08-07T17:22:26.000+01:00,S03,Elizabeth,busier,Paddington->Custom House,in_train,,,,full_psd_line,7.514880180358887,8.860068321228027,10.00858211517334,28.772411346435547,978.0
commuta_readings_today_20260807_233732.csv,5531,2026-08-07,2026-08-07T17:22:36.000+01:00,S03,Elizabeth,busier,Paddington->Custom House,in_train,,,,full_psd_line,6.664648532867432,7.805689334869385,8.758933067321777,29.074541091918945,1078.0
commuta_readings_today_20260807_233732.csv,5532,2026-08-07,2026-08-07T17:22:46.000+01:00,S03,Elizabeth,busier,Paddington->Custom House,in_train,,,,full_psd_line,5.203564643859863,6.071744441986084,6.787450313568115,29.37666893005371,1218.0
commuta_readings_today_20260807_233732.csv,5533,2026-08-07,2026-08-07T17:22:56.000+01:00,S03,Elizabeth,busier,Paddington->Custom House,in_train,,,,full_psd_line,3.5906054973602295,4.182293891906738,4.666870594024658,29.83444023132324,1365.0
commuta_readings_today_20260807_233732.csv,5534,2026-08-07,2026-08-07T17:23:06.000+01:00,S03,Elizabeth,busier,Paddington->Custom House,in_train,,,,full_psd_line,3.713257789611816,4.312765121459961,4.798312187194824,30.19760513305664,1431.0
commuta_readings_today_20260807_233732.csv,5535,2026-08-07,2026-08-07T17:23:16.000+01:00,S03,Elizabeth,busier,Paddington->Custom House,in_train,,,,full_psd_line,5.513023376464844,6.375919342041016,7.062619209289551,30.63248634338379,1482.0
commuta_readings_today_20260807_233732.csv,5537,2026-08-07,2026-08-07T17:23:36.000+01:00,S03,Elizabeth,busier,Paddington->Custom House,in_train,,,,full_psd_line,6.992609977722168,7.992777347564697,8.745182037353516,31.18181037902832,1530.0
commuta_readings_today_20260807_233732.csv,5538,2026-08-07,2026-08-07T17:23:46.000+01:00,S03,Elizabeth,busier,Paddington->Custom House,in_train,,,,full_psd_line,5.802185059,6.600603103637695,7.185332298278809,31.288623809814453,1540.0
commuta_readings_today_20260807_233732.csv,5539,2026-08-07,2026-08-07T17:23:56.000+01:00,S03,Elizabeth,busier,Paddington->Custom House,in_train,,,,full_psd_line,6.054159164428711,6.863494873046875,7.443746566772461,31.54192352294922,1549.0
commuta_readings_today_20260807_233732.csv,5540,2026-08-07,2026-08-07T17:24:06.000+01:00,S03,Elizabeth,busier,Paddington->Custom House,in_train,,,,full_psd_line,6.249170780181885,7.048289775848389,7.601603984832764,32.04547119140625,1554.0
commuta_readings_today_20260807_233732.csv,5541,2026-08-07,2026-08-07T17:24:16.000+01:00,S03,Elizabeth,busier,Paddington->Custom House,in_train,,,,full_psd_line,6.789069175720215,7.621516704559326,8.177729606628418,32.40863800048828,1561.0
commuta_readings_today_20260807_233732.csv,5542,2026-08-07,2026-08-07T17:24:26.000+01:00,S03,Elizabeth,busier,Paddington->Custom House,in_train,,,,full_psd_line,7.5240798,8.425037384033203,9.014289855957031,32.91523742675781,1574.0
commuta_readings_today_20260807_233732.csv,5543,2026-08-07,2026-08-07T17:24:36.000+01:00,S03,Elizabeth,busier,Paddington->Custom House,in_train,,,,full_psd_line,8.612236022949219,9.598959922790527,10.21743392944336,33.33333206176758,1589.0
commuta_readings_today_20260807_233732.csv,5544,2026-08-07,2026-08-07T17:24:46.000+01:00,S03,Elizabeth,busier,Paddington->Custom House,in_train,,,,full_psd_line,8.973074913024902,9.957529067993164,10.547078132629396,33.36690139770508,1590.0
commuta_readings_today_20260807_233732.csv,5545,2026-08-07,2026-08-07T17:24:56.000+01:00,S03,Elizabeth,busier,Paddington->Custom House,in_train,,,,full_psd_line,8.298048019,9.210426330566406,9.758114815,33.606468200683594,1592.0
commuta_readings_today_20260807_233732.csv,5546,2026-08-07,2026-08-07T17:25:06.000+01:00,S03,Elizabeth,busier,Paddington->Custom House,in_train,,,,full_psd_line,8.04345417,8.918501853942871,9.437647819519045,33.81399154663086,1600.0
commuta_readings_today_20260807_233732.csv,5547,2026-08-07,2026-08-07T17:25:16.000+01:00,S03,Elizabeth,busier,Paddington->Custom House,in_train,,,,full_psd_line,8.432204246520996,9.31692600250244,9.820146560668944,33.84756088256836,1608.0
commuta_readings_today_20260807_233732.csv,5548,2026-08-07,2026-08-07T17:25:26.000+01:00,S03,Elizabeth,busier,Paddington->Custom House,platform,910GCANWHRF,Canary Wharf,full_psd,full_psd_line,8.330113410949707,9.180339813232422,9.64756202697754,33.85824203491211,1608.0
commuta_readings_today_20260807_233732.csv,5550,2026-08-07,2026-08-07T17:25:46.000+01:00,S03,Elizabeth,busier,Paddington->Custom House,platform,910GCANWHRF,Canary Wharf,full_psd,full_psd_line,6.653356552124023,7.3312177658081055,7.702854156494141,30.73319625854492,1397.0
commuta_readings_today_20260807_233732.csv,5551,2026-08-07,2026-08-07T17:25:56.000+01:00,S03,Elizabeth,busier,Paddington->Custom House,platform,910GCANWHRF,Canary Wharf,full_psd,full_psd_line,6.140867710113525,6.771824359893799,7.1215105056762695,29.936674118041992,1254.0
commuta_readings_today_20260807_233732.csv,5552,2026-08-07,2026-08-07T17:26:06.000+01:00,S03,Elizabeth,busier,Paddington->Custom House,platform,910GCANWHRF,Canary Wharf,full_psd,full_psd_line,6.3709306716918945,7.034542560577393,7.408666610717773,29.41481590270996,1143.0
commuta_readings_today_20260807_233732.csv,5553,2026-08-07,2026-08-07T17:26:16.000+01:00,S03,Elizabeth,busier,Paddington->Custom House,platform,910GCANWHRF,Canary Wharf,full_psd,full_psd_line,6.874666213989258,7.6019463539123535,8.019732475280762,28.775463104248047,994.0
commuta_readings_today_20260807_233732.csv,5554,2026-08-07,2026-08-07T17:26:26.000+01:00,S03,Elizabeth,busier,Paddington->Custom House,platform,910GCANWHRF,Canary Wharf,full_psd,full_psd_line,7.3312249183654785,8.111227989196777,8.562320709228516,28.26428604125977,925.0
commuta_readings_today_20260807_233732.csv,5555,2026-08-07,2026-08-07T17:26:36.000+01:00,S03,Elizabeth,busier,Paddington->Custom House,platform,910GCANWHRF,Canary Wharf,full_psd,full_psd_line,7.175026893615723,7.954572200775147,8.416375160217285,27.844663619995117,864.0
commuta_readings_today_20260807_233732.csv,5556,2026-08-07,2026-08-07T17:26:46.000+01:00,S03,Elizabeth,busier,Paddington->Custom House,platform,910GCANWHRF,Canary Wharf,full_psd,full_psd_line,7.114165782928467,7.883924484,8.337820053100586,27.56694984436035,806.0
commuta_readings_today_20260807_233732.csv,5557,2026-08-07,2026-08-07T17:26:56.000+01:00,S03,Elizabeth,busier,Paddington->Custom House,platform,910GCANWHRF,Canary Wharf,full_psd,full_psd_line,7.627307415008545,8.460797309875488,8.957754135131836,27.66155433654785,783.0
commuta_readings_today_20260807_233732.csv,5558,2026-08-07,2026-08-07T17:27:06.000+01:00,S03,Elizabeth,busier,Paddington->Custom House,platform,910GCANWHRF,Canary Wharf,full_psd,full_psd_line,7.480820655822754,8.309116364,8.810125350952148,27.99725341796875,779.0
commuta_readings_today_20260807_233732.csv,5559,2026-08-07,2026-08-07T17:27:16.000+01:00,S03,Elizabeth,busier,Paddington->Custom House,platform,910GCANWHRF,Canary Wharf,full_psd,full_psd_line,7.287542819976807,8.113340377807617,8.625176429748535,28.33295249938965,781.0
commuta_readings_today_20260807_233732.csv,5560,2026-08-07,2026-08-07T17:27:26.000+01:00,S03,Elizabeth,busier,Paddington->Custom House,platform,910GCANWHRF,Canary Wharf,full_psd,full_psd_line,8.078856468200684,9.043852806091309,9.673545837402344,28.590829849243164,802.0
commuta_readings_today_20260807_233732.csv,5561,2026-08-07,2026-08-07T17:27:36.000+01:00,S03,Elizabeth,busier,Paddington->Custom House,in_train,,,,full_psd_line,9.407239914,10.544443130493164,11.294694900512695,28.691539764404297,831.0
commuta_readings_today_20260807_233732.csv,5562,2026-08-07,2026-08-07T17:27:46.000+01:00,S03,Elizabeth,busier,Paddington->Custom House,in_train,,,,full_psd_line,9.02670192718506,10.111452102661133,10.823240280151367,28.703746795654297,860.0
commuta_readings_today_20260807_233732.csv,5564,2026-08-07,2026-08-07T17:28:06.000+01:00,S03,Elizabeth,busier,Paddington->Custom House,in_train,,,,full_psd_line,7.739719867706299,8.624545097351074,9.177933692932127,28.740367889404297,928.0
commuta_readings_today_20260807_233732.csv,5565,2026-08-07,2026-08-07T17:28:16.000+01:00,S03,Elizabeth,busier,Paddington->Custom House,in_train,,,,full_psd_line,7.982040882110596,8.872498512268066,9.415457725524902,28.747997283935547,950.0
commuta_readings_today_20260807_233732.csv,5566,2026-08-07,2026-08-07T17:28:26.000+01:00,S03,Elizabeth,busier,Paddington->Custom House,in_train,,,,full_psd_line,8.202168464660645,9.127904891967772,9.699318885803224,28.633554458618164,961.0
commuta_readings_today_20260807_233732.csv,5567,2026-08-07,2026-08-07T17:28:36.000+01:00,S03,Elizabeth,busier,Paddington->Custom House,in_train,,,,full_psd_line,8.148400307,9.047556877,9.589432716369627,28.64423561096191,976.0
commuta_readings_today_20260807_233732.csv,5568,2026-08-07,2026-08-07T17:28:46.000+01:00,S03,Elizabeth,busier,Paddington->Custom House,in_train,,,,full_psd_line,8.059104919433594,8.945631027,9.478079795837402,28.52216339111328,981.0
commuta_readings_today_20260807_233732.csv,5569,2026-08-07,2026-08-07T17:28:56.000+01:00,S03,Elizabeth,busier,Paddington->Custom House,in_train,,,,full_psd_line,8.707707405090332,9.700383186340332,10.319443702697754,28.574045181274418,982.0
commuta_readings_today_20260807_233732.csv,5570,2026-08-07,2026-08-07T17:29:06.000+01:00,S03,Elizabeth,busier,Paddington->Custom House,in_train,,,,full_psd_line,8.602057456970215,9.629789352416992,10.30056381225586,28.55573272705078,989.0
commuta_readings_today_20260807_233732.csv,5571,2026-08-07,2026-08-07T17:29:16.000+01:00,S03,Elizabeth,busier,Paddington->Custom House,in_train,,,,full_psd_line,8.563545227050781,9.625600814819336,10.342320442199709,28.616769790649418,998.0
commuta_readings_today_20260807_233732.csv,5572,2026-08-07,2026-08-07T17:29:26.000+01:00,S03,Elizabeth,busier,Paddington->Custom House,in_train,,,,full_psd_line,8.820219993591309,9.948858261108398,10.730756759643556,28.615243911743164,1016.0
commuta_readings_today_20260807_233732.csv,5573,2026-08-07,2026-08-07T17:29:36.000+01:00,S03,Elizabeth,busier,Paddington->Custom House,in_train,,,,full_psd_line,8.431615829467773,9.524643898010254,10.289840698242188,28.606088638305664,1032.0
commuta_readings_today_20260807_233732.csv,5574,2026-08-07,2026-08-07T17:29:46.000+01:00,S03,Elizabeth,busier,Paddington->Custom House,in_train,,,,full_psd_line,8.180850982666016,9.251930236816406,10.007647514343262,28.642709732055664,1052.0
commuta_readings_today_20260807_233732.csv,5575,2026-08-07,2026-08-07T17:29:56.000+01:00,S03,Elizabeth,busier,Paddington->Custom House,in_train,,,,full_psd_line,7.886362552642822,8.889274597167969,9.580553055,28.62592506408691,1061.0
commuta_readings_today_20260807_233732.csv,5576,2026-08-07,2026-08-07T17:30:06.000+01:00,S03,Elizabeth,busier,Paddington->Custom House,in_train,,,,full_psd_line,8.704790115356445,9.773328781,10.487992286682127,28.616769790649418,1069.0
commuta_readings_today_20260807_233732.csv,5577,2026-08-07,2026-08-07T17:30:16.000+01:00,S03,Elizabeth,busier,Paddington->Custom House,in_train,,,,full_psd_line,9.225619316101074,10.332592010498049,11.05795192718506,28.54962921142578,1079.0
commuta_readings_today_20260807_233732.csv,5578,2026-08-07,2026-08-07T17:30:26.000+01:00,S03,Elizabeth,busier,Paddington->Custom House,in_train,,,,full_psd_line,8.764106750488281,9.788274765014648,10.442858695983888,28.44129180908203,1085.0
commuta_readings_today_20260807_233732.csv,5579,2026-08-07,2026-08-07T17:30:36.000+01:00,S03,Elizabeth,busier,Paddington->Custom House,platform,910GCUSTMHS,Custom House,open_air,full_psd_line,8.652223587036133,9.663694381713867,10.310397148132324,28.35278893,1087.0
commuta_readings_today_20260807_233732.csv,5580,2026-08-07,2026-08-07T17:30:46.000+01:00,S03,Elizabeth,busier,Paddington->Custom House,platform,910GCUSTMHS,Custom House,open_air,full_psd_line,6.187063694000244,6.911039829,7.374352455,28.088808059692383,1085.0
commuta_readings_today_20260807_233732.csv,5581,2026-08-07,2026-08-07T17:30:56.000+01:00,S03,Elizabeth,busier,Paddington->Custom House,platform,910GCUSTMHS,Custom House,open_air,full_psd_line,4.072970390319824,4.542611598968506,4.838866233825684,27.11223030090332,1046.0
commuta_readings_today_20260807_233732.csv,5582,2026-08-07,2026-08-07T17:31:06.000+01:00,S03,Elizabeth,busier,Paddington->Custom House,platform,910GCUSTMHS,Custom House,open_air,full_psd_line,2.960714101791382,3.299391746520996,3.5113346576690674,26.61783790588379,956.0
commuta_readings_today_20260807_233732.csv,5583,2026-08-07,2026-08-07T17:31:16.000+01:00,S03,Elizabeth,busier,Paddington->Custom House,platform,910GCUSTMHS,Custom House,open_air,full_psd_line,2.5327136516571045,2.8197145462036133,2.9976015090942383,26.033416748046875,878.0
commuta_readings_today_20260807_233732.csv,5584,2026-08-07,2026-08-07T17:31:26.000+01:00,S03,Elizabeth,busier,Paddington->Custom House,platform,910GCUSTMHS,Custom House,open_air,full_psd_line,2.22034215927124,2.467712163925171,2.618335008621216,25.76028060913086,773.0
commuta_readings_today_20260807_233732.csv,5585,2026-08-07,2026-08-07T17:31:36.000+01:00,S03,Elizabeth,busier,Paddington->Custom House,platform,910GCUSTMHS,Custom House,open_air,full_psd_line,1.9158166646957395,2.124938965,2.2494711875915527,25.27046585083008,714.0
commuta_readings_today_20260807_233732.csv,5586,2026-08-07,2026-08-07T17:31:46.000+01:00,S03,Elizabeth,busier,Paddington->Custom House,platform,910GCUSTMHS,Custom House,open_air,full_psd_line,2.0001416206359863,2.21373987197876,2.337807893753052,25.145341873168945,673.0
commuta_readings_today_20260807_233732.csv,5587,2026-08-07,2026-08-07T17:31:56.000+01:00,S03,Elizabeth,busier,Paddington->Custom House,platform,910GCUSTMHS,Custom House,open_air,full_psd_line,4.158599376678467,4.588749885559082,4.829161167144775,25.023269653320312,642.0
commuta_readings_today_20260807_233732.csv,5622,2026-08-07,2026-08-07T18:05:55.000+01:00,S04,Jubilee,busier,Bond Street->Stratford,platform,940GZZLUBND,Bond Street,underground_no_psd,mixed,52.731929779052734,70.90196228027344,89.93965148925781,33.20058059692383,912.0
commuta_readings_today_20260807_233732.csv,5623,2026-08-07,2026-08-07T18:06:05.000+01:00,S04,Jubilee,busier,Bond Street->Stratford,platform,940GZZLUBND,Bond Street,underground_no_psd,mixed,44.92957687,59.950408935546875,75.59189606,33.19295120239258,908.0
commuta_readings_today_20260807_233732.csv,5624,2026-08-07,2026-08-07T18:06:15.000+01:00,S04,Jubilee,busier,Bond Street->Stratford,platform,940GZZLUBND,Bond Street,underground_no_psd,mixed,34.99552917480469,46.87594223022461,59.286319732666016,32.99916076660156,898.0
commuta_readings_today_20260807_233732.csv,5625,2026-08-07,2026-08-07T18:06:25.000+01:00,S04,Jubilee,busier,Bond Street->Stratford,platform,940GZZLUBND,Bond Street,underground_no_psd,mixed,42.10927200317383,56.35782623291016,71.23200225830078,32.81910324,876.0
commuta_readings_today_20260807_233732.csv,5626,2026-08-07,2026-08-07T18:06:35.000+01:00,S04,Jubilee,busier,Bond Street->Stratford,platform,940GZZLUBND,Bond Street,underground_no_psd,mixed,46.47610092163086,62.19550323486328,78.60364532470703,32.67261887,863.0
commuta_readings_today_20260807_233732.csv,5627,2026-08-07,2026-08-07T18:06:45.000+01:00,S04,Jubilee,busier,Bond Street->Stratford,platform,940GZZLUBND,Bond Street,underground_no_psd,mixed,48.94986724853515,64.47583008,80.46199798583984,32.69245529174805,853.0
commuta_readings_today_20260807_233732.csv,5628,2026-08-07,2026-08-07T18:06:55.000+01:00,S04,Jubilee,busier,Bond Street->Stratford,platform,940GZZLUBND,Bond Street,underground_no_psd,mixed,48.93170166015625,63.95416641235352,79.30852508544922,32.53833770751953,837.0
commuta_readings_today_20260807_233732.csv,5629,2026-08-07,2026-08-07T18:07:05.000+01:00,S04,Jubilee,busier,Bond Street->Stratford,platform,940GZZLUBND,Bond Street,underground_no_psd,mixed,49.03327178955078,65.05841827392578,81.66625977,32.43915557861328,818.0
commuta_readings_today_20260807_233732.csv,5630,2026-08-07,2026-08-07T18:07:15.000+01:00,S04,Jubilee,busier,Bond Street->Stratford,platform,940GZZLUBND,Bond Street,underground_no_psd,mixed,54.44522476196289,71.63982391357422,89.32714844,32.44678497314453,813.0
commuta_readings_today_20260807_233732.csv,5631,2026-08-07,2026-08-07T18:07:25.000+01:00,S04,Jubilee,busier,Bond Street->Stratford,platform,940GZZLUBND,Bond Street,underground_no_psd,mixed,58.97431945800781,78.27682495117188,98.28748321533205,32.56732940673828,809.0
commuta_readings_today_20260807_233732.csv,5632,2026-08-07,2026-08-07T18:07:35.000+01:00,S04,Jubilee,busier,Bond Street->Stratford,platform,940GZZLUBND,Bond Street,underground_no_psd,mixed,57.11561965942383,76.24842071533203,96.17999267578124,32.48188018798828,806.0
commuta_readings_today_20260807_233732.csv,5633,2026-08-07,2026-08-07T18:07:45.000+01:00,S04,Jubilee,busier,Bond Street->Stratford,platform,940GZZLUBND,Bond Street,underground_no_psd,mixed,54.24433898925781,72.59819793701172,91.75775146484376,32.51850128173828,803.0
commuta_readings_today_20260807_233732.csv,5634,2026-08-07,2026-08-07T18:07:55.000+01:00,S04,Jubilee,busier,Bond Street->Stratford,platform,940GZZLUBND,Bond Street,underground_no_psd,mixed,54.57316207885742,75.43885803222656,97.73313903808594,32.6268425,803.0
commuta_readings_today_20260807_233732.csv,5635,2026-08-07,2026-08-07T18:08:05.000+01:00,S04,Jubilee,busier,Bond Street->Stratford,platform,940GZZLUBND,Bond Street,underground_no_psd,mixed,54.12098312,74.67816162109375,96.61717987060548,32.67719650268555,802.0
commuta_readings_today_20260807_233732.csv,5636,2026-08-07,2026-08-07T18:08:15.000+01:00,S04,Jubilee,busier,Bond Street->Stratford,platform,940GZZLUBND,Bond Street,underground_no_psd,mixed,55.519962310791016,75.64999389648438,96.95081329345705,32.70008469,803.0
commuta_readings_today_20260807_233732.csv,5637,2026-08-07,2026-08-07T18:08:25.000+01:00,S04,Jubilee,busier,Bond Street->Stratford,platform,940GZZLUBND,Bond Street,underground_no_psd,mixed,55.74967956542969,74.60659790039062,94.28993988,32.75043869018555,804.0
commuta_readings_today_20260807_233732.csv,5638,2026-08-07,2026-08-07T18:08:35.000+01:00,S04,Jubilee,busier,Bond Street->Stratford,platform,940GZZLUBND,Bond Street,underground_no_psd,mixed,55.75223922729492,74.93746948242188,95.03347015,32.56275177001953,807.0
commuta_readings_today_20260807_233732.csv,5639,2026-08-07,2026-08-07T18:08:45.000+01:00,S04,Jubilee,busier,Bond Street->Stratford,platform,940GZZLUBND,Bond Street,underground_no_psd,mixed,59.83200454711914,80.38790893554688,101.91265869140624,32.59174346923828,808.0
commuta_readings_today_20260807_233732.csv,5640,2026-08-07,2026-08-07T18:08:55.000+01:00,S04,Jubilee,busier,Bond Street->Stratford,platform,940GZZLUBND,Bond Street,underground_no_psd,mixed,72.85026550292969,96.19191742,120.27896118164062,32.53681182861328,809.0
commuta_readings_today_20260807_233732.csv,5641,2026-08-07,2026-08-07T18:09:05.000+01:00,S04,Jubilee,busier,Bond Street->Stratford,platform,940GZZLUBND,Bond Street,underground_no_psd,mixed,81.30680084228516,107.36711120605467,134.26170349121094,32.58563995361328,810.0
commuta_readings_today_20260807_233732.csv,5642,2026-08-07,2026-08-07T18:09:15.000+01:00,S04,Jubilee,busier,Bond Street->Stratford,in_train,,,,mixed,83.63079071044922,115.06399536132812,148.54678344726562,32.48798370361328,811.0
commuta_readings_today_20260807_233732.csv,5643,2026-08-07,2026-08-07T18:09:25.000+01:00,S04,Jubilee,busier,Bond Street->Stratford,in_train,,,,mixed,77.55163574,109.89443969726562,144.96023559570312,32.368961334228516,812.0
commuta_readings_today_20260807_233732.csv,5644,2026-08-07,2026-08-07T18:09:35.000+01:00,S04,Jubilee,busier,Bond Street->Stratford,in_train,,,,mixed,66.47068024,97.02556610107422,130.64381408691406,32.65125656,814.0
commuta_readings_today_20260807_233732.csv,5645,2026-08-07,2026-08-07T18:09:45.000+01:00,S04,Jubilee,busier,Bond Street->Stratford,in_train,,,,mixed,65.28693389892578,93.63963317871094,124.57429504394533,32.92439270019531,829.0
commuta_readings_today_20260807_233732.csv,5646,2026-08-07,2026-08-07T18:09:55.000+01:00,S04,Jubilee,busier,Bond Street->Stratford,in_train,,,,mixed,64.81278991699219,90.61376190185548,118.37401580810548,33.24635696411133,877.0
commuta_readings_today_20260807_233732.csv,5647,2026-08-07,2026-08-07T18:10:05.000+01:00,S04,Jubilee,busier,Bond Street->Stratford,in_train,,,,mixed,65.32707977294922,92.13939666748048,121.13422393798828,33.33943557739258,923.0
commuta_readings_today_20260807_233732.csv,5648,2026-08-07,2026-08-07T18:10:15.000+01:00,S04,Jubilee,busier,Bond Street->Stratford,in_train,,,,mixed,65.72051239013672,92.16529083251952,120.66952514648438,33.516441345214844,963.0
commuta_readings_today_20260807_233732.csv,5649,2026-08-07,2026-08-07T18:10:25.000+01:00,S04,Jubilee,busier,Bond Street->Stratford,in_train,,,,mixed,64.42996215820312,88.89633942,115.0060806274414,33.77126693725586,1029.0
commuta_readings_today_20260807_233732.csv,5650,2026-08-07,2026-08-07T18:10:35.000+01:00,S04,Jubilee,busier,Bond Street->Stratford,in_train,,,,mixed,64.51248168945312,88.70938110351562,114.47431182861328,34.032196044921875,1071.0
commuta_readings_today_20260807_233732.csv,5651,2026-08-07,2026-08-07T18:10:45.000+01:00,S04,Jubilee,busier,Bond Street->Stratford,in_train,,,,mixed,64.79586791992188,87.13385009765625,110.54080200195312,34.33279800415039,1104.0
commuta_readings_today_20260807_233732.csv,5652,2026-08-07,2026-08-07T18:10:55.000+01:00,S04,Jubilee,busier,Bond Street->Stratford,in_train,,,,mixed,68.02334594726562,90.59629059,114.06551361083984,34.73258590698242,1203.0
commuta_readings_today_20260807_233732.csv,5653,2026-08-07,2026-08-07T18:11:05.000+01:00,S04,Jubilee,busier,Bond Street->Stratford,in_train,,,,mixed,72.06078338623047,95.14499664,118.9653778076172,34.97520446777344,1242.0
commuta_readings_today_20260807_233732.csv,5654,2026-08-07,2026-08-07T18:11:15.000+01:00,S04,Jubilee,busier,Bond Street->Stratford,in_train,,,,mixed,71.39919281,96.93061065673828,123.87604522705078,35.18272781,1268.0
commuta_readings_today_20260807_233732.csv,5655,2026-08-07,2026-08-07T18:11:25.000+01:00,S04,Jubilee,busier,Bond Street->Stratford,platform,940GZZLUGPK,Green Park,underground_no_psd,mixed,63.98012924194336,89.22728729248047,116.35133361816406,35.50926971435547,1292.0
commuta_readings_today_20260807_233732.csv,5656,2026-08-07,2026-08-07T18:11:35.000+01:00,S04,Jubilee,busier,Bond Street->Stratford,platform,940GZZLUGPK,Green Park,underground_no_psd,mixed,57.39718246459961,79.61656951904297,103.40899658203124,34.81193161010742,1296.0
commuta_readings_today_20260807_233732.csv,5657,2026-08-07,2026-08-07T18:11:45.000+01:00,S04,Jubilee,busier,Bond Street->Stratford,platform,940GZZLUGPK,Green Park,underground_no_psd,mixed,47.528865814208984,65.62993621826172,84.95684051513672,34.15427017211914,1284.0
commuta_readings_today_20260807_233732.csv,5658,2026-08-07,2026-08-07T18:11:55.000+01:00,S04,Jubilee,busier,Bond Street->Stratford,platform,940GZZLUGPK,Green Park,underground_no_psd,mixed,47.407623291015625,65.03691864013672,83.77934265136719,33.574424743652344,1229.0
commuta_readings_today_20260807_233732.csv,5659,2026-08-07,2026-08-07T18:12:05.000+01:00,S04,Jubilee,busier,Bond Street->Stratford,platform,940GZZLUGPK,Green Park,underground_no_psd,mixed,23.961414337158203,32.95384216308594,42.52999496459961,32.50019073486328,1170.0
commuta_readings_today_20260807_233732.csv,5660,2026-08-07,2026-08-07T18:12:15.000+01:00,S04,Jubilee,busier,Bond Street->Stratford,platform,940GZZLUGPK,Green Park,underground_no_psd,mixed,26.056617736816406,35.653221130371094,45.83771133422851,31.09941291809082,1119.0
commuta_readings_today_20260807_233732.csv,5661,2026-08-07,2026-08-07T18:12:25.000+01:00,S04,Jubilee,busier,Bond Street->Stratford,platform,940GZZLUGPK,Green Park,underground_no_psd,mixed,62.92683410644531,86.58371735,111.7841797,31.223011016845703,1045.0
commuta_readings_today_20260807_233732.csv,5662,2026-08-07,2026-08-07T18:12:35.000+01:00,S04,Jubilee,busier,Bond Street->Stratford,platform,940GZZLUGPK,Green Park,underground_no_psd,mixed,59.05601883,80.94746398925781,104.20767211914062,31.64568519592285,1024.0
commuta_readings_today_20260807_233732.csv,5663,2026-08-07,2026-08-07T18:12:45.000+01:00,S04,Jubilee,busier,Bond Street->Stratford,platform,940GZZLUGPK,Green Park,underground_no_psd,mixed,47.61976242,64.72100830078125,82.78414154052734,30.989547729492188,1005.0
commuta_readings_today_20260807_233732.csv,5664,2026-08-07,2026-08-07T18:12:55.000+01:00,S04,Jubilee,busier,Bond Street->Stratford,platform,940GZZLUGPK,Green Park,underground_no_psd,mixed,51.70823287963867,68.87720489501953,86.73005676269531,30.771343231201172,971.0
commuta_readings_today_20260807_233732.csv,5665,2026-08-07,2026-08-07T18:13:05.000+01:00,S04,Jubilee,busier,Bond Street->Stratford,platform,940GZZLUGPK,Green Park,underground_no_psd,mixed,55.56147766113281,73.11434173583984,91.17153168,30.753032684326172,949.0
commuta_readings_today_20260807_233732.csv,5666,2026-08-07,2026-08-07T18:13:15.000+01:00,S04,Jubilee,busier,Bond Street->Stratford,platform,940GZZLUGPK,Green Park,underground_no_psd,mixed,56.30968094,74.82653809,94.04180145263672,30.66452980041504,928.0
commuta_readings_today_20260807_233732.csv,5667,2026-08-07,2026-08-07T18:13:25.000+01:00,S04,Jubilee,busier,Bond Street->Stratford,platform,940GZZLUGPK,Green Park,underground_no_psd,mixed,56.850563049316406,75.40452575683594,94.62738037109376,30.62790870666504,917.0
commuta_readings_today_20260807_233732.csv,5668,2026-08-07,2026-08-07T18:13:35.000+01:00,S04,Jubilee,busier,Bond Street->Stratford,platform,940GZZLUGPK,Green Park,underground_no_psd,mixed,55.702362060546875,73.73307037353516,92.38093566894533,30.560768127441406,907.0
commuta_readings_today_20260807_233732.csv,5669,2026-08-07,2026-08-07T18:13:45.000+01:00,S04,Jubilee,busier,Bond Street->Stratford,platform,940GZZLUGPK,Green Park,underground_no_psd,mixed,53.8118782,71.37110900878906,89.56270599365234,30.481422424316406,900.0
commuta_readings_today_20260807_233732.csv,5670,2026-08-07,2026-08-07T18:13:55.000+01:00,S04,Jubilee,busier,Bond Street->Stratford,platform,940GZZLUGPK,Green Park,underground_no_psd,mixed,53.54217147827149,71.22608184814453,89.59394073486328,30.377660751342773,895.0
commuta_readings_today_20260807_233732.csv,5671,2026-08-07,2026-08-07T18:14:05.000+01:00,S04,Jubilee,busier,Bond Street->Stratford,platform,940GZZLUGPK,Green Park,underground_no_psd,mixed,53.06346893310547,71.53098297,90.91875457763672,30.26779556274414,888.0
commuta_readings_today_20260807_233732.csv,5672,2026-08-07,2026-08-07T18:14:15.000+01:00,S04,Jubilee,busier,Bond Street->Stratford,platform,940GZZLUGPK,Green Park,underground_no_psd,mixed,52.56169509887695,70.47224426269531,89.19594574,30.25101089477539,881.0
commuta_readings_today_20260807_233732.csv,5673,2026-08-07,2026-08-07T18:14:25.000+01:00,S04,Jubilee,busier,Bond Street->Stratford,platform,940GZZLUGPK,Green Park,underground_no_psd,mixed,51.071571350097656,67.23783874511719,83.87586975097656,30.14724922180176,877.0
commuta_readings_today_20260807_233732.csv,5674,2026-08-07,2026-08-07T18:14:35.000+01:00,S04,Jubilee,busier,Bond Street->Stratford,platform,940GZZLUGPK,Green Park,underground_no_psd,mixed,51.553565979003906,66.37751770019531,81.29283142089844,30.064851760864254,873.0
commuta_readings_today_20260807_233732.csv,5675,2026-08-07,2026-08-07T18:14:45.000+01:00,S04,Jubilee,busier,Bond Street->Stratford,platform,940GZZLUGPK,Green Park,underground_no_psd,mixed,52.57036209106445,67.75758361816406,83.05621337890625,29.970245361328125,871.0
commuta_readings_today_20260807_233732.csv,5676,2026-08-07,2026-08-07T18:14:55.000+01:00,S04,Jubilee,busier,Bond Street->Stratford,platform,940GZZLUGPK,Green Park,underground_no_psd,mixed,53.800777435302734,69.80266571044922,86.03679656982422,29.84054374694824,863.0
commuta_readings_today_20260807_233732.csv,5677,2026-08-07,2026-08-07T18:15:05.000+01:00,S04,Jubilee,busier,Bond Street->Stratford,platform,940GZZLUGPK,Green Park,underground_no_psd,mixed,53.73088073730469,69.87692260742188,86.29734039,29.78255844116211,861.0
commuta_readings_today_20260807_233732.csv,5678,2026-08-07,2026-08-07T18:15:15.000+01:00,S04,Jubilee,busier,Bond Street->Stratford,platform,940GZZLUGPK,Green Park,underground_no_psd,mixed,53.29941940307617,69.50519561767578,86.03192138671875,29.681848526000977,860.0
commuta_readings_today_20260807_233732.csv,5679,2026-08-07,2026-08-07T18:15:25.000+01:00,S04,Jubilee,busier,Bond Street->Stratford,in_train,,,,mixed,53.21474075317383,69.85152435302734,86.92635345458984,29.614709854125977,859.0
commuta_readings_today_20260807_233732.csv,5680,2026-08-07,2026-08-07T18:15:35.000+01:00,S04,Jubilee,busier,Bond Street->Stratford,in_train,,,,mixed,59.79118728637695,78.49868774414062,97.70212555,29.510948181152344,856.0
commuta_readings_today_20260807_233732.csv,5681,2026-08-07,2026-08-07T18:15:45.000+01:00,S04,Jubilee,busier,Bond Street->Stratford,in_train,,,,mixed,61.868675231933594,81.64476776123047,102.04180908203124,29.497215270996097,854.0
commuta_readings_today_20260807_233732.csv,5682,2026-08-07,2026-08-07T18:15:55.000+01:00,S04,Jubilee,busier,Bond Street->Stratford,in_train,,,,mixed,61.63086700439453,81.7886734,102.68287658691406,29.456016540527344,854.0
commuta_readings_today_20260807_233732.csv,5683,2026-08-07,2026-08-07T18:16:05.000+01:00,S04,Jubilee,busier,Bond Street->Stratford,in_train,,,,mixed,62.66376876831055,81.75820922851562,101.24065399169922,29.72762680053711,881.0
commuta_readings_today_20260807_233732.csv,5684,2026-08-07,2026-08-07T18:16:15.000+01:00,S04,Jubilee,busier,Bond Street->Stratford,in_train,,,,mixed,63.09477996826172,82.27433013916016,101.8326644897461,30.522621154785156,936.0
commuta_readings_today_20260807_233732.csv,5685,2026-08-07,2026-08-07T18:16:25.000+01:00,S04,Jubilee,busier,Bond Street->Stratford,in_train,,,,mixed,62.079322814941406,82.01331329345703,102.59368133544922,30.901044845581055,1034.0
commuta_readings_today_20260807_233732.csv,5686,2026-08-07,2026-08-07T18:16:35.000+01:00,S04,Jubilee,busier,Bond Street->Stratford,in_train,,,,mixed,57.925411224365234,76.78103637695312,96.30556488,31.59380531311035,1146.0
commuta_readings_today_20260807_233732.csv,5687,2026-08-07,2026-08-07T18:16:45.000+01:00,S04,Jubilee,busier,Bond Street->Stratford,in_train,,,,mixed,54.205360412597656,71.56999969482422,89.48847198486328,32.266727447509766,1191.0
commuta_readings_today_20260807_233732.csv,5688,2026-08-07,2026-08-07T18:16:55.000+01:00,S04,Jubilee,busier,Bond Street->Stratford,in_train,,,,mixed,52.39088821411133,69.84159851074219,87.99941254,32.62531661987305,1247.0
commuta_readings_today_20260807_233732.csv,5689,2026-08-07,2026-08-07T18:17:05.000+01:00,S04,Jubilee,busier,Bond Street->Stratford,in_train,,,,mixed,51.363956451416016,67.79203796386719,84.73814392089844,32.73670578,1299.0
commuta_readings_today_20260807_233732.csv,5690,2026-08-07,2026-08-07T18:17:15.000+01:00,S04,Jubilee,busier,Bond Street->Stratford,in_train,,,,mixed,50.14591217041016,65.91852569580078,82.12844086,32.88624572753906,1315.0
commuta_readings_today_20260807_233732.csv,5691,2026-08-07,2026-08-07T18:17:25.000+01:00,S04,Jubilee,busier,Bond Street->Stratford,in_train,,,,mixed,49.907920837402344,64.45409393310547,79.1390152,33.29060745239258,1335.0
commuta_readings_today_20260807_233732.csv,5692,2026-08-07,2026-08-07T18:17:35.000+01:00,S04,Jubilee,busier,Bond Street->Stratford,platform,940GZZLUWSM,Westminster,train_height_psd,mixed,41.35747146606445,53.12955474853515,64.94402313232422,33.615623474121094,1346.0
commuta_readings_today_20260807_233732.csv,5693,2026-08-07,2026-08-07T18:17:45.000+01:00,S04,Jubilee,busier,Bond Street->Stratford,platform,940GZZLUWSM,Westminster,train_height_psd,mixed,31.252378463745117,39.75535202026367,48.18923568725586,32.09277344,1337.0
commuta_readings_today_20260807_233732.csv,5694,2026-08-07,2026-08-07T18:17:55.000+01:00,S04,Jubilee,busier,Bond Street->Stratford,platform,940GZZLUWSM,Westminster,train_height_psd,mixed,29.08229637145996,36.91695022583008,44.66725540161133,30.875104904174805,1268.0
commuta_readings_today_20260807_233732.csv,5695,2026-08-07,2026-08-07T18:18:05.000+01:00,S04,Jubilee,busier,Bond Street->Stratford,platform,940GZZLUWSM,Westminster,train_height_psd,mixed,27.43680953979492,34.85869598388672,42.208866119384766,30.324254989624023,1182.0
commuta_readings_today_20260807_233732.csv,5696,2026-08-07,2026-08-07T18:18:15.000+01:00,S04,Jubilee,busier,Bond Street->Stratford,platform,940GZZLUWSM,Westminster,train_height_psd,mixed,27.10330581665039,34.447486877441406,41.72404479980469,29.81155014038086,1099.0
commuta_readings_today_20260807_233732.csv,5697,2026-08-07,2026-08-07T18:18:25.000+01:00,S04,Jubilee,busier,Bond Street->Stratford,platform,940GZZLUWSM,Westminster,train_height_psd,mixed,27.96515655517578,35.88229751586914,43.81705474853515,29.39345359802246,1025.0
commuta_readings_today_20260807_233732.csv,5698,2026-08-07,2026-08-07T18:18:35.000+01:00,S04,Jubilee,busier,Bond Street->Stratford,platform,940GZZLUWSM,Westminster,train_height_psd,mixed,30.89114761352539,39.51103973388672,48.118038177490234,29.283588409423828,989.0
commuta_readings_today_20260807_233732.csv,5699,2026-08-07,2026-08-07T18:18:45.000+01:00,S04,Jubilee,busier,Bond Street->Stratford,platform,940GZZLUWSM,Westminster,train_height_psd,mixed,33.74652862548828,43.11305618286133,52.452598571777344,29.083696365356445,964.0
commuta_readings_today_20260807_233732.csv,5700,2026-08-07,2026-08-07T18:18:55.000+01:00,S04,Jubilee,busier,Bond Street->Stratford,platform,940GZZLUWSM,Westminster,train_height_psd,mixed,38.69744491577149,49.65002441,60.6262207,29.065385818481445,946.0
commuta_readings_today_20260807_233732.csv,5701,2026-08-07,2026-08-07T18:19:05.000+01:00,S04,Jubilee,busier,Bond Street->Stratford,platform,940GZZLUWSM,Westminster,train_height_psd,mixed,38.550594329833984,50.22565460205078,62.12092971801758,29.01502990722656,931.0
commuta_readings_today_20260807_233732.csv,5702,2026-08-07,2026-08-07T18:19:15.000+01:00,S04,Jubilee,busier,Bond Street->Stratford,in_train,,,,mixed,39.108524322509766,50.79431152,62.66276931762695,28.770885467529297,908.0
commuta_readings_today_20260807_233732.csv,5703,2026-08-07,2026-08-07T18:19:25.000+01:00,S04,Jubilee,busier,Bond Street->Stratford,in_train,,,,mixed,42.304569244384766,56.235206604003906,70.69551086425781,28.82429313659668,903.0
commuta_readings_today_20260807_233732.csv,5704,2026-08-07,2026-08-07T18:19:35.000+01:00,S04,Jubilee,busier,Bond Street->Stratford,in_train,,,,mixed,43.171199798583984,58.96071243286133,75.69581604003906,28.88227653503418,901.0
commuta_readings_today_20260807_233732.csv,5705,2026-08-07,2026-08-07T18:19:45.000+01:00,S04,Jubilee,busier,Bond Street->Stratford,in_train,,,,mixed,43.6418457,59.830169677734375,77.03276062011719,28.88685417175293,897.0
commuta_readings_today_20260807_233732.csv,5706,2026-08-07,2026-08-07T18:19:55.000+01:00,S04,Jubilee,busier,Bond Street->Stratford,in_train,,,,mixed,46.65364456176758,62.781490325927734,79.6904068,28.992141723632812,899.0
commuta_readings_today_20260807_233732.csv,5707,2026-08-07,2026-08-07T18:20:05.000+01:00,S04,Jubilee,busier,Bond Street->Stratford,in_train,,,,mixed,45.863975524902344,61.30959701538086,77.41771697998047,29.43465232849121,918.0
commuta_readings_today_20260807_233732.csv,5708,2026-08-07,2026-08-07T18:20:15.000+01:00,S04,Jubilee,busier,Bond Street->Stratford,in_train,,,,mixed,45.00261688232422,59.68291473388672,74.89093780517578,29.924467086791992,982.0
commuta_readings_today_20260807_233732.csv,5709,2026-08-07,2026-08-07T18:20:25.000+01:00,S04,Jubilee,busier,Bond Street->Stratford,in_train,,,,mixed,45.00608825683594,59.23161315917969,73.86751556396484,30.28610610961914,1095.0
commuta_readings_today_20260807_233732.csv,5710,2026-08-07,2026-08-07T18:20:35.000+01:00,S04,Jubilee,busier,Bond Street->Stratford,in_train,,,,mixed,45.72696685791016,59.39312744140625,73.27358246,30.56839942932129,1123.0
commuta_readings_today_20260807_233732.csv,5711,2026-08-07,2026-08-07T18:20:45.000+01:00,S04,Jubilee,busier,Bond Street->Stratford,in_train,,,,mixed,44.708282470703125,56.96772384643555,69.15291595458984,30.832380294799805,1162.0
commuta_readings_today_20260807_233732.csv,5712,2026-08-07,2026-08-07T18:20:55.000+01:00,S04,Jubilee,busier,Bond Street->Stratford,in_train,,,,mixed,45.502716064453125,57.84015274047851,70.06600952148438,31.09483528137207,1185.0
commuta_readings_today_20260807_233732.csv,5713,2026-08-07,2026-08-07T18:21:05.000+01:00,S04,Jubilee,busier,Bond Street->Stratford,platform,940GZZLUWLO,Waterloo,train_height_psd,mixed,45.31844329833984,58.54616165161133,71.90480804,31.17112922668457,1206.0
commuta_readings_today_20260807_233732.csv,5714,2026-08-07,2026-08-07T18:21:15.000+01:00,S04,Jubilee,busier,Bond Street->Stratford,platform,940GZZLUWLO,Waterloo,train_height_psd,mixed,38.27299880981445,49.11096954345703,59.97370910644531,30.888837814331055,1214.0
commuta_readings_today_20260807_233732.csv,5715,2026-08-07,2026-08-07T18:21:25.000+01:00,S04,Jubilee,busier,Bond Street->Stratford,platform,940GZZLUWLO,Waterloo,train_height_psd,mixed,37.25415802001953,47.528297424316406,57.75566482543945,30.22201919555664,1205.0
commuta_readings_today_20260807_233732.csv,5716,2026-08-07,2026-08-07T18:21:35.000+01:00,S04,Jubilee,busier,Bond Street->Stratford,platform,940GZZLUWLO,Waterloo,train_height_psd,mixed,53.43843078613281,68.20388031,82.90943908691406,29.78866195678711,1164.0
commuta_readings_today_20260807_233732.csv,5717,2026-08-07,2026-08-07T18:21:45.000+01:00,S04,Jubilee,busier,Bond Street->Stratford,platform,940GZZLUWLO,Waterloo,train_height_psd,mixed,59.520301818847656,76.32730865478516,93.16055297851562,29.31563377380371,1080.0
commuta_readings_today_20260807_233732.csv,5718,2026-08-07,2026-08-07T18:21:55.000+01:00,S04,Jubilee,busier,Bond Street->Stratford,platform,940GZZLUWLO,Waterloo,train_height_psd,mixed,59.60892868041992,77.46994018554688,95.62213134765624,28.981460571289062,1042.0
commuta_readings_today_20260807_233732.csv,5719,2026-08-07,2026-08-07T18:22:05.000+01:00,S04,Jubilee,busier,Bond Street->Stratford,platform,940GZZLUWLO,Waterloo,train_height_psd,mixed,60.79756546020508,79.01457214355469,97.52854156,28.778514862060547,1004.0
commuta_readings_today_20260807_233732.csv,5720,2026-08-07,2026-08-07T18:22:15.000+01:00,S04,Jubilee,busier,Bond Street->Stratford,platform,940GZZLUWLO,Waterloo,train_height_psd,mixed,61.445194244384766,81.02811431884766,101.21283721923828,28.51911163330078,963.0
commuta_readings_today_20260807_233732.csv,5721,2026-08-07,2026-08-07T18:22:25.000+01:00,S04,Jubilee,busier,Bond Street->Stratford,platform,940GZZLUWLO,Waterloo,train_height_psd,mixed,62.832000732421875,85.02483367919922,108.39119720458984,28.43366050720215,939.0
commuta_readings_today_20260807_233732.csv,5722,2026-08-07,2026-08-07T18:22:35.000+01:00,S04,Jubilee,busier,Bond Street->Stratford,in_train,,,,mixed,61.660160064697266,82.64357758,104.57383728027344,28.37415123,923.0
commuta_readings_today_20260807_233732.csv,5723,2026-08-07,2026-08-07T18:22:45.000+01:00,S04,Jubilee,busier,Bond Street->Stratford,in_train,,,,mixed,61.921199798583984,81.43316650390625,101.49429321289062,28.36957359313965,909.0
commuta_readings_today_20260807_233732.csv,5724,2026-08-07,2026-08-07T18:22:55.000+01:00,S04,Jubilee,busier,Bond Street->Stratford,in_train,,,,mixed,61.68391799926758,80.02517700195312,98.63131713867188,28.39398765563965,896.0
commuta_readings_today_20260807_233732.csv,5725,2026-08-07,2026-08-07T18:23:05.000+01:00,S04,Jubilee,busier,Bond Street->Stratford,in_train,,,,mixed,57.74199676513672,73.87308502197266,89.98490905761719,28.653390884399418,896.0
commuta_readings_today_20260807_233732.csv,5726,2026-08-07,2026-08-07T18:23:15.000+01:00,S04,Jubilee,busier,Bond Street->Stratford,in_train,,,,mixed,53.88982772827149,68.64762878417969,83.31094360351562,28.697643280029297,896.0
commuta_readings_today_20260807_233732.csv,5727,2026-08-07,2026-08-07T18:23:25.000+01:00,S04,Jubilee,busier,Bond Street->Stratford,in_train,,,,mixed,51.92498397827149,65.96709442138672,79.87243652,28.86701774597168,905.0
commuta_readings_today_20260807_233732.csv,5728,2026-08-07,2026-08-07T18:23:35.000+01:00,S04,Jubilee,busier,Bond Street->Stratford,in_train,,,,mixed,51.219146728515625,64.63367462158203,77.80086517333984,28.93263053894043,919.0
commuta_readings_today_20260807_233732.csv,5729,2026-08-07,2026-08-07T18:23:45.000+01:00,S04,Jubilee,busier,Bond Street->Stratford,in_train,,,,mixed,51.19196319580078,63.791778564453125,75.93648529052734,29.059280395507812,933.0
commuta_readings_today_20260807_233732.csv,5730,2026-08-07,2026-08-07T18:23:55.000+01:00,S04,Jubilee,busier,Bond Street->Stratford,platform,940GZZLUSWK,Southwark,train_height_psd,mixed,22.00792694091797,27.094968795776367,31.901464462280273,28.796825408935547,947.0
commuta_readings_today_20260807_233732.csv,5731,2026-08-07,2026-08-07T18:24:05.000+01:00,S04,Jubilee,busier,Bond Street->Stratford,platform,940GZZLUSWK,Southwark,train_height_psd,mixed,17.599014282226562,21.30495262145996,24.693349838256836,27.73327255249023,939.0
commuta_readings_today_20260807_233732.csv,5732,2026-08-07,2026-08-07T18:24:15.000+01:00,S04,Jubilee,busier,Bond Street->Stratford,platform,940GZZLUSWK,Southwark,train_height_psd,mixed,17.807180404663086,21.46510124206543,24.778079986572266,27.10612678527832,892.0
commuta_readings_today_20260807_233732.csv,5733,2026-08-07,2026-08-07T18:24:25.000+01:00,S04,Jubilee,busier,Bond Street->Stratford,platform,940GZZLUSWK,Southwark,train_height_psd,mixed,28.819467544555664,34.93892288208008,40.551456451416016,26.366064071655273,847.0
commuta_readings_today_20260807_233732.csv,5734,2026-08-07,2026-08-07T18:24:35.000+01:00,S04,Jubilee,busier,Bond Street->Stratford,platform,940GZZLUSWK,Southwark,train_height_psd,mixed,25.746713638305664,31.281370162963867,36.38056945800781,25.93575859069824,797.0
commuta_readings_today_20260807_233732.csv,5735,2026-08-07,2026-08-07T18:24:45.000+01:00,S04,Jubilee,busier,Bond Street->Stratford,platform,940GZZLUSWK,Southwark,train_height_psd,mixed,27.83997917175293,33.58362961,38.79438781738281,25.70077133178711,766.0
commuta_readings_today_20260807_233732.csv,5736,2026-08-07,2026-08-07T18:24:55.000+01:00,S04,Jubilee,busier,Bond Street->Stratford,platform,940GZZLUSWK,Southwark,train_height_psd,mixed,25.87822723388672,30.800201416015625,35.11948776245117,25.28267288208008,728.0
commuta_readings_today_20260807_233732.csv,5737,2026-08-07,2026-08-07T18:25:05.000+01:00,S04,Jubilee,busier,Bond Street->Stratford,platform,940GZZLUSWK,Southwark,train_height_psd,mixed,24.17773438,28.52093505859375,32.23530578613281,24.948501586914062,691.0
commuta_readings_today_20260807_233732.csv,5738,2026-08-07,2026-08-07T18:25:15.000+01:00,S04,Jubilee,busier,Bond Street->Stratford,in_train,,,,mixed,29.02819824,34.34072494506836,38.92351150512695,25.02479553222656,683.0
commuta_readings_today_20260807_233732.csv,5739,2026-08-07,2026-08-07T18:25:25.000+01:00,S04,Jubilee,busier,Bond Street->Stratford,in_train,,,,mixed,33.327484130859375,39.69665527,45.297454833984375,25.43678855895996,682.0
commuta_readings_today_20260807_233732.csv,5740,2026-08-07,2026-08-07T18:25:35.000+01:00,S04,Jubilee,busier,Bond Street->Stratford,in_train,,,,mixed,43.39972305297851,51.80500411987305,59.238338470458984,25.951019287109375,696.0
commuta_readings_today_20260807_233732.csv,5741,2026-08-07,2026-08-07T18:25:45.000+01:00,S04,Jubilee,busier,Bond Street->Stratford,in_train,,,,mixed,42.876251220703125,51.53181838989258,59.31770324707031,26.62394142150879,756.0
commuta_readings_today_20260807_233732.csv,5742,2026-08-07,2026-08-07T18:25:55.000+01:00,S04,Jubilee,busier,Bond Street->Stratford,in_train,,,,mixed,41.81739807128906,50.31285858154297,57.97391891479492,27.18699836730957,832.0
commuta_readings_today_20260807_233732.csv,5743,2026-08-07,2026-08-07T18:26:05.000+01:00,S04,Jubilee,busier,Bond Street->Stratford,in_train,,,,mixed,40.412445068359375,48.811126708984375,56.45201110839844,27.53795623779297,882.0
commuta_readings_today_20260807_233732.csv,5744,2026-08-07,2026-08-07T18:26:15.000+01:00,S04,Jubilee,busier,Bond Street->Stratford,in_train,,,,mixed,38.69190979003906,47.21896743774414,55.14560317993164,27.910276412963867,955.0
commuta_readings_today_20260807_233732.csv,5745,2026-08-07,2026-08-07T18:26:25.000+01:00,S04,Jubilee,busier,Bond Street->Stratford,in_train,,,,mixed,37.046165466308594,45.36949920654297,53.15887069702149,28.181886672973633,987.0
commuta_readings_today_20260807_233732.csv,5746,2026-08-07,2026-08-07T18:26:35.000+01:00,S04,Jubilee,busier,Bond Street->Stratford,in_train,,,,mixed,36.72230148,45.236690521240234,53.28968811035156,28.51758575439453,1028.0
commuta_readings_today_20260807_233732.csv,5747,2026-08-07,2026-08-07T18:26:45.000+01:00,S04,Jubilee,busier,Bond Street->Stratford,in_train,,,,mixed,37.01750946044922,46.03010177612305,54.68824005126953,28.798351287841797,1058.0
commuta_readings_today_20260807_233732.csv,5748,2026-08-07,2026-08-07T18:26:55.000+01:00,S04,Jubilee,busier,Bond Street->Stratford,in_train,,,,mixed,36.678672790527344,45.82014083862305,54.66481399536133,29.159990310668945,1094.0
commuta_readings_today_20260807_233732.csv,5749,2026-08-07,2026-08-07T18:27:05.000+01:00,S04,Jubilee,busier,Bond Street->Stratford,in_train,,,,mixed,37.39726638793945,46.56339263916016,55.38715744018555,29.32478904724121,1108.0
commuta_readings_today_20260807_233732.csv,5750,2026-08-07,2026-08-07T18:27:15.000+01:00,S04,Jubilee,busier,Bond Street->Stratford,in_train,,,,mixed,39.823753356933594,49.32075881958008,58.385250091552734,29.35835838317871,1120.0
commuta_readings_today_20260807_233732.csv,5751,2026-08-07,2026-08-07T18:27:25.000+01:00,S04,Jubilee,busier,Bond Street->Stratford,in_train,,,,mixed,39.52835464477539,48.82521438598633,57.65939712524414,29.468223571777344,1134.0
commuta_readings_today_20260807_233732.csv,5752,2026-08-07,2026-08-07T18:27:35.000+01:00,S04,Jubilee,busier,Bond Street->Stratford,platform,940GZZLULNB,London Bridge,train_height_psd,mixed,35.18200684,43.44218444824219,51.28683853149414,29.456016540527344,1137.0
commuta_readings_today_20260807_233732.csv,5753,2026-08-07,2026-08-07T18:27:45.000+01:00,S04,Jubilee,busier,Bond Street->Stratford,platform,940GZZLULNB,London Bridge,train_height_psd,mixed,24.36825942993164,30.125656127929688,35.60453414916992,28.32227135,1124.0
commuta_readings_today_20260807_233732.csv,5754,2026-08-07,2026-08-07T18:27:55.000+01:00,S04,Jubilee,busier,Bond Street->Stratford,platform,940GZZLULNB,London Bridge,train_height_psd,mixed,22.60777473449707,27.804676055908203,32.70596694946289,27.74547958374023,1085.0
commuta_readings_today_20260807_233732.csv,5755,2026-08-07,2026-08-07T18:28:05.000+01:00,S04,Jubilee,busier,Bond Street->Stratford,platform,940GZZLULNB,London Bridge,train_height_psd,mixed,22.81865501403809,28.121265411376953,33.14024734,27.280078887939453,1036.0
commuta_readings_today_20260807_233732.csv,5756,2026-08-07,2026-08-07T18:28:15.000+01:00,S04,Jubilee,busier,Bond Street->Stratford,platform,940GZZLULNB,London Bridge,train_height_psd,mixed,23.156967163085938,28.47476577758789,33.48840332,27.08323860168457,988.0
commuta_readings_today_20260807_233732.csv,5757,2026-08-07,2026-08-07T18:28:25.000+01:00,S04,Jubilee,busier,Bond Street->Stratford,in_train,,,,mixed,24.657373428344727,30.20153236,35.391395568847656,26.866559982299805,951.0
commuta_readings_today_20260807_233732.csv,5758,2026-08-07,2026-08-07T18:28:35.000+01:00,S04,Jubilee,busier,Bond Street->Stratford,in_train,,,,mixed,22.768667221069336,28.03833770751953,33.01951599121094,26.538490295410156,918.0
commuta_readings_today_20260807_233732.csv,5759,2026-08-07,2026-08-07T18:28:45.000+01:00,S04,Jubilee,busier,Bond Street->Stratford,in_train,,,,mixed,21.373210906982425,26.61321449279785,31.65790748596191,26.26688003540039,901.0
commuta_readings_today_20260807_233732.csv,5760,2026-08-07,2026-08-07T18:28:55.000+01:00,S04,Jubilee,busier,Bond Street->Stratford,in_train,,,,mixed,33.51636505126953,41.73089218139648,49.63848114013672,26.016632080078125,878.0
commuta_readings_today_20260807_233732.csv,5761,2026-08-07,2026-08-07T18:29:05.000+01:00,S04,Jubilee,busier,Bond Street->Stratford,in_train,,,,mixed,41.357669830322266,51.48625946044922,61.23410415649414,26.346227645874023,868.0
commuta_readings_today_20260807_233732.csv,5762,2026-08-07,2026-08-07T18:29:15.000+01:00,S04,Jubilee,busier,Bond Street->Stratford,in_train,,,,mixed,43.38505172729492,54.20465469360352,64.67493438720703,26.852827072143555,870.0
commuta_readings_today_20260807_233732.csv,5763,2026-08-07,2026-08-07T18:29:25.000+01:00,S04,Jubilee,busier,Bond Street->Stratford,in_train,,,,mixed,44.554542541503906,55.34238052368164,65.68820953,27.214466094970703,894.0
commuta_readings_today_20260807_233732.csv,5764,2026-08-07,2026-08-07T18:29:35.000+01:00,S04,Jubilee,busier,Bond Street->Stratford,in_train,,,,mixed,44.93380355834961,55.57159805297851,65.70135498046875,27.44487762451172,931.0
commuta_readings_today_20260807_233732.csv,5765,2026-08-07,2026-08-07T18:29:45.000+01:00,S04,Jubilee,busier,Bond Street->Stratford,in_train,,,,mixed,45.558345794677734,56.36924743652344,66.67156982421875,27.50286102294922,964.0
commuta_readings_today_20260807_233732.csv,5766,2026-08-07,2026-08-07T18:29:55.000+01:00,S04,Jubilee,busier,Bond Street->Stratford,in_train,,,,mixed,45.615203857421875,56.23909759521485,66.30213928222656,27.54100799560547,988.0
commuta_readings_today_20260807_233732.csv,5767,2026-08-07,2026-08-07T18:30:05.000+01:00,S04,Jubilee,busier,Bond Street->Stratford,in_train,,,,mixed,45.670387268066406,56.60367202758789,67.05175781,27.748531341552734,997.0
commuta_readings_today_20260807_233732.csv,5768,2026-08-07,2026-08-07T18:30:15.000+01:00,S04,Jubilee,busier,Bond Street->Stratford,in_train,,,,mixed,44.978126525878906,55.82485580444336,66.21412658691406,27.818723678588867,1012.0
commuta_readings_today_20260807_233732.csv,5769,2026-08-07,2026-08-07T18:30:25.000+01:00,S04,Jubilee,busier,Bond Street->Stratford,in_train,,,,mixed,43.844242095947266,54.60651016235352,64.97151184082031,27.843137741088867,1018.0
commuta_readings_today_20260807_233732.csv,5770,2026-08-07,2026-08-07T18:30:35.000+01:00,S04,Jubilee,busier,Bond Street->Stratford,in_train,,,,mixed,41.94826126098633,52.70771408081055,63.20616531,27.861448287963867,1018.0
commuta_readings_today_20260807_233732.csv,5771,2026-08-07,2026-08-07T18:30:45.000+01:00,S04,Jubilee,busier,Bond Street->Stratford,in_train,,,,mixed,38.10457992553711,48.239952087402344,58.23138046264648,27.97283935546875,1019.0
commuta_readings_today_20260807_233732.csv,5772,2026-08-07,2026-08-07T18:30:55.000+01:00,S04,Jubilee,busier,Bond Street->Stratford,in_train,,,,mixed,37.86481094360352,48.33749008178711,58.77039719,28.105592727661133,1020.0
commuta_readings_today_20260807_233732.csv,5773,2026-08-07,2026-08-07T18:31:05.000+01:00,S04,Jubilee,busier,Bond Street->Stratford,in_train,,,,mixed,38.531455993652344,49.26422119140625,59.97600555419922,28.236820220947266,1022.0
commuta_readings_today_20260807_233732.csv,5774,2026-08-07,2026-08-07T18:31:15.000+01:00,S04,Jubilee,busier,Bond Street->Stratford,in_train,,,,mixed,39.08568572998047,49.60024642944336,59.997596740722656,28.28870010375977,1027.0
commuta_readings_today_20260807_233732.csv,5775,2026-08-07,2026-08-07T18:31:25.000+01:00,S04,Jubilee,busier,Bond Street->Stratford,platform,940GZZLUBMY,Bermondsey,train_height_psd,mixed,38.30791091918945,48.48419189453125,58.51236343383789,28.45349884033203,1037.0
commuta_readings_today_20260807_233732.csv,5776,2026-08-07,2026-08-07T18:31:35.000+01:00,S04,Jubilee,busier,Bond Street->Stratford,platform,940GZZLUBMY,Bermondsey,train_height_psd,mixed,34.79904556274414,44.32170486450195,53.781524658203125,27.94842529296875,1029.0
commuta_readings_today_20260807_233732.csv,5777,2026-08-07,2026-08-07T18:31:45.000+01:00,S04,Jubilee,busier,Bond Street->Stratford,platform,940GZZLUBMY,Bermondsey,train_height_psd,mixed,39.886741638183594,51.28255844116211,62.73015975952149,27.734798431396484,1023.0
commuta_readings_today_20260807_233732.csv,5778,2026-08-07,2026-08-07T18:31:55.000+01:00,S04,Jubilee,busier,Bond Street->Stratford,platform,940GZZLUBMY,Bermondsey,train_height_psd,mixed,42.926124572753906,55.90485382080078,69.12327575683594,27.11223030090332,963.0
commuta_readings_today_20260807_233732.csv,5779,2026-08-07,2026-08-07T18:32:05.000+01:00,S04,Jubilee,busier,Bond Street->Stratford,platform,940GZZLUBMY,Bermondsey,train_height_psd,mixed,45.13819122314453,58.14683914,71.24304962158203,26.775005340576172,897.0
commuta_readings_today_20260807_233732.csv,5780,2026-08-07,2026-08-07T18:32:15.000+01:00,S04,Jubilee,busier,Bond Street->Stratford,platform,940GZZLUBMY,Bermondsey,train_height_psd,mixed,58.40036392211914,75.49435424804688,92.76938629,26.69413375854492,860.0
commuta_readings_today_20260807_233732.csv,5781,2026-08-07,2026-08-07T18:32:25.000+01:00,S04,Jubilee,busier,Bond Street->Stratford,platform,940GZZLUBMY,Bermondsey,train_height_psd,mixed,52.21664810180664,68.45063781738281,85.09107971191406,26.59037208557129,836.0
commuta_readings_today_20260807_233732.csv,5782,2026-08-07,2026-08-07T18:32:35.000+01:00,S04,Jubilee,busier,Bond Street->Stratford,platform,940GZZLUBMY,Bermondsey,train_height_psd,mixed,46.93153762817383,60.67234420776367,74.55963134765625,26.465248107910156,815.0
commuta_readings_today_20260807_233732.csv,5783,2026-08-07,2026-08-07T18:32:45.000+01:00,S04,Jubilee,busier,Bond Street->Stratford,in_train,,,,mixed,43.511741638183594,55.833465576171875,68.18341064453125,26.356908798217773,801.0
commuta_readings_today_20260807_233732.csv,5784,2026-08-07,2026-08-07T18:32:55.000+01:00,S04,Jubilee,busier,Bond Street->Stratford,in_train,,,,mixed,40.27936935424805,52.42170715332031,64.77964782714844,26.781108856201172,790.0
commuta_readings_today_20260807_233732.csv,5785,2026-08-07,2026-08-07T18:33:05.000+01:00,S04,Jubilee,busier,Bond Street->Stratford,in_train,,,,mixed,39.29606246948242,51.44917678833008,63.89171219,27.02525329589844,791.0
commuta_readings_today_20260807_233732.csv,5786,2026-08-07,2026-08-07T18:33:15.000+01:00,S04,Jubilee,busier,Bond Street->Stratford,in_train,,,,mixed,39.81428909301758,51.72216033935547,63.81887435913086,27.214466094970703,792.0
commuta_readings_today_20260807_233732.csv,5787,2026-08-07,2026-08-07T18:33:25.000+01:00,S04,Jubilee,busier,Bond Street->Stratford,in_train,,,,mixed,39.832000732421875,51.248016357421875,62.72497559,27.313650131225582,802.0
commuta_readings_today_20260807_233732.csv,5788,2026-08-07,2026-08-07T18:33:35.000+01:00,S04,Jubilee,busier,Bond Street->Stratford,in_train,,,,mixed,39.573448181152344,50.761497497558594,61.970481872558594,27.50438690185547,823.0
commuta_readings_today_20260807_233732.csv,5789,2026-08-07,2026-08-07T18:33:45.000+01:00,S04,Jubilee,busier,Bond Street->Stratford,in_train,,,,mixed,41.58735275268555,53.29035568237305,65.00135040283203,27.69665145874023,840.0
commuta_readings_today_20260807_233732.csv,5790,2026-08-07,2026-08-07T18:33:55.000+01:00,S04,Jubilee,busier,Bond Street->Stratford,in_train,,,,mixed,43.680755615234375,55.28474426269531,66.7199707,27.78820419311523,860.0
commuta_readings_today_20260807_233732.csv,5791,2026-08-07,2026-08-07T18:34:05.000+01:00,S04,Jubilee,busier,Bond Street->Stratford,in_train,,,,mixed,44.45609664916992,55.575870513916016,66.34621429,27.804988861083984,868.0
commuta_readings_today_20260807_233732.csv,5792,2026-08-07,2026-08-07T18:34:15.000+01:00,S04,Jubilee,busier,Bond Street->Stratford,in_train,,,,mixed,44.20827102661133,55.007442474365234,65.39253997802734,27.858396530151367,884.0
commuta_readings_today_20260807_233732.csv,5793,2026-08-07,2026-08-07T18:34:25.000+01:00,S04,Jubilee,busier,Bond Street->Stratford,platform,940GZZLUCWR,Canada Water,train_height_psd,mixed,43.07079315185547,54.16170883178711,64.99584961,28.00030517578125,891.0
commuta_readings_today_20260807_233732.csv,5794,2026-08-07,2026-08-07T18:34:35.000+01:00,S04,Jubilee,busier,Bond Street->Stratford,platform,940GZZLUCWR,Canada Water,train_height_psd,mixed,26.939096450805664,34.84096145629883,42.83063888549805,27.53948211669922,893.0
commuta_readings_today_20260807_233732.csv,5795,2026-08-07,2026-08-07T18:34:45.000+01:00,S04,Jubilee,busier,Bond Street->Stratford,platform,940GZZLUCWR,Canada Water,train_height_psd,mixed,27.59967803955078,35.653038024902344,43.78548431396485,26.788738250732425,881.0
commuta_readings_today_20260807_233732.csv,5796,2026-08-07,2026-08-07T18:34:55.000+01:00,S04,Jubilee,busier,Bond Street->Stratford,platform,940GZZLUCWR,Canada Water,train_height_psd,mixed,26.23272705078125,33.726016998291016,41.25297164916992,26.344701766967773,851.0
commuta_readings_today_20260807_233732.csv,5797,2026-08-07,2026-08-07T18:35:05.000+01:00,S04,Jubilee,busier,Bond Street->Stratford,platform,940GZZLUCWR,Canada Water,train_height_psd,mixed,21.676597595214844,27.58392333984375,33.445823669433594,26.088350296020508,802.0
commuta_readings_today_20260807_233732.csv,5798,2026-08-07,2026-08-07T18:35:15.000+01:00,S04,Jubilee,busier,Bond Street->Stratford,platform,940GZZLUCWR,Canada Water,train_height_psd,mixed,40.18905258178711,50.48220443725586,60.521427154541016,25.70534896850586,753.0
commuta_readings_today_20260807_233732.csv,5799,2026-08-07,2026-08-07T18:35:25.000+01:00,S04,Jubilee,busier,Bond Street->Stratford,platform,940GZZLUCWR,Canada Water,train_height_psd,mixed,48.87924575805664,60.485816955566406,71.54868317,25.461204528808594,726.0
commuta_readings_today_20260807_233732.csv,5800,2026-08-07,2026-08-07T18:35:35.000+01:00,S04,Jubilee,busier,Bond Street->Stratford,platform,940GZZLUCWR,Canada Water,train_height_psd,mixed,44.85948944091797,55.32892227172851,65.25234222,25.30708694458008,708.0
commuta_readings_today_20260807_233732.csv,5801,2026-08-07,2026-08-07T18:35:45.000+01:00,S04,Jubilee,busier,Bond Street->Stratford,platform,940GZZLUCWR,Canada Water,train_height_psd,mixed,35.65194320678711,44.50117111206055,53.05255126953125,25.163652420043945,693.0
commuta_readings_today_20260807_233732.csv,5802,2026-08-07,2026-08-07T18:35:55.000+01:00,S04,Jubilee,busier,Bond Street->Stratford,platform,940GZZLUCWR,Canada Water,train_height_psd,mixed,28.80775451660156,36.05814743041992,43.09360885620117,25.088884353637695,682.0
commuta_readings_today_20260807_233732.csv,5803,2026-08-07,2026-08-07T18:36:05.000+01:00,S04,Jubilee,busier,Bond Street->Stratford,in_train,,,,mixed,17.908246994018555,22.343997955322266,26.627756118774418,24.84016227722168,674.0
commuta_readings_today_20260807_233732.csv,5804,2026-08-07,2026-08-07T18:36:15.000+01:00,S04,Jubilee,busier,Bond Street->Stratford,in_train,,,,mixed,17.737037658691406,22.043102264404297,26.176149368286133,24.771495819091797,664.0
commuta_readings_today_20260807_233732.csv,5805,2026-08-07,2026-08-07T18:36:25.000+01:00,S04,Jubilee,busier,Bond Street->Stratford,in_train,,,,mixed,23.402263641357425,28.781259536743164,33.854129791259766,24.786754608154297,647.0
commuta_readings_today_20260807_233732.csv,5806,2026-08-07,2026-08-07T18:36:35.000+01:00,S04,Jubilee,busier,Bond Street->Stratford,in_train,,,,mixed,25.865346908569336,31.562908172607425,36.85837936401367,24.85999870300293,636.0
commuta_readings_today_20260807_233732.csv,5807,2026-08-07,2026-08-07T18:36:45.000+01:00,S04,Jubilee,busier,Bond Street->Stratford,in_train,,,,mixed,25.520416259765625,30.93380355834961,35.89686584472656,25.070573806762695,623.0
commuta_readings_today_20260807_233732.csv,5808,2026-08-07,2026-08-07T18:36:55.000+01:00,S04,Jubilee,busier,Bond Street->Stratford,in_train,,,,mixed,26.56206512451172,32.35054016113281,37.709991455078125,25.217060089111328,625.0
commuta_readings_today_20260807_233732.csv,5809,2026-08-07,2026-08-07T18:37:05.000+01:00,S04,Jubilee,busier,Bond Street->Stratford,in_train,,,,mixed,26.918012619018555,32.72617721557617,38.08467483520508,25.43221092224121,636.0
commuta_readings_today_20260807_233732.csv,5810,2026-08-07,2026-08-07T18:37:15.000+01:00,S04,Jubilee,busier,Bond Street->Stratford,in_train,,,,mixed,29.175926208496097,35.438602447509766,41.20545959472656,25.517662048339844,658.0
commuta_readings_today_20260807_233732.csv,5811,2026-08-07,2026-08-07T18:37:25.000+01:00,S04,Jubilee,busier,Bond Street->Stratford,in_train,,,,mixed,32.18648147583008,39.49042892456055,46.34910583496094,25.578699111938477,680.0
commuta_readings_today_20260807_233732.csv,5812,2026-08-07,2026-08-07T18:37:35.000+01:00,S04,Jubilee,busier,Bond Street->Stratford,in_train,,,,mixed,35.1229248,43.05308151245117,50.48701095581055,25.590906143188477,696.0
commuta_readings_today_20260807_233732.csv,5813,2026-08-07,2026-08-07T18:37:45.000+01:00,S04,Jubilee,busier,Bond Street->Stratford,in_train,,,,mixed,37.25816727,45.48102951049805,53.12874984741211,25.626001358032227,713.0
commuta_readings_today_20260807_233732.csv,5814,2026-08-07,2026-08-07T18:37:55.000+01:00,S04,Jubilee,busier,Bond Street->Stratford,in_train,,,,mixed,36.30155563354492,44.12635803222656,51.34265137,25.72213363647461,723.0
commuta_readings_today_20260807_233732.csv,5815,2026-08-07,2026-08-07T18:38:05.000+01:00,S04,Jubilee,busier,Bond Street->Stratford,in_train,,,,mixed,35.277618408203125,42.69153976,49.46515274047851,25.76638412475586,725.0
commuta_readings_today_20260807_233732.csv,5816,2026-08-07,2026-08-07T18:38:15.000+01:00,S04,Jubilee,busier,Bond Street->Stratford,in_train,,,,mixed,37.16600418,45.359527587890625,52.97700119018555,25.85030937194824,741.0
commuta_readings_today_20260807_233732.csv,5817,2026-08-07,2026-08-07T18:38:25.000+01:00,S04,Jubilee,busier,Bond Street->Stratford,in_train,,,,mixed,43.233734130859375,52.98942565917969,62.13282012939453,25.964752197265625,756.0
commuta_readings_today_20260807_233732.csv,5818,2026-08-07,2026-08-07T18:38:35.000+01:00,S04,Jubilee,busier,Bond Street->Stratford,platform,940GZZLUCYF,Canary Wharf,train_height_psd,mixed,46.965389251708984,58.284034729003906,69.12313842773438,26.022735595703125,766.0
commuta_readings_today_20260807_233732.csv,5819,2026-08-07,2026-08-07T18:38:45.000+01:00,S04,Jubilee,busier,Bond Street->Stratford,platform,940GZZLUCYF,Canary Wharf,train_height_psd,mixed,45.83826446533203,56.33824539,66.22935485839844,25.487144470214844,769.0
commuta_readings_today_20260807_233732.csv,5820,2026-08-07,2026-08-07T18:38:55.000+01:00,S04,Jubilee,busier,Bond Street->Stratford,platform,940GZZLUCYF,Canary Wharf,train_height_psd,mixed,39.82619094848633,48.50220489501953,56.53416824,25.120927810668945,765.0
commuta_readings_today_20260807_233732.csv,5821,2026-08-07,2026-08-07T18:39:05.000+01:00,S04,Jubilee,busier,Bond Street->Stratford,platform,940GZZLUCYF,Canary Wharf,train_height_psd,mixed,39.83895492553711,48.31572723388672,56.09623718261719,24.985122680664062,748.0
commuta_readings_today_20260807_233732.csv,5822,2026-08-07,2026-08-07T18:39:15.000+01:00,S04,Jubilee,busier,Bond Street->Stratford,platform,940GZZLUCYF,Canary Wharf,train_height_psd,mixed,37.62565231323242,45.692501068115234,53.117488861083984,24.89051628112793,725.0
commuta_readings_today_20260807_233732.csv,5823,2026-08-07,2026-08-07T18:39:25.000+01:00,S04,Jubilee,busier,Bond Street->Stratford,platform,940GZZLUCYF,Canary Wharf,train_height_psd,mixed,34.76234055,42.24176025390625,49.13496780395508,24.721141815185547,705.0
commuta_readings_today_20260807_233732.csv,5824,2026-08-07,2026-08-07T18:39:35.000+01:00,S04,Jubilee,busier,Bond Street->Stratford,platform,940GZZLUCYF,Canary Wharf,train_height_psd,mixed,33.88478088378906,41.09046936035156,47.702884674072266,24.570077896118164,691.0
commuta_readings_today_20260807_233732.csv,5825,2026-08-07,2026-08-07T18:39:45.000+01:00,S04,Jubilee,busier,Bond Street->Stratford,platform,940GZZLUCYF,Canary Wharf,train_height_psd,mixed,34.33905029296875,41.45143127441406,47.91370391845703,24.48462677001953,678.0
commuta_readings_today_20260807_233732.csv,5826,2026-08-07,2026-08-07T18:39:55.000+01:00,S04,Jubilee,busier,Bond Street->Stratford,platform,940GZZLUCYF,Canary Wharf,train_height_psd,mixed,33.955352783203125,41.009498596191406,47.42626190185547,24.37476158,669.0
commuta_readings_today_20260807_233732.csv,5827,2026-08-07,2026-08-07T18:40:05.000+01:00,S04,Jubilee,busier,Bond Street->Stratford,platform,940GZZLUCYF,Canary Wharf,train_height_psd,mixed,51.758644104003906,63.82255554199219,75.25244903564453,24.34882164001465,655.0
commuta_readings_today_20260807_233732.csv,5828,2026-08-07,2026-08-07T18:40:15.000+01:00,S04,Jubilee,busier,Bond Street->Stratford,platform,940GZZLUCYF,Canary Wharf,train_height_psd,mixed,61.67441940307617,76.7795639,91.31716156,24.240482330322266,636.0
commuta_readings_today_20260807_233732.csv,5829,2026-08-07,2026-08-07T18:40:25.000+01:00,S04,Jubilee,busier,Bond Street->Stratford,platform,940GZZLUCYF,Canary Wharf,train_height_psd,mixed,59.15786361694336,74.26084899902344,88.97756958007812,24.21912002563477,633.0
commuta_readings_today_20260807_233732.csv,5830,2026-08-07,2026-08-07T18:40:35.000+01:00,S04,Jubilee,busier,Bond Street->Stratford,platform,940GZZLUCYF,Canary Wharf,train_height_psd,mixed,49.93703079223633,64.10200500488281,78.30547332763672,24.129091262817383,628.0
commuta_readings_today_20260807_233732.csv,5831,2026-08-07,2026-08-07T18:40:45.000+01:00,S04,Jubilee,busier,Bond Street->Stratford,in_train,,,,mixed,41.90104293823242,53.66462326049805,65.42911529541016,24.3228817,626.0
commuta_readings_today_20260807_233732.csv,5832,2026-08-07,2026-08-07T18:40:55.000+01:00,S04,Jubilee,busier,Bond Street->Stratford,in_train,,,,mixed,40.03150939941406,50.68367767333984,61.18572616577149,24.96376037597656,632.0
commuta_readings_today_20260807_233732.csv,5833,2026-08-07,2026-08-07T18:41:05.000+01:00,S04,Jubilee,busier,Bond Street->Stratford,in_train,,,,mixed,41.59238815307617,52.547603607177734,63.317928314208984,25.450523376464844,671.0
commuta_readings_today_20260807_233732.csv,5834,2026-08-07,2026-08-07T18:41:15.000+01:00,S04,Jubilee,busier,Bond Street->Stratford,in_train,,,,mixed,40.58707809448242,50.96697998046875,61.086524963378906,25.75722885131836,716.0
commuta_readings_today_20260807_233732.csv,5835,2026-08-07,2026-08-07T18:41:25.000+01:00,S04,Jubilee,busier,Bond Street->Stratford,in_train,,,,mixed,42.26207733154297,52.51020050048828,62.34300613,26.033416748046875,772.0
commuta_readings_today_20260807_233732.csv,5836,2026-08-07,2026-08-07T18:41:35.000+01:00,S04,Jubilee,busier,Bond Street->Stratford,in_train,,,,mixed,42.72444915771485,52.73681641,62.23977279663086,26.28519058227539,791.0
commuta_readings_today_20260807_233732.csv,5837,2026-08-07,2026-08-07T18:41:45.000+01:00,S04,Jubilee,busier,Bond Street->Stratford,in_train,,,,mixed,40.97183990478515,50.33836364746094,59.15584564208984,26.366064071655273,802.0
commuta_readings_today_20260807_233732.csv,5838,2026-08-07,2026-08-07T18:41:55.000+01:00,S04,Jubilee,busier,Bond Street->Stratford,in_train,,,,mixed,38.36708450317383,47.03971099853515,55.17285156,26.495765686035156,817.0
commuta_readings_today_20260807_233732.csv,5839,2026-08-07,2026-08-07T18:42:05.000+01:00,S04,Jubilee,busier,Bond Street->Stratford,in_train,,,,mixed,35.38213348388672,43.442970275878906,51.02249526977539,26.434728622436523,817.0
commuta_readings_today_20260807_233732.csv,5840,2026-08-07,2026-08-07T18:42:15.000+01:00,S04,Jubilee,busier,Bond Street->Stratford,in_train,,,,mixed,34.44769287109375,42.472957611083984,50.07527542114258,26.491188049316406,824.0
commuta_readings_today_20260807_233732.csv,5841,2026-08-07,2026-08-07T18:42:25.000+01:00,S04,Jubilee,busier,Bond Street->Stratford,in_train,,,,mixed,34.05805969238281,41.995750427246094,49.51609420776367,26.453041076660156,834.0
commuta_readings_today_20260807_233732.csv,5842,2026-08-07,2026-08-07T18:42:35.000+01:00,S04,Jubilee,busier,Bond Street->Stratford,in_train,,,,mixed,34.855281829833984,42.80911636352539,50.29215621948242,26.475929260253903,838.0
commuta_readings_today_20260807_233732.csv,5843,2026-08-07,2026-08-07T18:42:45.000+01:00,S04,Jubilee,busier,Bond Street->Stratford,in_train,,,,mixed,34.68880081176758,42.69945526123047,50.26597213745117,26.59342384338379,841.0
commuta_readings_today_20260807_233732.csv,5844,2026-08-07,2026-08-07T18:42:55.000+01:00,S04,Jubilee,busier,Bond Street->Stratford,in_train,,,,mixed,37.31343460083008,45.57775115966797,53.273590087890625,26.771953582763672,845.0
commuta_readings_today_20260807_233732.csv,5845,2026-08-07,2026-08-07T18:43:05.000+01:00,S04,Jubilee,busier,Bond Street->Stratford,in_train,,,,mixed,40.05719375610352,48.789894104003906,56.87646484,26.892499923706055,850.0
commuta_readings_today_20260807_233732.csv,5846,2026-08-07,2026-08-07T18:43:15.000+01:00,S04,Jubilee,busier,Bond Street->Stratford,in_train,,,,mixed,41.13296127319336,50.31938552856445,58.89875030517578,26.996261596679688,861.0
commuta_readings_today_20260807_233732.csv,5847,2026-08-07,2026-08-07T18:43:25.000+01:00,S04,Jubilee,busier,Bond Street->Stratford,platform,940GZZLUNGW,North Greenwich,train_height_psd,mixed,40.096961975097656,49.603607177734375,58.66048431396485,27.13359260559082,879.0
commuta_readings_today_20260807_233732.csv,5848,2026-08-07,2026-08-07T18:43:35.000+01:00,S04,Jubilee,busier,Bond Street->Stratford,platform,940GZZLUNGW,North Greenwich,train_height_psd,mixed,16.155349731445312,20.19338035583496,24.103679656982425,26.890974044799805,887.0
commuta_readings_today_20260807_233732.csv,5849,2026-08-07,2026-08-07T18:43:45.000+01:00,S04,Jubilee,busier,Bond Street->Stratford,platform,940GZZLUNGW,North Greenwich,train_height_psd,mixed,9.707336426,12.17672061920166,14.580434799194336,25.983062744140625,881.0
commuta_readings_today_20260807_233732.csv,5850,2026-08-07,2026-08-07T18:43:55.000+01:00,S04,Jubilee,busier,Bond Street->Stratford,platform,940GZZLUNGW,North Greenwich,train_height_psd,mixed,7.352108478546143,9.154564857,10.889826774597168,25.40169334411621,863.0
commuta_readings_today_20260807_233732.csv,5851,2026-08-07,2026-08-07T18:44:05.000+01:00,S04,Jubilee,busier,Bond Street->Stratford,platform,940GZZLUNGW,North Greenwich,train_height_psd,mixed,6.251712322235107,7.737147808074951,9.153284072875977,24.986648559570312,831.0
commuta_readings_today_20260807_233732.csv,5852,2026-08-07,2026-08-07T18:44:15.000+01:00,S04,Jubilee,busier,Bond Street->Stratford,platform,940GZZLUNGW,North Greenwich,train_height_psd,mixed,5.7109808921813965,7.0234150886535645,8.261084557,24.608224868774418,793.0
commuta_readings_today_20260807_233732.csv,5853,2026-08-07,2026-08-07T18:44:25.000+01:00,S04,Jubilee,busier,Bond Street->Stratford,platform,940GZZLUNGW,North Greenwich,train_height_psd,mixed,6.117370128631592,7.465911865234375,8.719618797302246,24.176393508911133,765.0
commuta_readings_today_20260807_233732.csv,5854,2026-08-07,2026-08-07T18:44:35.000+01:00,S04,Jubilee,busier,Bond Street->Stratford,platform,940GZZLUNGW,North Greenwich,train_height_psd,mixed,8.414502143859863,10.133373260498049,11.686768531799316,23.851377487182617,737.0
commuta_readings_today_20260807_233732.csv,5855,2026-08-07,2026-08-07T18:44:45.000+01:00,S04,Jubilee,busier,Bond Street->Stratford,platform,940GZZLUNGW,North Greenwich,train_height_psd,mixed,6.496645927429199,7.790408611297607,8.947831153869629,23.60112953186035,711.0
commuta_readings_today_20260807_233732.csv,5856,2026-08-07,2026-08-07T18:44:55.000+01:00,S04,Jubilee,busier,Bond Street->Stratford,platform,940GZZLUNGW,North Greenwich,train_height_psd,mixed,6.124302864074707,7.330911636352539,8.405644416809082,23.43022727966309,683.0
commuta_readings_today_20260807_233732.csv,5857,2026-08-07,2026-08-07T18:45:05.000+01:00,S04,Jubilee,busier,Bond Street->Stratford,platform,940GZZLUNGW,North Greenwich,train_height_psd,mixed,5.401880741119385,6.440877914428711,7.357048034667969,23.219654083251953,670.0
commuta_readings_today_20260807_233732.csv,5858,2026-08-07,2026-08-07T18:45:15.000+01:00,S04,Jubilee,busier,Bond Street->Stratford,platform,940GZZLUNGW,North Greenwich,train_height_psd,mixed,5.061925888061523,6.020436763763428,6.85996151,23.237964630126953,664.0
commuta_readings_today_20260807_233732.csv,5859,2026-08-07,2026-08-07T18:45:25.000+01:00,S04,Jubilee,busier,Bond Street->Stratford,platform,940GZZLUNGW,North Greenwich,train_height_psd,mixed,6.065269947052002,7.169256210327148,8.119213104248047,23.18303108215332,657.0
commuta_readings_today_20260807_233732.csv,5860,2026-08-07,2026-08-07T18:45:35.000+01:00,S04,Jubilee,busier,Bond Street->Stratford,platform,940GZZLUNGW,North Greenwich,train_height_psd,mixed,6.297870159,7.3852996826171875,8.297628402709961,23.16929817199707,646.0
commuta_readings_today_20260807_233732.csv,5861,2026-08-07,2026-08-07T18:45:45.000+01:00,S04,Jubilee,busier,Bond Street->Stratford,platform,940GZZLUNGW,North Greenwich,train_height_psd,mixed,5.795485973358154,6.790398120880127,7.6226935386657715,23.11741828918457,643.0
commuta_readings_today_20260807_233732.csv,5862,2026-08-07,2026-08-07T18:45:55.000+01:00,S04,Jubilee,busier,Bond Street->Stratford,platform,940GZZLUNGW,North Greenwich,train_height_psd,mixed,5.923237323760986,6.951041221618652,7.815463542938232,23.024337768554688,632.0
commuta_readings_today_20260807_233732.csv,5863,2026-08-07,2026-08-07T18:46:05.000+01:00,S04,Jubilee,busier,Bond Street->Stratford,platform,940GZZLUNGW,North Greenwich,train_height_psd,mixed,5.596996307373047,6.556437015533447,7.358471870422363,22.957199096679688,627.0
commuta_readings_today_20260807_233732.csv,5864,2026-08-07,2026-08-07T18:46:15.000+01:00,S04,Jubilee,busier,Bond Street->Stratford,platform,940GZZLUNGW,North Greenwich,train_height_psd,mixed,5.200223445892334,6.076057434082031,6.801628589630127,22.887006759643555,623.0
commuta_readings_today_20260807_233732.csv,5865,2026-08-07,2026-08-07T18:46:25.000+01:00,S04,Jubilee,busier,Bond Street->Stratford,platform,940GZZLUNGW,North Greenwich,train_height_psd,mixed,4.710304260253906,5.4933929443359375,6.137741565704346,22.836652755737305,617.0
commuta_readings_today_20260807_233732.csv,5866,2026-08-07,2026-08-07T18:46:35.000+01:00,S04,Jubilee,busier,Bond Street->Stratford,platform,940GZZLUNGW,North Greenwich,train_height_psd,mixed,4.744887828826904,5.508896827697754,6.1267547607421875,22.729839324951172,616.0
commuta_readings_today_20260807_233732.csv,5867,2026-08-07,2026-08-07T18:46:45.000+01:00,S04,Jubilee,busier,Bond Street->Stratford,platform,940GZZLUNGW,North Greenwich,train_height_psd,mixed,5.040712356567383,5.840529441833496,6.482038497924805,22.74662399291992,611.0
commuta_readings_today_20260807_233732.csv,5868,2026-08-07,2026-08-07T18:46:55.000+01:00,S04,Jubilee,busier,Bond Street->Stratford,platform,940GZZLUNGW,North Greenwich,train_height_psd,mixed,5.219577312469482,6.023604869842529,6.657484531402588,22.62760353088379,608.0
commuta_readings_today_20260807_233732.csv,5869,2026-08-07,2026-08-07T18:47:05.000+01:00,S04,Jubilee,busier,Bond Street->Stratford,platform,940GZZLUNGW,North Greenwich,train_height_psd,mixed,4.936756134033203,5.666714668273926,6.227891445159912,22.529945373535156,605.0
commuta_readings_today_20260807_233732.csv,5870,2026-08-07,2026-08-07T18:47:15.000+01:00,S04,Jubilee,busier,Bond Street->Stratford,platform,940GZZLUNGW,North Greenwich,train_height_psd,mixed,5.340373516082764,6.092915058135986,6.653326511383057,22.415502548217773,600.0
commuta_readings_today_20260807_233732.csv,5871,2026-08-07,2026-08-07T18:47:25.000+01:00,S04,Jubilee,busier,Bond Street->Stratford,platform,940GZZLUNGW,North Greenwich,train_height_psd,mixed,5.8535356521606445,6.645443916320801,7.218278884887695,22.407873153686523,594.0
commuta_readings_today_20260807_233732.csv,5872,2026-08-07,2026-08-07T18:47:35.000+01:00,S04,Jubilee,busier,Bond Street->Stratford,platform,940GZZLUNGW,North Greenwich,train_height_psd,mixed,6.441195487976074,7.278423309326172,7.865782260894775,22.357519149780273,590.0
commuta_readings_today_20260807_233732.csv,5873,2026-08-07,2026-08-07T18:47:45.000+01:00,S04,Jubilee,busier,Bond Street->Stratford,platform,940GZZLUNGW,North Greenwich,train_height_psd,mixed,19.235809326171875,21.67205047607422,23.34560775756836,22.25986099243164,586.0
commuta_readings_today_20260807_233732.csv,5874,2026-08-07,2026-08-07T18:47:55.000+01:00,S04,Jubilee,busier,Bond Street->Stratford,platform,940GZZLUNGW,North Greenwich,train_height_psd,mixed,19.70307350158691,22.217823028564453,23.95634078979492,22.26138687133789,581.0
commuta_readings_today_20260807_233732.csv,5875,2026-08-07,2026-08-07T18:48:05.000+01:00,S04,Jubilee,busier,Bond Street->Stratford,platform,940GZZLUNGW,North Greenwich,train_height_psd,mixed,28.91415786743164,32.986663818359375,36.01842498779297,22.20798110961914,576.0
commuta_readings_today_20260807_233732.csv,5876,2026-08-07,2026-08-07T18:48:15.000+01:00,S04,Jubilee,busier,Bond Street->Stratford,platform,940GZZLUNGW,North Greenwich,train_height_psd,mixed,24.6739502,28.379812240600582,31.256919860839844,22.24155044555664,573.0
commuta_readings_today_20260807_233732.csv,5877,2026-08-07,2026-08-07T18:48:25.000+01:00,S04,Jubilee,busier,Bond Street->Stratford,platform,940GZZLUNGW,North Greenwich,train_height_psd,mixed,24.479347229003903,28.336284637451172,31.41742515563965,22.20950698852539,572.0
commuta_readings_today_20260807_233732.csv,5878,2026-08-07,2026-08-07T18:48:35.000+01:00,S04,Jubilee,busier,Bond Street->Stratford,in_train,,,,mixed,26.13665008544922,30.715229034423828,34.58403778076172,22.65964698791504,573.0
commuta_readings_today_20260807_233732.csv,5879,2026-08-07,2026-08-07T18:48:45.000+01:00,S04,Jubilee,busier,Bond Street->Stratford,in_train,,,,mixed,25.39853858947754,30.404138565063477,34.86322784423828,22.932783126831055,576.0
commuta_readings_today_20260807_233732.csv,5880,2026-08-07,2026-08-07T18:48:55.000+01:00,S04,Jubilee,busier,Bond Street->Stratford,in_train,,,,mixed,23.277135848999023,28.54375267028809,33.484352111816406,23.06553840637207,590.0
commuta_readings_today_20260807_233732.csv,5881,2026-08-07,2026-08-07T18:49:05.000+01:00,S04,Jubilee,busier,Bond Street->Stratford,in_train,,,,mixed,24.31631088256836,30.276235580444336,36.01354217529297,23.12047004699707,601.0
commuta_readings_today_20260807_233732.csv,5882,2026-08-07,2026-08-07T18:49:15.000+01:00,S04,Jubilee,busier,Bond Street->Stratford,in_train,,,,mixed,24.58997344970703,31.042999267578125,37.380577087402344,23.372243881225582,616.0
commuta_readings_today_20260807_233732.csv,5883,2026-08-07,2026-08-07T18:49:25.000+01:00,S04,Jubilee,busier,Bond Street->Stratford,in_train,,,,mixed,25.91270637512207,32.95292663574219,39.93329620361328,23.62859535217285,641.0
commuta_readings_today_20260807_233732.csv,5884,2026-08-07,2026-08-07T18:49:35.000+01:00,S04,Jubilee,busier,Bond Street->Stratford,in_train,,,,mixed,27.371906280517575,34.782108306884766,42.12227249145508,23.99938965,695.0
commuta_readings_today_20260807_233732.csv,5885,2026-08-07,2026-08-07T18:49:45.000+01:00,S04,Jubilee,busier,Bond Street->Stratford,in_train,,,,mixed,29.776290893554688,38.035911560058594,46.27043533325195,24.26794815063477,747.0
commuta_readings_today_20260807_233732.csv,5886,2026-08-07,2026-08-07T18:49:55.000+01:00,S04,Jubilee,busier,Bond Street->Stratford,in_train,,,,mixed,31.29473876953125,39.95072937011719,48.57395553588867,24.54871368408203,785.0
commuta_readings_today_20260807_233732.csv,5887,2026-08-07,2026-08-07T18:50:05.000+01:00,S04,Jubilee,busier,Bond Street->Stratford,in_train,,,,mixed,31.233701705932617,39.61231994628906,47.89118194580078,24.785228729248047,820.0
commuta_readings_today_20260807_233732.csv,5888,2026-08-07,2026-08-07T18:50:15.000+01:00,S04,Jubilee,busier,Bond Street->Stratford,in_train,,,,mixed,30.52461814880371,38.09006881713867,45.39764404296875,25.067522048950195,849.0
commuta_readings_today_20260807_233732.csv,5889,2026-08-07,2026-08-07T18:50:25.000+01:00,S04,Jubilee,busier,Bond Street->Stratford,in_train,,,,mixed,30.482728958129883,37.64593505859375,44.450740814208984,25.224689483642575,881.0
commuta_readings_today_20260807_233732.csv,5890,2026-08-07,2026-08-07T18:50:35.000+01:00,S04,Jubilee,busier,Bond Street->Stratford,in_train,,,,mixed,31.91437339782715,38.978965759277344,45.55632781982422,25.43373680114746,920.0
commuta_readings_today_20260807_233732.csv,5891,2026-08-07,2026-08-07T18:50:45.000+01:00,S04,Jubilee,busier,Bond Street->Stratford,in_train,,,,mixed,31.053651809692383,37.901668548583984,44.26889419555664,25.532920837402344,941.0
commuta_readings_today_20260807_233732.csv,5892,2026-08-07,2026-08-07T18:50:55.000+01:00,S04,Jubilee,busier,Bond Street->Stratford,in_train,,,,mixed,31.734886169433594,38.61663818359375,44.97706223,25.79384994506836,956.0
commuta_readings_today_20260807_233732.csv,5893,2026-08-07,2026-08-07T18:51:05.000+01:00,S04,Jubilee,busier,Bond Street->Stratford,platform,940GZZLUCGT,Canning Town,open_air,mixed,32.74757004,40.480369567871094,47.83775329589844,25.902189254760746,963.0
commuta_readings_today_20260807_233732.csv,5894,2026-08-07,2026-08-07T18:51:15.000+01:00,S04,Jubilee,busier,Bond Street->Stratford,platform,940GZZLUCGT,Canning Town,open_air,mixed,14.920184135437012,18.611845016479492,22.175851821899418,26.033416748046875,963.0
commuta_readings_today_20260807_233732.csv,5895,2026-08-07,2026-08-07T18:51:25.000+01:00,S04,Jubilee,busier,Bond Street->Stratford,platform,940GZZLUCGT,Canning Town,open_air,mixed,7.585804462432861,9.490688324,11.337861061096191,25.35896873474121,952.0
commuta_readings_today_20260807_233732.csv,5896,2026-08-07,2026-08-07T18:51:35.000+01:00,S04,Jubilee,busier,Bond Street->Stratford,platform,940GZZLUCGT,Canning Town,open_air,mixed,5.570012569,6.956392765045166,8.297228813171387,24.82337760925293,916.0
commuta_readings_today_20260807_233732.csv,5897,2026-08-07,2026-08-07T18:51:45.000+01:00,S04,Jubilee,busier,Bond Street->Stratford,platform,940GZZLUCGT,Canning Town,open_air,mixed,5.271347999572754,6.526772975921631,7.724518775939941,24.53040313720703,862.0
commuta_readings_today_20260807_233732.csv,5898,2026-08-07,2026-08-07T18:51:55.000+01:00,S04,Jubilee,busier,Bond Street->Stratford,platform,940GZZLUCGT,Canning Town,open_air,mixed,5.8460540771484375,7.194673061,8.468080520629883,24.293888092041016,798.0
commuta_readings_today_20260807_233732.csv,5899,2026-08-07,2026-08-07T18:52:05.000+01:00,S04,Jubilee,busier,Bond Street->Stratford,platform,940GZZLUCGT,Canning Town,open_air,mixed,6.1135759353637695,7.522784233093262,8.853052139282227,24.119935989379883,760.0
commuta_readings_today_20260807_233732.csv,5900,2026-08-07,2026-08-07T18:52:15.000+01:00,S04,Jubilee,busier,Bond Street->Stratford,platform,940GZZLUCGT,Canning Town,open_air,mixed,6.21626091,7.709624290466309,9.138292313,23.924619674682617,712.0
commuta_readings_today_20260807_233732.csv,5901,2026-08-07,2026-08-07T18:52:25.000+01:00,S04,Jubilee,busier,Bond Street->Stratford,platform,940GZZLUCGT,Canning Town,open_air,mixed,5.245356559753418,6.525216579437256,7.755568504333496,23.67437171936035,686.0
commuta_readings_today_20260807_233732.csv,5902,2026-08-07,2026-08-07T18:52:35.000+01:00,S04,Jubilee,busier,Bond Street->Stratford,platform,940GZZLUCGT,Canning Town,open_air,mixed,4.466069221496582,5.539280891418457,6.566090106964111,23.254749298095703,661.0
commuta_readings_today_20260807_233732.csv,5903,2026-08-07,2026-08-07T18:52:45.000+01:00,S04,Jubilee,busier,Bond Street->Stratford,in_train,,,,mixed,19.363840103149418,23.84509658813477,28.08089256286621,22.922101974487305,639.0
commuta_readings_today_20260807_233732.csv,5904,2026-08-07,2026-08-07T18:52:55.000+01:00,S04,Jubilee,busier,Bond Street->Stratford,in_train,,,,mixed,27.4785099,34.02679443359375,40.275447845458984,22.920576095581055,618.0
commuta_readings_today_20260807_233732.csv,5905,2026-08-07,2026-08-07T18:53:05.000+01:00,S04,Jubilee,busier,Bond Street->Stratford,in_train,,,,mixed,26.61428451538086,33.52170181274414,40.28438186645508,22.958724975585938,613.0
commuta_readings_today_20260807_233732.csv,5906,2026-08-07,2026-08-07T18:53:15.000+01:00,S04,Jubilee,busier,Bond Street->Stratford,in_train,,,,mixed,24.38660430908203,31.02393341064453,37.60795593261719,23.08232307434082,609.0
commuta_readings_today_20260807_233732.csv,5907,2026-08-07,2026-08-07T18:53:25.000+01:00,S04,Jubilee,busier,Bond Street->Stratford,in_train,,,,mixed,22.282625198364254,28.24544334411621,34.133331298828125,23.298999786376953,609.0
commuta_readings_today_20260807_233732.csv,5908,2026-08-07,2026-08-07T18:53:35.000+01:00,S04,Jubilee,busier,Bond Street->Stratford,in_train,,,,mixed,19.789087295532227,25.075159072875977,30.29224395751953,23.54467010498047,609.0
commuta_readings_today_20260807_233732.csv,5909,2026-08-07,2026-08-07T18:53:45.000+01:00,S04,Jubilee,busier,Bond Street->Stratford,in_train,,,,mixed,17.76535415649414,22.689870834350582,27.598546981811523,23.66826820373535,611.0
commuta_readings_today_20260807_233732.csv,5910,2026-08-07,2026-08-07T18:53:55.000+01:00,S04,Jubilee,busier,Bond Street->Stratford,in_train,,,,mixed,17.61477279663086,22.45013427734375,27.257577896118164,23.790340423583984,617.0
commuta_readings_today_20260807_233732.csv,5911,2026-08-07,2026-08-07T18:54:05.000+01:00,S04,Jubilee,busier,Bond Street->Stratford,in_train,,,,mixed,17.074007034301758,21.502117156982425,25.83654213,23.854429244995117,634.0
commuta_readings_today_20260807_233732.csv,5912,2026-08-07,2026-08-07T18:54:15.000+01:00,S04,Jubilee,busier,Bond Street->Stratford,in_train,,,,mixed,15.889920234680176,19.84850502,23.678083419799805,23.857481002807617,648.0
commuta_readings_today_20260807_233732.csv,5913,2026-08-07,2026-08-07T18:54:25.000+01:00,S04,Jubilee,busier,Bond Street->Stratford,in_train,,,,mixed,15.445319175720217,19.05080223083496,22.46850014,23.94750977,657.0
commuta_readings_today_20260807_233732.csv,5914,2026-08-07,2026-08-07T18:54:35.000+01:00,S04,Jubilee,busier,Bond Street->Stratford,in_train,,,,mixed,14.445937156677246,17.70981216430664,20.77016258239746,23.95513916015625,662.0
commuta_readings_today_20260807_233732.csv,5915,2026-08-07,2026-08-07T18:54:45.000+01:00,S04,Jubilee,busier,Bond Street->Stratford,in_train,,,,mixed,13.70101547241211,16.70905113220215,19.501523971557617,23.837644577026367,669.0
commuta_readings_today_20260807_233732.csv,5916,2026-08-07,2026-08-07T18:54:55.000+01:00,S04,Jubilee,busier,Bond Street->Stratford,in_train,,,,mixed,12.542072296142578,15.20682430267334,17.65138053894043,23.825437545776367,670.0
commuta_readings_today_20260807_233732.csv,5917,2026-08-07,2026-08-07T18:55:05.000+01:00,S04,Jubilee,busier,Bond Street->Stratford,platform,940GZZLUWHM,West Ham,open_air,mixed,8.231220245361328,9.933547019958496,11.47938346862793,23.52178192138672,671.0
commuta_readings_today_20260807_233732.csv,5918,2026-08-07,2026-08-07T18:55:15.000+01:00,S04,Jubilee,busier,Bond Street->Stratford,platform,940GZZLUWHM,West Ham,open_air,mixed,5.568046569824219,6.704504489898682,7.731219769,23.12809944152832,670.0
commuta_readings_today_20260807_233732.csv,5919,2026-08-07,2026-08-07T18:55:25.000+01:00,S04,Jubilee,busier,Bond Street->Stratford,platform,940GZZLUWHM,West Ham,open_air,mixed,5.006025314331055,6.029312610626221,6.9543280601501465,22.67337989807129,663.0
commuta_readings_today_20260807_233732.csv,5920,2026-08-07,2026-08-07T18:55:35.000+01:00,S04,Jubilee,busier,Bond Street->Stratford,platform,940GZZLUWHM,West Ham,open_air,mixed,5.146440029144287,6.229085922241211,7.218596935272217,22.333105087280273,640.0
commuta_readings_today_20260807_233732.csv,5921,2026-08-07,2026-08-07T18:55:45.000+01:00,S04,Jubilee,busier,Bond Street->Stratford,platform,940GZZLUWHM,West Ham,open_air,mixed,5.006699562072754,6.072896480560303,7.051820278167725,22.146944046020508,616.0
commuta_readings_today_20260807_233732.csv,5922,2026-08-07,2026-08-07T18:55:55.000+01:00,S04,Jubilee,busier,Bond Street->Stratford,platform,940GZZLUWHM,West Ham,open_air,mixed,4.346032143,5.267388820648193,6.111922264099121,22.113374710083008,610.0
commuta_readings_today_20260807_233732.csv,5923,2026-08-07,2026-08-07T18:56:05.000+01:00,S04,Jubilee,busier,Bond Street->Stratford,platform,940GZZLUWHM,West Ham,open_air,mixed,4.147169589996338,5.003857135772705,5.781440258026123,22.177461624145508,607.0
commuta_readings_today_20260807_233732.csv,5924,2026-08-07,2026-08-07T18:56:15.000+01:00,S04,Jubilee,busier,Bond Street->Stratford,platform,940GZZLUWHM,West Ham,open_air,mixed,4.240348815917969,5.106561660766602,5.8893914222717285,22.450599670410156,609.0
commuta_readings_today_20260807_233732.csv,5925,2026-08-07,2026-08-07T18:56:25.000+01:00,S04,Jubilee,busier,Bond Street->Stratford,platform,940GZZLUWHM,West Ham,open_air,mixed,4.717597484588623,5.703941345214844,6.6033430099487305,22.59556007385254,613.0
commuta_readings_today_20260807_233732.csv,5926,2026-08-07,2026-08-07T18:56:35.000+01:00,S04,Jubilee,busier,Bond Street->Stratford,platform,940GZZLUWHM,West Ham,open_air,mixed,5.179675579071045,6.269070625305176,7.264667510986328,22.920576095581055,637.0
commuta_readings_today_20260807_233732.csv,5927,2026-08-07,2026-08-07T18:56:45.000+01:00,S04,Jubilee,busier,Bond Street->Stratford,platform,940GZZLUWHM,West Ham,open_air,mixed,5.032614707946777,6.110958576202393,7.103285312652588,23.215076446533203,684.0
commuta_readings_today_20260807_233732.csv,5928,2026-08-07,2026-08-07T18:56:55.000+01:00,S04,Jubilee,busier,Bond Street->Stratford,platform,940GZZLUWHM,West Ham,open_air,mixed,4.873952865600586,5.984923362731934,7.029741287231445,23.48668670654297,739.0
commuta_readings_today_20260807_233732.csv,5929,2026-08-07,2026-08-07T18:57:05.000+01:00,S04,Jubilee,busier,Bond Street->Stratford,platform,940GZZLUWHM,West Ham,open_air,mixed,4.884954452514648,5.991685390472412,7.030376911,23.788814544677734,797.0
commuta_readings_today_20260807_233732.csv,5930,2026-08-07,2026-08-07T18:57:15.000+01:00,S04,Jubilee,busier,Bond Street->Stratford,platform,940GZZLUWHM,West Ham,open_air,mixed,5.352837085723877,6.53137207,7.626546859741211,23.99023438,825.0
commuta_readings_today_20260807_233732.csv,5931,2026-08-07,2026-08-07T18:57:25.000+01:00,S04,Jubilee,busier,Bond Street->Stratford,platform,940GZZLUWHM,West Ham,open_air,mixed,6.505894184112549,7.824182510375977,9.011775970458984,23.47142791748047,833.0
commuta_readings_today_20260807_233732.csv,5932,2026-08-07,2026-08-07T18:57:35.000+01:00,S04,Jubilee,busier,Bond Street->Stratford,platform,940GZZLUWHM,West Ham,open_air,mixed,7.981748104095459,9.369364738464355,10.537495613098145,22.963302612304688,827.0
commuta_readings_today_20260807_233732.csv,5933,2026-08-07,2026-08-07T18:57:45.000+01:00,S04,Jubilee,busier,Bond Street->Stratford,platform,940GZZLUWHM,West Ham,open_air,mixed,10.038714408874512,11.504014015197754,12.62120246887207,22.56962013244629,795.0
commuta_readings_today_20260807_233732.csv,5934,2026-08-07,2026-08-07T18:57:55.000+01:00,S04,Jubilee,busier,Bond Street->Stratford,platform,940GZZLUWHM,West Ham,open_air,mixed,10.88453483581543,12.196955680847168,13.060794830322266,22.180513381958008,747.0
commuta_readings_today_20260807_233732.csv,5935,2026-08-07,2026-08-07T18:58:05.000+01:00,S04,Jubilee,busier,Bond Street->Stratford,platform,940GZZLUWHM,West Ham,open_air,mixed,11.013653755187988,12.121038436889648,12.71772575378418,21.968414306640625,708.0
commuta_readings_today_20260807_233732.csv,5936,2026-08-07,2026-08-07T18:58:15.000+01:00,S04,Jubilee,busier,Bond Street->Stratford,platform,940GZZLUWHM,West Ham,open_air,mixed,10.517876625061035,11.42340374,11.80208683013916,21.892118453979492,667.0
commuta_readings_today_20260807_233732.csv,5937,2026-08-07,2026-08-07T18:58:25.000+01:00,S04,Jubilee,busier,Bond Street->Stratford,platform,940GZZLUWHM,West Ham,open_air,mixed,8.929919242858887,9.612979888916016,9.826660156,21.69680404663086,636.0
commuta_readings_today_20260807_233732.csv,5938,2026-08-07,2026-08-07T18:58:35.000+01:00,S04,Jubilee,busier,Bond Street->Stratford,platform,940GZZLUWHM,West Ham,open_air,mixed,7.778748035430908,8.241513252,8.261359214782715,21.568628311157227,612.0
commuta_readings_today_20260807_233732.csv,5939,2026-08-07,2026-08-07T18:58:45.000+01:00,S04,Jubilee,busier,Bond Street->Stratford,platform,940GZZLUWHM,West Ham,open_air,mixed,7.930869102478027,8.388767242,8.391505241394043,21.631189346313477,593.0
commuta_readings_today_20260807_233732.csv,5940,2026-08-07,2026-08-07T18:58:55.000+01:00,S04,Jubilee,busier,Bond Street->Stratford,platform,940GZZLUWHM,West Ham,open_air,mixed,8.004948616027832,8.465164184570312,8.465462684631348,21.873807907104492,594.0
commuta_readings_today_20260807_233732.csv,5941,2026-08-07,2026-08-07T18:59:05.000+01:00,S04,Jubilee,busier,Bond Street->Stratford,platform,940GZZLUWHM,West Ham,open_air,mixed,7.311343193054199,7.731489658355713,7.731520175933838,22.088960647583008,594.0
commuta_readings_today_20260807_233732.csv,5942,2026-08-07,2026-08-07T18:59:15.000+01:00,S04,Jubilee,busier,Bond Street->Stratford,platform,940GZZLUWHM,West Ham,open_air,mixed,6.450193881988525,6.820836067199707,6.820840358734131,22.719158172607425,599.0
commuta_readings_today_20260807_233732.csv,5943,2026-08-07,2026-08-07T18:59:25.000+01:00,S04,Jubilee,busier,Bond Street->Stratford,platform,940GZZLUWHM,West Ham,open_air,mixed,5.588914394378662,5.910065650939941,5.910069465637207,23.392080307006836,638.0
commuta_readings_today_20260807_233732.csv,5944,2026-08-07,2026-08-07T18:59:35.000+01:00,S04,Jubilee,busier,Bond Street->Stratford,platform,940GZZLUWHM,West Ham,open_air,mixed,5.284776210784912,5.588450908660889,5.588454246520996,23.865110397338867,707.0
commuta_readings_today_20260807_233732.csv,5945,2026-08-07,2026-08-07T18:59:45.000+01:00,S04,Jubilee,busier,Bond Street->Stratford,platform,940GZZLUWHM,West Ham,open_air,mixed,5.071355343,5.362766265869141,5.362769603729248,24.142824172973633,750.0
commuta_readings_today_20260807_233732.csv,5946,2026-08-07,2026-08-07T18:59:55.000+01:00,S04,Jubilee,busier,Bond Street->Stratford,platform,940GZZLUWHM,West Ham,open_air,mixed,4.513852596282959,4.773228168487549,4.773231029510498,24.205387115478516,774.0
commuta_readings_today_20260807_233732.csv,5947,2026-08-07,2026-08-07T19:00:05.000+01:00,S04,Jubilee,busier,Bond Street->Stratford,platform,940GZZLUWHM,West Ham,open_air,mixed,4.417697906494141,4.673530101776123,4.676023960113525,23.95513916015625,779.0
commuta_readings_today_20260807_233732.csv,5948,2026-08-07,2026-08-07T19:00:15.000+01:00,S04,Jubilee,busier,Bond Street->Stratford,platform,940GZZLUWHM,West Ham,open_air,mixed,4.453369617462158,4.7121782302856445,4.715836524963379,23.698787689208984,780.0
commuta_readings_today_20260807_233732.csv,5949,2026-08-07,2026-08-07T19:00:25.000+01:00,S04,Jubilee,busier,Bond Street->Stratford,platform,940GZZLUWHM,West Ham,open_air,mixed,4.190031051635742,4.431092262268066,4.431461811065674,23.56756019592285,779.0
commuta_readings_today_20260807_233732.csv,5950,2026-08-07,2026-08-07T19:00:35.000+01:00,S04,Jubilee,busier,Bond Street->Stratford,platform,940GZZLUWHM,West Ham,open_air,mixed,4.253466606140137,4.521313667297363,4.550783157348633,23.60265541,779.0
commuta_readings_today_20260807_233732.csv,5951,2026-08-07,2026-08-07T19:00:45.000+01:00,S04,Jubilee,busier,Bond Street->Stratford,platform,940GZZLUWHM,West Ham,open_air,mixed,4.091113090515137,4.367650985717773,4.4197797775268555,23.54314422607422,779.0
commuta_readings_today_20260807_233732.csv,5952,2026-08-07,2026-08-07T19:00:55.000+01:00,S04,Jubilee,busier,Bond Street->Stratford,platform,940GZZLUWHM,West Ham,open_air,mixed,4.031491756439209,4.319725036621094,4.390867233276367,22.990768432617188,765.0
commuta_readings_today_20260807_233732.csv,5953,2026-08-07,2026-08-07T19:01:05.000+01:00,S04,Jubilee,busier,Bond Street->Stratford,platform,940GZZLUWHM,West Ham,open_air,mixed,3.894235849380493,4.179932117462158,4.257802486419678,22.58793067932129,735.0
commuta_readings_today_20260807_233732.csv,5954,2026-08-07,2026-08-07T19:01:15.000+01:00,S04,Jubilee,busier,Bond Street->Stratford,platform,940GZZLUWHM,West Ham,open_air,mixed,3.621307373046875,3.8891522884368896,3.9642951488494873,22.407873153686523,701.0
commuta_readings_today_20260807_233732.csv,5955,2026-08-07,2026-08-07T19:01:25.000+01:00,S04,Jubilee,busier,Bond Street->Stratford,platform,940GZZLUWHM,West Ham,open_air,mixed,3.5859901905059814,3.8499059677124023,3.9226596355438232,22.29953384399414,682.0
commuta_readings_today_20260807_233732.csv,5958,2026-08-07,2026-08-07T19:01:55.000+01:00,S04,Jubilee,busier,Bond Street->Stratford,platform,940GZZLUWHM,West Ham,open_air,mixed,3.5484731197357178,3.819438934326172,3.903769254684448,22.08133125305176,643.0
commuta_readings_today_20260807_233732.csv,5960,2026-08-07,2026-08-07T19:02:15.000+01:00,S04,Jubilee,busier,Bond Street->Stratford,platform,940GZZLUWHM,West Ham,open_air,mixed,3.393667697906494,3.663410663604736,3.7573883533477783,21.922636032104492,617.0
commuta_readings_today_20260807_233732.csv,5961,2026-08-07,2026-08-07T19:02:25.000+01:00,S04,Jubilee,busier,Bond Street->Stratford,platform,940GZZLUWHM,West Ham,open_air,mixed,4.972119331359863,5.3632731437683105,5.495867729187012,21.84786796569824,603.0
commuta_readings_today_20260807_233732.csv,5962,2026-08-07,2026-08-07T19:02:35.000+01:00,S04,Jubilee,busier,Bond Street->Stratford,platform,940GZZLUWHM,West Ham,open_air,mixed,3.9669957160949703,4.279580593109131,4.386004925,21.76089096069336,573.0
commuta_readings_today_20260807_233732.csv,5963,2026-08-07,2026-08-07T19:02:45.000+01:00,S04,Jubilee,busier,Bond Street->Stratford,platform,940GZZLUWHM,West Ham,open_air,mixed,3.2399463653564453,3.4979958534240723,3.5883774757385254,21.519798278808594,565.0
commuta_readings_today_20260807_233732.csv,5964,2026-08-07,2026-08-07T19:02:55.000+01:00,S04,Jubilee,busier,Bond Street->Stratford,platform,940GZZLUWHM,West Ham,open_air,mixed,3.4858615398406982,3.764416933059693,3.862813234329224,21.475547790527344,550.0
commuta_readings_today_20260807_233732.csv,5965,2026-08-07,2026-08-07T19:03:05.000+01:00,S04,Jubilee,busier,Bond Street->Stratford,in_train,,,,mixed,6.960248947143555,7.539169311523437,7.764217853546143,21.454185485839844,547.0
commuta_readings_today_20260807_233732.csv,5968,2026-08-07,2026-08-07T19:03:35.000+01:00,S04,Jubilee,busier,Bond Street->Stratford,in_train,,,,mixed,3.3416874408721924,3.6288347244262695,3.748453378677368,21.467918395996097,534.0
commuta_readings_today_20260807_233732.csv,5969,2026-08-07,2026-08-07T19:03:45.000+01:00,S04,Jubilee,busier,Bond Street->Stratford,in_train,,,,mixed,3.2570791244506836,3.5340793132781982,3.647051095962525,21.441978454589844,529.0
commuta_readings_today_20260807_233732.csv,5970,2026-08-07,2026-08-07T19:03:55.000+01:00,S04,Jubilee,busier,Bond Street->Stratford,in_train,,,,mixed,3.723045110702514,4.038604259490967,4.166394233703613,21.469444274902344,526.0
commuta_readings_today_20260807_233732.csv,5973,2026-08-07,2026-08-07T19:04:25.000+01:00,S04,Jubilee,busier,Bond Street->Stratford,in_train,,,,mixed,3.0467495918273926,3.298335313796997,3.394547462463379,21.264972686767575,518.0
commuta_readings_today_20260807_233732.csv,5974,2026-08-07,2026-08-07T19:04:35.000+01:00,S04,Jubilee,busier,Bond Street->Stratford,in_train,,,,mixed,3.209172487258911,3.475898027420044,3.5794107913970947,21.248188018798828,516.0
commuta_readings_today_20260807_233732.csv,5978,2026-08-07,2026-08-07T19:05:15.000+01:00,S04,Jubilee,busier,Bond Street->Stratford,in_train,,,,mixed,20.182537078857425,21.929658889770508,22.66828155517578,21.309223175048828,509.0
commuta_readings_today_20260807_233732.csv,5983,2026-08-07,2026-08-07T19:06:05.000+01:00,S04,Jubilee,busier,Bond Street->Stratford,in_train,,,,mixed,11.853403091430664,13.478384971618652,14.665242195129396,22.17898750305176,533.0
commuta_readings_today_20260807_233732.csv,5984,2026-08-07,2026-08-07T19:06:15.000+01:00,S04,Jubilee,busier,Bond Street->Stratford,in_train,,,,mixed,12.394002914428713,14.210521697998049,15.59916877746582,22.392614364624023,548.0
commuta_readings_today_20260807_233732.csv,5985,2026-08-07,2026-08-07T19:06:25.000+01:00,S04,Jubilee,busier,Bond Street->Stratford,in_train,,,,mixed,12.03407859802246,13.82684612,15.211628913879396,22.504005432128903,571.0
commuta_readings_today_20260807_233732.csv,5986,2026-08-07,2026-08-07T19:06:35.000+01:00,S04,Jubilee,busier,Bond Street->Stratford,in_train,,,,mixed,12.707531929016112,14.601191520690918,16.06418228149414,22.769512176513672,591.0
commuta_readings_today_20260807_233732.csv,5987,2026-08-07,2026-08-07T19:06:45.000+01:00,S04,Jubilee,busier,Bond Street->Stratford,in_train,,,,mixed,12.558375358581545,14.406322479248049,15.822608947753906,22.948043823242188,606.0
commuta_readings_today_20260807_233732.csv,5988,2026-08-07,2026-08-07T19:06:55.000+01:00,S04,Jubilee,busier,Bond Street->Stratford,in_train,,,,mixed,11.71346950531006,13.46815586090088,14.828222274780272,23.07927131652832,640.0
commuta_readings_today_20260807_233732.csv,5989,2026-08-07,2026-08-07T19:07:05.000+01:00,S04,Jubilee,busier,Bond Street->Stratford,in_train,,,,mixed,11.851451873779297,13.662190437316896,15.082765579223633,23.285266876220703,654.0
commuta_readings_today_20260807_233732.csv,5990,2026-08-07,2026-08-07T19:07:15.000+01:00,S04,Jubilee,busier,Bond Street->Stratford,in_train,,,,mixed,11.901200294494627,13.716344833374023,15.138869285583496,23.46532440185547,684.0
commuta_readings_today_20260807_233732.csv,5991,2026-08-07,2026-08-07T19:07:25.000+01:00,S04,Jubilee,busier,Bond Street->Stratford,in_train,,,,mixed,11.681550979614258,13.43455696105957,14.79481601715088,23.746089935302734,702.0
commuta_readings_today_20260807_233732.csv,5992,2026-08-07,2026-08-07T19:07:35.000+01:00,S04,Jubilee,busier,Bond Street->Stratford,in_train,,,,mixed,11.049398422241213,12.689046859741213,13.952441215515137,24.121461868286133,720.0
commuta_readings_today_20260807_233732.csv,5995,2026-08-07,2026-08-07T19:08:05.000+01:00,S04,Jubilee,busier,Bond Street->Stratford,in_train,,,,mixed,10.346708297729492,11.909894943237305,13.127915382385254,24.33661460876465,772.0
commuta_readings_today_20260807_233732.csv,5996,2026-08-07,2026-08-07T19:08:15.000+01:00,S04,Jubilee,busier,Bond Street->Stratford,in_train,,,,mixed,10.064820289611816,11.645288467407228,12.905405044555664,24.39307213,783.0
commuta_readings_today_20260807_233732.csv,5997,2026-08-07,2026-08-07T19:08:25.000+01:00,S04,Jubilee,busier,Bond Street->Stratford,in_train,,,,mixed,10.314215660095217,12.035606384277344,13.454911231994627,24.49988555908203,796.0
commuta_readings_today_20260807_233732.csv,5998,2026-08-07,2026-08-07T19:08:35.000+01:00,S04,Jubilee,busier,Bond Street->Stratford,in_train,,,,mixed,10.614447593688965,12.456398963928224,14.005605697631836,24.620431900024418,808.0
commuta_readings_today_20260807_233732.csv,5999,2026-08-07,2026-08-07T19:08:45.000+01:00,S04,Jubilee,busier,Bond Street->Stratford,in_train,,,,mixed,10.374890327453612,12.251402854919434,13.86137866973877,24.704357147216797,816.0
commuta_readings_today_20260807_233732.csv,6000,2026-08-07,2026-08-07T19:08:55.000+01:00,S04,Jubilee,busier,Bond Street->Stratford,in_train,,,,mixed,10.062332153320312,11.977662086486816,13.659031867980955,24.658578872680664,817.0
commuta_readings_today_20260807_233732.csv,6001,2026-08-07,2026-08-07T19:09:05.000+01:00,S04,Jubilee,busier,Bond Street->Stratford,in_train,,,,mixed,10.04836368560791,12.01410675048828,13.75987720489502,24.780651092529297,826.0
commuta_readings_today_20260807_233732.csv,6002,2026-08-07,2026-08-07T19:09:15.000+01:00,S04,Jubilee,busier,Bond Street->Stratford,platform,940GZZLUSTD,Stratford,open_air,mixed,10.315397262573242,12.373626708984377,14.216397285461426,24.93629264831543,841.0
commuta_readings_today_20260807_233732.csv,6003,2026-08-07,2026-08-07T19:09:25.000+01:00,S04,Jubilee,busier,Bond Street->Stratford,platform,940GZZLUSTD,Stratford,open_air,mixed,5.878697395324707,7.046945095062256,8.091188430786133,23.56908607,829.0
commuta_readings_today_20260807_233732.csv,6004,2026-08-07,2026-08-07T19:09:35.000+01:00,S04,Jubilee,busier,Bond Street->Stratford,platform,940GZZLUSTD,Stratford,open_air,mixed,3.7333593368530273,4.458647727966309,5.100905895233154,22.742046356201172,784.0
commuta_readings_today_20260807_233732.csv,6005,2026-08-07,2026-08-07T19:09:45.000+01:00,S04,Jubilee,busier,Bond Street->Stratford,platform,940GZZLUSTD,Stratford,open_air,mixed,3.1367499828338623,3.717456340789795,4.221015930175781,22.23544692993164,724.0
commuta_readings_today_20260807_233732.csv,6006,2026-08-07,2026-08-07T19:09:55.000+01:00,S04,Jubilee,busier,Bond Street->Stratford,platform,940GZZLUSTD,Stratford,open_air,mixed,2.5702707767486572,3.0193259716033936,3.398273468017578,21.837186813354492,674.0
commuta_readings_today_20260807_233732.csv,6007,2026-08-07,2026-08-07T19:10:05.000+01:00,S04,Jubilee,busier,Bond Street->Stratford,platform,940GZZLUSTD,Stratford,open_air,mixed,2.258019208908081,2.633862018585205,2.943310499191284,21.577783584594727,632.0
commuta_readings_today_20260807_233732.csv,6008,2026-08-07,2026-08-07T19:10:15.000+01:00,S04,Jubilee,busier,Bond Street->Stratford,platform,940GZZLUSTD,Stratford,open_air,mixed,2.340019702911377,2.709439277648926,3.004885673522949,21.39467430114746,609.0
commuta_readings_today_20260807_233732.csv,6009,2026-08-07,2026-08-07T19:10:25.000+01:00,S04,Jubilee,busier,Bond Street->Stratford,platform,940GZZLUSTD,Stratford,open_air,mixed,2.449254989624023,2.8183658123016357,3.1055307388305664,21.24361038208008,588.0
commuta_readings_today_20260807_233732.csv,6010,2026-08-07,2026-08-07T19:10:35.000+01:00,S04,Jubilee,busier,Bond Street->Stratford,platform,940GZZLUSTD,Stratford,open_air,mixed,2.508924961090088,2.871173858642578,3.145399570465088,21.120012283325195,580.0
commuta_readings_today_20260807_233732.csv,6011,2026-08-07,2026-08-07T19:10:45.000+01:00,S04,Jubilee,busier,Bond Street->Stratford,platform,940GZZLUSTD,Stratford,open_air,mixed,2.6109824180603027,2.973414659500122,3.2404966354370117,20.92622184753418,564.0
commuta_readings_today_20260810_184020.csv,6021,2026-08-10,2026-08-10T14:27:55.000+01:00,S05,Northern,quieter,Euston->Kennington,platform,940GZZLUEUS,Euston,underground_no_psd,deep_tube_open,184.1797332763672,273.90643310546875,373.4249267578125,48.49469757080078,1072.0
commuta_readings_today_20260810_184020.csv,6022,2026-08-10,2026-08-10T14:28:05.000+01:00,S05,Northern,quieter,Euston->Kennington,platform,940GZZLUEUS,Euston,underground_no_psd,deep_tube_open,170.79379272460938,252.31231689453125,342.4766540527344,47.93621826171875,1064.0
commuta_readings_today_20260810_184020.csv,6023,2026-08-10,2026-08-10T14:28:15.000+01:00,S05,Northern,quieter,Euston->Kennington,platform,940GZZLUEUS,Euston,underground_no_psd,deep_tube_open,158.77691650390625,238.1712188720703,326.5328063964844,47.43877410888672,1036.0
commuta_readings_today_20260810_184020.csv,6024,2026-08-10,2026-08-10T14:28:25.000+01:00,S05,Northern,quieter,Euston->Kennington,platform,940GZZLUEUS,Euston,underground_no_psd,deep_tube_open,154.81777954101562,233.46278381347656,321.1681823730469,47.10307312011719,1004.0
commuta_readings_today_20260810_184020.csv,6025,2026-08-10,2026-08-10T14:28:35.000+01:00,S05,Northern,quieter,Euston->Kennington,platform,940GZZLUEUS,Euston,underground_no_psd,deep_tube_open,159.09303283691406,243.14878845214844,337.3490905761719,46.85740280151367,976.0
commuta_readings_today_20260810_184020.csv,6026,2026-08-10,2026-08-10T14:28:45.000+01:00,S05,Northern,quieter,Euston->Kennington,platform,940GZZLUEUS,Euston,underground_no_psd,deep_tube_open,159.8757781982422,244.14828491210935,338.5645446777344,46.396583557128906,943.0
commuta_readings_today_20260810_184020.csv,6027,2026-08-10,2026-08-10T14:28:55.000+01:00,S05,Northern,quieter,Euston->Kennington,platform,940GZZLUEUS,Euston,underground_no_psd,deep_tube_open,156.86082458496094,237.2272186279297,326.9495849609375,45.876251220703125,917.0
commuta_readings_today_20260810_184020.csv,6028,2026-08-10,2026-08-10T14:29:05.000+01:00,S05,Northern,quieter,Euston->Kennington,platform,940GZZLUEUS,Euston,underground_no_psd,deep_tube_open,152.4141845703125,222.85934448242188,300.4275817871094,45.485618591308594,891.0
commuta_readings_today_20260810_184020.csv,6029,2026-08-10,2026-08-10T14:29:15.000+01:00,S05,Northern,quieter,Euston->Kennington,platform,940GZZLUEUS,Euston,underground_no_psd,deep_tube_open,148.234619140625,217.0755920410156,292.92864990234375,45.10719299316406,875.0
commuta_readings_today_20260810_184020.csv,6030,2026-08-10,2026-08-10T14:29:25.000+01:00,S05,Northern,quieter,Euston->Kennington,platform,940GZZLUEUS,Euston,underground_no_psd,deep_tube_open,145.79010009765625,212.37258911132812,285.5623779296875,44.81574630737305,862.0
commuta_readings_today_20260810_184020.csv,6031,2026-08-10,2026-08-10T14:29:36.000+01:00,S05,Northern,quieter,Euston->Kennington,platform,940GZZLUEUS,Euston,underground_no_psd,deep_tube_open,146.40444946289062,212.18975830078125,284.3327331542969,44.51667022705078,848.0
commuta_readings_today_20260810_184020.csv,6032,2026-08-10,2026-08-10T14:29:45.000+01:00,S05,Northern,quieter,Euston->Kennington,platform,940GZZLUEUS,Euston,underground_no_psd,deep_tube_open,149.49685668945312,212.71243286132812,281.40069580078125,44.222171783447266,837.0
commuta_readings_today_20260810_184020.csv,6033,2026-08-10,2026-08-10T14:29:55.000+01:00,S05,Northern,quieter,Euston->Kennington,in_train,,,,deep_tube_open,143.47679138183594,210.43624877929688,284.2672119140625,43.9627685546875,827.0
commuta_readings_today_20260810_184020.csv,6034,2026-08-10,2026-08-10T14:30:05.000+01:00,S05,Northern,quieter,Euston->Kennington,in_train,,,,deep_tube_open,140.57041931152344,204.39219665527344,274.4876708984375,43.94903564453125,825.0
commuta_readings_today_20260810_184020.csv,6035,2026-08-10,2026-08-10T14:30:15.000+01:00,S05,Northern,quieter,Euston->Kennington,in_train,,,,deep_tube_open,140.0139923095703,202.7693328857422,271.5640563964844,43.898681640625,822.0
commuta_readings_today_20260810_184020.csv,6036,2026-08-10,2026-08-10T14:30:25.000+01:00,S05,Northern,quieter,Euston->Kennington,in_train,,,,deep_tube_open,140.652099609375,200.5547332763672,265.7162170410156,43.9749755859375,822.0
commuta_readings_today_20260810_184020.csv,6037,2026-08-10,2026-08-10T14:30:35.000+01:00,S05,Northern,quieter,Euston->Kennington,in_train,,,,deep_tube_open,139.10951232910156,202.2213134765625,271.529541015625,43.93072509765625,821.0
commuta_readings_today_20260810_184020.csv,6038,2026-08-10,2026-08-10T14:30:45.000+01:00,S05,Northern,quieter,Euston->Kennington,in_train,,,,deep_tube_open,139.81936645507812,202.63381958007812,271.51690673828125,43.95819091796875,824.0
commuta_readings_today_20260810_184020.csv,6039,2026-08-10,2026-08-10T14:30:55.000+01:00,S05,Northern,quieter,Euston->Kennington,in_train,,,,deep_tube_open,138.12042236328125,199.00230407714844,265.5780334472656,43.97955322265625,828.0
commuta_readings_today_20260810_184020.csv,6040,2026-08-10,2026-08-10T14:31:05.000+01:00,S05,Northern,quieter,Euston->Kennington,in_train,,,,deep_tube_open,136.12847900390625,194.00552368164065,256.9468078613281,43.91546630859375,852.0
commuta_readings_today_20260810_184020.csv,6041,2026-08-10,2026-08-10T14:31:15.000+01:00,S05,Northern,quieter,Euston->Kennington,platform,940GZZLUWRR,Warren Street,underground_no_psd,deep_tube_open,139.06967163085938,195.84884643554688,257.19708251953125,43.971923828125,893.0
commuta_readings_today_20260810_184020.csv,6042,2026-08-10,2026-08-10T14:31:26.000+01:00,S05,Northern,quieter,Euston->Kennington,platform,940GZZLUWRR,Warren Street,underground_no_psd,deep_tube_open,140.97592163085938,208.0355529785156,282.17315673828125,43.89715576171875,909.0
commuta_readings_today_20260810_184020.csv,6043,2026-08-10,2026-08-10T14:31:35.000+01:00,S05,Northern,quieter,Euston->Kennington,platform,940GZZLUWRR,Warren Street,underground_no_psd,deep_tube_open,171.49301147460938,259.6381530761719,358.0845947265625,43.2455940246582,913.0
commuta_readings_today_20260810_184020.csv,6044,2026-08-10,2026-08-10T14:31:45.000+01:00,S05,Northern,quieter,Euston->Kennington,platform,940GZZLUWRR,Warren Street,underground_no_psd,deep_tube_open,188.36663818359375,290.98291015625,406.40679931640625,42.90379333496094,911.0
commuta_readings_today_20260810_184020.csv,6045,2026-08-10,2026-08-10T14:31:55.000+01:00,S05,Northern,quieter,Euston->Kennington,platform,940GZZLUWRR,Warren Street,underground_no_psd,deep_tube_open,189.0225830078125,289.7549133300781,402.7624206542969,42.619972229003906,902.0
commuta_readings_today_20260810_184020.csv,6046,2026-08-10,2026-08-10T14:32:05.000+01:00,S05,Northern,quieter,Euston->Kennington,platform,940GZZLUWRR,Warren Street,underground_no_psd,deep_tube_open,181.22314453125,275.3648986816406,380.6488037109375,42.41397857666016,880.0
commuta_readings_today_20260810_184020.csv,6047,2026-08-10,2026-08-10T14:32:15.000+01:00,S05,Northern,quieter,Euston->Kennington,platform,940GZZLUWRR,Warren Street,underground_no_psd,deep_tube_open,169.3065643310547,258.6927795410156,358.8578186035156,42.27054214477539,866.0
commuta_readings_today_20260810_184020.csv,6048,2026-08-10,2026-08-10T14:32:25.000+01:00,S05,Northern,quieter,Euston->Kennington,platform,940GZZLUWRR,Warren Street,underground_no_psd,deep_tube_open,162.15452575683594,246.70755004882812,341.3118591308594,42.14694595336914,844.0
commuta_readings_today_20260810_184020.csv,6049,2026-08-10,2026-08-10T14:32:35.000+01:00,S05,Northern,quieter,Euston->Kennington,platform,940GZZLUWRR,Warren Street,underground_no_psd,deep_tube_open,151.77896118164062,228.7901306152344,314.66064453125,41.992828369140625,834.0
commuta_readings_today_20260810_184020.csv,6050,2026-08-10,2026-08-10T14:32:45.000+01:00,S05,Northern,quieter,Euston->Kennington,platform,940GZZLUWRR,Warren Street,underground_no_psd,deep_tube_open,134.4622802734375,204.17822265625,282.1266174316406,41.82955551147461,830.0
commuta_readings_today_20260810_184020.csv,6051,2026-08-10,2026-08-10T14:32:55.000+01:00,S05,Northern,quieter,Euston->Kennington,platform,940GZZLUWRR,Warren Street,underground_no_psd,deep_tube_open,132.80845642089844,202.4957275390625,280.527587890625,41.608299255371094,824.0
commuta_readings_today_20260810_184020.csv,6052,2026-08-10,2026-08-10T14:33:05.000+01:00,S05,Northern,quieter,Euston->Kennington,platform,940GZZLUWRR,Warren Street,underground_no_psd,deep_tube_open,142.33473205566406,215.9789581298828,298.29815673828125,41.458763122558594,817.0
commuta_readings_today_20260810_184020.csv,6053,2026-08-10,2026-08-10T14:33:16.000+01:00,S05,Northern,quieter,Euston->Kennington,platform,940GZZLUWRR,Warren Street,underground_no_psd,deep_tube_open,140.95631408691406,215.17466735839844,298.3153991699219,41.25734329223633,808.0
commuta_readings_today_20260810_184020.csv,6054,2026-08-10,2026-08-10T14:33:25.000+01:00,S05,Northern,quieter,Euston->Kennington,platform,940GZZLUWRR,Warren Street,underground_no_psd,deep_tube_open,134.4469757080078,209.45997619628903,294.07025146484375,41.06202697753906,802.0
commuta_readings_today_20260810_184020.csv,6055,2026-08-10,2026-08-10T14:33:35.000+01:00,S05,Northern,quieter,Euston->Kennington,platform,940GZZLUWRR,Warren Street,underground_no_psd,deep_tube_open,129.06890869140625,200.8975372314453,281.8921813964844,40.90943908691406,798.0
commuta_readings_today_20260810_184020.csv,6056,2026-08-10,2026-08-10T14:33:45.000+01:00,S05,Northern,quieter,Euston->Kennington,platform,940GZZLUWRR,Warren Street,underground_no_psd,deep_tube_open,127.05035400390624,192.3093414306641,265.1889343261719,40.8514518737793,794.0
commuta_readings_today_20260810_184020.csv,6057,2026-08-10,2026-08-10T14:33:55.000+01:00,S05,Northern,quieter,Euston->Kennington,platform,940GZZLUWRR,Warren Street,underground_no_psd,deep_tube_open,124.0855941772461,185.333740234375,253.38417053222656,40.73395919799805,788.0
commuta_readings_today_20260810_184020.csv,6058,2026-08-10,2026-08-10T14:34:05.000+01:00,S05,Northern,quieter,Euston->Kennington,platform,940GZZLUWRR,Warren Street,underground_no_psd,deep_tube_open,122.85114288330078,178.78765869140625,240.24815368652344,40.65766525268555,788.0
commuta_readings_today_20260810_184020.csv,6059,2026-08-10,2026-08-10T14:34:15.000+01:00,S05,Northern,quieter,Euston->Kennington,platform,940GZZLUWRR,Warren Street,underground_no_psd,deep_tube_open,111.6695556640625,163.2696533203125,220.0852508544922,40.57221221923828,790.0
commuta_readings_today_20260810_184020.csv,6060,2026-08-10,2026-08-10T14:34:25.000+01:00,S05,Northern,quieter,Euston->Kennington,platform,940GZZLUWRR,Warren Street,underground_no_psd,deep_tube_open,102.68319702148438,153.07281494140625,209.01560974121097,40.41504669189453,790.0
commuta_readings_today_20260810_184020.csv,6061,2026-08-10,2026-08-10T14:34:35.000+01:00,S05,Northern,quieter,Euston->Kennington,platform,940GZZLUWRR,Warren Street,underground_no_psd,deep_tube_open,96.6524658203125,142.93353271484375,194.14584350585935,40.296024322509766,789.0
commuta_readings_today_20260810_184020.csv,6062,2026-08-10,2026-08-10T14:34:45.000+01:00,S05,Northern,quieter,Euston->Kennington,platform,940GZZLUWRR,Warren Street,underground_no_psd,deep_tube_open,91.63736724853516,130.46685791015625,172.67152404785156,40.180057525634766,788.0
commuta_readings_today_20260810_184020.csv,6063,2026-08-10,2026-08-10T14:34:55.000+01:00,S05,Northern,quieter,Euston->Kennington,platform,940GZZLUWRR,Warren Street,underground_no_psd,deep_tube_open,86.59488677978516,126.78712463378906,171.06973266601562,39.86419296264648,781.0
commuta_readings_today_20260810_184020.csv,6064,2026-08-10,2026-08-10T14:35:06.000+01:00,S05,Northern,quieter,Euston->Kennington,platform,940GZZLUWRR,Warren Street,underground_no_psd,deep_tube_open,82.53215789794922,121.06951141357422,163.56475830078125,39.673458099365234,774.0
commuta_readings_today_20260810_184020.csv,6065,2026-08-10,2026-08-10T14:35:15.000+01:00,S05,Northern,quieter,Euston->Kennington,platform,940GZZLUWRR,Warren Street,underground_no_psd,deep_tube_open,85.2059097290039,125.4617691040039,169.92477416992188,39.60326385498047,768.0
commuta_readings_today_20260810_184020.csv,6066,2026-08-10,2026-08-10T14:35:25.000+01:00,S05,Northern,quieter,Euston->Kennington,platform,940GZZLUWRR,Warren Street,underground_no_psd,deep_tube_open,96.92002868652344,145.32968139648438,199.19918823242188,39.48271942138672,765.0
commuta_readings_today_20260810_184020.csv,6067,2026-08-10,2026-08-10T14:35:35.000+01:00,S05,Northern,quieter,Euston->Kennington,platform,940GZZLUWRR,Warren Street,underground_no_psd,deep_tube_open,114.01824951171876,169.6416015625,231.34654235839844,39.47051239013672,764.0
commuta_readings_today_20260810_184020.csv,6068,2026-08-10,2026-08-10T14:35:45.000+01:00,S05,Northern,quieter,Euston->Kennington,platform,940GZZLUWRR,Warren Street,underground_no_psd,deep_tube_open,121.13409423828124,172.35531616210938,228.0106201171875,39.43083953857422,764.0
commuta_readings_today_20260810_184020.csv,6069,2026-08-10,2026-08-10T14:35:55.000+01:00,S05,Northern,quieter,Euston->Kennington,platform,940GZZLUWRR,Warren Street,underground_no_psd,deep_tube_open,123.89464569091795,179.05018615722656,239.45327758789065,39.37285232543945,763.0
commuta_readings_today_20260810_184020.csv,6070,2026-08-10,2026-08-10T14:36:05.000+01:00,S05,Northern,quieter,Euston->Kennington,platform,940GZZLUWRR,Warren Street,underground_no_psd,deep_tube_open,127.32857513427734,182.46209716796875,242.58935546875,39.37285232543945,763.0
commuta_readings_today_20260810_184020.csv,6071,2026-08-10,2026-08-10T14:36:15.000+01:00,S05,Northern,quieter,Euston->Kennington,platform,940GZZLUWRR,Warren Street,underground_no_psd,deep_tube_open,130.6033935546875,190.2623748779297,255.843505859375,39.38353729248047,764.0
commuta_readings_today_20260810_184020.csv,6072,2026-08-10,2026-08-10T14:36:25.000+01:00,S05,Northern,quieter,Euston->Kennington,platform,940GZZLUWRR,Warren Street,underground_no_psd,deep_tube_open,131.94619750976562,192.3794403076172,258.837158203125,39.2767219543457,765.0
commuta_readings_today_20260810_184020.csv,6073,2026-08-10,2026-08-10T14:36:35.000+01:00,S05,Northern,quieter,Euston->Kennington,platform,940GZZLUWRR,Warren Street,underground_no_psd,deep_tube_open,105.7745590209961,155.77963256835938,211.01551818847656,38.75181198120117,769.0
commuta_readings_today_20260810_184020.csv,6074,2026-08-10,2026-08-10T14:36:45.000+01:00,S05,Northern,quieter,Euston->Kennington,platform,940GZZLUWRR,Warren Street,underground_no_psd,deep_tube_open,100.16168975830078,146.80184936523438,198.2121124267578,38.544288635253906,767.0
commuta_readings_today_20260810_184020.csv,6075,2026-08-10,2026-08-10T14:36:56.000+01:00,S05,Northern,quieter,Euston->Kennington,platform,940GZZLUWRR,Warren Street,underground_no_psd,deep_tube_open,101.48451232910156,143.18190002441406,188.2812957763672,38.36423110961914,761.0
commuta_readings_today_20260810_184020.csv,6076,2026-08-10,2026-08-10T14:37:05.000+01:00,S05,Northern,quieter,Euston->Kennington,platform,940GZZLUWRR,Warren Street,underground_no_psd,deep_tube_open,106.98272705078124,152.18348693847656,201.2909393310547,38.24063491821289,758.0
commuta_readings_today_20260810_184020.csv,6077,2026-08-10,2026-08-10T14:37:15.000+01:00,S05,Northern,quieter,Euston->Kennington,platform,940GZZLUWRR,Warren Street,underground_no_psd,deep_tube_open,108.46245574951172,155.89849853515625,207.70977783203125,38.14908218383789,751.0
commuta_readings_today_20260810_184020.csv,6078,2026-08-10,2026-08-10T14:37:25.000+01:00,S05,Northern,quieter,Euston->Kennington,platform,940GZZLUWRR,Warren Street,underground_no_psd,deep_tube_open,104.55271911621094,152.9659881591797,206.28857421875,38.020904541015625,750.0
commuta_readings_today_20260810_184020.csv,6079,2026-08-10,2026-08-10T14:37:35.000+01:00,S05,Northern,quieter,Euston->Kennington,platform,940GZZLUWRR,Warren Street,underground_no_psd,deep_tube_open,103.47415924072266,156.5646209716797,215.846435546875,37.938507080078125,749.0
commuta_readings_today_20260810_184020.csv,6080,2026-08-10,2026-08-10T14:37:45.000+01:00,S05,Northern,quieter,Euston->Kennington,platform,940GZZLUWRR,Warren Street,underground_no_psd,deep_tube_open,111.49694061279295,167.19195556640625,229.1691436767578,38.14908218383789,747.0
commuta_readings_today_20260810_184020.csv,6081,2026-08-10,2026-08-10T14:37:55.000+01:00,S05,Northern,quieter,Euston->Kennington,platform,940GZZLUWRR,Warren Street,underground_no_psd,deep_tube_open,113.51140594482422,167.15911865234375,226.4164276123047,38.23147964477539,744.0
commuta_readings_today_20260810_184020.csv,6082,2026-08-10,2026-08-10T14:38:05.000+01:00,S05,Northern,quieter,Euston->Kennington,platform,940GZZLUWRR,Warren Street,underground_no_psd,deep_tube_open,116.4252471923828,167.8181915283203,224.02972412109375,38.17807388305664,744.0
commuta_readings_today_20260810_184020.csv,6083,2026-08-10,2026-08-10T14:38:15.000+01:00,S05,Northern,quieter,Euston->Kennington,in_train,,,,deep_tube_open,132.5774688720703,187.8126220703125,247.68844604492188,38.30319595336914,745.0
commuta_readings_today_20260810_184020.csv,6084,2026-08-10,2026-08-10T14:38:25.000+01:00,S05,Northern,quieter,Euston->Kennington,in_train,,,,deep_tube_open,140.56825256347656,197.7797088623047,259.56329345703125,38.90135192871094,764.0
commuta_readings_today_20260810_184020.csv,6085,2026-08-10,2026-08-10T14:38:35.000+01:00,S05,Northern,quieter,Euston->Kennington,in_train,,,,deep_tube_open,142.33045959472656,199.5598602294922,261.2386474609375,39.09666442871094,785.0
commuta_readings_today_20260810_184020.csv,6086,2026-08-10,2026-08-10T14:38:45.000+01:00,S05,Northern,quieter,Euston->Kennington,in_train,,,,deep_tube_open,142.58961486816406,202.83628845214844,268.2904052734375,39.28740310668945,817.0
commuta_readings_today_20260810_184020.csv,6087,2026-08-10,2026-08-10T14:38:55.000+01:00,S05,Northern,quieter,Euston->Kennington,in_train,,,,deep_tube_open,146.14256286621094,208.3721466064453,276.06292724609375,39.59563446044922,845.0
commuta_readings_today_20260810_184020.csv,6088,2026-08-10,2026-08-10T14:39:05.000+01:00,S05,Northern,quieter,Euston->Kennington,in_train,,,,deep_tube_open,161.8349609375,229.53160095214844,302.96307373046875,39.850460052490234,883.0
commuta_readings_today_20260810_184020.csv,6089,2026-08-10,2026-08-10T14:39:16.000+01:00,S05,Northern,quieter,Euston->Kennington,platform,940GZZLUGDG,Goodge Street,underground_no_psd,deep_tube_open,164.95687866210938,235.0874786376953,311.3539733886719,39.91607666015625,906.0
commuta_readings_today_20260810_184020.csv,6090,2026-08-10,2026-08-10T14:39:25.000+01:00,S05,Northern,quieter,Euston->Kennington,platform,940GZZLUGDG,Goodge Street,underground_no_psd,deep_tube_open,168.2035675048828,240.58132934570312,319.4389343261719,39.90386962890625,923.0
commuta_readings_today_20260810_184020.csv,6091,2026-08-10,2026-08-10T14:39:35.000+01:00,S05,Northern,quieter,Euston->Kennington,platform,940GZZLUGDG,Goodge Street,underground_no_psd,deep_tube_open,169.3975067138672,246.42742919921875,331.04852294921875,39.52239227294922,929.0
commuta_readings_today_20260810_184020.csv,6092,2026-08-10,2026-08-10T14:39:45.000+01:00,S05,Northern,quieter,Euston->Kennington,platform,940GZZLUGDG,Goodge Street,underground_no_psd,deep_tube_open,170.42752075195312,247.6244354248047,332.3811340332031,39.1760139465332,928.0
commuta_readings_today_20260810_184020.csv,6093,2026-08-10,2026-08-10T14:39:55.000+01:00,S05,Northern,quieter,Euston->Kennington,platform,940GZZLUGDG,Goodge Street,underground_no_psd,deep_tube_open,170.05496215820312,246.28173828125,329.84539794921875,38.97306823730469,925.0
commuta_readings_today_20260810_184020.csv,6094,2026-08-10,2026-08-10T14:40:05.000+01:00,S05,Northern,quieter,Euston->Kennington,platform,940GZZLUGDG,Goodge Street,underground_no_psd,deep_tube_open,169.02561950683594,237.30972290039065,310.9602966308594,38.500038146972656,914.0
commuta_readings_today_20260810_184020.csv,6095,2026-08-10,2026-08-10T14:40:15.000+01:00,S05,Northern,quieter,Euston->Kennington,platform,940GZZLUGDG,Goodge Street,underground_no_psd,deep_tube_open,139.22377014160156,194.1900177001953,253.2474822998047,38.004119873046875,904.0
commuta_readings_today_20260810_184020.csv,6096,2026-08-10,2026-08-10T14:40:25.000+01:00,S05,Northern,quieter,Euston->Kennington,platform,940GZZLUGDG,Goodge Street,underground_no_psd,deep_tube_open,141.12083435058594,201.08721923828125,266.2949523925781,37.71114730834961,884.0
commuta_readings_today_20260810_184020.csv,6097,2026-08-10,2026-08-10T14:40:35.000+01:00,S05,Northern,quieter,Euston->Kennington,platform,940GZZLUGDG,Goodge Street,underground_no_psd,deep_tube_open,156.4211883544922,228.3024444580078,307.386962890625,37.450218200683594,868.0
commuta_readings_today_20260810_184020.csv,6098,2026-08-10,2026-08-10T14:40:46.000+01:00,S05,Northern,quieter,Euston->Kennington,platform,940GZZLUGDG,Goodge Street,underground_no_psd,deep_tube_open,160.92813110351562,236.43605041503903,319.7552795410156,37.40291595458984,856.0
commuta_readings_today_20260810_184020.csv,6099,2026-08-10,2026-08-10T14:40:55.000+01:00,S05,Northern,quieter,Euston->Kennington,platform,940GZZLUGDG,Goodge Street,underground_no_psd,deep_tube_open,160.75946044921875,235.09461975097656,316.9512939453125,37.46395111083984,853.0
commuta_readings_today_20260810_184020.csv,6100,2026-08-10,2026-08-10T14:41:05.000+01:00,S05,Northern,quieter,Euston->Kennington,platform,940GZZLUGDG,Goodge Street,underground_no_psd,deep_tube_open,163.57911682128906,234.18841552734375,311.15631103515625,37.48836517333984,848.0
commuta_readings_today_20260810_184020.csv,6101,2026-08-10,2026-08-10T14:41:15.000+01:00,S05,Northern,quieter,Euston->Kennington,platform,940GZZLUGDG,Goodge Street,underground_no_psd,deep_tube_open,163.7657012939453,233.9835968017578,310.44586181640625,37.441062927246094,848.0
commuta_readings_today_20260810_184020.csv,6102,2026-08-10,2026-08-10T14:41:25.000+01:00,S05,Northern,quieter,Euston->Kennington,platform,940GZZLUGDG,Goodge Street,underground_no_psd,deep_tube_open,164.1461639404297,236.91390991210935,316.5550231933594,37.48226165771485,847.0
commuta_readings_today_20260810_184020.csv,6103,2026-08-10,2026-08-10T14:41:35.000+01:00,S05,Northern,quieter,Euston->Kennington,platform,940GZZLUGDG,Goodge Street,underground_no_psd,deep_tube_open,166.2101593017578,238.2914276123047,316.9201965332031,37.50057220458984,848.0
commuta_readings_today_20260810_184020.csv,6104,2026-08-10,2026-08-10T14:41:45.000+01:00,S05,Northern,quieter,Euston->Kennington,platform,940GZZLUGDG,Goodge Street,underground_no_psd,deep_tube_open,168.25758361816406,238.42266845703125,314.4939270019531,37.581443786621094,849.0
commuta_readings_today_20260810_184020.csv,6105,2026-08-10,2026-08-10T14:41:55.000+01:00,S05,Northern,quieter,Euston->Kennington,platform,940GZZLUGDG,Goodge Street,underground_no_psd,deep_tube_open,162.60354614257812,234.39295959472656,312.91534423828125,37.51277923583984,850.0
commuta_readings_today_20260810_184020.csv,6106,2026-08-10,2026-08-10T14:42:05.000+01:00,S05,Northern,quieter,Euston->Kennington,platform,940GZZLUGDG,Goodge Street,underground_no_psd,deep_tube_open,155.4307861328125,228.8872528076172,310.0240783691406,37.410545349121094,849.0
commuta_readings_today_20260810_184020.csv,6107,2026-08-10,2026-08-10T14:42:15.000+01:00,S05,Northern,quieter,Euston->Kennington,in_train,,,,deep_tube_open,160.0943145751953,230.1533966064453,306.6812744140625,37.47615814208984,850.0
commuta_readings_today_20260810_184020.csv,6108,2026-08-10,2026-08-10T14:42:25.000+01:00,S05,Northern,quieter,Euston->Kennington,in_train,,,,deep_tube_open,164.93760681152344,230.9362030029297,302.00823974609375,37.78438949584961,852.0
commuta_readings_today_20260810_184020.csv,6109,2026-08-10,2026-08-10T14:42:35.000+01:00,S05,Northern,quieter,Euston->Kennington,in_train,,,,deep_tube_open,164.01754760742188,228.87391662597656,298.5761413574219,37.889678955078125,857.0
commuta_readings_today_20260810_184020.csv,6110,2026-08-10,2026-08-10T14:42:45.000+01:00,S05,Northern,quieter,Euston->Kennington,in_train,,,,deep_tube_open,167.14935302734375,238.45838928222656,316.0482177734375,37.962921142578125,882.0
commuta_readings_today_20260810_184020.csv,6111,2026-08-10,2026-08-10T14:42:55.000+01:00,S05,Northern,quieter,Euston->Kennington,in_train,,,,deep_tube_open,165.41635131835938,237.86328125,317.0091552734375,37.955291748046875,894.0
commuta_readings_today_20260810_184020.csv,6112,2026-08-10,2026-08-10T14:43:05.000+01:00,S05,Northern,quieter,Euston->Kennington,in_train,,,,deep_tube_open,168.36634826660156,237.8877410888672,313.1417236328125,38.004119873046875,927.0
commuta_readings_today_20260810_184020.csv,6113,2026-08-10,2026-08-10T14:43:15.000+01:00,S05,Northern,quieter,Euston->Kennington,in_train,,,,deep_tube_open,170.00498962402344,236.48794555664065,307.8028564453125,38.071258544921875,948.0
commuta_readings_today_20260810_184020.csv,6114,2026-08-10,2026-08-10T14:43:25.000+01:00,S05,Northern,quieter,Euston->Kennington,platform,940GZZLUTCR,Tottenham Court Road,underground_no_psd,deep_tube_open,168.0470733642578,229.5241851806641,294.6860656738281,38.112457275390625,965.0
commuta_readings_today_20260810_184020.csv,6115,2026-08-10,2026-08-10T14:43:35.000+01:00,S05,Northern,quieter,Euston->Kennington,platform,940GZZLUTCR,Tottenham Court Road,underground_no_psd,deep_tube_open,163.24183654785156,221.2318115234375,282.3560485839844,37.991912841796875,966.0
commuta_readings_today_20260810_184020.csv,6116,2026-08-10,2026-08-10T14:43:45.000+01:00,S05,Northern,quieter,Euston->Kennington,platform,940GZZLUTCR,Tottenham Court Road,underground_no_psd,deep_tube_open,156.93045043945312,212.76971435546875,271.6455383300781,37.84389877319336,967.0
commuta_readings_today_20260810_184020.csv,6117,2026-08-10,2026-08-10T14:43:55.000+01:00,S05,Northern,quieter,Euston->Kennington,platform,940GZZLUTCR,Tottenham Court Road,underground_no_psd,deep_tube_open,155.7522430419922,213.32579040527344,274.46746826171875,37.78591537475586,967.0
commuta_readings_today_20260810_184020.csv,6118,2026-08-10,2026-08-10T14:44:05.000+01:00,S05,Northern,quieter,Euston->Kennington,platform,940GZZLUTCR,Tottenham Court Road,underground_no_psd,deep_tube_open,155.47439575195312,219.3592529296875,288.4571838378906,37.73861312866211,965.0
commuta_readings_today_20260810_184020.csv,6119,2026-08-10,2026-08-10T14:44:15.000+01:00,S05,Northern,quieter,Euston->Kennington,platform,940GZZLUTCR,Tottenham Court Road,underground_no_psd,deep_tube_open,161.20668029785156,227.26319885253903,298.67767333984375,37.69894027709961,963.0
commuta_readings_today_20260810_184020.csv,6120,2026-08-10,2026-08-10T14:44:26.000+01:00,S05,Northern,quieter,Euston->Kennington,platform,940GZZLUTCR,Tottenham Court Road,underground_no_psd,deep_tube_open,169.01783752441406,236.72552490234375,309.6518249511719,37.55550384521485,962.0
commuta_readings_today_20260810_184020.csv,6121,2026-08-10,2026-08-10T14:44:36.000+01:00,S05,Northern,quieter,Euston->Kennington,platform,940GZZLUTCR,Tottenham Court Road,underground_no_psd,deep_tube_open,179.64730834960938,243.34674072265625,310.46484375,37.48836517333984,960.0
commuta_readings_today_20260810_184020.csv,6122,2026-08-10,2026-08-10T14:44:46.000+01:00,S05,Northern,quieter,Euston->Kennington,platform,940GZZLUTCR,Tottenham Court Road,underground_no_psd,deep_tube_open,184.8088836669922,256.2261962890625,332.6762390136719,37.35408401489258,957.0
commuta_readings_today_20260810_184020.csv,6123,2026-08-10,2026-08-10T14:44:56.000+01:00,S05,Northern,quieter,Euston->Kennington,platform,940GZZLUTCR,Tottenham Court Road,underground_no_psd,deep_tube_open,185.5033416748047,258.1025695800781,335.9885559082031,37.32356643676758,955.0
commuta_readings_today_20260810_184020.csv,6124,2026-08-10,2026-08-10T14:45:05.000+01:00,S05,Northern,quieter,Euston->Kennington,platform,940GZZLUTCR,Tottenham Court Road,underground_no_psd,deep_tube_open,185.2450714111328,257.6219482421875,335.24700927734375,37.32966995239258,949.0
commuta_readings_today_20260810_184020.csv,6125,2026-08-10,2026-08-10T14:45:15.000+01:00,S05,Northern,quieter,Euston->Kennington,platform,940GZZLUTCR,Tottenham Court Road,underground_no_psd,deep_tube_open,179.13299560546875,247.13523864746097,319.7010803222656,37.15877151489258,941.0
commuta_readings_today_20260810_184020.csv,6126,2026-08-10,2026-08-10T14:45:25.000+01:00,S05,Northern,quieter,Euston->Kennington,platform,940GZZLUTCR,Tottenham Court Road,underground_no_psd,deep_tube_open,167.0081329345703,233.2288818359375,304.4306335449219,37.03364562988281,936.0
commuta_readings_today_20260810_184020.csv,6127,2026-08-10,2026-08-10T14:45:35.000+01:00,S05,Northern,quieter,Euston->Kennington,platform,940GZZLUTCR,Tottenham Court Road,underground_no_psd,deep_tube_open,163.61334228515625,228.23776245117188,297.6775817871094,36.85969161987305,928.0
commuta_readings_today_20260810_184020.csv,6128,2026-08-10,2026-08-10T14:45:45.000+01:00,S05,Northern,quieter,Euston->Kennington,in_train,,,,deep_tube_open,168.74977111816406,232.07473754882812,299.5093688964844,37.08247375488281,926.0
commuta_readings_today_20260810_184020.csv,6129,2026-08-10,2026-08-10T14:45:55.000+01:00,S05,Northern,quieter,Euston->Kennington,in_train,,,,deep_tube_open,177.08853149414062,244.4686279296875,316.39990234375,37.25490188598633,926.0
commuta_readings_today_20260810_184020.csv,6130,2026-08-10,2026-08-10T14:46:05.000+01:00,S05,Northern,quieter,Euston->Kennington,in_train,,,,deep_tube_open,178.67822265625,253.0088653564453,333.56524658203125,37.55550384521485,927.0
commuta_readings_today_20260810_184020.csv,6131,2026-08-10,2026-08-10T14:46:16.000+01:00,S05,Northern,quieter,Euston->Kennington,in_train,,,,deep_tube_open,178.05043029785156,250.31741333007812,328.3241882324219,37.990386962890625,930.0
commuta_readings_today_20260810_184020.csv,6132,2026-08-10,2026-08-10T14:46:25.000+01:00,S05,Northern,quieter,Euston->Kennington,in_train,,,,deep_tube_open,175.6267852783203,250.0720367431641,330.9929504394531,38.18570327758789,944.0
commuta_readings_today_20260810_184020.csv,6133,2026-08-10,2026-08-10T14:46:35.000+01:00,S05,Northern,quieter,Euston->Kennington,in_train,,,,deep_tube_open,173.769775390625,245.1213836669922,322.28643798828125,38.075836181640625,970.0
commuta_readings_today_20260810_184020.csv,6134,2026-08-10,2026-08-10T14:46:45.000+01:00,S05,Northern,quieter,Euston->Kennington,platform,940GZZLULSQ,Leicester Square,underground_no_psd,deep_tube_open,169.01132202148438,236.98179626464844,310.23907470703125,38.048370361328125,972.0
commuta_readings_today_20260810_184020.csv,6135,2026-08-10,2026-08-10T14:46:55.000+01:00,S05,Northern,quieter,Euston->Kennington,platform,940GZZLULSQ,Leicester Square,underground_no_psd,deep_tube_open,159.8934326171875,225.29522705078125,295.9812927246094,37.62264251708984,984.0
commuta_readings_today_20260810_184020.csv,6136,2026-08-10,2026-08-10T14:47:05.000+01:00,S05,Northern,quieter,Euston->Kennington,platform,940GZZLULSQ,Leicester Square,underground_no_psd,deep_tube_open,145.6378631591797,205.2131805419922,269.6028747558594,37.376976013183594,984.0
commuta_readings_today_20260810_184020.csv,6137,2026-08-10,2026-08-10T14:47:15.000+01:00,S05,Northern,quieter,Euston->Kennington,platform,940GZZLULSQ,Leicester Square,underground_no_psd,deep_tube_open,146.56581115722656,202.65684509277344,262.59814453125,37.19691848754883,985.0
commuta_readings_today_20260810_184020.csv,6138,2026-08-10,2026-08-10T14:47:25.000+01:00,S05,Northern,quieter,Euston->Kennington,platform,940GZZLULSQ,Leicester Square,underground_no_psd,deep_tube_open,124.95850372314452,173.78135681152344,226.1445770263672,36.95124816894531,984.0
commuta_readings_today_20260810_184020.csv,6139,2026-08-10,2026-08-10T14:47:36.000+01:00,S05,Northern,quieter,Euston->Kennington,platform,940GZZLULSQ,Leicester Square,underground_no_psd,deep_tube_open,127.96157836914062,175.6928253173828,226.46644592285156,36.55603790283203,983.0
commuta_readings_today_20260810_184020.csv,6140,2026-08-10,2026-08-10T14:47:45.000+01:00,S05,Northern,quieter,Euston->Kennington,platform,940GZZLULSQ,Leicester Square,underground_no_psd,deep_tube_open,144.49513244628906,198.49203491210935,255.94967651367188,36.39582061767578,978.0
commuta_readings_today_20260810_184020.csv,6141,2026-08-10,2026-08-10T14:47:55.000+01:00,S05,Northern,quieter,Euston->Kennington,platform,940GZZLULSQ,Leicester Square,underground_no_psd,deep_tube_open,155.04507446289062,220.67459106445312,291.9973449707031,36.38208770751953,971.0
commuta_readings_today_20260810_184020.csv,6142,2026-08-10,2026-08-10T14:48:06.000+01:00,S05,Northern,quieter,Euston->Kennington,platform,940GZZLULSQ,Leicester Square,underground_no_psd,deep_tube_open,155.7844696044922,217.12994384765625,283.0123291015625,36.331729888916016,951.0
commuta_readings_today_20260810_184020.csv,6143,2026-08-10,2026-08-10T14:48:15.000+01:00,S05,Northern,quieter,Euston->Kennington,platform,940GZZLULSQ,Leicester Square,underground_no_psd,deep_tube_open,148.8163299560547,207.26968383789065,270.01885986328125,36.23102188110352,948.0
commuta_readings_today_20260810_184020.csv,6144,2026-08-10,2026-08-10T14:48:25.000+01:00,S05,Northern,quieter,Euston->Kennington,platform,940GZZLULSQ,Leicester Square,underground_no_psd,deep_tube_open,142.19720458984375,201.06362915039065,264.81048583984375,36.11810302734375,947.0
commuta_readings_today_20260810_184020.csv,6145,2026-08-10,2026-08-10T14:48:36.000+01:00,S05,Northern,quieter,Euston->Kennington,in_train,,,,deep_tube_open,146.95750427246094,203.76451110839844,264.5778503417969,36.00518798828125,942.0
commuta_readings_today_20260810_184020.csv,6146,2026-08-10,2026-08-10T14:48:46.000+01:00,S05,Northern,quieter,Euston->Kennington,in_train,,,,deep_tube_open,155.923095703125,214.26168823242188,276.35308837890625,36.08148193359375,943.0
commuta_readings_today_20260810_184020.csv,6147,2026-08-10,2026-08-10T14:48:56.000+01:00,S05,Northern,quieter,Euston->Kennington,in_train,,,,deep_tube_open,163.2845916748047,220.64634704589844,280.9775390625,36.168460845947266,950.0
commuta_readings_today_20260810_184020.csv,6148,2026-08-10,2026-08-10T14:49:06.000+01:00,S05,Northern,quieter,Euston->Kennington,in_train,,,,deep_tube_open,168.5291748046875,225.587646484375,285.1585388183594,36.247806549072266,955.0
commuta_readings_today_20260810_184020.csv,6149,2026-08-10,2026-08-10T14:49:16.000+01:00,S05,Northern,quieter,Euston->Kennington,in_train,,,,deep_tube_open,164.17532348632812,223.35867309570312,285.916015625,36.260013580322266,962.0
commuta_readings_today_20260810_184020.csv,6150,2026-08-10,2026-08-10T14:49:26.000+01:00,S05,Northern,quieter,Euston->Kennington,in_train,,,,deep_tube_open,158.81423950195312,215.93405151367188,276.2839660644531,36.20660781860352,1003.0
commuta_readings_today_20260810_184020.csv,6151,2026-08-10,2026-08-10T14:49:36.000+01:00,S05,Northern,quieter,Euston->Kennington,in_train,,,,deep_tube_open,153.58660888671875,210.61083984375,271.21826171875,36.21881484985352,1014.0
commuta_readings_today_20260810_184020.csv,6152,2026-08-10,2026-08-10T14:49:45.000+01:00,S05,Northern,quieter,Euston->Kennington,in_train,,,,deep_tube_open,150.4641571044922,208.7876739501953,271.2545471191406,36.18219375610352,1013.0
commuta_readings_today_20260810_184020.csv,6153,2026-08-10,2026-08-10T14:49:56.000+01:00,S05,Northern,quieter,Euston->Kennington,platform,940GZZLUCHX,Charing Cross,underground_no_psd,deep_tube_open,150.313232421875,211.22666931152344,276.9610900878906,36.166934967041016,1012.0
commuta_readings_today_20260810_184020.csv,6154,2026-08-10,2026-08-10T14:50:05.000+01:00,S05,Northern,quieter,Euston->Kennington,platform,940GZZLUCHX,Charing Cross,underground_no_psd,deep_tube_open,149.7173309326172,210.4388885498047,275.97509765625,35.99298095703125,1012.0
commuta_readings_today_20260810_184020.csv,6155,2026-08-10,2026-08-10T14:50:15.000+01:00,S05,Northern,quieter,Euston->Kennington,platform,940GZZLUCHX,Charing Cross,underground_no_psd,deep_tube_open,145.64895629882812,204.7990264892578,268.6531677246094,35.3383674621582,985.0
commuta_readings_today_20260810_184020.csv,6156,2026-08-10,2026-08-10T14:50:25.000+01:00,S05,Northern,quieter,Euston->Kennington,platform,940GZZLUCHX,Charing Cross,underground_no_psd,deep_tube_open,136.4122772216797,196.70724487304688,262.6684265136719,35.01182556152344,948.0
commuta_readings_today_20260810_184020.csv,6157,2026-08-10,2026-08-10T14:50:35.000+01:00,S05,Northern,quieter,Euston->Kennington,platform,940GZZLUCHX,Charing Cross,underground_no_psd,deep_tube_open,133.02491760253906,193.13851928710935,259.1163635253906,34.79056930541992,917.0
commuta_readings_today_20260810_184020.csv,6158,2026-08-10,2026-08-10T14:50:45.000+01:00,S05,Northern,quieter,Euston->Kennington,platform,940GZZLUCHX,Charing Cross,underground_no_psd,deep_tube_open,136.82467651367188,194.31643676757812,256.7229309082031,34.64866256713867,883.0
commuta_readings_today_20260810_184020.csv,6159,2026-08-10,2026-08-10T14:50:55.000+01:00,S05,Northern,quieter,Euston->Kennington,platform,940GZZLUCHX,Charing Cross,underground_no_psd,deep_tube_open,146.08168029785156,204.66033935546875,267.7646789550781,34.67765426635742,870.0
commuta_readings_today_20260810_184020.csv,6160,2026-08-10,2026-08-10T14:51:05.000+01:00,S05,Northern,quieter,Euston->Kennington,platform,940GZZLUCHX,Charing Cross,underground_no_psd,deep_tube_open,151.2498016357422,216.8847198486328,288.4884948730469,34.74784469604492,850.0
commuta_readings_today_20260810_184020.csv,6161,2026-08-10,2026-08-10T14:51:15.000+01:00,S05,Northern,quieter,Euston->Kennington,platform,940GZZLUCHX,Charing Cross,underground_no_psd,deep_tube_open,150.92189025878906,213.7202606201172,281.7808837890625,34.64255905151367,843.0
commuta_readings_today_20260810_184020.csv,6162,2026-08-10,2026-08-10T14:51:26.000+01:00,S05,Northern,quieter,Euston->Kennington,in_train,,,,deep_tube_open,151.2382354736328,216.41049194335935,287.433349609375,34.62577438354492,836.0
commuta_readings_today_20260810_184020.csv,6163,2026-08-10,2026-08-10T14:51:36.000+01:00,S05,Northern,quieter,Euston->Kennington,in_train,,,,deep_tube_open,151.02117919921875,213.7377014160156,281.68829345703125,34.76615524291992,833.0
commuta_readings_today_20260810_184020.csv,6164,2026-08-10,2026-08-10T14:51:46.000+01:00,S05,Northern,quieter,Euston->Kennington,in_train,,,,deep_tube_open,152.4259796142578,211.1799468994141,274.0462951660156,35.04081726074219,834.0
commuta_readings_today_20260810_184020.csv,6165,2026-08-10,2026-08-10T14:51:56.000+01:00,S05,Northern,quieter,Euston->Kennington,in_train,,,,deep_tube_open,158.72341918945312,215.59426879882812,275.6376647949219,35.2712287902832,856.0
commuta_readings_today_20260810_184020.csv,6166,2026-08-10,2026-08-10T14:52:05.000+01:00,S05,Northern,quieter,Euston->Kennington,in_train,,,,deep_tube_open,166.76190185546875,227.80821228027344,292.521240234375,35.3719367980957,874.0
commuta_readings_today_20260810_184020.csv,6167,2026-08-10,2026-08-10T14:52:15.000+01:00,S05,Northern,quieter,Euston->Kennington,platform,940GZZLUEMB,Embankment,underground_no_psd,deep_tube_open,163.1332244873047,226.83157348632812,295.1415710449219,35.48332977294922,887.0
commuta_readings_today_20260810_184020.csv,6168,2026-08-10,2026-08-10T14:52:25.000+01:00,S05,Northern,quieter,Euston->Kennington,platform,940GZZLUEMB,Embankment,underground_no_psd,deep_tube_open,160.1829833984375,219.32752990722656,282.1244812011719,35.32768630981445,894.0
commuta_readings_today_20260810_184020.csv,6169,2026-08-10,2026-08-10T14:52:35.000+01:00,S05,Northern,quieter,Euston->Kennington,platform,940GZZLUEMB,Embankment,underground_no_psd,deep_tube_open,156.80014038085938,218.63462829589844,285.0585632324219,35.04997253417969,896.0
commuta_readings_today_20260810_184020.csv,6170,2026-08-10,2026-08-10T14:52:46.000+01:00,S05,Northern,quieter,Euston->Kennington,platform,940GZZLUEMB,Embankment,underground_no_psd,deep_tube_open,107.72274017333984,151.40916442871094,198.55894470214844,34.78446578979492,897.0
commuta_readings_today_20260810_184020.csv,6171,2026-08-10,2026-08-10T14:52:56.000+01:00,S05,Northern,quieter,Euston->Kennington,platform,940GZZLUEMB,Embankment,underground_no_psd,deep_tube_open,85.79695129394531,121.18080139160156,159.47482299804688,34.415199279785156,890.0
commuta_readings_today_20260810_184020.csv,6172,2026-08-10,2026-08-10T14:53:06.000+01:00,S05,Northern,quieter,Euston->Kennington,platform,940GZZLUEMB,Embankment,underground_no_psd,deep_tube_open,107.8895492553711,148.71124267578125,192.24676513671875,34.120697021484375,877.0
commuta_readings_today_20260810_184020.csv,6173,2026-08-10,2026-08-10T14:53:16.000+01:00,S05,Northern,quieter,Euston->Kennington,platform,940GZZLUEMB,Embankment,underground_no_psd,deep_tube_open,132.3288116455078,187.86148071289065,248.12937927246097,33.958953857421875,848.0
commuta_readings_today_20260810_184020.csv,6174,2026-08-10,2026-08-10T14:53:25.000+01:00,S05,Northern,quieter,Euston->Kennington,platform,940GZZLUEMB,Embankment,underground_no_psd,deep_tube_open,161.36514282226562,231.2234344482422,307.4070129394531,33.929962158203125,836.0
commuta_readings_today_20260810_184020.csv,6175,2026-08-10,2026-08-10T14:53:35.000+01:00,S05,Northern,quieter,Euston->Kennington,platform,940GZZLUEMB,Embankment,underground_no_psd,deep_tube_open,165.6556854248047,240.54393005371097,322.7423095703125,33.955902099609375,832.0
commuta_readings_today_20260810_184020.csv,6176,2026-08-10,2026-08-10T14:53:45.000+01:00,S05,Northern,quieter,Euston->Kennington,platform,940GZZLUEMB,Embankment,underground_no_psd,deep_tube_open,173.0157012939453,247.72964477539065,329.17706298828125,33.978790283203125,825.0
commuta_readings_today_20260810_184020.csv,6177,2026-08-10,2026-08-10T14:53:55.000+01:00,S05,Northern,quieter,Euston->Kennington,platform,940GZZLUEMB,Embankment,underground_no_psd,deep_tube_open,167.1023406982422,243.73245239257812,328.0166931152344,34.015411376953125,821.0
commuta_readings_today_20260810_184020.csv,6178,2026-08-10,2026-08-10T14:54:05.000+01:00,S05,Northern,quieter,Euston->Kennington,platform,940GZZLUEMB,Embankment,underground_no_psd,deep_tube_open,164.97763061523438,235.0578460693359,311.25946044921875,33.943695068359375,819.0
commuta_readings_today_20260810_184020.csv,6179,2026-08-10,2026-08-10T14:54:15.000+01:00,S05,Northern,quieter,Euston->Kennington,platform,940GZZLUEMB,Embankment,underground_no_psd,deep_tube_open,169.44606018066406,231.88194274902344,298.1483459472656,33.969635009765625,820.0
commuta_readings_today_20260810_184020.csv,6180,2026-08-10,2026-08-10T14:54:25.000+01:00,S05,Northern,quieter,Euston->Kennington,platform,940GZZLUEMB,Embankment,underground_no_psd,deep_tube_open,162.6885223388672,224.1199493408203,289.6115417480469,33.949798583984375,823.0
commuta_readings_today_20260810_184020.csv,6181,2026-08-10,2026-08-10T14:54:35.000+01:00,S05,Northern,quieter,Euston->Kennington,platform,940GZZLUEMB,Embankment,underground_no_psd,deep_tube_open,152.1747283935547,217.2976837158203,288.1908264160156,33.914703369140625,831.0
commuta_readings_today_20260810_184020.csv,6185,2026-08-10,2026-08-10T14:55:15.000+01:00,S05,Northern,quieter,Euston->Kennington,platform,940GZZLUEMB,Embankment,underground_no_psd,deep_tube_open,151.6481170654297,220.8806915283203,296.97955322265625,34.006256103515625,877.0
commuta_readings_today_20260810_184020.csv,6186,2026-08-10,2026-08-10T14:55:25.000+01:00,S05,Northern,quieter,Euston->Kennington,platform,940GZZLUEMB,Embankment,underground_no_psd,deep_tube_open,148.06314086914062,220.48321533203125,300.8492126464844,34.021514892578125,894.0
commuta_readings_today_20260810_184020.csv,6187,2026-08-10,2026-08-10T14:55:35.000+01:00,S05,Northern,quieter,Euston->Kennington,platform,940GZZLUEMB,Embankment,underground_no_psd,deep_tube_open,149.04434204101562,219.5598602294922,297.4600524902344,33.997100830078125,896.0
commuta_readings_today_20260810_184020.csv,6188,2026-08-10,2026-08-10T14:55:45.000+01:00,S05,Northern,quieter,Euston->Kennington,platform,940GZZLUEMB,Embankment,underground_no_psd,deep_tube_open,151.3934326171875,219.34713745117188,293.8562927246094,33.925384521484375,899.0
commuta_readings_today_20260810_184020.csv,6189,2026-08-10,2026-08-10T14:55:55.000+01:00,S05,Northern,quieter,Euston->Kennington,platform,940GZZLUEMB,Embankment,underground_no_psd,deep_tube_open,152.94581604003906,222.5839385986328,299.0989685058594,33.87044906616211,898.0
commuta_readings_today_20260810_184020.csv,6190,2026-08-10,2026-08-10T14:56:05.000+01:00,S05,Northern,quieter,Euston->Kennington,platform,940GZZLUEMB,Embankment,underground_no_psd,deep_tube_open,153.63241577148438,224.58216857910156,302.6968688964844,33.80483627319336,897.0
commuta_readings_today_20260810_184020.csv,6191,2026-08-10,2026-08-10T14:56:15.000+01:00,S05,Northern,quieter,Euston->Kennington,platform,940GZZLUEMB,Embankment,underground_no_psd,deep_tube_open,156.5284881591797,229.83346557617188,310.7004699707031,33.73769760131836,893.0
commuta_readings_today_20260810_184020.csv,6192,2026-08-10,2026-08-10T14:56:25.000+01:00,S05,Northern,quieter,Euston->Kennington,platform,940GZZLUEMB,Embankment,underground_no_psd,deep_tube_open,161.1326141357422,227.4468994140625,299.19085693359375,33.74685287475586,892.0
commuta_readings_today_20260810_184020.csv,6193,2026-08-10,2026-08-10T14:56:35.000+01:00,S05,Northern,quieter,Euston->Kennington,platform,940GZZLUEMB,Embankment,underground_no_psd,deep_tube_open,153.4927978515625,219.4263458251953,291.2435607910156,33.69649887084961,889.0
commuta_readings_today_20260810_184020.csv,6194,2026-08-10,2026-08-10T14:56:45.000+01:00,S05,Northern,quieter,Euston->Kennington,platform,940GZZLUEMB,Embankment,underground_no_psd,deep_tube_open,122.7317123413086,181.6449279785156,246.8571319580078,33.623252868652344,888.0
commuta_readings_today_20260810_184020.csv,6195,2026-08-10,2026-08-10T14:56:56.000+01:00,S05,Northern,quieter,Euston->Kennington,platform,940GZZLUEMB,Embankment,underground_no_psd,deep_tube_open,104.9551239013672,153.3978729248047,206.7284240722656,33.501182556152344,884.0
commuta_readings_today_20260810_184020.csv,6196,2026-08-10,2026-08-10T14:57:05.000+01:00,S05,Northern,quieter,Euston->Kennington,platform,940GZZLUEMB,Embankment,underground_no_psd,deep_tube_open,78.52037811279297,114.19172668457033,153.37301635742188,33.27840042114258,866.0
commuta_readings_today_20260810_184020.csv,6197,2026-08-10,2026-08-10T14:57:15.000+01:00,S05,Northern,quieter,Euston->Kennington,platform,940GZZLUEMB,Embankment,underground_no_psd,deep_tube_open,68.32219696044922,96.87899017333984,127.85098266601562,33.15938186645508,862.0
commuta_readings_today_20260810_184020.csv,6198,2026-08-10,2026-08-10T14:57:25.000+01:00,S05,Northern,quieter,Euston->Kennington,platform,940GZZLUEMB,Embankment,underground_no_psd,deep_tube_open,73.18490600585938,102.5065689086914,134.0889892578125,33.14717483520508,855.0
commuta_readings_today_20260810_184020.csv,6199,2026-08-10,2026-08-10T14:57:35.000+01:00,S05,Northern,quieter,Euston->Kennington,platform,940GZZLUEMB,Embankment,underground_no_psd,deep_tube_open,86.10066986083984,121.69844818115234,160.23951721191406,33.12886428833008,846.0
commuta_readings_today_20260810_184020.csv,6200,2026-08-10,2026-08-10T14:57:45.000+01:00,S05,Northern,quieter,Euston->Kennington,platform,940GZZLUEMB,Embankment,underground_no_psd,deep_tube_open,88.45291900634766,122.11412811279295,158.0500946044922,33.09986877441406,846.0
commuta_readings_today_20260810_184020.csv,6201,2026-08-10,2026-08-10T14:57:55.000+01:00,S05,Northern,quieter,Euston->Kennington,platform,940GZZLUEMB,Embankment,underground_no_psd,deep_tube_open,89.61100769042969,123.36231994628906,159.32789611816406,33.15938186645508,847.0
commuta_readings_today_20260810_184020.csv,6202,2026-08-10,2026-08-10T14:58:05.000+01:00,S05,Northern,quieter,Euston->Kennington,platform,940GZZLUEMB,Embankment,underground_no_psd,deep_tube_open,89.60704040527344,125.00686645507812,163.04568481445312,33.21736526489258,862.0
commuta_readings_today_20260810_184020.csv,6203,2026-08-10,2026-08-10T14:58:15.000+01:00,S05,Northern,quieter,Euston->Kennington,platform,940GZZLUEMB,Embankment,underground_no_psd,deep_tube_open,87.79072570800781,121.70408630371094,158.0049591064453,33.13039016723633,870.0
commuta_readings_today_20260810_184020.csv,6204,2026-08-10,2026-08-10T14:58:25.000+01:00,S05,Northern,quieter,Euston->Kennington,platform,940GZZLUEMB,Embankment,underground_no_psd,deep_tube_open,86.75475311279297,118.70436096191406,152.61080932617188,33.06782531738281,877.0
commuta_readings_today_20260810_184020.csv,6205,2026-08-10,2026-08-10T14:58:35.000+01:00,S05,Northern,quieter,Euston->Kennington,platform,940GZZLUEMB,Embankment,underground_no_psd,deep_tube_open,132.65028381347656,183.4799346923828,237.810791015625,33.02815246582031,877.0
commuta_readings_today_20260810_184020.csv,6206,2026-08-10,2026-08-10T14:58:46.000+01:00,S05,Northern,quieter,Euston->Kennington,platform,940GZZLUEMB,Embankment,underground_no_psd,deep_tube_open,135.76353454589844,194.1914520263672,257.85174560546875,32.92744445800781,874.0
commuta_readings_today_20260810_184020.csv,6207,2026-08-10,2026-08-10T14:58:55.000+01:00,S05,Northern,quieter,Euston->Kennington,platform,940GZZLUEMB,Embankment,underground_no_psd,deep_tube_open,138.1459503173828,196.7900848388672,260.5501403808594,32.8709831237793,869.0
commuta_readings_today_20260810_184020.csv,6211,2026-08-10,2026-08-10T14:59:35.000+01:00,S05,Northern,quieter,Euston->Kennington,in_train,,,,deep_tube_open,149.52716064453125,221.7540283203125,301.7712707519531,33.19752883911133,864.0
commuta_readings_today_20260810_184020.csv,6212,2026-08-10,2026-08-10T14:59:45.000+01:00,S05,Northern,quieter,Euston->Kennington,in_train,,,,deep_tube_open,154.16110229492188,219.3350830078125,290.1489562988281,33.34706497192383,865.0
commuta_readings_today_20260810_184020.csv,6213,2026-08-10,2026-08-10T14:59:56.000+01:00,S05,Northern,quieter,Euston->Kennington,in_train,,,,deep_tube_open,153.77993774414062,212.27626037597656,274.7208251953125,33.479820251464844,869.0
commuta_readings_today_20260810_184020.csv,6214,2026-08-10,2026-08-10T15:00:05.000+01:00,S05,Northern,quieter,Euston->Kennington,in_train,,,,deep_tube_open,141.31532287597656,190.814697265625,242.8467254638672,33.556114196777344,873.0
commuta_readings_today_20260810_184020.csv,6215,2026-08-10,2026-08-10T15:00:15.000+01:00,S05,Northern,quieter,Euston->Kennington,in_train,,,,deep_tube_open,131.1156005859375,178.34506225585938,228.25982666015625,33.67818832397461,878.0
commuta_readings_today_20260810_184020.csv,6216,2026-08-10,2026-08-10T15:00:25.000+01:00,S05,Northern,quieter,Euston->Kennington,in_train,,,,deep_tube_open,125.33392333984376,173.38836669921875,224.7582092285156,33.75448226928711,887.0
commuta_readings_today_20260810_184020.csv,6217,2026-08-10,2026-08-10T15:00:36.000+01:00,S05,Northern,quieter,Euston->Kennington,platform,940GZZLUWLO,Waterloo,underground_no_psd,deep_tube_open,119.88013458251952,164.8766326904297,212.79537963867188,33.84145736694336,901.0
commuta_readings_today_20260810_184020.csv,6218,2026-08-10,2026-08-10T15:00:45.000+01:00,S05,Northern,quieter,Euston->Kennington,platform,940GZZLUWLO,Waterloo,underground_no_psd,deep_tube_open,96.9552764892578,131.0259552001953,166.8624725341797,33.585105895996094,905.0
commuta_readings_today_20260810_184020.csv,6219,2026-08-10,2026-08-10T15:00:55.000+01:00,S05,Northern,quieter,Euston->Kennington,platform,940GZZLUWLO,Waterloo,underground_no_psd,deep_tube_open,91.67462158203124,123.80857849121094,157.59132385253906,33.17921829223633,902.0
commuta_readings_today_20260810_184020.csv,6220,2026-08-10,2026-08-10T15:01:05.000+01:00,S05,Northern,quieter,Euston->Kennington,platform,940GZZLUWLO,Waterloo,underground_no_psd,deep_tube_open,90.42115020751952,120.55015563964844,151.90235900878906,32.95033264160156,894.0
commuta_readings_today_20260810_184020.csv,6221,2026-08-10,2026-08-10T15:01:15.000+01:00,S05,Northern,quieter,Euston->Kennington,platform,940GZZLUWLO,Waterloo,underground_no_psd,deep_tube_open,103.7609405517578,140.8370819091797,179.96104431152344,32.87556457519531,885.0
commuta_readings_today_20260810_184020.csv,6222,2026-08-10,2026-08-10T15:01:25.000+01:00,S05,Northern,quieter,Euston->Kennington,platform,940GZZLUWLO,Waterloo,underground_no_psd,deep_tube_open,115.15691375732422,156.92332458496094,201.12161254882812,32.93354797363281,880.0
commuta_readings_today_20260810_184020.csv,6223,2026-08-10,2026-08-10T15:01:35.000+01:00,S05,Northern,quieter,Euston->Kennington,platform,940GZZLUWLO,Waterloo,underground_no_psd,deep_tube_open,117.54256439208984,161.17462158203125,207.54649353027344,32.82673263549805,862.0
commuta_readings_today_20260810_184020.csv,6224,2026-08-10,2026-08-10T15:01:45.000+01:00,S05,Northern,quieter,Euston->Kennington,platform,940GZZLUWLO,Waterloo,underground_no_psd,deep_tube_open,120.06743621826172,162.2426300048828,206.6001892089844,32.56580352783203,849.0
commuta_readings_today_20260810_184020.csv,6225,2026-08-10,2026-08-10T15:01:55.000+01:00,S05,Northern,quieter,Euston->Kennington,platform,940GZZLUWLO,Waterloo,underground_no_psd,deep_tube_open,113.41085815429688,157.17950439453125,204.0216827392578,32.43457794189453,833.0
commuta_readings_today_20260810_184020.csv,6226,2026-08-10,2026-08-10T15:02:06.000+01:00,S05,Northern,quieter,Euston->Kennington,platform,940GZZLUWLO,Waterloo,underground_no_psd,deep_tube_open,109.80048370361328,155.560302734375,205.16717529296875,32.230106353759766,802.0
commuta_readings_today_20260810_184020.csv,6227,2026-08-10,2026-08-10T15:02:15.000+01:00,S05,Northern,quieter,Euston->Kennington,platform,940GZZLUWLO,Waterloo,underground_no_psd,deep_tube_open,109.3540496826172,153.2930908203125,200.64263916015625,31.932554244995117,784.0
commuta_readings_today_20260810_184020.csv,6228,2026-08-10,2026-08-10T15:02:25.000+01:00,S05,Northern,quieter,Euston->Kennington,platform,940GZZLUWLO,Waterloo,underground_no_psd,deep_tube_open,110.02790832519533,151.8701171875,196.5343475341797,31.874570846557617,770.0
commuta_readings_today_20260810_184020.csv,6229,2026-08-10,2026-08-10T15:02:35.000+01:00,S05,Northern,quieter,Euston->Kennington,platform,940GZZLUWLO,Waterloo,underground_no_psd,deep_tube_open,110.5268783569336,153.36386108398438,199.242919921875,31.758602142333984,760.0
commuta_readings_today_20260810_184020.csv,6230,2026-08-10,2026-08-10T15:02:45.000+01:00,S05,Northern,quieter,Euston->Kennington,platform,940GZZLUWLO,Waterloo,underground_no_psd,deep_tube_open,115.37206268310548,159.53756713867188,206.7371063232422,31.700618743896484,751.0
commuta_readings_today_20260810_184020.csv,6231,2026-08-10,2026-08-10T15:02:55.000+01:00,S05,Northern,quieter,Euston->Kennington,platform,940GZZLUWLO,Waterloo,underground_no_psd,deep_tube_open,112.6692886352539,158.57862854003906,208.16616821289065,31.773860931396484,740.0
commuta_readings_today_20260810_184020.csv,6232,2026-08-10,2026-08-10T15:03:05.000+01:00,S05,Northern,quieter,Euston->Kennington,platform,940GZZLUWLO,Waterloo,underground_no_psd,deep_tube_open,102.99574279785156,146.06166076660156,192.77273559570312,31.895933151245117,738.0
commuta_readings_today_20260810_184020.csv,6233,2026-08-10,2026-08-10T15:03:15.000+01:00,S05,Northern,quieter,Euston->Kennington,platform,940GZZLUWLO,Waterloo,underground_no_psd,deep_tube_open,100.44790649414062,143.94650268554688,191.3857879638672,31.79674911499023,737.0
commuta_readings_today_20260810_184020.csv,6234,2026-08-10,2026-08-10T15:03:25.000+01:00,S05,Northern,quieter,Euston->Kennington,in_train,,,,deep_tube_open,99.17598724365234,139.95538330078125,184.06724548339844,31.853208541870117,737.0
commuta_readings_today_20260810_184020.csv,6235,2026-08-10,2026-08-10T15:03:35.000+01:00,S05,Northern,quieter,Euston->Kennington,in_train,,,,deep_tube_open,98.6770248413086,137.6986541748047,179.6363067626953,31.976806640625,738.0
commuta_readings_today_20260810_184020.csv,6236,2026-08-10,2026-08-10T15:03:46.000+01:00,S05,Northern,quieter,Euston->Kennington,in_train,,,,deep_tube_open,97.20943450927734,135.74461364746094,177.1766357421875,32.153812408447266,741.0
commuta_readings_today_20260810_184020.csv,6237,2026-08-10,2026-08-10T15:03:55.000+01:00,S05,Northern,quieter,Euston->Kennington,in_train,,,,deep_tube_open,100.43195343017578,139.16461181640625,180.61209106445312,32.43457794189453,754.0
commuta_readings_today_20260810_184020.csv,6238,2026-08-10,2026-08-10T15:04:05.000+01:00,S05,Northern,quieter,Euston->Kennington,in_train,,,,deep_tube_open,99.8619613647461,140.26828002929688,183.8614959716797,32.64362716674805,759.0
commuta_readings_today_20260810_184020.csv,6239,2026-08-10,2026-08-10T15:04:15.000+01:00,S05,Northern,quieter,Euston->Kennington,in_train,,,,deep_tube_open,103.11610412597656,142.9060516357422,185.48907470703125,32.6695671081543,763.0
commuta_readings_today_20260810_184020.csv,6240,2026-08-10,2026-08-10T15:04:25.000+01:00,S05,Northern,quieter,Euston->Kennington,in_train,,,,deep_tube_open,109.78223419189452,147.676513671875,187.39418029785156,32.73212814331055,771.0
commuta_readings_today_20260810_184020.csv,6241,2026-08-10,2026-08-10T15:04:35.000+01:00,S05,Northern,quieter,Euston->Kennington,in_train,,,,deep_tube_open,116.27652740478516,154.30979919433594,193.7329559326172,32.85114669799805,770.0
commuta_readings_today_20260810_184020.csv,6242,2026-08-10,2026-08-10T15:04:45.000+01:00,S05,Northern,quieter,Euston->Kennington,in_train,,,,deep_tube_open,119.63819122314452,157.29676818847656,196.00592041015625,32.6298942565918,685.0
commuta_readings_today_20260810_184020.csv,6243,2026-08-10,2026-08-10T15:04:55.000+01:00,S05,Northern,quieter,Euston->Kennington,in_train,,,,deep_tube_open,120.59227752685548,167.11557006835938,216.90269470214844,32.61615753173828,693.0
commuta_readings_today_20260810_184020.csv,6244,2026-08-10,2026-08-10T15:05:05.000+01:00,S05,Northern,quieter,Euston->Kennington,in_train,,,,deep_tube_open,141.76507568359375,204.24034118652344,272.55633544921875,32.6421012878418,706.0
commuta_readings_today_20260810_184020.csv,6245,2026-08-10,2026-08-10T15:05:15.000+01:00,S05,Northern,quieter,Euston->Kennington,in_train,,,,deep_tube_open,145.9012908935547,210.00775146484375,280.07598876953125,32.46509552001953,719.0
commuta_readings_today_20260810_184020.csv,6246,2026-08-10,2026-08-10T15:05:26.000+01:00,S05,Northern,quieter,Euston->Kennington,in_train,,,,deep_tube_open,140.8772430419922,210.1591796875,287.0983581542969,32.44678497314453,719.0
commuta_readings_today_20260810_184020.csv,6247,2026-08-10,2026-08-10T15:05:35.000+01:00,S05,Northern,quieter,Euston->Kennington,in_train,,,,deep_tube_open,139.075927734375,200.6636657714844,268.0579528808594,32.372013092041016,720.0
commuta_readings_today_20260810_184020.csv,6248,2026-08-10,2026-08-10T15:05:45.000+01:00,S05,Northern,quieter,Euston->Kennington,in_train,,,,deep_tube_open,137.24102783203125,198.4593505859375,265.5216979980469,32.47425079345703,721.0
commuta_readings_today_20260810_184020.csv,6249,2026-08-10,2026-08-10T15:05:55.000+01:00,S05,Northern,quieter,Euston->Kennington,in_train,,,,deep_tube_open,138.0482940673828,198.3570556640625,264.2174072265625,32.47425079345703,720.0
commuta_readings_today_20260810_184020.csv,6251,2026-08-10,2026-08-10T15:06:15.000+01:00,S05,Northern,quieter,Euston->Kennington,in_train,,,,deep_tube_open,135.16026306152344,183.85714721679688,235.3248291015625,32.57648468017578,717.0
commuta_readings_today_20260810_184020.csv,6252,2026-08-10,2026-08-10T15:06:25.000+01:00,S05,Northern,quieter,Euston->Kennington,platform,940GZZLUKNG,Kennington,underground_no_psd,deep_tube_open,135.42120361328125,182.0741729736328,230.95291137695312,32.57343292236328,715.0
commuta_readings_today_20260810_184020.csv,6253,2026-08-10,2026-08-10T15:06:35.000+01:00,S05,Northern,quieter,Euston->Kennington,platform,940GZZLUKNG,Kennington,underground_no_psd,deep_tube_open,138.3807373046875,193.0436248779297,251.7805328369141,32.60547637939453,714.0
commuta_readings_today_20260810_184020.csv,6254,2026-08-10,2026-08-10T15:06:45.000+01:00,S05,Northern,quieter,Euston->Kennington,platform,940GZZLUKNG,Kennington,underground_no_psd,deep_tube_open,151.12205505371094,210.43450927734375,274.0973815917969,32.66193771362305,708.0
commuta_readings_today_20260810_184020.csv,6255,2026-08-10,2026-08-10T15:06:55.000+01:00,S05,Northern,quieter,Euston->Kennington,platform,940GZZLUKNG,Kennington,underground_no_psd,deep_tube_open,149.36691284179688,203.36788940429688,260.4786376953125,32.7061882019043,701.0
commuta_readings_today_20260810_184020.csv,6256,2026-08-10,2026-08-10T15:07:06.000+01:00,S05,Northern,quieter,Euston->Kennington,platform,940GZZLUKNG,Kennington,underground_no_psd,deep_tube_open,143.26455688476562,196.2588348388672,252.5446929931641,32.7367057800293,701.0
commuta_readings_today_20260810_184020.csv,6257,2026-08-10,2026-08-10T15:07:15.000+01:00,S05,Northern,quieter,Euston->Kennington,platform,940GZZLUKNG,Kennington,underground_no_psd,deep_tube_open,145.123291015625,194.50473022460935,246.1133270263672,32.71992111206055,700.0
commuta_readings_today_20260810_184020.csv,6258,2026-08-10,2026-08-10T15:07:25.000+01:00,S05,Northern,quieter,Euston->Kennington,platform,940GZZLUKNG,Kennington,underground_no_psd,deep_tube_open,143.30995178222656,196.615966796875,253.29054260253903,32.7336540222168,700.0
commuta_readings_today_20260810_184020.csv,6259,2026-08-10,2026-08-10T15:07:35.000+01:00,S05,Northern,quieter,Euston->Kennington,platform,940GZZLUKNG,Kennington,underground_no_psd,deep_tube_open,138.21531677246094,193.82504272460935,253.7644805908203,32.7794303894043,699.0
commuta_readings_today_20260810_184020.csv,6262,2026-08-10,2026-08-10T15:08:05.000+01:00,S05,Northern,quieter,Euston->Kennington,platform,940GZZLUKNG,Kennington,underground_no_psd,deep_tube_open,140.62252807617188,198.74783325195312,261.6766052246094,32.62836837768555,689.0
commuta_readings_today_20260810_184020.csv,6263,2026-08-10,2026-08-10T15:08:15.000+01:00,S05,Northern,quieter,Euston->Kennington,platform,940GZZLUKNG,Kennington,underground_no_psd,deep_tube_open,142.517822265625,202.4543304443359,267.5235595703125,32.63142013549805,686.0
commuta_readings_today_20260810_184020.csv,6264,2026-08-10,2026-08-10T15:08:25.000+01:00,S05,Northern,quieter,Euston->Kennington,platform,940GZZLUKNG,Kennington,underground_no_psd,deep_tube_open,146.28152465820312,206.55001831054688,271.76483154296875,32.53376007080078,683.0
commuta_readings_today_20260810_184020.csv,6265,2026-08-10,2026-08-10T15:08:35.000+01:00,S05,Northern,quieter,Euston->Kennington,platform,940GZZLUKNG,Kennington,underground_no_psd,deep_tube_open,147.72802734375,212.77159118652344,283.8861999511719,32.47730255126953,677.0
commuta_readings_today_20260810_184020.csv,6266,2026-08-10,2026-08-10T15:08:46.000+01:00,S05,Northern,quieter,Euston->Kennington,platform,940GZZLUKNG,Kennington,underground_no_psd,deep_tube_open,144.6291961669922,206.8824005126953,274.71221923828125,32.44525909423828,676.0
commuta_readings_today_20260810_184020.csv,6267,2026-08-10,2026-08-10T15:08:55.000+01:00,S05,Northern,quieter,Euston->Kennington,platform,940GZZLUKNG,Kennington,underground_no_psd,deep_tube_open,146.3611297607422,216.3746032714844,293.83740234375,32.40100860595703,675.0
commuta_readings_today_20260810_184020.csv,6268,2026-08-10,2026-08-10T15:09:05.000+01:00,S05,Northern,quieter,Euston->Kennington,platform,940GZZLUKNG,Kennington,underground_no_psd,deep_tube_open,146.92543029785156,216.50965881347656,293.3919677734375,32.321659088134766,673.0
commuta_readings_today_20260810_184020.csv,6269,2026-08-10,2026-08-10T15:09:15.000+01:00,S05,Northern,quieter,Euston->Kennington,platform,940GZZLUKNG,Kennington,underground_no_psd,deep_tube_open,147.5673065185547,219.59275817871097,299.49835205078125,32.343021392822266,672.0
commuta_readings_today_20260810_184020.csv,6282,2026-08-10,2026-08-10T15:18:00.000+01:00,S06,Victoria,quieter,Stockwell->Euston,platform,940GZZLUSKW,Stockwell,underground_no_psd,deep_tube_open,168.35012817382812,226.397216796875,287.22406005859375,33.17311477661133,593.0
commuta_readings_today_20260810_184020.csv,6283,2026-08-10,2026-08-10T15:18:10.000+01:00,S06,Victoria,quieter,Stockwell->Euston,platform,940GZZLUSKW,Stockwell,underground_no_psd,deep_tube_open,165.88235473632812,222.66696166992188,282.0847473144531,33.35622024536133,593.0
commuta_readings_today_20260810_184020.csv,6284,2026-08-10,2026-08-10T15:18:20.000+01:00,S06,Victoria,quieter,Stockwell->Euston,platform,940GZZLUSKW,Stockwell,underground_no_psd,deep_tube_open,168.0389404296875,229.2873687744141,294.1622619628906,33.31654739379883,593.0
commuta_readings_today_20260810_184020.csv,6285,2026-08-10,2026-08-10T15:18:30.000+01:00,S06,Victoria,quieter,Stockwell->Euston,platform,940GZZLUSKW,Stockwell,underground_no_psd,deep_tube_open,167.2148895263672,231.72950744628903,300.77099609375,33.34401321411133,594.0
commuta_readings_today_20260810_184020.csv,6286,2026-08-10,2026-08-10T15:18:40.000+01:00,S06,Victoria,quieter,Stockwell->Euston,platform,940GZZLUSKW,Stockwell,underground_no_psd,deep_tube_open,172.21734619140625,234.59022521972656,300.5771484375,33.499656677246094,596.0
commuta_readings_today_20260810_184020.csv,6287,2026-08-10,2026-08-10T15:18:51.000+01:00,S06,Victoria,quieter,Stockwell->Euston,platform,940GZZLUSKW,Stockwell,underground_no_psd,deep_tube_open,174.7975311279297,236.20477294921875,300.791015625,33.525596618652344,598.0
commuta_readings_today_20260810_184020.csv,6288,2026-08-10,2026-08-10T15:19:00.000+01:00,S06,Victoria,quieter,Stockwell->Euston,platform,940GZZLUSKW,Stockwell,underground_no_psd,deep_tube_open,188.86569213867188,257.691650390625,330.5900573730469,33.443199157714844,598.0
commuta_readings_today_20260810_184020.csv,6289,2026-08-10,2026-08-10T15:19:10.000+01:00,S06,Victoria,quieter,Stockwell->Euston,platform,940GZZLUSKW,Stockwell,underground_no_psd,deep_tube_open,185.23101806640625,255.235107421875,329.8775634765625,33.488975524902344,598.0
commuta_readings_today_20260810_184020.csv,6292,2026-08-10,2026-08-10T15:19:40.000+01:00,S06,Victoria,quieter,Stockwell->Euston,in_train,,,,deep_tube_open,169.9251708984375,234.57492065429688,303.5904846191406,33.18074417114258,600.0
commuta_readings_today_20260810_184020.csv,6293,2026-08-10,2026-08-10T15:19:50.000+01:00,S06,Victoria,quieter,Stockwell->Euston,in_train,,,,deep_tube_open,176.7993621826172,245.8797149658203,319.9698791503906,33.24025344848633,600.0
commuta_readings_today_20260810_184020.csv,6294,2026-08-10,2026-08-10T15:20:00.000+01:00,S06,Victoria,quieter,Stockwell->Euston,in_train,,,,deep_tube_open,184.9843292236328,263.4624328613281,348.7783203125,33.16853713989258,600.0
commuta_readings_today_20260810_184020.csv,6295,2026-08-10,2026-08-10T15:20:10.000+01:00,S06,Victoria,quieter,Stockwell->Euston,in_train,,,,deep_tube_open,191.6315155029297,272.780517578125,360.97467041015625,33.05867004394531,601.0
commuta_readings_today_20260810_184020.csv,6296,2026-08-10,2026-08-10T15:20:20.000+01:00,S06,Victoria,quieter,Stockwell->Euston,in_train,,,,deep_tube_open,192.77182006835935,267.3749694824219,347.255615234375,33.08460998535156,601.0
commuta_readings_today_20260810_184020.csv,6298,2026-08-10,2026-08-10T15:20:40.000+01:00,S06,Victoria,quieter,Stockwell->Euston,in_train,,,,deep_tube_open,184.34686279296875,248.97412109375,316.91943359375,32.88929748535156,600.0
commuta_readings_today_20260810_184020.csv,6299,2026-08-10,2026-08-10T15:20:50.000+01:00,S06,Victoria,quieter,Stockwell->Euston,in_train,,,,deep_tube_open,181.13604736328125,242.65774536132812,306.929931640625,32.84504318237305,602.0
commuta_readings_today_20260810_184020.csv,6300,2026-08-10,2026-08-10T15:21:00.000+01:00,S06,Victoria,quieter,Stockwell->Euston,in_train,,,,deep_tube_open,180.28289794921875,239.48545837402344,300.90313720703125,32.71076583862305,602.0
commuta_readings_today_20260810_184020.csv,6301,2026-08-10,2026-08-10T15:21:10.000+01:00,S06,Victoria,quieter,Stockwell->Euston,platform,940GZZLUVXL,Vauxhall,underground_no_psd,deep_tube_open,177.99693298339844,241.0909881591797,307.567138671875,32.71686935424805,602.0
commuta_readings_today_20260810_184020.csv,6302,2026-08-10,2026-08-10T15:21:20.000+01:00,S06,Victoria,quieter,Stockwell->Euston,platform,940GZZLUVXL,Vauxhall,underground_no_psd,deep_tube_open,164.5054931640625,226.5771026611328,292.7424011230469,32.41626739501953,602.0
commuta_readings_today_20260810_184020.csv,6303,2026-08-10,2026-08-10T15:21:30.000+01:00,S06,Victoria,quieter,Stockwell->Euston,platform,940GZZLUVXL,Vauxhall,underground_no_psd,deep_tube_open,165.0966339111328,223.6587677001953,285.368408203125,32.173648834228516,601.0
commuta_readings_today_20260810_184020.csv,6304,2026-08-10,2026-08-10T15:21:40.000+01:00,S06,Victoria,quieter,Stockwell->Euston,platform,940GZZLUVXL,Vauxhall,underground_no_psd,deep_tube_open,162.2267608642578,221.21434020996097,283.6662902832031,32.05767822265625,601.0
commuta_readings_today_20260810_184020.csv,6305,2026-08-10,2026-08-10T15:21:50.000+01:00,S06,Victoria,quieter,Stockwell->Euston,platform,940GZZLUVXL,Vauxhall,underground_no_psd,deep_tube_open,87.6004409790039,119.70812225341795,153.75222778320312,31.776912689208984,597.0
commuta_readings_today_20260810_184020.csv,6306,2026-08-10,2026-08-10T15:22:00.000+01:00,S06,Victoria,quieter,Stockwell->Euston,platform,940GZZLUVXL,Vauxhall,underground_no_psd,deep_tube_open,160.60391235351562,214.6717834472656,271.05474853515625,31.54039764404297,587.0
commuta_readings_today_20260810_184020.csv,6307,2026-08-10,2026-08-10T15:22:11.000+01:00,S06,Victoria,quieter,Stockwell->Euston,platform,940GZZLUVXL,Vauxhall,underground_no_psd,deep_tube_open,158.1240234375,214.63705444335935,274.2738952636719,31.5861759185791,586.0
commuta_readings_today_20260810_184020.csv,6308,2026-08-10,2026-08-10T15:22:20.000+01:00,S06,Victoria,quieter,Stockwell->Euston,platform,940GZZLUVXL,Vauxhall,underground_no_psd,deep_tube_open,62.885101318359375,85.8456802368164,110.17359924316406,31.351186752319336,586.0
commuta_readings_today_20260810_184020.csv,6309,2026-08-10,2026-08-10T15:22:30.000+01:00,S06,Victoria,quieter,Stockwell->Euston,platform,940GZZLUVXL,Vauxhall,underground_no_psd,deep_tube_open,65.21236419677734,88.28237915039062,112.57975769042967,30.917829513549805,585.0
commuta_readings_today_20260810_184020.csv,6310,2026-08-10,2026-08-10T15:22:40.000+01:00,S06,Victoria,quieter,Stockwell->Euston,platform,940GZZLUVXL,Vauxhall,underground_no_psd,deep_tube_open,78.62772369384766,104.60572814941406,131.5904083251953,30.64621925354004,584.0
commuta_readings_today_20260810_184020.csv,6311,2026-08-10,2026-08-10T15:22:50.000+01:00,S06,Victoria,quieter,Stockwell->Euston,platform,940GZZLUVXL,Vauxhall,underground_no_psd,deep_tube_open,86.60511016845703,116.6010971069336,148.06175231933594,30.363927841186523,580.0
commuta_readings_today_20260810_184020.csv,6312,2026-08-10,2026-08-10T15:23:00.000+01:00,S06,Victoria,quieter,Stockwell->Euston,platform,940GZZLUVXL,Vauxhall,underground_no_psd,deep_tube_open,90.55168914794922,123.76354217529295,158.9827880859375,30.28000259399414,580.0
commuta_readings_today_20260810_184020.csv,6313,2026-08-10,2026-08-10T15:23:10.000+01:00,S06,Victoria,quieter,Stockwell->Euston,platform,940GZZLUVXL,Vauxhall,underground_no_psd,deep_tube_open,83.6160888671875,111.55782318115234,140.65135192871094,30.26321792602539,577.0
commuta_readings_today_20260810_184020.csv,6314,2026-08-10,2026-08-10T15:23:20.000+01:00,S06,Victoria,quieter,Stockwell->Euston,platform,940GZZLUVXL,Vauxhall,underground_no_psd,deep_tube_open,70.58650970458984,92.71670532226562,115.44397735595705,29.996185302734375,564.0
commuta_readings_today_20260810_184020.csv,6315,2026-08-10,2026-08-10T15:23:30.000+01:00,S06,Victoria,quieter,Stockwell->Euston,in_train,,,,deep_tube_open,116.48125457763672,157.55535888671875,200.78744506835935,29.915311813354492,563.0
commuta_readings_today_20260810_184020.csv,6316,2026-08-10,2026-08-10T15:23:40.000+01:00,S06,Victoria,quieter,Stockwell->Euston,in_train,,,,deep_tube_open,127.3291473388672,176.98175048828125,230.2170562744141,29.935148239135746,563.0
commuta_readings_today_20260810_184020.csv,6317,2026-08-10,2026-08-10T15:23:51.000+01:00,S06,Victoria,quieter,Stockwell->Euston,in_train,,,,deep_tube_open,131.8528289794922,180.5221405029297,232.1941680908203,30.182344436645508,562.0
commuta_readings_today_20260810_184020.csv,6318,2026-08-10,2026-08-10T15:24:00.000+01:00,S06,Victoria,quieter,Stockwell->Euston,in_train,,,,deep_tube_open,124.71519470214844,170.39505004882812,218.82369995117188,30.475318908691406,562.0
commuta_readings_today_20260810_184020.csv,6319,2026-08-10,2026-08-10T15:24:10.000+01:00,S06,Victoria,quieter,Stockwell->Euston,in_train,,,,deep_tube_open,117.78287506103516,158.53604125976562,201.27052307128903,30.324254989624023,561.0
commuta_readings_today_20260810_184020.csv,6320,2026-08-10,2026-08-10T15:24:20.000+01:00,S06,Victoria,quieter,Stockwell->Euston,in_train,,,,deep_tube_open,110.75706481933594,151.44239807128906,194.5992431640625,30.27695083618164,562.0
commuta_readings_today_20260810_184020.csv,6321,2026-08-10,2026-08-10T15:24:30.000+01:00,S06,Victoria,quieter,Stockwell->Euston,in_train,,,,deep_tube_open,108.67410278320312,150.1221923828125,194.38864135742188,30.25711441040039,565.0
commuta_readings_today_20260810_184020.csv,6322,2026-08-10,2026-08-10T15:24:40.000+01:00,S06,Victoria,quieter,Stockwell->Euston,platform,940GZZLUPCO,Pimlico,underground_no_psd,deep_tube_open,109.70743560791016,152.11273193359375,197.50819396972656,30.350194931030273,565.0
commuta_readings_today_20260810_184020.csv,6323,2026-08-10,2026-08-10T15:24:50.000+01:00,S06,Victoria,quieter,Stockwell->Euston,platform,940GZZLUPCO,Pimlico,underground_no_psd,deep_tube_open,117.16613006591795,161.68019104003906,209.18836975097656,30.368505477905273,565.0
commuta_readings_today_20260810_184020.csv,6324,2026-08-10,2026-08-10T15:25:00.000+01:00,S06,Victoria,quieter,Stockwell->Euston,platform,940GZZLUPCO,Pimlico,underground_no_psd,deep_tube_open,135.3317108154297,181.83056640625,230.52195739746097,30.457008361816406,568.0
commuta_readings_today_20260810_184020.csv,6325,2026-08-10,2026-08-10T15:25:10.000+01:00,S06,Victoria,quieter,Stockwell->Euston,platform,940GZZLUPCO,Pimlico,underground_no_psd,deep_tube_open,155.07115173339844,202.51889038085935,250.9771270751953,30.463111877441406,574.0
commuta_readings_today_20260810_184020.csv,6326,2026-08-10,2026-08-10T15:25:20.000+01:00,S06,Victoria,quieter,Stockwell->Euston,platform,940GZZLUPCO,Pimlico,underground_no_psd,deep_tube_open,151.4967803955078,197.22137451171875,243.77110290527344,30.397497177124023,578.0
commuta_readings_today_20260810_184020.csv,6327,2026-08-10,2026-08-10T15:25:31.000+01:00,S06,Victoria,quieter,Stockwell->Euston,platform,940GZZLUPCO,Pimlico,underground_no_psd,deep_tube_open,145.8998565673828,198.0970001220703,253.1900634765625,30.360876083374023,580.0
commuta_readings_today_20260810_184020.csv,6328,2026-08-10,2026-08-10T15:25:40.000+01:00,S06,Victoria,quieter,Stockwell->Euston,platform,940GZZLUPCO,Pimlico,underground_no_psd,deep_tube_open,26.72242546081543,36.5850715637207,47.05598831176758,30.078584671020508,580.0
commuta_readings_today_20260810_184020.csv,6329,2026-08-10,2026-08-10T15:25:50.000+01:00,S06,Victoria,quieter,Stockwell->Euston,platform,940GZZLUPCO,Pimlico,underground_no_psd,deep_tube_open,24.66853141784668,33.66674041748047,43.19906997680664,29.597925186157227,581.0
commuta_readings_today_20260810_184020.csv,6330,2026-08-10,2026-08-10T15:26:00.000+01:00,S06,Victoria,quieter,Stockwell->Euston,platform,940GZZLUPCO,Pimlico,underground_no_psd,deep_tube_open,25.379669189453125,34.93921661376953,45.126014709472656,29.158464431762695,578.0
commuta_readings_today_20260810_184020.csv,6331,2026-08-10,2026-08-10T15:26:10.000+01:00,S06,Victoria,quieter,Stockwell->Euston,platform,940GZZLUPCO,Pimlico,underground_no_psd,deep_tube_open,27.085508346557617,36.88364028930664,47.247188568115234,28.90974235534668,575.0
commuta_readings_today_20260810_184020.csv,6332,2026-08-10,2026-08-10T15:26:20.000+01:00,S06,Victoria,quieter,Stockwell->Euston,platform,940GZZLUPCO,Pimlico,underground_no_psd,deep_tube_open,26.04908561706543,34.937923431396484,44.23297500610352,28.615243911743164,560.0
commuta_readings_today_20260810_184020.csv,6333,2026-08-10,2026-08-10T15:26:30.000+01:00,S06,Victoria,quieter,Stockwell->Euston,platform,940GZZLUPCO,Pimlico,underground_no_psd,deep_tube_open,22.390531539916992,29.904714584350582,37.73556900024414,28.3894100189209,544.0
commuta_readings_today_20260810_184020.csv,6334,2026-08-10,2026-08-10T15:26:40.000+01:00,S06,Victoria,quieter,Stockwell->Euston,platform,940GZZLUPCO,Pimlico,underground_no_psd,deep_tube_open,27.50895118713379,36.512786865234375,45.846954345703125,28.310062408447266,527.0
commuta_readings_today_20260810_184020.csv,6335,2026-08-10,2026-08-10T15:26:50.000+01:00,S06,Victoria,quieter,Stockwell->Euston,platform,940GZZLUPCO,Pimlico,underground_no_psd,deep_tube_open,55.45486068725586,73.25941467285156,91.6407699584961,28.697643280029297,529.0
commuta_readings_today_20260810_184020.csv,6336,2026-08-10,2026-08-10T15:27:00.000+01:00,S06,Victoria,quieter,Stockwell->Euston,platform,940GZZLUPCO,Pimlico,underground_no_psd,deep_tube_open,44.040313720703125,57.41680145263672,71.05487060546875,28.87312126159668,528.0
commuta_readings_today_20260810_184020.csv,6337,2026-08-10,2026-08-10T15:27:11.000+01:00,S06,Victoria,quieter,Stockwell->Euston,platform,940GZZLUPCO,Pimlico,underground_no_psd,deep_tube_open,63.6581916809082,83.82777404785156,104.59027862548828,29.454490661621097,523.0
commuta_readings_today_20260810_184020.csv,6338,2026-08-10,2026-08-10T15:27:20.000+01:00,S06,Victoria,quieter,Stockwell->Euston,platform,940GZZLUPCO,Pimlico,underground_no_psd,deep_tube_open,103.09637451171876,137.12672424316406,172.4687957763672,30.008392333984375,523.0
commuta_readings_today_20260810_184020.csv,6339,2026-08-10,2026-08-10T15:27:30.000+01:00,S06,Victoria,quieter,Stockwell->Euston,platform,940GZZLUPCO,Pimlico,underground_no_psd,deep_tube_open,105.22462463378906,140.10595703125,176.36431884765625,30.23727798461914,523.0
commuta_readings_today_20260810_184020.csv,6340,2026-08-10,2026-08-10T15:27:40.000+01:00,S06,Victoria,quieter,Stockwell->Euston,platform,940GZZLUPCO,Pimlico,underground_no_psd,deep_tube_open,100.88678741455078,133.92672729492188,168.18309020996094,30.391393661499023,524.0
commuta_readings_today_20260810_184020.csv,6341,2026-08-10,2026-08-10T15:27:50.000+01:00,S06,Victoria,quieter,Stockwell->Euston,platform,940GZZLUPCO,Pimlico,underground_no_psd,deep_tube_open,99.3584213256836,131.62405395507812,165.01718139648438,30.424962997436523,525.0
commuta_readings_today_20260810_184020.csv,6342,2026-08-10,2026-08-10T15:28:00.000+01:00,S06,Victoria,quieter,Stockwell->Euston,platform,940GZZLUPCO,Pimlico,underground_no_psd,deep_tube_open,102.37174987792967,135.73757934570312,170.29641723632812,30.489051818847656,534.0
commuta_readings_today_20260810_184020.csv,6343,2026-08-10,2026-08-10T15:28:11.000+01:00,S06,Victoria,quieter,Stockwell->Euston,platform,940GZZLUPCO,Pimlico,underground_no_psd,deep_tube_open,107.0925521850586,143.85423278808594,182.34210205078125,30.58518409729004,536.0
commuta_readings_today_20260810_184020.csv,6344,2026-08-10,2026-08-10T15:28:20.000+01:00,S06,Victoria,quieter,Stockwell->Euston,platform,940GZZLUPCO,Pimlico,underground_no_psd,deep_tube_open,117.75272369384766,159.80886840820312,204.18397521972656,30.730144500732425,540.0
commuta_readings_today_20260810_184020.csv,6345,2026-08-10,2026-08-10T15:28:30.000+01:00,S06,Victoria,quieter,Stockwell->Euston,platform,940GZZLUPCO,Pimlico,underground_no_psd,deep_tube_open,112.43612670898438,150.5142364501953,190.2713165283203,30.836957931518555,550.0
commuta_readings_today_20260810_184020.csv,6346,2026-08-10,2026-08-10T15:28:40.000+01:00,S06,Victoria,quieter,Stockwell->Euston,platform,940GZZLUPCO,Pimlico,underground_no_psd,deep_tube_open,58.17951583862305,75.81593322753906,93.78900909423828,30.68131446838379,554.0
commuta_readings_today_20260810_184020.csv,6347,2026-08-10,2026-08-10T15:28:50.000+01:00,S06,Victoria,quieter,Stockwell->Euston,platform,940GZZLUPCO,Pimlico,underground_no_psd,deep_tube_open,34.13212585449219,43.7725715637207,53.42870330810547,30.26169204711914,554.0
commuta_readings_today_20260810_184020.csv,6348,2026-08-10,2026-08-10T15:29:01.000+01:00,S06,Victoria,quieter,Stockwell->Euston,platform,940GZZLUPCO,Pimlico,underground_no_psd,deep_tube_open,31.83054542541504,41.07726287841797,50.40459060668945,29.994659423828125,554.0
commuta_readings_today_20260810_184020.csv,6349,2026-08-10,2026-08-10T15:29:10.000+01:00,S06,Victoria,quieter,Stockwell->Euston,platform,940GZZLUPCO,Pimlico,underground_no_psd,deep_tube_open,105.53916931152344,137.88534545898438,170.9331512451172,29.87106132507324,546.0
commuta_readings_today_20260810_184020.csv,6350,2026-08-10,2026-08-10T15:29:20.000+01:00,S06,Victoria,quieter,Stockwell->Euston,platform,940GZZLUPCO,Pimlico,underground_no_psd,deep_tube_open,112.85002136230467,148.64988708496094,185.5122833251953,30.504310607910156,545.0
commuta_readings_today_20260810_184020.csv,6351,2026-08-10,2026-08-10T15:29:30.000+01:00,S06,Victoria,quieter,Stockwell->Euston,platform,940GZZLUPCO,Pimlico,underground_no_psd,deep_tube_open,109.78218841552734,146.05368041992188,183.7307891845703,31.006332397460938,546.0
commuta_readings_today_20260810_184020.csv,6352,2026-08-10,2026-08-10T15:29:40.000+01:00,S06,Victoria,quieter,Stockwell->Euston,platform,940GZZLUPCO,Pimlico,underground_no_psd,deep_tube_open,114.97442626953124,153.1446990966797,192.8342437744141,31.57549476623535,549.0
commuta_readings_today_20260810_184020.csv,6353,2026-08-10,2026-08-10T15:29:50.000+01:00,S06,Victoria,quieter,Stockwell->Euston,platform,940GZZLUPCO,Pimlico,underground_no_psd,deep_tube_open,115.96365356445312,157.1571502685547,200.5767364501953,31.65178871154785,554.0
commuta_readings_today_20260810_184020.csv,6357,2026-08-10,2026-08-10T15:30:30.000+01:00,S06,Victoria,quieter,Stockwell->Euston,in_train,,,,deep_tube_open,139.8345947265625,186.6260528564453,235.36001586914065,32.6604118347168,623.0
commuta_readings_today_20260810_184020.csv,6358,2026-08-10,2026-08-10T15:30:41.000+01:00,S06,Victoria,quieter,Stockwell->Euston,in_train,,,,deep_tube_open,127.2189483642578,172.81427001953125,220.9556427001953,32.80231857299805,648.0
commuta_readings_today_20260810_184020.csv,6359,2026-08-10,2026-08-10T15:30:50.000+01:00,S06,Victoria,quieter,Stockwell->Euston,in_train,,,,deep_tube_open,114.79613494873048,155.178955078125,197.66355895996097,32.85114669799805,655.0
commuta_readings_today_20260810_184020.csv,6360,2026-08-10,2026-08-10T15:31:00.000+01:00,S06,Victoria,quieter,Stockwell->Euston,in_train,,,,deep_tube_open,108.64134979248048,146.90968322753906,187.1801300048828,32.7824821472168,667.0
commuta_readings_today_20260810_184020.csv,6361,2026-08-10,2026-08-10T15:31:10.000+01:00,S06,Victoria,quieter,Stockwell->Euston,in_train,,,,deep_tube_open,112.52037048339844,153.49459838867188,196.8872985839844,32.75654220581055,672.0
commuta_readings_today_20260810_184020.csv,6362,2026-08-10,2026-08-10T15:31:20.000+01:00,S06,Victoria,quieter,Stockwell->Euston,in_train,,,,deep_tube_open,114.7109375,157.3106231689453,202.58892822265625,32.84504318237305,701.0
commuta_readings_today_20260810_184020.csv,6363,2026-08-10,2026-08-10T15:31:30.000+01:00,S06,Victoria,quieter,Stockwell->Euston,platform,940GZZLUVIC,Victoria,underground_no_psd,deep_tube_open,103.04961395263672,139.25331115722656,177.3316192626953,32.8099479675293,717.0
commuta_readings_today_20260810_184020.csv,6364,2026-08-10,2026-08-10T15:31:40.000+01:00,S06,Victoria,quieter,Stockwell->Euston,platform,940GZZLUVIC,Victoria,underground_no_psd,deep_tube_open,58.703948974609375,78.62273406982422,99.42784881591795,32.6939811706543,727.0
commuta_readings_today_20260810_184020.csv,6365,2026-08-10,2026-08-10T15:31:50.000+01:00,S06,Victoria,quieter,Stockwell->Euston,platform,940GZZLUVIC,Victoria,underground_no_psd,deep_tube_open,57.11278533935547,76.24958801269531,96.18638610839844,32.42389678955078,737.0
commuta_readings_today_20260810_184020.csv,6366,2026-08-10,2026-08-10T15:32:00.000+01:00,S06,Victoria,quieter,Stockwell->Euston,platform,940GZZLUVIC,Victoria,underground_no_psd,deep_tube_open,61.77595520019531,81.63285064697266,102.13821411132812,32.198062896728516,742.0
commuta_readings_today_20260810_184020.csv,6367,2026-08-10,2026-08-10T15:32:10.000+01:00,S06,Victoria,quieter,Stockwell->Euston,platform,940GZZLUVIC,Victoria,underground_no_psd,deep_tube_open,63.17530822753906,83.20433044433594,103.82498931884766,32.10498046875,746.0
commuta_readings_today_20260810_184020.csv,6368,2026-08-10,2026-08-10T15:32:21.000+01:00,S06,Victoria,quieter,Stockwell->Euston,platform,940GZZLUVIC,Victoria,underground_no_psd,deep_tube_open,58.28435897827149,76.51026153564453,95.21698760986328,31.866941452026367,747.0
commuta_readings_today_20260810_184020.csv,6369,2026-08-10,2026-08-10T15:32:30.000+01:00,S06,Victoria,quieter,Stockwell->Euston,platform,940GZZLUVIC,Victoria,underground_no_psd,deep_tube_open,50.76054763793945,65.6541976928711,80.71444702148438,31.50072479248047,745.0
commuta_readings_today_20260810_184020.csv,6370,2026-08-10,2026-08-10T15:32:40.000+01:00,S06,Victoria,quieter,Stockwell->Euston,platform,940GZZLUVIC,Victoria,underground_no_psd,deep_tube_open,43.1805305480957,56.87181091308594,70.96783447265625,31.16044807434082,740.0
commuta_readings_today_20260810_184020.csv,6371,2026-08-10,2026-08-10T15:32:50.000+01:00,S06,Victoria,quieter,Stockwell->Euston,platform,940GZZLUVIC,Victoria,underground_no_psd,deep_tube_open,71.76997375488281,96.37877655029295,122.13726043701172,30.853742599487305,739.0
commuta_readings_today_20260810_184020.csv,6372,2026-08-10,2026-08-10T15:33:00.000+01:00,S06,Victoria,quieter,Stockwell->Euston,platform,940GZZLUVIC,Victoria,underground_no_psd,deep_tube_open,143.48037719726562,196.63478088378903,253.1063995361328,30.876630783081055,734.0
commuta_readings_today_20260810_184020.csv,6373,2026-08-10,2026-08-10T15:33:10.000+01:00,S06,Victoria,quieter,Stockwell->Euston,platform,940GZZLUVIC,Victoria,underground_no_psd,deep_tube_open,160.92922973632812,223.98838806152344,291.65386962890625,31.253528594970703,728.0
commuta_readings_today_20260810_184020.csv,6374,2026-08-10,2026-08-10T15:33:20.000+01:00,S06,Victoria,quieter,Stockwell->Euston,platform,940GZZLUVIC,Victoria,underground_no_psd,deep_tube_open,154.36727905273438,218.66685485839844,288.36627197265625,31.37407493591309,715.0
commuta_readings_today_20260810_184020.csv,6375,2026-08-10,2026-08-10T15:33:30.000+01:00,S06,Victoria,quieter,Stockwell->Euston,in_train,,,,deep_tube_open,148.76080322265625,201.4720764160156,257.0049133300781,31.6624698638916,669.0
commuta_readings_today_20260810_184020.csv,6376,2026-08-10,2026-08-10T15:33:40.000+01:00,S06,Victoria,quieter,Stockwell->Euston,in_train,,,,deep_tube_open,134.88912963867188,178.24493408203125,223.0160369873047,31.94171142578125,665.0
commuta_readings_today_20260810_184020.csv,6378,2026-08-10,2026-08-10T15:34:01.000+01:00,S06,Victoria,quieter,Stockwell->Euston,in_train,,,,deep_tube_open,119.6020965576172,158.47447204589844,198.7124938964844,31.917295455932617,666.0
commuta_readings_today_20260810_184020.csv,6379,2026-08-10,2026-08-10T15:34:10.000+01:00,S06,Victoria,quieter,Stockwell->Euston,in_train,,,,deep_tube_open,119.9520492553711,160.82858276367188,203.56146240234375,31.95697021484375,658.0
commuta_readings_today_20260810_184020.csv,6380,2026-08-10,2026-08-10T15:34:20.000+01:00,S06,Victoria,quieter,Stockwell->Euston,in_train,,,,deep_tube_open,123.2471694946289,163.6404266357422,205.52749633789065,32.025634765625,659.0
commuta_readings_today_20260810_184020.csv,6381,2026-08-10,2026-08-10T15:34:30.000+01:00,S06,Victoria,quieter,Stockwell->Euston,in_train,,,,deep_tube_open,119.64311981201172,159.6480255126953,201.30715942382812,31.9615478515625,663.0
commuta_readings_today_20260810_184020.csv,6382,2026-08-10,2026-08-10T15:34:40.000+01:00,S06,Victoria,quieter,Stockwell->Euston,in_train,,,,deep_tube_open,117.30584716796876,160.6753387451172,206.73416137695312,31.9432373046875,671.0
commuta_readings_today_20260810_184020.csv,6383,2026-08-10,2026-08-10T15:34:50.000+01:00,S06,Victoria,quieter,Stockwell->Euston,in_train,,,,deep_tube_open,116.28656005859376,161.3179168701172,209.54010009765625,31.76012802124023,681.0
commuta_readings_today_20260810_184020.csv,6384,2026-08-10,2026-08-10T15:35:00.000+01:00,S06,Victoria,quieter,Stockwell->Euston,platform,940GZZLUGPK,Green Park,underground_no_psd,deep_tube_open,118.9333724975586,162.31109619140625,208.2626495361328,31.715877532958984,687.0
commuta_readings_today_20260810_184020.csv,6385,2026-08-10,2026-08-10T15:35:10.000+01:00,S06,Victoria,quieter,Stockwell->Euston,platform,940GZZLUGPK,Green Park,underground_no_psd,deep_tube_open,148.45008850097656,199.04046630859375,251.92886352539065,31.749446868896484,694.0
commuta_readings_today_20260810_184020.csv,6386,2026-08-10,2026-08-10T15:35:20.000+01:00,S06,Victoria,quieter,Stockwell->Euston,platform,940GZZLUGPK,Green Park,underground_no_psd,deep_tube_open,153.45321655273438,204.97987365722656,258.68408203125,31.779964447021484,699.0
commuta_readings_today_20260810_184020.csv,6387,2026-08-10,2026-08-10T15:35:30.000+01:00,S06,Victoria,quieter,Stockwell->Euston,platform,940GZZLUGPK,Green Park,underground_no_psd,deep_tube_open,156.63121032714844,214.86642456054688,276.7766418457031,31.750972747802734,707.0
commuta_readings_today_20260810_184020.csv,6388,2026-08-10,2026-08-10T15:35:41.000+01:00,S06,Victoria,quieter,Stockwell->Euston,platform,940GZZLUGPK,Green Park,underground_no_psd,deep_tube_open,151.67904663085938,203.8455047607422,258.48236083984375,31.708248138427734,715.0
commuta_readings_today_20260810_184020.csv,6389,2026-08-10,2026-08-10T15:35:50.000+01:00,S06,Victoria,quieter,Stockwell->Euston,platform,940GZZLUGPK,Green Park,underground_no_psd,deep_tube_open,100.19702911376952,131.95785522460938,164.65560913085938,31.61211585998535,717.0
commuta_readings_today_20260810_184020.csv,6390,2026-08-10,2026-08-10T15:36:00.000+01:00,S06,Victoria,quieter,Stockwell->Euston,platform,940GZZLUGPK,Green Park,underground_no_psd,deep_tube_open,125.1041030883789,163.1811065673828,202.02145385742188,31.247425079345703,723.0
commuta_readings_today_20260810_184020.csv,6391,2026-08-10,2026-08-10T15:36:10.000+01:00,S06,Victoria,quieter,Stockwell->Euston,platform,940GZZLUGPK,Green Park,underground_no_psd,deep_tube_open,128.65133666992188,168.96676635742188,210.3654937744141,30.995651245117188,727.0
commuta_readings_today_20260810_184020.csv,6392,2026-08-10,2026-08-10T15:36:20.000+01:00,S06,Victoria,quieter,Stockwell->Euston,platform,940GZZLUGPK,Green Park,underground_no_psd,deep_tube_open,144.65745544433594,190.0240173339844,236.6177520751953,30.858320236206055,725.0
commuta_readings_today_20260810_184020.csv,6393,2026-08-10,2026-08-10T15:36:30.000+01:00,S06,Victoria,quieter,Stockwell->Euston,platform,940GZZLUGPK,Green Park,underground_no_psd,deep_tube_open,128.99205017089844,169.4863739013672,211.08541870117188,30.959030151367188,725.0
commuta_readings_today_20260810_184020.csv,6394,2026-08-10,2026-08-10T15:36:40.000+01:00,S06,Victoria,quieter,Stockwell->Euston,platform,940GZZLUGPK,Green Park,underground_no_psd,deep_tube_open,112.37899780273438,148.8851776123047,186.66976928710935,30.876630783081055,725.0
commuta_readings_today_20260810_184020.csv,6395,2026-08-10,2026-08-10T15:36:50.000+01:00,S06,Victoria,quieter,Stockwell->Euston,platform,940GZZLUGPK,Green Park,underground_no_psd,deep_tube_open,95.50691986083984,126.54054260253906,158.6627960205078,30.759136199951172,724.0
commuta_readings_today_20260810_184020.csv,6396,2026-08-10,2026-08-10T15:37:00.000+01:00,S06,Victoria,quieter,Stockwell->Euston,platform,940GZZLUGPK,Green Park,underground_no_psd,deep_tube_open,84.19866943359375,111.5519561767578,139.8634490966797,30.60502052307129,721.0
commuta_readings_today_20260810_184020.csv,6397,2026-08-10,2026-08-10T15:37:10.000+01:00,S06,Victoria,quieter,Stockwell->Euston,platform,940GZZLUGPK,Green Park,underground_no_psd,deep_tube_open,78.42440032958984,104.89089965820312,132.5045166015625,30.458534240722656,720.0
commuta_readings_today_20260810_184020.csv,6398,2026-08-10,2026-08-10T15:37:21.000+01:00,S06,Victoria,quieter,Stockwell->Euston,platform,940GZZLUGPK,Green Park,underground_no_psd,deep_tube_open,78.04944610595703,103.8434829711914,130.6386260986328,30.377660751342773,716.0
commuta_readings_today_20260810_184020.csv,6399,2026-08-10,2026-08-10T15:37:30.000+01:00,S06,Victoria,quieter,Stockwell->Euston,platform,940GZZLUGPK,Green Park,underground_no_psd,deep_tube_open,97.2797622680664,130.1027069091797,164.3468017578125,30.30136489868164,714.0
commuta_readings_today_20260810_184020.csv,6400,2026-08-10,2026-08-10T15:37:40.000+01:00,S06,Victoria,quieter,Stockwell->Euston,platform,940GZZLUGPK,Green Park,underground_no_psd,deep_tube_open,97.20703125,128.82566833496094,161.56069946289062,30.30899429321289,708.0
commuta_readings_today_20260810_184020.csv,6401,2026-08-10,2026-08-10T15:37:50.000+01:00,S06,Victoria,quieter,Stockwell->Euston,platform,940GZZLUGPK,Green Park,underground_no_psd,deep_tube_open,97.07804107666016,128.3280029296875,160.60874938964844,30.536354064941406,708.0
commuta_readings_today_20260810_184020.csv,6402,2026-08-10,2026-08-10T15:38:00.000+01:00,S06,Victoria,quieter,Stockwell->Euston,platform,940GZZLUGPK,Green Park,underground_no_psd,deep_tube_open,150.33277893066406,198.1486663818359,247.41226196289065,31.09025764465332,705.0
commuta_readings_today_20260810_184020.csv,6403,2026-08-10,2026-08-10T15:38:10.000+01:00,S06,Victoria,quieter,Stockwell->Euston,platform,940GZZLUGPK,Green Park,underground_no_psd,deep_tube_open,156.15451049804688,207.90431213378903,261.6939392089844,31.36186790466309,706.0
commuta_readings_today_20260810_184020.csv,6404,2026-08-10,2026-08-10T15:38:20.000+01:00,S06,Victoria,quieter,Stockwell->Euston,in_train,,,,deep_tube_open,154.7220001220703,211.0756378173828,270.7577819824219,31.424428939819336,708.0
commuta_readings_today_20260810_184020.csv,6405,2026-08-10,2026-08-10T15:38:31.000+01:00,S06,Victoria,quieter,Stockwell->Euston,in_train,,,,deep_tube_open,158.39390563964844,211.8205413818359,267.556884765625,31.694515228271484,709.0
commuta_readings_today_20260810_184020.csv,6406,2026-08-10,2026-08-10T15:38:40.000+01:00,S06,Victoria,quieter,Stockwell->Euston,in_train,,,,deep_tube_open,155.4805145263672,211.01681518554688,269.6164245605469,31.9981689453125,717.0
commuta_readings_today_20260810_184020.csv,6407,2026-08-10,2026-08-10T15:38:50.000+01:00,S06,Victoria,quieter,Stockwell->Euston,in_train,,,,deep_tube_open,152.19993591308594,208.95681762695312,269.32830810546875,32.09124755859375,732.0
commuta_readings_today_20260810_184020.csv,6408,2026-08-10,2026-08-10T15:39:00.000+01:00,S06,Victoria,quieter,Stockwell->Euston,in_train,,,,deep_tube_open,154.52886962890625,206.740234375,261.2277526855469,32.42237091064453,755.0
commuta_readings_today_20260810_184020.csv,6409,2026-08-10,2026-08-10T15:39:11.000+01:00,S06,Victoria,quieter,Stockwell->Euston,in_train,,,,deep_tube_open,154.16148376464844,205.34214782714844,258.5600891113281,32.6329460144043,802.0
commuta_readings_today_20260810_184020.csv,6410,2026-08-10,2026-08-10T15:39:20.000+01:00,S06,Victoria,quieter,Stockwell->Euston,in_train,,,,deep_tube_open,156.14527893066406,205.44577026367188,256.15618896484375,32.7306022644043,849.0
commuta_readings_today_20260810_184020.csv,6411,2026-08-10,2026-08-10T15:39:30.000+01:00,S06,Victoria,quieter,Stockwell->Euston,in_train,,,,deep_tube_open,156.2934112548828,212.47657775878903,271.83087158203125,32.94880676269531,877.0
commuta_readings_today_20260810_184020.csv,6412,2026-08-10,2026-08-10T15:39:40.000+01:00,S06,Victoria,quieter,Stockwell->Euston,in_train,,,,deep_tube_open,159.40789794921875,222.89569091796875,291.2100524902344,33.24025344848633,888.0
commuta_readings_today_20260810_184020.csv,6413,2026-08-10,2026-08-10T15:39:50.000+01:00,S06,Victoria,quieter,Stockwell->Euston,platform,940GZZLUOXC,Oxford Circus,underground_no_psd,deep_tube_open,162.3518524169922,225.09315490722656,292.25616455078125,33.492027282714844,909.0
commuta_readings_today_20260810_184020.csv,6414,2026-08-10,2026-08-10T15:40:00.000+01:00,S06,Victoria,quieter,Stockwell->Euston,platform,940GZZLUOXC,Oxford Circus,underground_no_psd,deep_tube_open,165.97921752929688,226.2300262451172,289.99932861328125,33.20210647583008,908.0
commuta_readings_today_20260810_184020.csv,6415,2026-08-10,2026-08-10T15:40:10.000+01:00,S06,Victoria,quieter,Stockwell->Euston,platform,940GZZLUOXC,Oxford Circus,underground_no_psd,deep_tube_open,166.14227294921875,226.33612060546875,290.02197265625,33.13954544067383,906.0
commuta_readings_today_20260810_184020.csv,6416,2026-08-10,2026-08-10T15:40:20.000+01:00,S06,Victoria,quieter,Stockwell->Euston,platform,940GZZLUOXC,Oxford Circus,underground_no_psd,deep_tube_open,168.241455078125,234.0509033203125,304.6463928222656,33.06172180175781,904.0
commuta_readings_today_20260810_184020.csv,6417,2026-08-10,2026-08-10T15:40:30.000+01:00,S06,Victoria,quieter,Stockwell->Euston,platform,940GZZLUOXC,Oxford Circus,underground_no_psd,deep_tube_open,168.89773559570312,233.31594848632812,302.1145935058594,32.99763488769531,903.0
commuta_readings_today_20260810_184020.csv,6418,2026-08-10,2026-08-10T15:40:40.000+01:00,S06,Victoria,quieter,Stockwell->Euston,platform,940GZZLUOXC,Oxford Circus,underground_no_psd,deep_tube_open,168.3792266845703,229.6032867431641,294.4229736328125,32.91828918457031,898.0
commuta_readings_today_20260810_184020.csv,6419,2026-08-10,2026-08-10T15:40:50.000+01:00,S06,Victoria,quieter,Stockwell->Euston,platform,940GZZLUOXC,Oxford Circus,underground_no_psd,deep_tube_open,163.10931396484375,226.85194396972656,295.2193298339844,32.8648796081543,897.0
commuta_readings_today_20260810_184020.csv,6420,2026-08-10,2026-08-10T15:41:00.000+01:00,S06,Victoria,quieter,Stockwell->Euston,platform,940GZZLUOXC,Oxford Circus,underground_no_psd,deep_tube_open,163.61032104492188,225.2894592285156,291.02593994140625,32.7275505065918,893.0
commuta_readings_today_20260810_184020.csv,6421,2026-08-10,2026-08-10T15:41:10.000+01:00,S06,Victoria,quieter,Stockwell->Euston,platform,940GZZLUOXC,Oxford Circus,underground_no_psd,deep_tube_open,178.6192169189453,244.725341796875,314.9440612792969,32.6421012878418,890.0
commuta_readings_today_20260810_184020.csv,6422,2026-08-10,2026-08-10T15:41:20.000+01:00,S06,Victoria,quieter,Stockwell->Euston,in_train,,,,deep_tube_open,181.8760528564453,252.07225036621097,327.19866943359375,32.46509552001953,882.0
commuta_readings_today_20260810_184020.csv,6423,2026-08-10,2026-08-10T15:41:30.000+01:00,S06,Victoria,quieter,Stockwell->Euston,in_train,,,,deep_tube_open,179.41624450683594,251.2049102783203,328.51153564453125,32.231632232666016,872.0
commuta_readings_today_20260810_184020.csv,6424,2026-08-10,2026-08-10T15:41:40.000+01:00,S06,Victoria,quieter,Stockwell->Euston,in_train,,,,deep_tube_open,173.64898681640625,243.8102264404297,319.4871520996094,32.150760650634766,855.0
commuta_readings_today_20260810_184020.csv,6425,2026-08-10,2026-08-10T15:41:50.000+01:00,S06,Victoria,quieter,Stockwell->Euston,in_train,,,,deep_tube_open,168.34124755859375,231.49923706054688,298.75347900390625,32.0958251953125,846.0
commuta_readings_today_20260810_184020.csv,6426,2026-08-10,2026-08-10T15:42:00.000+01:00,S06,Victoria,quieter,Stockwell->Euston,in_train,,,,deep_tube_open,166.41246032714844,231.81491088867188,302.03076171875,32.178226470947266,841.0
commuta_readings_today_20260810_184020.csv,6427,2026-08-10,2026-08-10T15:42:10.000+01:00,S06,Victoria,quieter,Stockwell->Euston,in_train,,,,deep_tube_open,164.50308227539062,226.88536071777344,293.44146728515625,32.208744049072266,841.0
commuta_readings_today_20260810_184020.csv,6428,2026-08-10,2026-08-10T15:42:20.000+01:00,S06,Victoria,quieter,Stockwell->Euston,in_train,,,,deep_tube_open,168.33370971679688,228.6226043701172,292.2696228027344,32.217899322509766,841.0
commuta_readings_today_20260810_184020.csv,6429,2026-08-10,2026-08-10T15:42:30.000+01:00,S06,Victoria,quieter,Stockwell->Euston,in_train,,,,deep_tube_open,170.85386657714844,232.09912109375,296.76666259765625,32.271305084228516,843.0
commuta_readings_today_20260810_184020.csv,6430,2026-08-10,2026-08-10T15:42:40.000+01:00,S06,Victoria,quieter,Stockwell->Euston,in_train,,,,deep_tube_open,168.49546813964844,232.44436645507812,300.6819763183594,32.216373443603516,846.0
commuta_readings_today_20260810_184020.csv,6431,2026-08-10,2026-08-10T15:42:50.000+01:00,S06,Victoria,quieter,Stockwell->Euston,platform,940GZZLUWRR,Warren Street,underground_no_psd,deep_tube_open,168.07635498046875,230.0226593017578,295.77239990234375,32.344547271728516,850.0
commuta_readings_today_20260810_184020.csv,6432,2026-08-10,2026-08-10T15:43:00.000+01:00,S06,Victoria,quieter,Stockwell->Euston,platform,940GZZLUWRR,Warren Street,underground_no_psd,deep_tube_open,201.397705078125,271.6670227050781,345.47491455078125,32.198062896728516,851.0
commuta_readings_today_20260810_184020.csv,6433,2026-08-10,2026-08-10T15:43:10.000+01:00,S06,Victoria,quieter,Stockwell->Euston,platform,940GZZLUWRR,Warren Street,underground_no_psd,deep_tube_open,208.41363525390625,279.7662353515625,354.4293212890625,32.1141357421875,849.0
commuta_readings_today_20260810_184020.csv,6434,2026-08-10,2026-08-10T15:43:20.000+01:00,S06,Victoria,quieter,Stockwell->Euston,platform,940GZZLUWRR,Warren Street,underground_no_psd,deep_tube_open,196.84326171875,266.4729309082031,339.8055725097656,32.07904052734375,850.0
commuta_readings_today_20260810_184020.csv,6435,2026-08-10,2026-08-10T15:43:30.000+01:00,S06,Victoria,quieter,Stockwell->Euston,platform,940GZZLUWRR,Warren Street,underground_no_psd,deep_tube_open,189.06195068359375,257.6838073730469,330.31134033203125,32.166019439697266,850.0
commuta_readings_today_20260810_184020.csv,6436,2026-08-10,2026-08-10T15:43:40.000+01:00,S06,Victoria,quieter,Stockwell->Euston,platform,940GZZLUWRR,Warren Street,underground_no_psd,deep_tube_open,186.06661987304688,259.1383972167969,337.57794189453125,32.219425201416016,849.0
commuta_readings_today_20260810_184020.csv,6437,2026-08-10,2026-08-10T15:43:50.000+01:00,S06,Victoria,quieter,Stockwell->Euston,platform,940GZZLUWRR,Warren Street,underground_no_psd,deep_tube_open,111.37926483154295,158.17050170898438,208.9601898193359,32.259098052978516,856.0
commuta_readings_today_20260810_184020.csv,6438,2026-08-10,2026-08-10T15:44:00.000+01:00,S06,Victoria,quieter,Stockwell->Euston,platform,940GZZLUWRR,Warren Street,underground_no_psd,deep_tube_open,146.63504028320312,204.9313812255859,267.6407165527344,32.201114654541016,855.0
commuta_readings_today_20260810_184020.csv,6439,2026-08-10,2026-08-10T15:44:10.000+01:00,S06,Victoria,quieter,Stockwell->Euston,platform,940GZZLUWRR,Warren Street,underground_no_psd,deep_tube_open,160.57644653320312,226.32662963867188,297.40142822265625,32.08514404296875,853.0
commuta_readings_today_20260810_184020.csv,6440,2026-08-10,2026-08-10T15:44:20.000+01:00,S06,Victoria,quieter,Stockwell->Euston,in_train,,,,deep_tube_open,170.08473205566406,234.9832000732422,304.29998779296875,31.874570846557617,848.0
commuta_readings_today_20260810_184020.csv,6441,2026-08-10,2026-08-10T15:44:30.000+01:00,S06,Victoria,quieter,Stockwell->Euston,in_train,,,,deep_tube_open,176.13748168945312,239.1048126220703,305.5560302734375,31.810482025146484,841.0
commuta_readings_today_20260810_184020.csv,6442,2026-08-10,2026-08-10T15:44:40.000+01:00,S06,Victoria,quieter,Stockwell->Euston,in_train,,,,deep_tube_open,181.2159881591797,244.08694458007812,310.04998779296875,31.880674362182617,837.0
commuta_readings_today_20260810_184020.csv,6443,2026-08-10,2026-08-10T15:44:50.000+01:00,S06,Victoria,quieter,Stockwell->Euston,in_train,,,,deep_tube_open,182.5975799560547,243.7074279785156,307.3560791015625,31.96002197265625,838.0
commuta_readings_today_20260810_184020.csv,6444,2026-08-10,2026-08-10T15:45:00.000+01:00,S06,Victoria,quieter,Stockwell->Euston,in_train,,,,deep_tube_open,173.53770446777344,232.92340087890625,295.0587158203125,31.93865966796875,839.0
commuta_readings_today_20260810_184020.csv,6445,2026-08-10,2026-08-10T15:45:10.000+01:00,S06,Victoria,quieter,Stockwell->Euston,in_train,,,,deep_tube_open,170.38214111328125,235.5305328369141,305.14013671875,31.9554443359375,843.0
commuta_readings_today_20260810_184020.csv,6446,2026-08-10,2026-08-10T15:45:20.000+01:00,S06,Victoria,quieter,Stockwell->Euston,in_train,,,,deep_tube_open,167.56756591796875,234.66302490234375,306.92425537109375,31.847105026245117,846.0
commuta_readings_today_20260810_184020.csv,6447,2026-08-10,2026-08-10T15:45:30.000+01:00,S06,Victoria,quieter,Stockwell->Euston,in_train,,,,deep_tube_open,166.14231872558594,227.8503875732422,293.4403381347656,31.775386810302734,848.0
commuta_readings_today_20260810_184020.csv,6448,2026-08-10,2026-08-10T15:45:40.000+01:00,S06,Victoria,quieter,Stockwell->Euston,platform,940GZZLUEUS,Euston,underground_no_psd,deep_tube_open,167.14059448242188,224.73301696777344,285.07562255859375,31.697566986083984,847.0
commuta_readings_today_20260810_184020.csv,6449,2026-08-10,2026-08-10T15:45:50.000+01:00,S06,Victoria,quieter,Stockwell->Euston,platform,940GZZLUEUS,Euston,underground_no_psd,deep_tube_open,161.28050231933594,225.35186767578125,294.2648010253906,31.14671516418457,846.0
commuta_readings_today_20260810_184020.csv,6450,2026-08-10,2026-08-10T15:46:00.000+01:00,S06,Victoria,quieter,Stockwell->Euston,platform,940GZZLUEUS,Euston,underground_no_psd,deep_tube_open,156.49063110351562,222.2383575439453,293.60528564453125,30.821699142456055,835.0
commuta_readings_today_20260810_184020.csv,6451,2026-08-10,2026-08-10T15:46:10.000+01:00,S06,Victoria,quieter,Stockwell->Euston,platform,940GZZLUEUS,Euston,underground_no_psd,deep_tube_open,151.08709716796875,210.8972930908203,275.1885681152344,30.72709274291992,830.0
commuta_readings_today_20260810_184020.csv,6452,2026-08-10,2026-08-10T15:46:20.000+01:00,S06,Victoria,quieter,Stockwell->Euston,platform,940GZZLUEUS,Euston,underground_no_psd,deep_tube_open,113.35326385498048,157.77243041992188,205.43679809570312,30.859846115112305,827.0
commuta_readings_today_20260810_184020.csv,6453,2026-08-10,2026-08-10T15:46:30.000+01:00,S06,Victoria,quieter,Stockwell->Euston,platform,940GZZLUEUS,Euston,underground_no_psd,deep_tube_open,99.11579132080078,138.14768981933594,180.0665283203125,30.795757293701172,822.0
commuta_readings_today_20260810_184020.csv,6454,2026-08-10,2026-08-10T15:46:40.000+01:00,S06,Victoria,quieter,Stockwell->Euston,platform,940GZZLUEUS,Euston,underground_no_psd,deep_tube_open,123.09374237060548,172.2130126953125,225.0836639404297,30.63096046447754,815.0
commuta_readings_today_20260810_184020.csv,6455,2026-08-10,2026-08-10T15:46:50.000+01:00,S06,Victoria,quieter,Stockwell->Euston,platform,940GZZLUEUS,Euston,underground_no_psd,deep_tube_open,164.20521545410156,225.5298309326172,290.77752685546875,30.486000061035156,810.0
commuta_readings_today_20260810_184020.csv,6460,2026-08-10,2026-08-10T16:15:28.000+01:00,S07,Northern,busier,Euston->Kennington,platform,940GZZLUEUS,Euston,underground_no_psd,deep_tube_open,130.09120178222656,192.8501434326172,262.3663635253906,37.587547302246094,870.0
commuta_readings_today_20260810_184020.csv,6461,2026-08-10,2026-08-10T16:15:38.000+01:00,S07,Northern,busier,Euston->Kennington,platform,940GZZLUEUS,Euston,underground_no_psd,deep_tube_open,131.57012939453125,187.92237854003903,249.275634765625,37.926300048828125,864.0
commuta_readings_today_20260810_184020.csv,6462,2026-08-10,2026-08-10T16:15:48.000+01:00,S07,Northern,busier,Euston->Kennington,platform,940GZZLUEUS,Euston,underground_no_psd,deep_tube_open,134.95388793945312,190.07032775878903,249.62513732910156,38.14297866821289,863.0
commuta_readings_today_20260810_184020.csv,6463,2026-08-10,2026-08-10T16:15:58.000+01:00,S07,Northern,busier,Euston->Kennington,platform,940GZZLUEUS,Euston,underground_no_psd,deep_tube_open,131.2747039794922,189.0926055908203,252.31016540527344,38.24979019165039,858.0
commuta_readings_today_20260810_184020.csv,6464,2026-08-10,2026-08-10T16:16:08.000+01:00,S07,Northern,busier,Euston->Kennington,platform,940GZZLUEUS,Euston,underground_no_psd,deep_tube_open,133.32923889160156,197.56817626953125,268.7114562988281,38.65873336791992,860.0
commuta_readings_today_20260810_184020.csv,6465,2026-08-10,2026-08-10T16:16:18.000+01:00,S07,Northern,busier,Euston->Kennington,platform,940GZZLUEUS,Euston,underground_no_psd,deep_tube_open,140.69485473632812,206.4823455810547,279.0406494140625,38.80674362182617,865.0
commuta_readings_today_20260810_184020.csv,6466,2026-08-10,2026-08-10T16:16:28.000+01:00,S07,Northern,busier,Euston->Kennington,platform,940GZZLUEUS,Euston,underground_no_psd,deep_tube_open,143.48643493652344,215.39549255371097,295.4496154785156,38.88914489746094,869.0
commuta_readings_today_20260810_184020.csv,6467,2026-08-10,2026-08-10T16:16:38.000+01:00,S07,Northern,busier,Euston->Kennington,platform,940GZZLUEUS,Euston,underground_no_psd,deep_tube_open,149.75042724609375,227.03892517089844,313.40478515625,38.85251998901367,870.0
commuta_readings_today_20260810_184020.csv,6468,2026-08-10,2026-08-10T16:16:48.000+01:00,S07,Northern,busier,Euston->Kennington,platform,940GZZLUEUS,Euston,underground_no_psd,deep_tube_open,155.93772888183594,230.1221466064453,312.1376647949219,38.82810592651367,874.0
commuta_readings_today_20260810_184020.csv,6469,2026-08-10,2026-08-10T16:16:58.000+01:00,S07,Northern,busier,Euston->Kennington,platform,940GZZLUEUS,Euston,underground_no_psd,deep_tube_open,155.8018798828125,228.8267822265625,309.3941345214844,38.72434616088867,874.0
commuta_readings_today_20260810_184020.csv,6470,2026-08-10,2026-08-10T16:17:08.000+01:00,S07,Northern,busier,Euston->Kennington,platform,940GZZLUEUS,Euston,underground_no_psd,deep_tube_open,152.63011169433594,229.52554321289065,315.1890563964844,38.66483688354492,873.0
commuta_readings_today_20260810_184020.csv,6471,2026-08-10,2026-08-10T16:17:18.000+01:00,S07,Northern,busier,Euston->Kennington,platform,940GZZLUEUS,Euston,underground_no_psd,deep_tube_open,144.97666931152344,216.0223388671875,294.8830871582031,38.57633209228515,874.0
commuta_readings_today_20260810_184020.csv,6472,2026-08-10,2026-08-10T16:17:28.000+01:00,S07,Northern,busier,Euston->Kennington,platform,940GZZLUEUS,Euston,underground_no_psd,deep_tube_open,136.94480895996094,203.1310577392578,276.461669921875,38.34744644165039,873.0
commuta_readings_today_20260810_184020.csv,6473,2026-08-10,2026-08-10T16:17:38.000+01:00,S07,Northern,busier,Euston->Kennington,platform,940GZZLUEUS,Euston,underground_no_psd,deep_tube_open,134.64947509765625,195.31765747070312,261.87548828125,38.22537612915039,871.0
commuta_readings_today_20260810_184020.csv,6474,2026-08-10,2026-08-10T16:17:48.000+01:00,S07,Northern,busier,Euston->Kennington,platform,940GZZLUEUS,Euston,underground_no_psd,deep_tube_open,130.68353271484375,189.8576507568359,254.82330322265625,38.031585693359375,861.0
commuta_readings_today_20260810_184020.csv,6475,2026-08-10,2026-08-10T16:17:58.000+01:00,S07,Northern,busier,Euston->Kennington,in_train,,,,deep_tube_open,129.23731994628906,189.7138214111328,256.42169189453125,37.897308349609375,852.0
commuta_readings_today_20260810_184020.csv,6476,2026-08-10,2026-08-10T16:18:08.000+01:00,S07,Northern,busier,Euston->Kennington,in_train,,,,deep_tube_open,130.1339111328125,187.389404296875,249.9822235107422,37.78744125366211,849.0
commuta_readings_today_20260810_184020.csv,6477,2026-08-10,2026-08-10T16:18:18.000+01:00,S07,Northern,busier,Euston->Kennington,in_train,,,,deep_tube_open,127.3761749267578,186.69671630859375,252.0854949951172,37.84542465209961,847.0
commuta_readings_today_20260810_184020.csv,6478,2026-08-10,2026-08-10T16:18:28.000+01:00,S07,Northern,busier,Euston->Kennington,in_train,,,,deep_tube_open,126.0907745361328,182.48789978027344,244.29351806640625,37.74013900756836,847.0
commuta_readings_today_20260810_184020.csv,6479,2026-08-10,2026-08-10T16:18:38.000+01:00,S07,Northern,busier,Euston->Kennington,in_train,,,,deep_tube_open,127.51179504394533,182.01861572265625,241.3446044921875,37.77370834350586,839.0
commuta_readings_today_20260810_184020.csv,6480,2026-08-10,2026-08-10T16:18:48.000+01:00,S07,Northern,busier,Euston->Kennington,in_train,,,,deep_tube_open,129.13311767578125,185.1322326660156,246.217529296875,37.72640609741211,839.0
commuta_readings_today_20260810_184020.csv,6481,2026-08-10,2026-08-10T16:18:58.000+01:00,S07,Northern,busier,Euston->Kennington,in_train,,,,deep_tube_open,129.637939453125,187.7687530517578,251.49807739257812,37.576866149902344,829.0
commuta_readings_today_20260810_184020.csv,6482,2026-08-10,2026-08-10T16:19:08.000+01:00,S07,Northern,busier,Euston->Kennington,in_train,,,,deep_tube_open,132.25482177734375,189.39356994628903,251.6863250732422,37.546348571777344,829.0
commuta_readings_today_20260810_184020.csv,6483,2026-08-10,2026-08-10T16:19:18.000+01:00,S07,Northern,busier,Euston->Kennington,in_train,,,,deep_tube_open,131.34402465820312,188.8953094482422,251.77264404296875,37.502098083496094,832.0
commuta_readings_today_20260810_184020.csv,6484,2026-08-10,2026-08-10T16:19:28.000+01:00,S07,Northern,busier,Euston->Kennington,platform,940GZZLUWRR,Warren Street,underground_no_psd,deep_tube_open,140.3677215576172,201.498779296875,268.2254943847656,37.552452087402344,841.0
commuta_readings_today_20260810_184020.csv,6485,2026-08-10,2026-08-10T16:19:38.000+01:00,S07,Northern,busier,Euston->Kennington,platform,940GZZLUWRR,Warren Street,underground_no_psd,deep_tube_open,152.62344360351562,224.38015747070312,303.58251953125,37.56160736083984,843.0
commuta_readings_today_20260810_184020.csv,6486,2026-08-10,2026-08-10T16:19:48.000+01:00,S07,Northern,busier,Euston->Kennington,platform,940GZZLUWRR,Warren Street,underground_no_psd,deep_tube_open,155.0825958251953,226.93016052246097,306.0690612792969,37.572288513183594,846.0
commuta_readings_today_20260810_184020.csv,6487,2026-08-10,2026-08-10T16:19:58.000+01:00,S07,Northern,busier,Euston->Kennington,platform,940GZZLUWRR,Warren Street,underground_no_psd,deep_tube_open,154.97152709960938,225.1017608642578,302.0892333984375,37.587547302246094,846.0
commuta_readings_today_20260810_184020.csv,6488,2026-08-10,2026-08-10T16:20:08.000+01:00,S07,Northern,busier,Euston->Kennington,platform,940GZZLUWRR,Warren Street,underground_no_psd,deep_tube_open,168.0030059814453,245.9010772705078,331.7145690917969,37.62264251708984,846.0
commuta_readings_today_20260810_184020.csv,6489,2026-08-10,2026-08-10T16:20:18.000+01:00,S07,Northern,busier,Euston->Kennington,platform,940GZZLUWRR,Warren Street,underground_no_psd,deep_tube_open,175.46971130371094,262.5431823730469,359.35479736328125,37.459373474121094,850.0
commuta_readings_today_20260810_184020.csv,6490,2026-08-10,2026-08-10T16:20:28.000+01:00,S07,Northern,busier,Euston->Kennington,platform,940GZZLUWRR,Warren Street,underground_no_psd,deep_tube_open,177.82595825195312,260.52423095703125,351.6639709472656,37.416648864746094,850.0
commuta_readings_today_20260810_184020.csv,6491,2026-08-10,2026-08-10T16:20:38.000+01:00,S07,Northern,busier,Euston->Kennington,platform,940GZZLUWRR,Warren Street,underground_no_psd,deep_tube_open,177.24371337890625,257.1429443359375,344.8051452636719,37.28236770629883,851.0
commuta_readings_today_20260810_184020.csv,6492,2026-08-10,2026-08-10T16:20:48.000+01:00,S07,Northern,busier,Euston->Kennington,platform,940GZZLUWRR,Warren Street,underground_no_psd,deep_tube_open,171.00120544433594,247.7829742431641,331.9761962890625,37.19539260864258,852.0
commuta_readings_today_20260810_184020.csv,6493,2026-08-10,2026-08-10T16:20:58.000+01:00,S07,Northern,busier,Euston->Kennington,platform,940GZZLUWRR,Warren Street,underground_no_psd,deep_tube_open,167.6921844482422,241.8050842285156,322.88140869140625,37.25947952270508,853.0
commuta_readings_today_20260810_184020.csv,6494,2026-08-10,2026-08-10T16:21:08.000+01:00,S07,Northern,busier,Euston->Kennington,platform,940GZZLUWRR,Warren Street,underground_no_psd,deep_tube_open,165.61154174804688,234.6722869873047,309.546142578125,37.16945266723633,855.0
commuta_readings_today_20260810_184020.csv,6495,2026-08-10,2026-08-10T16:21:18.000+01:00,S07,Northern,busier,Euston->Kennington,platform,940GZZLUWRR,Warren Street,underground_no_psd,deep_tube_open,162.15243530273438,225.45225524902344,293.3320007324219,37.06874084472656,856.0
commuta_readings_today_20260810_184020.csv,6496,2026-08-10,2026-08-10T16:21:28.000+01:00,S07,Northern,busier,Euston->Kennington,platform,940GZZLUWRR,Warren Street,underground_no_psd,deep_tube_open,160.6082000732422,224.73019409179688,293.75537109375,36.98481750488281,856.0
commuta_readings_today_20260810_184020.csv,6497,2026-08-10,2026-08-10T16:21:38.000+01:00,S07,Northern,busier,Euston->Kennington,platform,940GZZLUWRR,Warren Street,underground_no_psd,deep_tube_open,160.1454620361328,227.651123046875,300.9644775390625,36.87800598144531,856.0
commuta_readings_today_20260810_184020.csv,6498,2026-08-10,2026-08-10T16:21:48.000+01:00,S07,Northern,busier,Euston->Kennington,platform,940GZZLUWRR,Warren Street,underground_no_psd,deep_tube_open,161.50929260253906,224.12820434570312,291.1982116699219,36.78339767456055,856.0
commuta_readings_today_20260810_184020.csv,6499,2026-08-10,2026-08-10T16:21:58.000+01:00,S07,Northern,busier,Euston->Kennington,platform,940GZZLUWRR,Warren Street,underground_no_psd,deep_tube_open,152.99681091308594,216.29611206054688,284.83673095703125,36.7879753112793,855.0
commuta_readings_today_20260810_184020.csv,6500,2026-08-10,2026-08-10T16:22:08.000+01:00,S07,Northern,busier,Euston->Kennington,platform,940GZZLUWRR,Warren Street,underground_no_psd,deep_tube_open,147.8099365234375,218.86436462402344,297.5314025878906,36.91767883300781,856.0
commuta_readings_today_20260810_184020.csv,6501,2026-08-10,2026-08-10T16:22:18.000+01:00,S07,Northern,busier,Euston->Kennington,platform,940GZZLUWRR,Warren Street,underground_no_psd,deep_tube_open,145.16448974609375,216.30816650390625,295.2785339355469,36.74677658081055,855.0
commuta_readings_today_20260810_184020.csv,6502,2026-08-10,2026-08-10T16:22:28.000+01:00,S07,Northern,busier,Euston->Kennington,in_train,,,,deep_tube_open,145.6547393798828,214.71450805664065,291.02911376953125,36.52704620361328,855.0
commuta_readings_today_20260810_184020.csv,6503,2026-08-10,2026-08-10T16:22:38.000+01:00,S07,Northern,busier,Euston->Kennington,in_train,,,,deep_tube_open,152.92306518554688,221.6451873779297,297.01007080078125,36.56061553955078,856.0
commuta_readings_today_20260810_184020.csv,6504,2026-08-10,2026-08-10T16:22:48.000+01:00,S07,Northern,busier,Euston->Kennington,in_train,,,,deep_tube_open,155.73281860351562,226.30772399902344,303.7994079589844,36.58808135986328,860.0
commuta_readings_today_20260810_184020.csv,6505,2026-08-10,2026-08-10T16:22:58.000+01:00,S07,Northern,busier,Euston->Kennington,in_train,,,,deep_tube_open,159.24168395996094,229.26869201660156,305.8178405761719,36.6536979675293,872.0
commuta_readings_today_20260810_184020.csv,6506,2026-08-10,2026-08-10T16:23:08.000+01:00,S07,Northern,busier,Euston->Kennington,in_train,,,,deep_tube_open,158.7689666748047,231.8540802001953,312.28277587890625,36.6628532409668,875.0
commuta_readings_today_20260810_184020.csv,6507,2026-08-10,2026-08-10T16:23:18.000+01:00,S07,Northern,busier,Euston->Kennington,in_train,,,,deep_tube_open,157.69552612304688,229.2624664306641,307.85968017578125,36.8123893737793,905.0
commuta_readings_today_20260810_184020.csv,6508,2026-08-10,2026-08-10T16:23:28.000+01:00,S07,Northern,busier,Euston->Kennington,in_train,,,,deep_tube_open,166.46484375,240.19796752929688,320.88543701171875,37.00312805175781,922.0
commuta_readings_today_20260810_184020.csv,6509,2026-08-10,2026-08-10T16:23:38.000+01:00,S07,Northern,busier,Euston->Kennington,platform,940GZZLUGDG,Goodge Street,underground_no_psd,deep_tube_open,180.73834228515625,257.3686828613281,340.66790771484375,37.12062072753906,935.0
commuta_readings_today_20260810_184020.csv,6510,2026-08-10,2026-08-10T16:23:48.000+01:00,S07,Northern,busier,Euston->Kennington,platform,940GZZLUGDG,Goodge Street,underground_no_psd,deep_tube_open,173.21823120117188,251.72938537597656,337.9369812011719,37.08552551269531,942.0
commuta_readings_today_20260810_184020.csv,6511,2026-08-10,2026-08-10T16:23:58.000+01:00,S07,Northern,busier,Euston->Kennington,platform,940GZZLUGDG,Goodge Street,underground_no_psd,deep_tube_open,166.17755126953125,242.4954833984375,326.4539794921875,36.97108459472656,953.0
commuta_readings_today_20260810_184020.csv,6512,2026-08-10,2026-08-10T16:24:08.000+01:00,S07,Northern,busier,Euston->Kennington,platform,940GZZLUGDG,Goodge Street,underground_no_psd,deep_tube_open,167.72491455078125,242.7101898193359,324.881103515625,36.83222579956055,953.0
commuta_readings_today_20260810_184020.csv,6513,2026-08-10,2026-08-10T16:24:18.000+01:00,S07,Northern,busier,Euston->Kennington,platform,940GZZLUGDG,Goodge Street,underground_no_psd,deep_tube_open,171.34017944335938,246.15223693847656,327.8441467285156,36.6659049987793,953.0
commuta_readings_today_20260810_184020.csv,6514,2026-08-10,2026-08-10T16:24:28.000+01:00,S07,Northern,busier,Euston->Kennington,platform,940GZZLUGDG,Goodge Street,underground_no_psd,deep_tube_open,170.158447265625,240.36085510253903,316.3417663574219,36.67963790893555,952.0
commuta_readings_today_20260810_184020.csv,6515,2026-08-10,2026-08-10T16:24:38.000+01:00,S07,Northern,busier,Euston->Kennington,platform,940GZZLUGDG,Goodge Street,underground_no_psd,deep_tube_open,164.72793579101562,231.9632568359375,304.6056213378906,36.217288970947266,950.0
commuta_readings_today_20260810_184020.csv,6516,2026-08-10,2026-08-10T16:24:48.000+01:00,S07,Northern,busier,Euston->Kennington,platform,940GZZLUGDG,Goodge Street,underground_no_psd,deep_tube_open,214.39816284179688,292.15350341796875,374.435302734375,36.04486083984375,944.0
commuta_readings_today_20260810_184020.csv,6517,2026-08-10,2026-08-10T16:24:58.000+01:00,S07,Northern,busier,Euston->Kennington,platform,940GZZLUGDG,Goodge Street,underground_no_psd,deep_tube_open,218.32598876953125,303.1846008300781,394.1145324707031,35.967041015625,934.0
commuta_readings_today_20260810_184020.csv,6518,2026-08-10,2026-08-10T16:25:08.000+01:00,S07,Northern,busier,Euston->Kennington,platform,940GZZLUGDG,Goodge Street,underground_no_psd,deep_tube_open,214.42640686035156,306.2151794433594,406.1410827636719,35.88311767578125,932.0
commuta_readings_today_20260810_184020.csv,6519,2026-08-10,2026-08-10T16:25:18.000+01:00,S07,Northern,busier,Euston->Kennington,platform,940GZZLUGDG,Goodge Street,underground_no_psd,deep_tube_open,211.01547241210935,306.2784423828125,410.8195190429687,35.761043548583984,931.0
commuta_readings_today_20260810_184020.csv,6520,2026-08-10,2026-08-10T16:25:28.000+01:00,S07,Northern,busier,Euston->Kennington,platform,940GZZLUGDG,Goodge Street,underground_no_psd,deep_tube_open,213.8064117431641,302.69891357421875,399.02777099609375,35.652706146240234,927.0
commuta_readings_today_20260810_184020.csv,6521,2026-08-10,2026-08-10T16:25:38.000+01:00,S07,Northern,busier,Euston->Kennington,platform,940GZZLUGDG,Goodge Street,underground_no_psd,deep_tube_open,207.1527404785156,294.01873779296875,388.28021240234375,35.62371063232422,925.0
commuta_readings_today_20260810_184020.csv,6522,2026-08-10,2026-08-10T16:25:48.000+01:00,S07,Northern,busier,Euston->Kennington,platform,940GZZLUGDG,Goodge Street,underground_no_psd,deep_tube_open,197.9611358642578,281.687255859375,372.66455078125,35.58708953857422,921.0
commuta_readings_today_20260810_184020.csv,6523,2026-08-10,2026-08-10T16:25:58.000+01:00,S07,Northern,busier,Euston->Kennington,platform,940GZZLUGDG,Goodge Street,underground_no_psd,deep_tube_open,196.68055725097656,278.4832763671875,367.1345825195313,35.56725311279297,918.0
commuta_readings_today_20260810_184020.csv,6524,2026-08-10,2026-08-10T16:26:08.000+01:00,S07,Northern,busier,Euston->Kennington,platform,940GZZLUGDG,Goodge Street,underground_no_psd,deep_tube_open,200.8064117431641,283.4890441894531,372.9486083984375,35.655757904052734,912.0
commuta_readings_today_20260810_184020.csv,6525,2026-08-10,2026-08-10T16:26:18.000+01:00,S07,Northern,busier,Euston->Kennington,platform,940GZZLUGDG,Goodge Street,underground_no_psd,deep_tube_open,195.1249237060547,286.9873046875,388.4004211425781,35.61608123779297,914.0
commuta_readings_today_20260810_184020.csv,6526,2026-08-10,2026-08-10T16:26:28.000+01:00,S07,Northern,busier,Euston->Kennington,platform,940GZZLUGDG,Goodge Street,underground_no_psd,deep_tube_open,191.4162139892578,284.4199523925781,387.5363159179687,35.638973236083984,916.0
commuta_readings_today_20260810_184020.csv,6527,2026-08-10,2026-08-10T16:26:38.000+01:00,S07,Northern,busier,Euston->Kennington,platform,940GZZLUGDG,Goodge Street,underground_no_psd,deep_tube_open,188.82972717285156,279.0845642089844,378.9311828613281,35.62371063232422,920.0
commuta_readings_today_20260810_184020.csv,6528,2026-08-10,2026-08-10T16:26:48.000+01:00,S07,Northern,busier,Euston->Kennington,platform,940GZZLUGDG,Goodge Street,underground_no_psd,deep_tube_open,183.7081298828125,265.3633728027344,354.7665100097656,35.50011444091797,919.0
commuta_readings_today_20260810_184020.csv,6529,2026-08-10,2026-08-10T16:26:58.000+01:00,S07,Northern,busier,Euston->Kennington,platform,940GZZLUGDG,Goodge Street,underground_no_psd,deep_tube_open,176.86549377441406,252.11578369140625,333.95953369140625,35.49248504638672,919.0
commuta_readings_today_20260810_184020.csv,6530,2026-08-10,2026-08-10T16:27:08.000+01:00,S07,Northern,busier,Euston->Kennington,platform,940GZZLUGDG,Goodge Street,underground_no_psd,deep_tube_open,173.54359436035156,244.7753448486328,321.8059997558594,35.38872528076172,919.0
commuta_readings_today_20260810_184020.csv,6531,2026-08-10,2026-08-10T16:27:18.000+01:00,S07,Northern,busier,Euston->Kennington,platform,940GZZLUGDG,Goodge Street,underground_no_psd,deep_tube_open,168.60487365722656,244.0737762451172,326.78924560546875,35.37346267700195,920.0
commuta_readings_today_20260810_184020.csv,6532,2026-08-10,2026-08-10T16:27:28.000+01:00,S07,Northern,busier,Euston->Kennington,platform,940GZZLUGDG,Goodge Street,underground_no_psd,deep_tube_open,167.4762725830078,237.1661071777344,312.6962585449219,35.30327224731445,921.0
commuta_readings_today_20260810_184020.csv,6533,2026-08-10,2026-08-10T16:27:38.000+01:00,S07,Northern,busier,Euston->Kennington,platform,940GZZLUGDG,Goodge Street,underground_no_psd,deep_tube_open,164.44476318359375,233.5819854736328,308.6362609863281,35.2315559387207,920.0
commuta_readings_today_20260810_184020.csv,6534,2026-08-10,2026-08-10T16:27:48.000+01:00,S07,Northern,busier,Euston->Kennington,platform,940GZZLUGDG,Goodge Street,underground_no_psd,deep_tube_open,161.0278778076172,234.4955139160156,315.24200439453125,35.1613655090332,920.0
commuta_readings_today_20260810_184020.csv,6535,2026-08-10,2026-08-10T16:27:58.000+01:00,S07,Northern,busier,Euston->Kennington,platform,940GZZLUGDG,Goodge Street,underground_no_psd,deep_tube_open,159.9151611328125,236.7313232421875,321.76873779296875,35.00877380371094,919.0
commuta_readings_today_20260810_184020.csv,6536,2026-08-10,2026-08-10T16:28:08.000+01:00,S07,Northern,busier,Euston->Kennington,in_train,,,,deep_tube_open,169.20077514648438,244.28253173828125,326.4681396484375,34.82871627807617,915.0
commuta_readings_today_20260810_184020.csv,6537,2026-08-10,2026-08-10T16:28:18.000+01:00,S07,Northern,busier,Euston->Kennington,in_train,,,,deep_tube_open,172.7779998779297,248.96853637695312,332.2898864746094,35.04234313964844,917.0
commuta_readings_today_20260810_184020.csv,6538,2026-08-10,2026-08-10T16:28:28.000+01:00,S07,Northern,busier,Euston->Kennington,in_train,,,,deep_tube_open,178.8867645263672,251.1746826171875,329.1473083496094,35.2132453918457,919.0
commuta_readings_today_20260810_184020.csv,6539,2026-08-10,2026-08-10T16:28:38.000+01:00,S07,Northern,busier,Euston->Kennington,in_train,,,,deep_tube_open,183.91842651367188,254.97618103027344,331.0384216308594,35.43755340576172,920.0
commuta_readings_today_20260810_184020.csv,6540,2026-08-10,2026-08-10T16:28:48.000+01:00,S07,Northern,busier,Euston->Kennington,in_train,,,,deep_tube_open,186.6257171630859,258.40496826171875,335.17877197265625,35.675594329833984,929.0
commuta_readings_today_20260810_184020.csv,6541,2026-08-10,2026-08-10T16:28:58.000+01:00,S07,Northern,busier,Euston->Kennington,in_train,,,,deep_tube_open,189.8451690673828,257.93341064453125,329.8334655761719,35.8785400390625,960.0
commuta_readings_today_20260810_184020.csv,6542,2026-08-10,2026-08-10T16:29:08.000+01:00,S07,Northern,busier,Euston->Kennington,in_train,,,,deep_tube_open,191.63504028320312,259.8972473144531,331.88665771484375,36.0494384765625,995.0
commuta_readings_today_20260810_184020.csv,6543,2026-08-10,2026-08-10T16:29:18.000+01:00,S07,Northern,busier,Euston->Kennington,platform,940GZZLUTCR,Tottenham Court Road,underground_no_psd,deep_tube_open,190.2160491943359,256.6899719238281,326.5332336425781,36.195926666259766,1013.0
commuta_readings_today_20260810_184020.csv,6544,2026-08-10,2026-08-10T16:29:28.000+01:00,S07,Northern,busier,Euston->Kennington,platform,940GZZLUTCR,Tottenham Court Road,underground_no_psd,deep_tube_open,167.11245727539062,224.29212951660156,284.11773681640625,36.08758544921875,1029.0
commuta_readings_today_20260810_184020.csv,6545,2026-08-10,2026-08-10T16:29:38.000+01:00,S07,Northern,busier,Euston->Kennington,platform,940GZZLUTCR,Tottenham Court Road,underground_no_psd,deep_tube_open,153.66310119628906,208.0552520751953,265.3475036621094,36.01129150390625,1036.0
commuta_readings_today_20260810_184020.csv,6546,2026-08-10,2026-08-10T16:29:48.000+01:00,S07,Northern,busier,Euston->Kennington,platform,940GZZLUTCR,Tottenham Court Road,underground_no_psd,deep_tube_open,146.72682189941406,205.0344696044922,267.75140380859375,36.06317138671875,1042.0
commuta_readings_today_20260810_184020.csv,6547,2026-08-10,2026-08-10T16:29:58.000+01:00,S07,Northern,busier,Euston->Kennington,platform,940GZZLUTCR,Tottenham Court Road,underground_no_psd,deep_tube_open,152.74269104003906,206.08950805664065,262.1337890625,35.96551513671875,1049.0
commuta_readings_today_20260810_184020.csv,6548,2026-08-10,2026-08-10T16:30:08.000+01:00,S07,Northern,busier,Euston->Kennington,platform,940GZZLUTCR,Tottenham Court Road,underground_no_psd,deep_tube_open,165.49790954589844,221.1039581298828,279.0674743652344,35.852596282958984,1049.0
commuta_readings_today_20260810_184020.csv,6549,2026-08-10,2026-08-10T16:30:18.000+01:00,S07,Northern,busier,Euston->Kennington,platform,940GZZLUTCR,Tottenham Court Road,underground_no_psd,deep_tube_open,179.10662841796875,244.2478790283203,313.21807861328125,35.860225677490234,1055.0
commuta_readings_today_20260810_184020.csv,6550,2026-08-10,2026-08-10T16:30:28.000+01:00,S07,Northern,busier,Euston->Kennington,platform,940GZZLUTCR,Tottenham Court Road,underground_no_psd,deep_tube_open,179.09510803222656,238.6590881347656,300.6170349121094,35.805294036865234,1060.0
commuta_readings_today_20260810_184020.csv,6551,2026-08-10,2026-08-10T16:30:38.000+01:00,S07,Northern,busier,Euston->Kennington,platform,940GZZLUTCR,Tottenham Court Road,underground_no_psd,deep_tube_open,163.56973266601562,220.95260620117188,281.28973388671875,35.62218475341797,1061.0
commuta_readings_today_20260810_184020.csv,6552,2026-08-10,2026-08-10T16:30:48.000+01:00,S07,Northern,busier,Euston->Kennington,platform,940GZZLUTCR,Tottenham Court Road,underground_no_psd,deep_tube_open,148.80215454101562,203.80197143554688,262.20953369140625,35.40245819091797,1062.0
commuta_readings_today_20260810_184020.csv,6553,2026-08-10,2026-08-10T16:30:58.000+01:00,S07,Northern,busier,Euston->Kennington,platform,940GZZLUTCR,Tottenham Court Road,underground_no_psd,deep_tube_open,143.3498077392578,204.0348968505859,269.9853210449219,35.26970291137695,1062.0
commuta_readings_today_20260810_184020.csv,6554,2026-08-10,2026-08-10T16:31:08.000+01:00,S07,Northern,busier,Euston->Kennington,platform,940GZZLUTCR,Tottenham Court Road,underground_no_psd,deep_tube_open,145.27516174316406,205.1891937255859,270.0309753417969,35.09574890136719,1063.0
commuta_readings_today_20260810_184020.csv,6555,2026-08-10,2026-08-10T16:31:18.000+01:00,S07,Northern,busier,Euston->Kennington,platform,940GZZLUTCR,Tottenham Court Road,underground_no_psd,deep_tube_open,150.80140686035156,207.64324951171875,268.22259521484375,35.02250671386719,1063.0
commuta_readings_today_20260810_184020.csv,6556,2026-08-10,2026-08-10T16:31:29.000+01:00,S07,Northern,busier,Euston->Kennington,platform,940GZZLUTCR,Tottenham Court Road,underground_no_psd,deep_tube_open,176.1630859375,241.69764709472656,311.3750915527344,35.03013610839844,1062.0
commuta_readings_today_20260810_184020.csv,6557,2026-08-10,2026-08-10T16:31:38.000+01:00,S07,Northern,busier,Euston->Kennington,platform,940GZZLUTCR,Tottenham Court Road,underground_no_psd,deep_tube_open,182.64222717285156,260.72686767578125,345.71722412109375,34.84092330932617,1060.0
commuta_readings_today_20260810_184020.csv,6558,2026-08-10,2026-08-10T16:31:48.000+01:00,S07,Northern,busier,Euston->Kennington,platform,940GZZLUTCR,Tottenham Court Road,underground_no_psd,deep_tube_open,184.2211151123047,262.2260437011719,347.0020446777344,34.573890686035156,1051.0
commuta_readings_today_20260810_184020.csv,6559,2026-08-10,2026-08-10T16:31:58.000+01:00,S07,Northern,busier,Euston->Kennington,platform,940GZZLUTCR,Tottenham Court Road,underground_no_psd,deep_tube_open,190.09161376953125,266.96490478515625,349.8937072753906,34.441139221191406,1036.0
commuta_readings_today_20260810_184020.csv,6560,2026-08-10,2026-08-10T16:32:08.000+01:00,S07,Northern,busier,Euston->Kennington,in_train,,,,deep_tube_open,196.4735870361328,278.81756591796875,368.1643676757813,34.476234436035156,1031.0
commuta_readings_today_20260810_184020.csv,6561,2026-08-10,2026-08-10T16:32:18.000+01:00,S07,Northern,busier,Euston->Kennington,in_train,,,,deep_tube_open,194.45361328125,278.8462219238281,370.9150390625,34.65629196166992,1027.0
commuta_readings_today_20260810_184020.csv,6562,2026-08-10,2026-08-10T16:32:28.000+01:00,S07,Northern,busier,Euston->Kennington,in_train,,,,deep_tube_open,198.41928100585935,284.4454040527344,378.2817687988281,34.73411178588867,1028.0
commuta_readings_today_20260810_184020.csv,6563,2026-08-10,2026-08-10T16:32:38.000+01:00,S07,Northern,busier,Euston->Kennington,in_train,,,,deep_tube_open,200.08761596679688,285.2781982421875,377.9433288574219,34.88059997558594,1031.0
commuta_readings_today_20260810_184020.csv,6564,2026-08-10,2026-08-10T16:32:48.000+01:00,S07,Northern,busier,Euston->Kennington,in_train,,,,deep_tube_open,202.51377868652344,285.8039855957031,375.9042663574219,35.11558532714844,1044.0
commuta_readings_today_20260810_184020.csv,6565,2026-08-10,2026-08-10T16:32:58.000+01:00,S07,Northern,busier,Euston->Kennington,in_train,,,,deep_tube_open,201.380126953125,289.9179992675781,386.6988220214844,35.1949348449707,1065.0
commuta_readings_today_20260810_184020.csv,6566,2026-08-10,2026-08-10T16:33:08.000+01:00,S07,Northern,busier,Euston->Kennington,in_train,,,,deep_tube_open,201.7246856689453,286.02911376953125,377.4617919921875,35.41771697998047,1095.0
commuta_readings_today_20260810_184020.csv,6567,2026-08-10,2026-08-10T16:33:18.000+01:00,S07,Northern,busier,Euston->Kennington,platform,940GZZLULSQ,Leicester Square,underground_no_psd,deep_tube_open,173.44998168945312,237.8662872314453,306.33367919921875,35.47264862060547,1121.0
commuta_readings_today_20260810_184020.csv,6568,2026-08-10,2026-08-10T16:33:28.000+01:00,S07,Northern,busier,Euston->Kennington,platform,940GZZLULSQ,Leicester Square,underground_no_psd,deep_tube_open,154.98057556152344,213.34735107421875,275.5422668457031,35.43602752685547,1139.0
commuta_readings_today_20260810_184020.csv,6569,2026-08-10,2026-08-10T16:33:39.000+01:00,S07,Northern,busier,Euston->Kennington,platform,940GZZLULSQ,Leicester Square,underground_no_psd,deep_tube_open,153.6333465576172,206.1312255859375,261.04364013671875,35.41008758544922,1144.0
commuta_readings_today_20260810_184020.csv,6570,2026-08-10,2026-08-10T16:33:48.000+01:00,S07,Northern,busier,Euston->Kennington,platform,940GZZLULSQ,Leicester Square,underground_no_psd,deep_tube_open,152.540283203125,203.25160217285156,255.9965057373047,35.37346267700195,1143.0
commuta_readings_today_20260810_184020.csv,6571,2026-08-10,2026-08-10T16:33:58.000+01:00,S07,Northern,busier,Euston->Kennington,platform,940GZZLULSQ,Leicester Square,underground_no_psd,deep_tube_open,148.68141174316406,200.3446044921875,254.5653381347656,35.09727478027344,1142.0
commuta_readings_today_20260810_184020.csv,6572,2026-08-10,2026-08-10T16:34:08.000+01:00,S07,Northern,busier,Euston->Kennington,platform,940GZZLULSQ,Leicester Square,underground_no_psd,deep_tube_open,147.82644653320312,202.4987030029297,260.56488037109375,35.02861022949219,1140.0
commuta_readings_today_20260810_184020.csv,6573,2026-08-10,2026-08-10T16:34:18.000+01:00,S07,Northern,busier,Euston->Kennington,platform,940GZZLULSQ,Leicester Square,underground_no_psd,deep_tube_open,153.46359252929688,207.69984436035156,264.8104553222656,34.84397506713867,1140.0
commuta_readings_today_20260810_184020.csv,6574,2026-08-10,2026-08-10T16:34:28.000+01:00,S07,Northern,busier,Euston->Kennington,platform,940GZZLULSQ,Leicester Square,underground_no_psd,deep_tube_open,157.1348876953125,212.92510986328125,271.7245178222656,34.71274948120117,1132.0
commuta_readings_today_20260810_184020.csv,6575,2026-08-10,2026-08-10T16:34:38.000+01:00,S07,Northern,busier,Euston->Kennington,platform,940GZZLULSQ,Leicester Square,underground_no_psd,deep_tube_open,155.7977752685547,213.38504028320312,274.54071044921875,34.76157760620117,1126.0
commuta_readings_today_20260810_184020.csv,6576,2026-08-10,2026-08-10T16:34:48.000+01:00,S07,Northern,busier,Euston->Kennington,platform,940GZZLULSQ,Leicester Square,underground_no_psd,deep_tube_open,153.5603485107422,208.39718627929688,266.2560729980469,34.63492965698242,1115.0
commuta_readings_today_20260810_184020.csv,6577,2026-08-10,2026-08-10T16:34:58.000+01:00,S07,Northern,busier,Euston->Kennington,platform,940GZZLULSQ,Leicester Square,underground_no_psd,deep_tube_open,150.51803588867188,203.61387634277344,259.5033264160156,34.36484146118164,1108.0
commuta_readings_today_20260810_184020.csv,6578,2026-08-10,2026-08-10T16:35:08.000+01:00,S07,Northern,busier,Euston->Kennington,platform,940GZZLULSQ,Leicester Square,underground_no_psd,deep_tube_open,148.21241760253906,198.6066131591797,251.2654571533203,34.042877197265625,1097.0
commuta_readings_today_20260810_184020.csv,6579,2026-08-10,2026-08-10T16:35:18.000+01:00,S07,Northern,busier,Euston->Kennington,platform,940GZZLULSQ,Leicester Square,underground_no_psd,deep_tube_open,144.81796264648438,197.761962890625,253.87234497070312,33.962005615234375,1090.0
commuta_readings_today_20260810_184020.csv,6580,2026-08-10,2026-08-10T16:35:28.000+01:00,S07,Northern,busier,Euston->Kennington,in_train,,,,deep_tube_open,150.7057342529297,208.1371154785156,269.4646911621094,33.926910400390625,1090.0
commuta_readings_today_20260810_184020.csv,6581,2026-08-10,2026-08-10T16:35:38.000+01:00,S07,Northern,busier,Euston->Kennington,in_train,,,,deep_tube_open,159.9261932373047,218.8513641357422,281.3910827636719,34.026092529296875,1079.0
commuta_readings_today_20260810_184020.csv,6582,2026-08-10,2026-08-10T16:35:49.000+01:00,S07,Northern,busier,Euston->Kennington,in_train,,,,deep_tube_open,164.55909729003906,224.4254913330078,287.81402587890625,34.058135986328125,1078.0
commuta_readings_today_20260810_184020.csv,6583,2026-08-10,2026-08-10T16:35:58.000+01:00,S07,Northern,busier,Euston->Kennington,in_train,,,,deep_tube_open,164.0465850830078,221.14956665039065,281.1002502441406,34.123748779296875,1075.0
commuta_readings_today_20260810_184020.csv,6584,2026-08-10,2026-08-10T16:36:08.000+01:00,S07,Northern,busier,Euston->Kennington,in_train,,,,deep_tube_open,168.0907440185547,226.03465270996097,286.7505798339844,34.19546890258789,1074.0
commuta_readings_today_20260810_184020.csv,6585,2026-08-10,2026-08-10T16:36:18.000+01:00,S07,Northern,busier,Euston->Kennington,in_train,,,,deep_tube_open,166.82882690429688,223.7891082763672,283.3593444824219,34.34500503540039,1076.0
commuta_readings_today_20260810_184020.csv,6586,2026-08-10,2026-08-10T16:36:28.000+01:00,S07,Northern,busier,Euston->Kennington,in_train,,,,deep_tube_open,163.220703125,221.20765686035156,282.3296203613281,34.462501525878906,1077.0
commuta_readings_today_20260810_184020.csv,6587,2026-08-10,2026-08-10T16:36:38.000+01:00,S07,Northern,busier,Euston->Kennington,in_train,,,,deep_tube_open,161.1851806640625,218.1344451904297,278.0986022949219,34.596778869628906,1078.0
commuta_readings_today_20260810_184020.csv,6588,2026-08-10,2026-08-10T16:36:48.000+01:00,S07,Northern,busier,Euston->Kennington,platform,940GZZLUCHX,Charing Cross,underground_no_psd,deep_tube_open,152.2916259765625,213.454345703125,279.35931396484375,34.578468322753906,1081.0
commuta_readings_today_20260810_184020.csv,6589,2026-08-10,2026-08-10T16:36:58.000+01:00,S07,Northern,busier,Euston->Kennington,platform,940GZZLUCHX,Charing Cross,underground_no_psd,deep_tube_open,132.3932342529297,188.4237060546875,249.3128967285156,34.32211685180664,1080.0
commuta_readings_today_20260810_184020.csv,6590,2026-08-10,2026-08-10T16:37:08.000+01:00,S07,Northern,busier,Euston->Kennington,platform,940GZZLUCHX,Charing Cross,underground_no_psd,deep_tube_open,129.88800048828125,187.8355407714844,251.3163299560547,34.093231201171875,1078.0
commuta_readings_today_20260810_184020.csv,6591,2026-08-10,2026-08-10T16:37:18.000+01:00,S07,Northern,busier,Euston->Kennington,platform,940GZZLUCHX,Charing Cross,underground_no_psd,deep_tube_open,127.49114227294922,186.9614715576172,252.53028869628903,33.560691833496094,1070.0
commuta_readings_today_20260810_184020.csv,6592,2026-08-10,2026-08-10T16:37:28.000+01:00,S07,Northern,busier,Euston->Kennington,platform,940GZZLUCHX,Charing Cross,underground_no_psd,deep_tube_open,127.2868881225586,189.15333557128903,257.7498779296875,33.11207580566406,1043.0
commuta_readings_today_20260810_184020.csv,6593,2026-08-10,2026-08-10T16:37:38.000+01:00,S07,Northern,busier,Euston->Kennington,platform,940GZZLUCHX,Charing Cross,underground_no_psd,deep_tube_open,128.99209594726562,190.4712677001953,258.4576416015625,32.87250900268555,1017.0
commuta_readings_today_20260810_184020.csv,6594,2026-08-10,2026-08-10T16:37:48.000+01:00,S07,Northern,busier,Euston->Kennington,platform,940GZZLUCHX,Charing Cross,underground_no_psd,deep_tube_open,126.19363403320312,190.03379821777344,261.1911926269531,32.68635177612305,995.0
commuta_readings_today_20260810_184020.csv,6595,2026-08-10,2026-08-10T16:37:58.000+01:00,S07,Northern,busier,Euston->Kennington,platform,940GZZLUCHX,Charing Cross,underground_no_psd,deep_tube_open,127.22168731689452,186.11428833007812,250.97607421875,32.61768341064453,979.0
commuta_readings_today_20260810_184020.csv,6596,2026-08-10,2026-08-10T16:38:08.000+01:00,S07,Northern,busier,Euston->Kennington,platform,940GZZLUCHX,Charing Cross,underground_no_psd,deep_tube_open,126.75367736816406,185.6843414306641,250.6278839111328,32.72297286987305,970.0
commuta_readings_today_20260810_184020.csv,6597,2026-08-10,2026-08-10T16:38:18.000+01:00,S07,Northern,busier,Euston->Kennington,platform,940GZZLUCHX,Charing Cross,underground_no_psd,deep_tube_open,129.06236267089844,188.5384979248047,254.0010986328125,32.74738693237305,960.0
commuta_readings_today_20260810_184020.csv,6598,2026-08-10,2026-08-10T16:38:28.000+01:00,S07,Northern,busier,Euston->Kennington,platform,940GZZLUCHX,Charing Cross,underground_no_psd,deep_tube_open,130.73963928222656,190.5199279785156,256.2437744140625,32.74738693237305,951.0
commuta_readings_today_20260810_184020.csv,6599,2026-08-10,2026-08-10T16:38:38.000+01:00,S07,Northern,busier,Euston->Kennington,platform,940GZZLUCHX,Charing Cross,underground_no_psd,deep_tube_open,133.08547973632812,192.4992828369141,257.5927734375,32.70161056518555,946.0
commuta_readings_today_20260810_184020.csv,6600,2026-08-10,2026-08-10T16:38:48.000+01:00,S07,Northern,busier,Euston->Kennington,platform,940GZZLUCHX,Charing Cross,underground_no_psd,deep_tube_open,136.3570098876953,195.98728942871097,261.1166687011719,32.62378692626953,940.0
commuta_readings_today_20260810_184020.csv,6601,2026-08-10,2026-08-10T16:38:58.000+01:00,S07,Northern,busier,Euston->Kennington,platform,940GZZLUCHX,Charing Cross,underground_no_psd,deep_tube_open,137.3869171142578,199.66629028320312,268.0523376464844,32.47882843017578,936.0
commuta_readings_today_20260810_184020.csv,6602,2026-08-10,2026-08-10T16:39:08.000+01:00,S07,Northern,busier,Euston->Kennington,platform,940GZZLUCHX,Charing Cross,underground_no_psd,deep_tube_open,130.80186462402344,195.3543243408203,267.07440185546875,32.362857818603516,925.0
commuta_readings_today_20260810_184020.csv,6603,2026-08-10,2026-08-10T16:39:18.000+01:00,S07,Northern,busier,Euston->Kennington,platform,940GZZLUCHX,Charing Cross,underground_no_psd,deep_tube_open,130.0836181640625,189.7711639404297,255.42581176757812,32.288089752197266,921.0
commuta_readings_today_20260810_184020.csv,6604,2026-08-10,2026-08-10T16:39:28.000+01:00,S07,Northern,busier,Euston->Kennington,in_train,,,,deep_tube_open,144.26397705078125,203.78814697265625,268.21270751953125,32.288089752197266,920.0
commuta_readings_today_20260810_184020.csv,6605,2026-08-10,2026-08-10T16:39:38.000+01:00,S07,Northern,busier,Euston->Kennington,in_train,,,,deep_tube_open,156.16294860839844,216.6518096923828,281.4297180175781,32.288089752197266,921.0
commuta_readings_today_20260810_184020.csv,6606,2026-08-10,2026-08-10T16:39:48.000+01:00,S07,Northern,busier,Euston->Kennington,in_train,,,,deep_tube_open,157.98129272460938,217.7597198486328,281.5128479003906,32.43152618408203,922.0
commuta_readings_today_20260810_184020.csv,6607,2026-08-10,2026-08-10T16:39:58.000+01:00,S07,Northern,busier,Euston->Kennington,in_train,,,,deep_tube_open,155.44517517089844,210.6901092529297,268.9258728027344,32.47425079345703,927.0
commuta_readings_today_20260810_184020.csv,6608,2026-08-10,2026-08-10T16:40:08.000+01:00,S07,Northern,busier,Euston->Kennington,in_train,,,,deep_tube_open,154.32745361328125,209.2914581298828,267.2547607421875,32.66193771362305,932.0
commuta_readings_today_20260810_184020.csv,6609,2026-08-10,2026-08-10T16:40:18.000+01:00,S07,Northern,busier,Euston->Kennington,in_train,,,,deep_tube_open,157.70941162109375,211.94778442382812,268.7542724609375,32.8465690612793,948.0
commuta_readings_today_20260810_184020.csv,6610,2026-08-10,2026-08-10T16:40:28.000+01:00,S07,Northern,busier,Euston->Kennington,platform,940GZZLUEMB,Embankment,underground_no_psd,deep_tube_open,141.12960815429688,194.23529052734375,250.81549072265625,32.6421012878418,952.0
commuta_readings_today_20260810_184020.csv,6611,2026-08-10,2026-08-10T16:40:38.000+01:00,S07,Northern,busier,Euston->Kennington,platform,940GZZLUEMB,Embankment,underground_no_psd,deep_tube_open,138.2936248779297,192.888671875,251.5465850830078,32.52765655517578,952.0
commuta_readings_today_20260810_184020.csv,6612,2026-08-10,2026-08-10T16:40:48.000+01:00,S07,Northern,busier,Euston->Kennington,platform,940GZZLUEMB,Embankment,underground_no_psd,deep_tube_open,149.43821716308594,216.98439025878903,291.1223449707031,32.43152618408203,954.0
commuta_readings_today_20260810_184020.csv,6613,2026-08-10,2026-08-10T16:40:58.000+01:00,S07,Northern,busier,Euston->Kennington,platform,940GZZLUEMB,Embankment,underground_no_psd,deep_tube_open,146.09986877441406,208.45053100585935,276.2966003417969,32.306400299072266,953.0
commuta_readings_today_20260810_184020.csv,6614,2026-08-10,2026-08-10T16:41:08.000+01:00,S07,Northern,busier,Euston->Kennington,platform,940GZZLUEMB,Embankment,underground_no_psd,deep_tube_open,139.74400329589844,192.0394287109375,247.7009124755859,32.173648834228516,953.0
commuta_readings_today_20260810_184020.csv,6615,2026-08-10,2026-08-10T16:41:18.000+01:00,S07,Northern,busier,Euston->Kennington,platform,940GZZLUEMB,Embankment,underground_no_psd,deep_tube_open,160.05223083496094,223.5392303466797,291.80609130859375,32.133975982666016,952.0
commuta_readings_today_20260810_184020.csv,6616,2026-08-10,2026-08-10T16:41:28.000+01:00,S07,Northern,busier,Euston->Kennington,platform,940GZZLUEMB,Embankment,underground_no_psd,deep_tube_open,164.44313049316406,236.3288116455078,314.8392639160156,32.220951080322266,947.0
commuta_readings_today_20260810_184020.csv,6617,2026-08-10,2026-08-10T16:41:38.000+01:00,S07,Northern,busier,Euston->Kennington,platform,940GZZLUEMB,Embankment,underground_no_psd,deep_tube_open,139.57997131347656,201.69613647460935,269.71844482421875,32.233158111572266,946.0
commuta_readings_today_20260810_184020.csv,6618,2026-08-10,2026-08-10T16:41:48.000+01:00,S07,Northern,busier,Euston->Kennington,in_train,,,,deep_tube_open,133.70858764648438,188.9392852783203,248.7277679443359,32.0897216796875,940.0
commuta_readings_today_20260810_184020.csv,6619,2026-08-10,2026-08-10T16:41:58.000+01:00,S07,Northern,busier,Euston->Kennington,in_train,,,,deep_tube_open,135.22251892089844,191.2434539794922,251.9162139892578,32.0408935546875,937.0
commuta_readings_today_20260810_184020.csv,6620,2026-08-10,2026-08-10T16:42:08.000+01:00,S07,Northern,busier,Euston->Kennington,in_train,,,,deep_tube_open,139.06954956054688,197.63958740234375,261.23974609375,32.257572174072266,958.0
commuta_readings_today_20260810_184020.csv,6621,2026-08-10,2026-08-10T16:42:18.000+01:00,S07,Northern,busier,Euston->Kennington,in_train,,,,deep_tube_open,145.99978637695312,202.9997406005859,264.1248474121094,32.303348541259766,1006.0
commuta_readings_today_20260810_184020.csv,6622,2026-08-10,2026-08-10T16:42:29.000+01:00,S07,Northern,busier,Euston->Kennington,in_train,,,,deep_tube_open,148.571044921875,206.14089965820312,267.79681396484375,32.50782012939453,1029.0
commuta_readings_today_20260810_184020.csv,6623,2026-08-10,2026-08-10T16:42:38.000+01:00,S07,Northern,busier,Euston->Kennington,in_train,,,,deep_tube_open,151.57980346679688,212.30657958984375,277.71478271484375,32.365909576416016,1037.0
commuta_readings_today_20260810_184020.csv,6624,2026-08-10,2026-08-10T16:42:48.000+01:00,S07,Northern,busier,Euston->Kennington,in_train,,,,deep_tube_open,152.70687866210938,210.5524139404297,272.2561340332031,32.248416900634766,1046.0
commuta_readings_today_20260810_184020.csv,6625,2026-08-10,2026-08-10T16:42:58.000+01:00,S07,Northern,busier,Euston->Kennington,in_train,,,,deep_tube_open,148.94139099121094,205.5671234130859,266.0091247558594,32.297245025634766,1044.0
commuta_readings_today_20260810_184020.csv,6626,2026-08-10,2026-08-10T16:43:08.000+01:00,S07,Northern,busier,Euston->Kennington,in_train,,,,deep_tube_open,144.5897979736328,201.9427795410156,263.6136779785156,32.39948272705078,1043.0
commuta_readings_today_20260810_184020.csv,6627,2026-08-10,2026-08-10T16:43:18.000+01:00,S07,Northern,busier,Euston->Kennington,in_train,,,,deep_tube_open,142.9139404296875,197.7659149169922,256.4130554199219,32.39948272705078,1043.0
commuta_readings_today_20260810_184020.csv,6628,2026-08-10,2026-08-10T16:43:28.000+01:00,S07,Northern,busier,Euston->Kennington,platform,940GZZLUWLO,Waterloo,underground_no_psd,deep_tube_open,150.02061462402344,205.8444976806641,265.20025634765625,32.208744049072266,1041.0
commuta_readings_today_20260810_184020.csv,6629,2026-08-10,2026-08-10T16:43:38.000+01:00,S07,Northern,busier,Euston->Kennington,platform,940GZZLUWLO,Waterloo,underground_no_psd,deep_tube_open,155.041015625,212.1104736328125,272.6697082519531,32.001220703125,1032.0
commuta_readings_today_20260810_184020.csv,6630,2026-08-10,2026-08-10T16:43:48.000+01:00,S07,Northern,busier,Euston->Kennington,platform,940GZZLUWLO,Waterloo,underground_no_psd,deep_tube_open,142.144775390625,199.30482482910156,260.90985107421875,31.749446868896484,1008.0
commuta_readings_today_20260810_184020.csv,6631,2026-08-10,2026-08-10T16:43:58.000+01:00,S07,Northern,busier,Euston->Kennington,platform,940GZZLUWLO,Waterloo,underground_no_psd,deep_tube_open,125.91796875,177.02915954589844,232.20053100585935,31.55260467529297,992.0
commuta_readings_today_20260810_184020.csv,6632,2026-08-10,2026-08-10T16:44:08.000+01:00,S07,Northern,busier,Euston->Kennington,platform,940GZZLUWLO,Waterloo,underground_no_psd,deep_tube_open,118.73473358154295,161.05320739746094,205.6871795654297,31.46257781982422,978.0
commuta_readings_today_20260810_184020.csv,6633,2026-08-10,2026-08-10T16:44:18.000+01:00,S07,Northern,busier,Euston->Kennington,platform,940GZZLUWLO,Waterloo,underground_no_psd,deep_tube_open,126.31249237060548,171.14048767089844,218.38250732421875,31.400014877319336,968.0
commuta_readings_today_20260810_184020.csv,6634,2026-08-10,2026-08-10T16:44:28.000+01:00,S07,Northern,busier,Euston->Kennington,platform,940GZZLUWLO,Waterloo,underground_no_psd,deep_tube_open,126.06301879882812,176.1096649169922,229.9319000244141,31.409170150756836,961.0
commuta_readings_today_20260810_184020.csv,6635,2026-08-10,2026-08-10T16:44:39.000+01:00,S07,Northern,busier,Euston->Kennington,platform,940GZZLUWLO,Waterloo,underground_no_psd,deep_tube_open,105.80164337158205,150.86764526367188,199.89096069335935,31.262683868408203,957.0
commuta_readings_today_20260810_184020.csv,6636,2026-08-10,2026-08-10T16:44:48.000+01:00,S07,Northern,busier,Euston->Kennington,platform,940GZZLUWLO,Waterloo,underground_no_psd,deep_tube_open,113.47808837890624,157.4860382080078,204.62432861328125,31.288623809814453,885.0
commuta_readings_today_20260810_184020.csv,6637,2026-08-10,2026-08-10T16:44:58.000+01:00,S07,Northern,busier,Euston->Kennington,platform,940GZZLUWLO,Waterloo,underground_no_psd,deep_tube_open,119.04412078857422,163.00279235839844,209.6768798828125,31.409170150756836,870.0
commuta_readings_today_20260810_184020.csv,6638,2026-08-10,2026-08-10T16:45:08.000+01:00,S07,Northern,busier,Euston->Kennington,platform,940GZZLUWLO,Waterloo,underground_no_psd,deep_tube_open,121.35873413085938,168.78843688964844,219.65994262695312,31.46715545654297,815.0
commuta_readings_today_20260810_184020.csv,6639,2026-08-10,2026-08-10T16:45:18.000+01:00,S07,Northern,busier,Euston->Kennington,platform,940GZZLUWLO,Waterloo,underground_no_psd,deep_tube_open,123.6219482421875,171.19317626953125,222.0791015625,31.964599609375,819.0
commuta_readings_today_20260810_184020.csv,6640,2026-08-10,2026-08-10T16:45:28.000+01:00,S07,Northern,busier,Euston->Kennington,platform,940GZZLUWLO,Waterloo,underground_no_psd,deep_tube_open,123.22362518310548,174.582763671875,230.2605438232422,32.037841796875,839.0
commuta_readings_today_20260810_184020.csv,6641,2026-08-10,2026-08-10T16:45:38.000+01:00,S07,Northern,busier,Euston->Kennington,in_train,,,,deep_tube_open,126.56404876708984,183.93609619140625,246.93345642089844,32.196537017822266,847.0
commuta_readings_today_20260810_184020.csv,6642,2026-08-10,2026-08-10T16:45:48.000+01:00,S07,Northern,busier,Euston->Kennington,in_train,,,,deep_tube_open,132.46572875976562,191.87139892578125,256.9994201660156,32.280460357666016,857.0
commuta_readings_today_20260810_184020.csv,6643,2026-08-10,2026-08-10T16:45:58.000+01:00,S07,Northern,busier,Euston->Kennington,in_train,,,,deep_tube_open,138.58912658691406,196.10955810546875,258.4245910644531,32.343021392822266,866.0
commuta_readings_today_20260810_184020.csv,6644,2026-08-10,2026-08-10T16:46:08.000+01:00,S07,Northern,busier,Euston->Kennington,in_train,,,,deep_tube_open,142.54190063476562,198.468505859375,258.4938049316406,32.47882843017578,892.0
commuta_readings_today_20260810_184020.csv,6645,2026-08-10,2026-08-10T16:46:18.000+01:00,S07,Northern,busier,Euston->Kennington,in_train,,,,deep_tube_open,140.83839416503906,197.8426971435547,259.34619140625,32.64057540893555,895.0
commuta_readings_today_20260810_184020.csv,6646,2026-08-10,2026-08-10T16:46:28.000+01:00,S07,Northern,busier,Euston->Kennington,in_train,,,,deep_tube_open,136.06838989257812,191.68405151367188,251.78607177734375,32.67109298706055,917.0
commuta_readings_today_20260810_184020.csv,6647,2026-08-10,2026-08-10T16:46:38.000+01:00,S07,Northern,busier,Euston->Kennington,in_train,,,,deep_tube_open,133.28555297851562,187.15179443359375,245.2551116943359,32.7916374206543,916.0
commuta_readings_today_20260810_184020.csv,6648,2026-08-10,2026-08-10T16:46:49.000+01:00,S07,Northern,busier,Euston->Kennington,in_train,,,,deep_tube_open,129.9576873779297,180.5997009277344,234.88914489746097,32.73517990112305,918.0
commuta_readings_today_20260810_184020.csv,6649,2026-08-10,2026-08-10T16:46:58.000+01:00,S07,Northern,busier,Euston->Kennington,in_train,,,,deep_tube_open,130.2938690185547,177.11781311035156,226.5819854736328,32.58869171142578,923.0
commuta_readings_today_20260810_184020.csv,6650,2026-08-10,2026-08-10T16:47:08.000+01:00,S07,Northern,busier,Euston->Kennington,in_train,,,,deep_tube_open,133.73081970214844,183.31890869140625,236.01046752929688,32.52460479736328,943.0
commuta_readings_today_20260810_184020.csv,6651,2026-08-10,2026-08-10T16:47:18.000+01:00,S07,Northern,busier,Euston->Kennington,in_train,,,,deep_tube_open,144.48858642578125,201.91793823242188,263.6921691894531,32.45746612548828,932.0
commuta_readings_today_20260810_184020.csv,6652,2026-08-10,2026-08-10T16:47:28.000+01:00,S07,Northern,busier,Euston->Kennington,in_train,,,,deep_tube_open,149.9405975341797,211.63314819335935,278.3741760253906,32.373538970947266,927.0
commuta_readings_today_20260810_184020.csv,6653,2026-08-10,2026-08-10T16:47:38.000+01:00,S07,Northern,busier,Euston->Kennington,in_train,,,,deep_tube_open,149.4048309326172,211.49905395507812,278.78387451171875,32.359806060791016,920.0
commuta_readings_today_20260810_184020.csv,6654,2026-08-10,2026-08-10T16:47:48.000+01:00,S07,Northern,busier,Euston->Kennington,in_train,,,,deep_tube_open,151.81690979003906,210.86349487304688,274.1418151855469,32.283512115478516,913.0
commuta_readings_today_20260810_184020.csv,6655,2026-08-10,2026-08-10T16:47:58.000+01:00,S07,Northern,busier,Euston->Kennington,in_train,,,,deep_tube_open,153.21499633789062,213.02622985839844,277.1650085449219,32.144657135009766,893.0
commuta_readings_today_20260810_184020.csv,6656,2026-08-10,2026-08-10T16:48:08.000+01:00,S07,Northern,busier,Euston->Kennington,in_train,,,,deep_tube_open,153.20713806152344,213.89712524414065,279.1414489746094,32.10040283203125,888.0
commuta_readings_today_20260810_184020.csv,6657,2026-08-10,2026-08-10T16:48:18.000+01:00,S07,Northern,busier,Euston->Kennington,in_train,,,,deep_tube_open,156.32350158691406,212.53305053710935,271.9183654785156,32.0927734375,885.0
commuta_readings_today_20260810_184020.csv,6658,2026-08-10,2026-08-10T16:48:28.000+01:00,S07,Northern,busier,Euston->Kennington,in_train,,,,deep_tube_open,159.22821044921875,220.2863616943359,285.55859375,32.00885009765625,885.0
commuta_readings_today_20260810_184020.csv,6659,2026-08-10,2026-08-10T16:48:38.000+01:00,S07,Northern,busier,Euston->Kennington,in_train,,,,deep_tube_open,156.45852661132812,216.0174102783203,279.6045227050781,32.0042724609375,882.0
commuta_readings_today_20260810_184020.csv,6660,2026-08-10,2026-08-10T16:48:48.000+01:00,S07,Northern,busier,Euston->Kennington,in_train,,,,deep_tube_open,154.09661865234375,213.2755584716797,276.5555725097656,32.01800537109375,881.0
commuta_readings_today_20260810_184020.csv,6661,2026-08-10,2026-08-10T16:48:58.000+01:00,S07,Northern,busier,Euston->Kennington,platform,940GZZLUKNG,Kennington,underground_no_psd,deep_tube_open,155.5347900390625,212.4025115966797,272.67242431640625,32.06378173828125,875.0
commuta_readings_today_20260810_184020.csv,6662,2026-08-10,2026-08-10T16:49:08.000+01:00,S07,Northern,busier,Euston->Kennington,platform,940GZZLUKNG,Kennington,underground_no_psd,deep_tube_open,164.7568359375,223.10546875,284.5711669921875,32.02716064453125,866.0
commuta_readings_today_20260810_184020.csv,6663,2026-08-10,2026-08-10T16:49:18.000+01:00,S07,Northern,busier,Euston->Kennington,platform,940GZZLUKNG,Kennington,underground_no_psd,deep_tube_open,168.05137634277344,229.48684692382812,294.59600830078125,31.929502487182617,849.0
commuta_readings_today_20260810_184020.csv,6664,2026-08-10,2026-08-10T16:49:28.000+01:00,S07,Northern,busier,Euston->Kennington,platform,940GZZLUKNG,Kennington,underground_no_psd,deep_tube_open,167.87103271484375,227.85008239746097,291.14093017578125,31.848630905151367,843.0
commuta_readings_today_20260810_184020.csv,6665,2026-08-10,2026-08-10T16:49:38.000+01:00,S07,Northern,busier,Euston->Kennington,platform,940GZZLUKNG,Kennington,underground_no_psd,deep_tube_open,167.23672485351562,226.8063201904297,289.62811279296875,31.793697357177734,833.0
commuta_readings_today_20260810_184020.csv,6666,2026-08-10,2026-08-10T16:49:48.000+01:00,S07,Northern,busier,Euston->Kennington,platform,940GZZLUKNG,Kennington,underground_no_psd,deep_tube_open,167.1929931640625,231.9156494140625,301.2203063964844,31.758602142333984,825.0
commuta_readings_today_20260810_184020.csv,6667,2026-08-10,2026-08-10T16:49:58.000+01:00,S07,Northern,busier,Euston->Kennington,platform,940GZZLUKNG,Kennington,underground_no_psd,deep_tube_open,168.00845336914062,233.14393615722656,302.9088134765625,31.6258487701416,816.0
commuta_readings_today_20260810_184020.csv,6668,2026-08-10,2026-08-10T16:50:08.000+01:00,S07,Northern,busier,Euston->Kennington,platform,940GZZLUKNG,Kennington,underground_no_psd,deep_tube_open,168.89024353027344,234.85760498046875,305.6048583984375,31.68535804748535,814.0
commuta_readings_today_20260810_184020.csv,6669,2026-08-10,2026-08-10T16:50:18.000+01:00,S07,Northern,busier,Euston->Kennington,platform,940GZZLUKNG,Kennington,underground_no_psd,deep_tube_open,168.47178649902344,232.8085479736328,301.53558349609375,31.6777286529541,808.0
commuta_readings_today_20260810_184020.csv,6670,2026-08-10,2026-08-10T16:50:28.000+01:00,S07,Northern,busier,Euston->Kennington,platform,940GZZLUKNG,Kennington,underground_no_psd,deep_tube_open,171.78292846679688,233.5814666748047,298.87762451171875,31.749446868896484,801.0
commuta_readings_today_20260810_184020.csv,6671,2026-08-10,2026-08-10T16:50:38.000+01:00,S07,Northern,busier,Euston->Kennington,platform,940GZZLUKNG,Kennington,underground_no_psd,deep_tube_open,176.33055114746094,238.51513671875,303.96807861328125,31.706722259521484,798.0
commuta_readings_today_20260810_184020.csv,6672,2026-08-10,2026-08-10T16:50:48.000+01:00,S07,Northern,busier,Euston->Kennington,platform,940GZZLUKNG,Kennington,underground_no_psd,deep_tube_open,181.4899139404297,247.94920349121097,318.40460205078125,31.6014347076416,798.0
commuta_readings_today_20260810_184020.csv,6728,2026-08-10,2026-08-10T17:00:08.000+01:00,S08,Victoria,busier,Stockwell->Euston,platform,940GZZLUSKW,Stockwell,underground_no_psd,deep_tube_open,157.2022247314453,211.49972534179688,268.4172058105469,27.56694984436035,570.0
commuta_readings_today_20260810_184020.csv,6729,2026-08-10,2026-08-10T17:00:18.000+01:00,S08,Victoria,busier,Stockwell->Euston,platform,940GZZLUSKW,Stockwell,underground_no_psd,deep_tube_open,160.89752197265625,219.4294281005859,281.4043884277344,28.593881607055664,569.0
commuta_readings_today_20260810_184020.csv,6730,2026-08-10,2026-08-10T17:00:28.000+01:00,S08,Victoria,busier,Stockwell->Euston,platform,940GZZLUSKW,Stockwell,underground_no_psd,deep_tube_open,189.06271362304688,257.7420654296875,330.4419250488281,29.294269561767575,571.0
commuta_readings_today_20260810_184020.csv,6731,2026-08-10,2026-08-10T17:00:38.000+01:00,S08,Victoria,busier,Stockwell->Euston,platform,940GZZLUSKW,Stockwell,underground_no_psd,deep_tube_open,192.87750244140625,263.53961181640625,338.4569396972656,29.565881729125977,576.0
commuta_readings_today_20260810_184020.csv,6732,2026-08-10,2026-08-10T17:00:48.000+01:00,S08,Victoria,busier,Stockwell->Euston,in_train,,,,deep_tube_open,182.72279357910156,256.406494140625,335.8570861816406,29.70626449584961,590.0
commuta_readings_today_20260810_184020.csv,6733,2026-08-10,2026-08-10T17:00:58.000+01:00,S08,Victoria,busier,Stockwell->Euston,in_train,,,,deep_tube_open,168.21743774414062,231.57720947265625,299.09405517578125,29.819181442260746,598.0
commuta_readings_today_20260810_184020.csv,6734,2026-08-10,2026-08-10T17:01:08.000+01:00,S08,Victoria,busier,Stockwell->Euston,in_train,,,,deep_tube_open,165.2190704345703,225.11642456054688,288.49615478515625,29.82223320007324,604.0
commuta_readings_today_20260810_184020.csv,6735,2026-08-10,2026-08-10T17:01:18.000+01:00,S08,Victoria,busier,Stockwell->Euston,in_train,,,,deep_tube_open,163.95159912109375,220.93325805664065,280.73828125,29.950408935546875,611.0
commuta_readings_today_20260810_184020.csv,6736,2026-08-10,2026-08-10T17:01:28.000+01:00,S08,Victoria,busier,Stockwell->Euston,in_train,,,,deep_tube_open,168.99789428710938,226.48611450195312,286.5634765625,30.119783401489254,619.0
commuta_readings_today_20260810_184020.csv,6737,2026-08-10,2026-08-10T17:01:38.000+01:00,S08,Victoria,busier,Stockwell->Euston,in_train,,,,deep_tube_open,179.83041381835938,237.22364807128903,296.3988342285156,30.28610610961914,623.0
commuta_readings_today_20260810_184020.csv,6738,2026-08-10,2026-08-10T17:01:48.000+01:00,S08,Victoria,busier,Stockwell->Euston,in_train,,,,deep_tube_open,178.83035278320312,243.36216735839844,311.58599853515625,30.363927841186523,632.0
commuta_readings_today_20260810_184020.csv,6739,2026-08-10,2026-08-10T17:01:58.000+01:00,S08,Victoria,busier,Stockwell->Euston,in_train,,,,deep_tube_open,175.67410278320312,238.15818786621097,304.0351867675781,30.28305435180664,643.0
commuta_readings_today_20260810_184020.csv,6740,2026-08-10,2026-08-10T17:02:08.000+01:00,S08,Victoria,busier,Stockwell->Euston,in_train,,,,deep_tube_open,168.39401245117188,229.3887176513672,293.91888427734375,30.441749572753903,649.0
commuta_readings_today_20260810_184020.csv,6741,2026-08-10,2026-08-10T17:02:18.000+01:00,S08,Victoria,busier,Stockwell->Euston,in_train,,,,deep_tube_open,159.29991149902344,219.07571411132812,282.7303161621094,30.362401962280273,653.0
commuta_readings_today_20260810_184020.csv,6742,2026-08-10,2026-08-10T17:02:28.000+01:00,S08,Victoria,busier,Stockwell->Euston,in_train,,,,deep_tube_open,153.29969787597656,210.4014587402344,271.1271057128906,30.29983901977539,667.0
commuta_readings_today_20260810_184020.csv,6743,2026-08-10,2026-08-10T17:02:38.000+01:00,S08,Victoria,busier,Stockwell->Euston,in_train,,,,deep_tube_open,148.7252655029297,203.18836975097656,260.9265441894531,30.348669052124023,669.0
commuta_readings_today_20260810_184020.csv,6744,2026-08-10,2026-08-10T17:02:48.000+01:00,S08,Victoria,busier,Stockwell->Euston,in_train,,,,deep_tube_open,148.7843017578125,203.0879364013672,260.62139892578125,30.23880386352539,670.0
commuta_readings_today_20260810_184020.csv,6745,2026-08-10,2026-08-10T17:02:58.000+01:00,S08,Victoria,busier,Stockwell->Euston,platform,940GZZLUVXL,Vauxhall,underground_no_psd,deep_tube_open,159.27732849121094,216.9862518310547,278.04351806640625,30.28915786743164,670.0
commuta_readings_today_20260810_184020.csv,6746,2026-08-10,2026-08-10T17:03:08.000+01:00,S08,Victoria,busier,Stockwell->Euston,platform,940GZZLUVXL,Vauxhall,underground_no_psd,deep_tube_open,159.9672393798828,214.8970642089844,272.409912109375,30.23270034790039,670.0
commuta_readings_today_20260810_184020.csv,6747,2026-08-10,2026-08-10T17:03:18.000+01:00,S08,Victoria,busier,Stockwell->Euston,platform,940GZZLUVXL,Vauxhall,underground_no_psd,deep_tube_open,158.487060546875,213.53623962402344,271.3061218261719,30.090791702270508,669.0
commuta_readings_today_20260810_184020.csv,6748,2026-08-10,2026-08-10T17:03:28.000+01:00,S08,Victoria,busier,Stockwell->Euston,platform,940GZZLUVXL,Vauxhall,underground_no_psd,deep_tube_open,158.25050354003906,213.7815093994141,272.1743469238281,29.962615966796875,668.0
commuta_readings_today_20260810_184020.csv,6749,2026-08-10,2026-08-10T17:03:38.000+01:00,S08,Victoria,busier,Stockwell->Euston,platform,940GZZLUVXL,Vauxhall,underground_no_psd,deep_tube_open,162.46116638183594,220.92581176757812,282.70330810546875,29.910734176635746,667.0
commuta_readings_today_20260810_184020.csv,6750,2026-08-10,2026-08-10T17:03:48.000+01:00,S08,Victoria,busier,Stockwell->Euston,platform,940GZZLUVXL,Vauxhall,underground_no_psd,deep_tube_open,76.33540344238281,101.73973846435548,128.168701171875,29.84054374694824,655.0
commuta_readings_today_20260810_184020.csv,6751,2026-08-10,2026-08-10T17:03:58.000+01:00,S08,Victoria,busier,Stockwell->Euston,platform,940GZZLUVXL,Vauxhall,underground_no_psd,deep_tube_open,154.7309112548828,205.3516540527344,257.824462890625,30.07400703430176,646.0
commuta_readings_today_20260810_184020.csv,6752,2026-08-10,2026-08-10T17:04:08.000+01:00,S08,Victoria,busier,Stockwell->Euston,platform,940GZZLUVXL,Vauxhall,underground_no_psd,deep_tube_open,150.61441040039062,200.18125915527344,251.6262054443359,30.041961669921875,644.0
commuta_readings_today_20260810_184020.csv,6753,2026-08-10,2026-08-10T17:04:18.000+01:00,S08,Victoria,busier,Stockwell->Euston,in_train,,,,deep_tube_open,157.54757690429688,217.20379638671875,280.8346252441406,30.064851760864254,637.0
commuta_readings_today_20260810_184020.csv,6754,2026-08-10,2026-08-10T17:04:28.000+01:00,S08,Victoria,busier,Stockwell->Euston,in_train,,,,deep_tube_open,162.3059844970703,225.9870147705078,294.3350524902344,30.101472854614254,638.0
commuta_readings_today_20260810_184020.csv,6755,2026-08-10,2026-08-10T17:04:38.000+01:00,S08,Victoria,busier,Stockwell->Euston,in_train,,,,deep_tube_open,164.1749267578125,222.8260040283203,284.7140197753906,30.087739944458008,638.0
commuta_readings_today_20260810_184020.csv,6756,2026-08-10,2026-08-10T17:04:48.000+01:00,S08,Victoria,busier,Stockwell->Euston,in_train,,,,deep_tube_open,153.63385009765625,205.80050659179688,260.2964172363281,30.095369338989254,639.0
commuta_readings_today_20260810_184020.csv,6757,2026-08-10,2026-08-10T17:04:58.000+01:00,S08,Victoria,busier,Stockwell->Euston,in_train,,,,deep_tube_open,164.51641845703125,216.75494384765625,270.554931640625,30.106050491333008,639.0
commuta_readings_today_20260810_184020.csv,6758,2026-08-10,2026-08-10T17:05:08.000+01:00,S08,Victoria,busier,Stockwell->Euston,in_train,,,,deep_tube_open,165.65830993652344,222.171142578125,281.2633361816406,30.107576370239254,641.0
commuta_readings_today_20260810_184020.csv,6759,2026-08-10,2026-08-10T17:05:18.000+01:00,S08,Victoria,busier,Stockwell->Euston,in_train,,,,deep_tube_open,163.47604370117188,222.0629425048828,283.9207763671875,30.093843460083008,642.0
commuta_readings_today_20260810_184020.csv,6760,2026-08-10,2026-08-10T17:05:28.000+01:00,S08,Victoria,busier,Stockwell->Euston,in_train,,,,deep_tube_open,163.9546661376953,220.8174743652344,280.4727783203125,30.107576370239254,644.0
commuta_readings_today_20260810_184020.csv,6761,2026-08-10,2026-08-10T17:05:38.000+01:00,S08,Victoria,busier,Stockwell->Euston,platform,940GZZLUPCO,Pimlico,underground_no_psd,deep_tube_open,157.6095733642578,212.375,269.85150146484375,30.055694580078125,647.0
commuta_readings_today_20260810_184020.csv,6762,2026-08-10,2026-08-10T17:05:48.000+01:00,S08,Victoria,busier,Stockwell->Euston,platform,940GZZLUPCO,Pimlico,underground_no_psd,deep_tube_open,149.22483825683594,202.16497802734375,257.9520263671875,29.83444023132324,649.0
commuta_readings_today_20260810_184020.csv,6763,2026-08-10,2026-08-10T17:05:58.000+01:00,S08,Victoria,busier,Stockwell->Euston,platform,940GZZLUPCO,Pimlico,underground_no_psd,deep_tube_open,166.34263610839844,225.0024871826172,286.7449951171875,29.903104782104492,654.0
commuta_readings_today_20260810_184020.csv,6764,2026-08-10,2026-08-10T17:06:08.000+01:00,S08,Victoria,busier,Stockwell->Euston,platform,940GZZLUPCO,Pimlico,underground_no_psd,deep_tube_open,169.390869140625,225.8058319091797,284.5052490234375,29.87106132507324,653.0
commuta_readings_today_20260810_184020.csv,6765,2026-08-10,2026-08-10T17:06:18.000+01:00,S08,Victoria,busier,Stockwell->Euston,platform,940GZZLUPCO,Pimlico,underground_no_psd,deep_tube_open,171.850830078125,229.9422607421875,290.5719909667969,29.861906051635746,654.0
commuta_readings_today_20260810_184020.csv,6766,2026-08-10,2026-08-10T17:06:28.000+01:00,S08,Victoria,busier,Stockwell->Euston,platform,940GZZLUPCO,Pimlico,underground_no_psd,deep_tube_open,171.2346649169922,227.5795135498047,286.0574951171875,29.826810836791992,654.0
commuta_readings_today_20260810_184020.csv,6767,2026-08-10,2026-08-10T17:06:38.000+01:00,S08,Victoria,busier,Stockwell->Euston,platform,940GZZLUPCO,Pimlico,underground_no_psd,deep_tube_open,167.62033081054688,222.15798950195312,278.62469482421875,29.848173141479492,654.0
commuta_readings_today_20260810_184020.csv,6768,2026-08-10,2026-08-10T17:06:48.000+01:00,S08,Victoria,busier,Stockwell->Euston,platform,940GZZLUPCO,Pimlico,underground_no_psd,deep_tube_open,159.5355682373047,212.75717163085935,268.1531982421875,29.82223320007324,654.0
commuta_readings_today_20260810_184020.csv,6769,2026-08-10,2026-08-10T17:06:58.000+01:00,S08,Victoria,busier,Stockwell->Euston,platform,940GZZLUPCO,Pimlico,underground_no_psd,deep_tube_open,150.72703552246094,203.37771606445312,258.69232177734375,29.674219131469727,655.0
commuta_readings_today_20260810_184020.csv,6770,2026-08-10,2026-08-10T17:07:08.000+01:00,S08,Victoria,busier,Stockwell->Euston,in_train,,,,deep_tube_open,152.59629821777344,206.5020446777344,263.25970458984375,29.68795394897461,654.0
commuta_readings_today_20260810_184020.csv,6771,2026-08-10,2026-08-10T17:07:18.000+01:00,S08,Victoria,busier,Stockwell->Euston,in_train,,,,deep_tube_open,162.97283935546875,222.49966430664065,285.5758056640625,29.813077926635746,653.0
commuta_readings_today_20260810_184020.csv,6772,2026-08-10,2026-08-10T17:07:28.000+01:00,S08,Victoria,busier,Stockwell->Euston,in_train,,,,deep_tube_open,173.21766662597656,236.6479949951172,303.892333984375,29.78713607788086,654.0
commuta_readings_today_20260810_184020.csv,6773,2026-08-10,2026-08-10T17:07:38.000+01:00,S08,Victoria,busier,Stockwell->Euston,in_train,,,,deep_tube_open,178.921142578125,240.04623413085935,303.979736328125,29.72762680053711,656.0
commuta_readings_today_20260810_184020.csv,6774,2026-08-10,2026-08-10T17:07:48.000+01:00,S08,Victoria,busier,Stockwell->Euston,in_train,,,,deep_tube_open,175.04627990722656,232.98789978027344,293.1983337402344,29.69558334350586,658.0
commuta_readings_today_20260810_184020.csv,6775,2026-08-10,2026-08-10T17:07:58.000+01:00,S08,Victoria,busier,Stockwell->Euston,in_train,,,,deep_tube_open,162.28627014160156,215.99058532714844,271.79486083984375,29.591821670532227,659.0
commuta_readings_today_20260810_184020.csv,6776,2026-08-10,2026-08-10T17:08:08.000+01:00,S08,Victoria,busier,Stockwell->Euston,in_train,,,,deep_tube_open,150.26356506347656,198.7454376220703,248.85140991210935,29.465171813964844,660.0
commuta_readings_today_20260810_184020.csv,6777,2026-08-10,2026-08-10T17:08:18.000+01:00,S08,Victoria,busier,Stockwell->Euston,in_train,,,,deep_tube_open,139.9761199951172,186.72547912597656,235.396240234375,29.43465232849121,661.0
commuta_readings_today_20260810_184020.csv,6778,2026-08-10,2026-08-10T17:08:29.000+01:00,S08,Victoria,busier,Stockwell->Euston,in_train,,,,deep_tube_open,135.9507598876953,184.9744415283203,236.79591369628903,29.37666893005371,664.0
commuta_readings_today_20260810_184020.csv,6779,2026-08-10,2026-08-10T17:08:38.000+01:00,S08,Victoria,busier,Stockwell->Euston,in_train,,,,deep_tube_open,139.6547088623047,194.265869140625,252.84567260742188,29.32173728942871,665.0
commuta_readings_today_20260810_184020.csv,6780,2026-08-10,2026-08-10T17:08:48.000+01:00,S08,Victoria,busier,Stockwell->Euston,in_train,,,,deep_tube_open,140.7971649169922,193.921875,250.54998779296875,29.187456130981445,666.0
commuta_readings_today_20260810_184020.csv,6781,2026-08-10,2026-08-10T17:08:58.000+01:00,S08,Victoria,busier,Stockwell->Euston,in_train,,,,deep_tube_open,143.34817504882812,195.4175720214844,250.5343780517578,29.126420974731445,669.0
commuta_readings_today_20260810_184020.csv,6782,2026-08-10,2026-08-10T17:09:08.000+01:00,S08,Victoria,busier,Stockwell->Euston,platform,940GZZLUVIC,Victoria,underground_no_psd,deep_tube_open,144.1359100341797,199.1907958984375,258.0047607421875,29.153886795043945,669.0
commuta_readings_today_20260810_184020.csv,6783,2026-08-10,2026-08-10T17:09:18.000+01:00,S08,Victoria,busier,Stockwell->Euston,platform,940GZZLUVIC,Victoria,underground_no_psd,deep_tube_open,150.8395538330078,211.75827026367188,277.4613342285156,29.097429275512695,671.0
commuta_readings_today_20260810_184020.csv,6784,2026-08-10,2026-08-10T17:09:28.000+01:00,S08,Victoria,busier,Stockwell->Euston,platform,940GZZLUVIC,Victoria,underground_no_psd,deep_tube_open,151.154296875,209.77395629882812,272.56329345703125,28.995193481445312,672.0
commuta_readings_today_20260810_184020.csv,6785,2026-08-10,2026-08-10T17:09:38.000+01:00,S08,Victoria,busier,Stockwell->Euston,platform,940GZZLUVIC,Victoria,underground_no_psd,deep_tube_open,125.48739624023438,174.4358367919922,226.9187469482422,28.950942993164062,673.0
commuta_readings_today_20260810_184020.csv,6786,2026-08-10,2026-08-10T17:09:48.000+01:00,S08,Victoria,busier,Stockwell->Euston,platform,940GZZLUVIC,Victoria,underground_no_psd,deep_tube_open,58.597415924072266,80.5098648071289,103.82962799072266,28.53894805908203,676.0
commuta_readings_today_20260810_184020.csv,6787,2026-08-10,2026-08-10T17:09:58.000+01:00,S08,Victoria,busier,Stockwell->Euston,platform,940GZZLUVIC,Victoria,underground_no_psd,deep_tube_open,134.82083129882812,180.96841430664065,229.25502014160156,28.302433013916016,679.0
commuta_readings_today_20260810_184020.csv,6788,2026-08-10,2026-08-10T17:10:08.000+01:00,S08,Victoria,busier,Stockwell->Euston,platform,940GZZLUVIC,Victoria,underground_no_psd,deep_tube_open,150.6431884765625,204.04653930664065,260.31365966796875,28.285648345947266,682.0
commuta_readings_today_20260810_184020.csv,6789,2026-08-10,2026-08-10T17:10:18.000+01:00,S08,Victoria,busier,Stockwell->Euston,platform,940GZZLUVIC,Victoria,underground_no_psd,deep_tube_open,145.1524200439453,197.30059814453125,252.3860626220703,28.31769371032715,681.0
commuta_readings_today_20260810_184020.csv,6790,2026-08-10,2026-08-10T17:10:28.000+01:00,S08,Victoria,busier,Stockwell->Euston,platform,940GZZLUVIC,Victoria,underground_no_psd,deep_tube_open,140.84283447265625,192.0182647705078,246.1919708251953,28.198673248291016,682.0
commuta_readings_today_20260810_184020.csv,6791,2026-08-10,2026-08-10T17:10:38.000+01:00,S08,Victoria,busier,Stockwell->Euston,in_train,,,,deep_tube_open,155.5721893310547,215.4698944091797,279.5470886230469,28.168153762817383,681.0
commuta_readings_today_20260810_184020.csv,6792,2026-08-10,2026-08-10T17:10:48.000+01:00,S08,Victoria,busier,Stockwell->Euston,in_train,,,,deep_tube_open,156.1337890625,226.39889526367188,303.47198486328125,28.235294342041016,678.0
commuta_readings_today_20260810_184020.csv,6793,2026-08-10,2026-08-10T17:10:58.000+01:00,S08,Victoria,busier,Stockwell->Euston,in_train,,,,deep_tube_open,153.7848663330078,222.4376220703125,297.65301513671875,28.305484771728516,678.0
commuta_readings_today_20260810_184020.csv,6794,2026-08-10,2026-08-10T17:11:08.000+01:00,S08,Victoria,busier,Stockwell->Euston,in_train,,,,deep_tube_open,151.43453979492188,215.330078125,284.7333679199219,28.3314266204834,678.0
commuta_readings_today_20260810_184020.csv,6795,2026-08-10,2026-08-10T17:11:18.000+01:00,S08,Victoria,busier,Stockwell->Euston,in_train,,,,deep_tube_open,144.30543518066406,203.92247009277344,268.4608154296875,28.271915435791016,677.0
commuta_readings_today_20260810_184020.csv,6796,2026-08-10,2026-08-10T17:11:28.000+01:00,S08,Victoria,busier,Stockwell->Euston,in_train,,,,deep_tube_open,126.9184341430664,181.09413146972656,240.046630859375,28.271915435791016,677.0
commuta_readings_today_20260810_184020.csv,6797,2026-08-10,2026-08-10T17:11:38.000+01:00,S08,Victoria,busier,Stockwell->Euston,in_train,,,,deep_tube_open,118.7232894897461,170.1916046142578,226.3319091796875,28.30090713500977,677.0
commuta_readings_today_20260810_184020.csv,6798,2026-08-10,2026-08-10T17:11:48.000+01:00,S08,Victoria,busier,Stockwell->Euston,in_train,,,,deep_tube_open,114.8499526977539,166.49444580078125,223.13609313964844,28.47333526611328,679.0
commuta_readings_today_20260810_184020.csv,6799,2026-08-10,2026-08-10T17:11:58.000+01:00,S08,Victoria,busier,Stockwell->Euston,in_train,,,,deep_tube_open,115.5105209350586,162.52322387695312,213.29293823242188,28.34821128845215,683.0
commuta_readings_today_20260810_184020.csv,6800,2026-08-10,2026-08-10T17:12:08.000+01:00,S08,Victoria,busier,Stockwell->Euston,in_train,,,,deep_tube_open,116.1286849975586,164.06248474121094,215.9457244873047,28.308536529541016,688.0
commuta_readings_today_20260810_184020.csv,6801,2026-08-10,2026-08-10T17:12:18.000+01:00,S08,Victoria,busier,Stockwell->Euston,in_train,,,,deep_tube_open,114.68397521972656,161.12506103515625,211.23573303222656,28.36652183532715,705.0
commuta_readings_today_20260810_184020.csv,6802,2026-08-10,2026-08-10T17:12:28.000+01:00,S08,Victoria,busier,Stockwell->Euston,in_train,,,,deep_tube_open,112.37590026855467,159.54063415527344,210.7279510498047,28.43366050720215,719.0
commuta_readings_today_20260810_184020.csv,6803,2026-08-10,2026-08-10T17:12:38.000+01:00,S08,Victoria,busier,Stockwell->Euston,platform,940GZZLUGPK,Green Park,underground_no_psd,deep_tube_open,121.17316436767578,169.1377716064453,220.6952362060547,28.51758575439453,728.0
commuta_readings_today_20260810_184020.csv,6804,2026-08-10,2026-08-10T17:12:48.000+01:00,S08,Victoria,busier,Stockwell->Euston,platform,940GZZLUGPK,Green Park,underground_no_psd,deep_tube_open,205.58670043945312,281.70587158203125,362.5668640136719,28.43976593017578,756.0
commuta_readings_today_20260810_184020.csv,6805,2026-08-10,2026-08-10T17:12:58.000+01:00,S08,Victoria,busier,Stockwell->Euston,platform,940GZZLUGPK,Green Park,underground_no_psd,deep_tube_open,182.6853485107422,256.880615234375,336.9772033691406,28.40924644470215,757.0
commuta_readings_today_20260810_184020.csv,6806,2026-08-10,2026-08-10T17:13:08.000+01:00,S08,Victoria,busier,Stockwell->Euston,platform,940GZZLUGPK,Green Park,underground_no_psd,deep_tube_open,158.4059600830078,226.5527801513672,300.79803466796875,28.267337799072266,758.0
commuta_readings_today_20260810_184020.csv,6807,2026-08-10,2026-08-10T17:13:18.000+01:00,S08,Victoria,busier,Stockwell->Euston,platform,940GZZLUGPK,Green Park,underground_no_psd,deep_tube_open,135.1231689453125,193.28616333007812,256.65966796875,28.261234283447266,761.0
commuta_readings_today_20260810_184020.csv,6808,2026-08-10,2026-08-10T17:13:28.000+01:00,S08,Victoria,busier,Stockwell->Euston,platform,940GZZLUGPK,Green Park,underground_no_psd,deep_tube_open,124.1405029296875,173.9367218017578,227.58297729492188,28.210880279541016,764.0
commuta_readings_today_20260810_184020.csv,6809,2026-08-10,2026-08-10T17:13:38.000+01:00,S08,Victoria,busier,Stockwell->Euston,platform,940GZZLUGPK,Green Park,underground_no_psd,deep_tube_open,115.5015106201172,159.2587432861328,205.9355010986328,28.117799758911133,763.0
commuta_readings_today_20260810_184020.csv,6810,2026-08-10,2026-08-10T17:13:48.000+01:00,S08,Victoria,busier,Stockwell->Euston,platform,940GZZLUGPK,Green Park,underground_no_psd,deep_tube_open,114.97097778320312,154.87991333007812,196.75596618652344,28.0201416015625,763.0
commuta_readings_today_20260810_184020.csv,6811,2026-08-10,2026-08-10T17:13:58.000+01:00,S08,Victoria,busier,Stockwell->Euston,platform,940GZZLUGPK,Green Park,underground_no_psd,deep_tube_open,112.89535522460938,158.97189331054688,208.75335693359375,28.03082275390625,764.0
commuta_readings_today_20260810_184020.csv,6812,2026-08-10,2026-08-10T17:14:08.000+01:00,S08,Victoria,busier,Stockwell->Euston,in_train,,,,deep_tube_open,111.09661102294922,156.1394805908203,204.7510986328125,27.97283935546875,768.0
commuta_readings_today_20260810_184020.csv,6813,2026-08-10,2026-08-10T17:14:18.000+01:00,S08,Victoria,busier,Stockwell->Euston,in_train,,,,deep_tube_open,116.04066467285156,162.18568420410156,211.82598876953125,28.088808059692383,769.0
commuta_readings_today_20260810_184020.csv,6814,2026-08-10,2026-08-10T17:14:28.000+01:00,S08,Victoria,busier,Stockwell->Euston,in_train,,,,deep_tube_open,121.7239761352539,167.73944091796875,216.80618286132812,28.235294342041016,770.0
commuta_readings_today_20260810_184020.csv,6815,2026-08-10,2026-08-10T17:14:38.000+01:00,S08,Victoria,busier,Stockwell->Euston,in_train,,,,deep_tube_open,124.3137664794922,169.77467346191406,217.95700073242188,28.238346099853516,770.0
commuta_readings_today_20260810_184020.csv,6816,2026-08-10,2026-08-10T17:14:48.000+01:00,S08,Victoria,busier,Stockwell->Euston,in_train,,,,deep_tube_open,125.3791961669922,166.0214080810547,208.06752014160156,28.244449615478516,771.0
commuta_readings_today_20260810_184020.csv,6817,2026-08-10,2026-08-10T17:14:58.000+01:00,S08,Victoria,busier,Stockwell->Euston,in_train,,,,deep_tube_open,126.64098358154295,165.77598571777344,205.835693359375,28.3405818939209,779.0
commuta_readings_today_20260810_184020.csv,6818,2026-08-10,2026-08-10T17:15:08.000+01:00,S08,Victoria,busier,Stockwell->Euston,in_train,,,,deep_tube_open,125.75257873535156,166.9342498779297,209.63165283203125,28.38483238220215,780.0
commuta_readings_today_20260810_184020.csv,6819,2026-08-10,2026-08-10T17:15:18.000+01:00,S08,Victoria,busier,Stockwell->Euston,in_train,,,,deep_tube_open,130.18075561523438,176.6536865234375,225.6846618652344,28.34515953063965,790.0
commuta_readings_today_20260810_184020.csv,6820,2026-08-10,2026-08-10T17:15:28.000+01:00,S08,Victoria,busier,Stockwell->Euston,in_train,,,,deep_tube_open,136.60646057128906,189.084716796875,245.2028045654297,28.43976593017578,798.0
commuta_readings_today_20260810_184020.csv,6821,2026-08-10,2026-08-10T17:15:38.000+01:00,S08,Victoria,busier,Stockwell->Euston,in_train,,,,deep_tube_open,140.10830688476562,199.1511993408203,263.2708740234375,28.46570587158203,804.0
commuta_readings_today_20260810_184020.csv,6822,2026-08-10,2026-08-10T17:15:48.000+01:00,S08,Victoria,busier,Stockwell->Euston,in_train,,,,deep_tube_open,141.7657470703125,197.5075225830078,257.35650634765625,28.53589630126953,813.0
commuta_readings_today_20260810_184020.csv,6823,2026-08-10,2026-08-10T17:15:58.000+01:00,S08,Victoria,busier,Stockwell->Euston,in_train,,,,deep_tube_open,144.46240234375,202.68930053710935,265.4682922363281,28.58320045471191,832.0
commuta_readings_today_20260810_184020.csv,6824,2026-08-10,2026-08-10T17:16:08.000+01:00,S08,Victoria,busier,Stockwell->Euston,in_train,,,,deep_tube_open,144.6149444580078,206.05126953125,272.85491943359375,28.728160858154297,853.0
commuta_readings_today_20260810_184020.csv,6825,2026-08-10,2026-08-10T17:16:18.000+01:00,S08,Victoria,busier,Stockwell->Euston,platform,940GZZLUOXC,Oxford Circus,underground_no_psd,deep_tube_open,154.3549346923828,213.44676208496097,276.59857177734375,28.90669059753418,874.0
commuta_readings_today_20260810_184020.csv,6826,2026-08-10,2026-08-10T17:16:28.000+01:00,S08,Victoria,busier,Stockwell->Euston,platform,940GZZLUOXC,Oxford Circus,underground_no_psd,deep_tube_open,179.8196258544922,249.06573486328125,323.1460876464844,29.069963455200195,889.0
commuta_readings_today_20260810_184020.csv,6827,2026-08-10,2026-08-10T17:16:38.000+01:00,S08,Victoria,busier,Stockwell->Euston,platform,940GZZLUOXC,Oxford Circus,underground_no_psd,deep_tube_open,179.99282836914062,253.93338012695312,333.9042053222656,29.138628005981445,896.0
commuta_readings_today_20260810_184020.csv,6828,2026-08-10,2026-08-10T17:16:48.000+01:00,S08,Victoria,busier,Stockwell->Euston,platform,940GZZLUOXC,Oxford Circus,underground_no_psd,deep_tube_open,179.17897033691406,248.97618103027344,323.79583740234375,29.123369216918945,902.0
commuta_readings_today_20260810_184020.csv,6829,2026-08-10,2026-08-10T17:16:58.000+01:00,S08,Victoria,busier,Stockwell->Euston,platform,940GZZLUOXC,Oxford Circus,underground_no_psd,deep_tube_open,174.0877227783203,238.2144317626953,306.27154541015625,29.102006912231445,906.0
commuta_readings_today_20260810_184020.csv,6830,2026-08-10,2026-08-10T17:17:08.000+01:00,S08,Victoria,busier,Stockwell->Euston,platform,940GZZLUOXC,Oxford Circus,underground_no_psd,deep_tube_open,168.59559631347656,226.8119659423828,287.833984375,29.077592849731445,909.0
commuta_readings_today_20260810_184020.csv,6831,2026-08-10,2026-08-10T17:17:18.000+01:00,S08,Victoria,busier,Stockwell->Euston,platform,940GZZLUOXC,Oxford Circus,underground_no_psd,deep_tube_open,162.53456115722656,215.79754638671875,271.0289306640625,29.274433135986328,915.0
commuta_readings_today_20260810_184020.csv,6832,2026-08-10,2026-08-10T17:17:28.000+01:00,S08,Victoria,busier,Stockwell->Euston,platform,940GZZLUOXC,Oxford Circus,underground_no_psd,deep_tube_open,157.1014404296875,208.8533172607422,262.5771484375,29.445335388183594,925.0
commuta_readings_today_20260810_184020.csv,6833,2026-08-10,2026-08-10T17:17:38.000+01:00,S08,Victoria,busier,Stockwell->Euston,platform,940GZZLUOXC,Oxford Circus,underground_no_psd,deep_tube_open,157.0855255126953,211.292236328125,268.1039733886719,29.41939353942871,931.0
commuta_readings_today_20260810_184020.csv,6834,2026-08-10,2026-08-10T17:17:48.000+01:00,S08,Victoria,busier,Stockwell->Euston,platform,940GZZLUOXC,Oxford Circus,underground_no_psd,deep_tube_open,160.68653869628906,214.9595489501953,271.5945129394531,29.214923858642575,934.0
commuta_readings_today_20260810_184020.csv,6835,2026-08-10,2026-08-10T17:17:58.000+01:00,S08,Victoria,busier,Stockwell->Euston,in_train,,,,deep_tube_open,155.36077880859375,208.9876251220703,265.1948547363281,29.680322647094727,940.0
commuta_readings_today_20260810_184020.csv,6836,2026-08-10,2026-08-10T17:18:08.000+01:00,S08,Victoria,busier,Stockwell->Euston,in_train,,,,deep_tube_open,155.0657196044922,213.16261291503903,275.0120544433594,29.971771240234375,953.0
commuta_readings_today_20260810_184020.csv,6837,2026-08-10,2026-08-10T17:18:18.000+01:00,S08,Victoria,busier,Stockwell->Euston,in_train,,,,deep_tube_open,158.74964904785156,219.24887084960935,283.85284423828125,29.985504150390625,973.0
commuta_readings_today_20260810_184020.csv,6838,2026-08-10,2026-08-10T17:18:28.000+01:00,S08,Victoria,busier,Stockwell->Euston,in_train,,,,deep_tube_open,162.37937927246094,221.8151397705078,284.8196716308594,30.070955276489254,978.0
commuta_readings_today_20260810_184020.csv,6839,2026-08-10,2026-08-10T17:18:38.000+01:00,S08,Victoria,busier,Stockwell->Euston,in_train,,,,deep_tube_open,161.26129150390625,221.94000244140625,286.5882263183594,30.162508010864254,989.0
commuta_readings_today_20260810_184020.csv,6840,2026-08-10,2026-08-10T17:18:48.000+01:00,S08,Victoria,busier,Stockwell->Euston,in_train,,,,deep_tube_open,161.9745635986328,222.5802764892578,287.085205078125,30.124361038208008,989.0
commuta_readings_today_20260810_184020.csv,6841,2026-08-10,2026-08-10T17:18:58.000+01:00,S08,Victoria,busier,Stockwell->Euston,in_train,,,,deep_tube_open,161.58238220214844,217.9426116943359,277.1373596191406,30.20523452758789,993.0
commuta_readings_today_20260810_184020.csv,6842,2026-08-10,2026-08-10T17:19:08.000+01:00,S08,Victoria,busier,Stockwell->Euston,in_train,,,,deep_tube_open,158.86575317382812,210.6653289794922,264.3216247558594,30.28305435180664,996.0
commuta_readings_today_20260810_184020.csv,6843,2026-08-10,2026-08-10T17:19:18.000+01:00,S08,Victoria,busier,Stockwell->Euston,in_train,,,,deep_tube_open,154.910400390625,207.83509826660156,263.19195556640625,30.400548934936523,1009.0
commuta_readings_today_20260810_184020.csv,6844,2026-08-10,2026-08-10T17:19:28.000+01:00,S08,Victoria,busier,Stockwell->Euston,in_train,,,,deep_tube_open,152.17977905273438,201.40525817871097,252.3079071044922,30.62790870666504,1018.0
commuta_readings_today_20260810_184020.csv,6845,2026-08-10,2026-08-10T17:19:38.000+01:00,S08,Victoria,busier,Stockwell->Euston,in_train,,,,deep_tube_open,153.5590057373047,202.29498291015625,252.4823760986328,30.870527267456055,1040.0
commuta_readings_today_20260810_184020.csv,6846,2026-08-10,2026-08-10T17:19:48.000+01:00,S08,Victoria,busier,Stockwell->Euston,platform,940GZZLUWRR,Warren Street,underground_no_psd,deep_tube_open,169.2388916015625,221.05081176757812,273.9731140136719,30.890363693237305,1049.0
commuta_readings_today_20260810_184020.csv,6847,2026-08-10,2026-08-10T17:19:58.000+01:00,S08,Victoria,busier,Stockwell->Euston,platform,940GZZLUWRR,Warren Street,underground_no_psd,deep_tube_open,187.07371520996097,246.5391845703125,307.7967224121094,30.536354064941406,1056.0
commuta_readings_today_20260810_184020.csv,6848,2026-08-10,2026-08-10T17:20:08.000+01:00,S08,Victoria,busier,Stockwell->Euston,platform,940GZZLUWRR,Warren Street,underground_no_psd,deep_tube_open,176.05105590820312,235.8943023681641,298.4233093261719,30.334936141967773,1056.0
commuta_readings_today_20260810_184020.csv,6849,2026-08-10,2026-08-10T17:20:18.000+01:00,S08,Victoria,busier,Stockwell->Euston,platform,940GZZLUWRR,Warren Street,underground_no_psd,deep_tube_open,167.76686096191406,223.5686492919922,281.6143798828125,30.031280517578125,1055.0
commuta_readings_today_20260810_184020.csv,6850,2026-08-10,2026-08-10T17:20:28.000+01:00,S08,Victoria,busier,Stockwell->Euston,platform,940GZZLUWRR,Warren Street,underground_no_psd,deep_tube_open,100.1817855834961,131.01707458496094,162.55213928222656,29.874113082885746,1051.0
commuta_readings_today_20260810_184020.csv,6851,2026-08-10,2026-08-10T17:20:38.000+01:00,S08,Victoria,busier,Stockwell->Euston,platform,940GZZLUWRR,Warren Street,underground_no_psd,deep_tube_open,81.06356048583984,105.10772705078124,129.48471069335938,28.981460571289062,1044.0
commuta_readings_today_20260810_184020.csv,6852,2026-08-10,2026-08-10T17:20:48.000+01:00,S08,Victoria,busier,Stockwell->Euston,platform,940GZZLUWRR,Warren Street,underground_no_psd,deep_tube_open,74.1487045288086,96.9634780883789,120.29418182373048,28.36957359313965,1009.0
commuta_readings_today_20260810_184020.csv,6853,2026-08-10,2026-08-10T17:20:58.000+01:00,S08,Victoria,busier,Stockwell->Euston,platform,940GZZLUWRR,Warren Street,underground_no_psd,deep_tube_open,82.61431121826172,110.18611907958984,138.8868865966797,28.123903274536133,974.0
commuta_readings_today_20260810_184020.csv,6854,2026-08-10,2026-08-10T17:21:08.000+01:00,S08,Victoria,busier,Stockwell->Euston,platform,940GZZLUWRR,Warren Street,underground_no_psd,deep_tube_open,104.21070098876952,139.48236083984375,176.30482482910156,27.97283935546875,945.0
commuta_readings_today_20260810_184020.csv,6855,2026-08-10,2026-08-10T17:21:18.000+01:00,S08,Victoria,busier,Stockwell->Euston,platform,940GZZLUWRR,Warren Street,underground_no_psd,deep_tube_open,129.62327575683594,173.03692626953125,218.2612762451172,28.142213821411133,923.0
commuta_readings_today_20260810_184020.csv,6856,2026-08-10,2026-08-10T17:21:28.000+01:00,S08,Victoria,busier,Stockwell->Euston,platform,940GZZLUWRR,Warren Street,underground_no_psd,deep_tube_open,150.5120849609375,201.2010040283203,254.06434631347656,28.807506561279297,920.0
commuta_readings_today_20260810_184020.csv,6857,2026-08-10,2026-08-10T17:21:38.000+01:00,S08,Victoria,busier,Stockwell->Euston,platform,940GZZLUWRR,Warren Street,underground_no_psd,deep_tube_open,162.49966430664062,219.78179931640625,280.0694885253906,28.87922477722168,923.0
commuta_readings_today_20260810_184020.csv,6858,2026-08-10,2026-08-10T17:21:48.000+01:00,S08,Victoria,busier,Stockwell->Euston,in_train,,,,deep_tube_open,168.68942260742188,226.8981781005859,287.90386962890625,29.26070022583008,925.0
commuta_readings_today_20260810_184020.csv,6859,2026-08-10,2026-08-10T17:21:58.000+01:00,S08,Victoria,busier,Stockwell->Euston,in_train,,,,deep_tube_open,174.90135192871094,237.65879821777344,303.9353332519531,29.590295791625977,938.0
commuta_readings_today_20260810_184020.csv,6860,2026-08-10,2026-08-10T17:22:08.000+01:00,S08,Victoria,busier,Stockwell->Euston,in_train,,,,deep_tube_open,176.85177612304688,239.6781311035156,305.9004211425781,29.71236801147461,967.0
commuta_readings_today_20260810_184020.csv,6861,2026-08-10,2026-08-10T17:22:18.000+01:00,S08,Victoria,busier,Stockwell->Euston,in_train,,,,deep_tube_open,173.03634643554688,234.85096740722656,300.0766906738281,29.929044723510746,1014.0
commuta_readings_today_20260810_184020.csv,6862,2026-08-10,2026-08-10T17:22:28.000+01:00,S08,Victoria,busier,Stockwell->Euston,in_train,,,,deep_tube_open,167.51904296875,225.7344970703125,286.8331298828125,29.982452392578125,1052.0
commuta_readings_today_20260810_184020.csv,6863,2026-08-10,2026-08-10T17:22:38.000+01:00,S08,Victoria,busier,Stockwell->Euston,in_train,,,,deep_tube_open,164.80747985839844,217.5020446777344,271.85443115234375,30.170137405395508,1078.0
commuta_readings_today_20260810_184020.csv,6864,2026-08-10,2026-08-10T17:22:48.000+01:00,S08,Victoria,busier,Stockwell->Euston,in_train,,,,deep_tube_open,161.10389709472656,212.59754943847656,265.7074279785156,30.21896743774414,1102.0
commuta_readings_today_20260810_184020.csv,6865,2026-08-10,2026-08-10T17:22:58.000+01:00,S08,Victoria,busier,Stockwell->Euston,in_train,,,,deep_tube_open,158.6356658935547,210.04660034179688,263.2308349609375,30.469215393066406,1116.0
commuta_readings_today_20260810_184020.csv,6866,2026-08-10,2026-08-10T17:23:08.000+01:00,S08,Victoria,busier,Stockwell->Euston,in_train,,,,deep_tube_open,149.3974151611328,197.13043212890625,246.35740661621097,30.731670379638672,1126.0
commuta_readings_today_20260810_184020.csv,6867,2026-08-10,2026-08-10T17:23:18.000+01:00,S08,Victoria,busier,Stockwell->Euston,in_train,,,,deep_tube_open,141.2576141357422,187.7076110839844,235.90936279296875,30.876630783081055,1136.0
commuta_readings_today_20260810_184020.csv,6868,2026-08-10,2026-08-10T17:23:28.000+01:00,S08,Victoria,busier,Stockwell->Euston,in_train,,,,deep_tube_open,143.21690368652344,187.4234161376953,232.66258239746097,30.896467208862305,1146.0
commuta_readings_today_20260810_184020.csv,6869,2026-08-10,2026-08-10T17:23:38.000+01:00,S08,Victoria,busier,Stockwell->Euston,platform,940GZZLUEUS,Euston,underground_no_psd,deep_tube_open,135.24513244628906,181.22206115722656,229.26339721679688,30.823225021362305,1152.0
commuta_readings_today_20260810_184020.csv,6870,2026-08-10,2026-08-10T17:23:48.000+01:00,S08,Victoria,busier,Stockwell->Euston,platform,940GZZLUEUS,Euston,underground_no_psd,deep_tube_open,105.46822357177734,140.18934631347656,176.22865295410156,30.22964859008789,1150.0
commuta_readings_today_20260810_184020.csv,6871,2026-08-10,2026-08-10T17:23:58.000+01:00,S08,Victoria,busier,Stockwell->Euston,platform,940GZZLUEUS,Euston,underground_no_psd,deep_tube_open,97.53459930419922,132.12786865234375,168.57968139648438,29.82833671569824,1145.0
commuta_readings_today_20260810_184020.csv,6872,2026-08-10,2026-08-10T17:24:08.000+01:00,S08,Victoria,busier,Stockwell->Euston,platform,940GZZLUEUS,Euston,underground_no_psd,deep_tube_open,93.81419372558594,129.11544799804688,166.72630310058594,29.41023826599121,1104.0
commuta_readings_today_20260810_184020.csv,6873,2026-08-10,2026-08-10T17:24:18.000+01:00,S08,Victoria,busier,Stockwell->Euston,platform,940GZZLUEUS,Euston,underground_no_psd,deep_tube_open,87.92166137695312,126.96346282958984,169.70361328125,28.91889762878418,1067.0
commuta_readings_today_20260810_184020.csv,6874,2026-08-10,2026-08-10T17:24:28.000+01:00,S08,Victoria,busier,Stockwell->Euston,platform,940GZZLUEUS,Euston,underground_no_psd,deep_tube_open,89.93075561523438,127.99507904052734,169.3609619140625,28.703746795654297,1027.0
commuta_readings_today_20260810_184020.csv,6875,2026-08-10,2026-08-10T17:24:38.000+01:00,S08,Victoria,busier,Stockwell->Euston,platform,940GZZLUEUS,Euston,underground_no_psd,deep_tube_open,91.35436248779295,126.01194763183594,162.9911651611328,28.738842010498047,1003.0
commuta_readings_today_20260810_184020.csv,6876,2026-08-10,2026-08-10T17:24:48.000+01:00,S08,Victoria,busier,Stockwell->Euston,platform,940GZZLUEUS,Euston,underground_no_psd,deep_tube_open,92.06753540039062,128.121826171875,166.80577087402344,28.87312126159668,980.0
commuta_readings_today_20260810_184020.csv,6877,2026-08-10,2026-08-10T17:24:58.000+01:00,S08,Victoria,busier,Stockwell->Euston,platform,940GZZLUEUS,Euston,underground_no_psd,deep_tube_open,91.05004119873048,129.22860717773438,170.65725708007812,28.694591522216797,961.0
commuta_readings_today_20260810_184020.csv,6878,2026-08-10,2026-08-10T17:25:08.000+01:00,S08,Victoria,busier,Stockwell->Euston,platform,940GZZLUEUS,Euston,underground_no_psd,deep_tube_open,93.3328628540039,129.8790740966797,169.0901641845703,28.47638702392578,946.0
commuta_readings_today_20260810_184020.csv,6879,2026-08-10,2026-08-10T17:25:18.000+01:00,S08,Victoria,busier,Stockwell->Euston,platform,940GZZLUEUS,Euston,underground_no_psd,deep_tube_open,95.21025848388672,130.16104125976562,167.23031616210938,28.155946731567383,925.0
commuta_readings_today_20260810_184020.csv,6880,2026-08-10,2026-08-10T17:25:28.000+01:00,S08,Victoria,busier,Stockwell->Euston,platform,940GZZLUEUS,Euston,underground_no_psd,deep_tube_open,89.72620391845703,126.5351104736328,166.33712768554688,28.119325637817383,908.0
commuta_readings_today_20260810_184020.csv,6883,2026-08-10,2026-08-10T17:56:37.000+01:00,S09,Hammersmith & City,busier,Paddington->Liverpool Street,platform,940GZZLUPAH,Paddington (H&C Line)-Underground,open_air,sub_surface,5.7737040519714355,7.477759838104248,9.203335762023926,33.556114196777344,1008.0
commuta_readings_today_20260810_184020.csv,6884,2026-08-10,2026-08-10T17:56:46.000+01:00,S09,Hammersmith & City,busier,Paddington->Liverpool Street,platform,940GZZLUPAH,Paddington (H&C Line)-Underground,open_air,sub_surface,5.78615665435791,7.427742004394531,9.073866844177246,33.32570266723633,915.0
commuta_readings_today_20260810_184020.csv,6885,2026-08-10,2026-08-10T17:56:57.000+01:00,S09,Hammersmith & City,busier,Paddington->Liverpool Street,platform,940GZZLUPAH,Paddington (H&C Line)-Underground,open_air,sub_surface,4.9157843589782715,6.291007041931152,7.665084362030029,32.89082336425781,842.0
commuta_readings_today_20260810_184020.csv,6886,2026-08-10,2026-08-10T17:57:07.000+01:00,S09,Hammersmith & City,busier,Paddington->Liverpool Street,platform,940GZZLUPAH,Paddington (H&C Line)-Underground,open_air,sub_surface,3.8937172889709473,4.944751739501953,5.985029220581055,32.64362716674805,773.0
commuta_readings_today_20260810_184020.csv,6887,2026-08-10,2026-08-10T17:57:16.000+01:00,S09,Hammersmith & City,busier,Paddington->Liverpool Street,platform,940GZZLUPAH,Paddington (H&C Line)-Underground,open_air,sub_surface,3.211498737335205,4.046209335327148,4.863765716552734,32.269779205322266,721.0
commuta_readings_today_20260810_184020.csv,6888,2026-08-10,2026-08-10T17:57:27.000+01:00,S09,Hammersmith & City,busier,Paddington->Liverpool Street,platform,940GZZLUPAH,Paddington (H&C Line)-Underground,open_air,sub_surface,2.565204620361328,3.2090771198272705,3.83336329460144,32.03326416015625,679.0
commuta_readings_today_20260810_184020.csv,6889,2026-08-10,2026-08-10T17:57:37.000+01:00,S09,Hammersmith & City,busier,Paddington->Liverpool Street,platform,940GZZLUPAH,Paddington (H&C Line)-Underground,open_air,sub_surface,2.2479186058044434,2.7970612049102783,3.325155019760132,31.95086669921875,647.0
commuta_readings_today_20260810_184020.csv,6890,2026-08-10,2026-08-10T17:57:47.000+01:00,S09,Hammersmith & City,busier,Paddington->Liverpool Street,platform,940GZZLUPAH,Paddington (H&C Line)-Underground,open_air,sub_surface,2.574892282485962,3.183339357376098,3.7623796463012695,31.805904388427734,617.0
commuta_readings_today_20260810_184020.csv,6891,2026-08-10,2026-08-10T17:57:56.000+01:00,S09,Hammersmith & City,busier,Paddington->Liverpool Street,platform,940GZZLUPAH,Paddington (H&C Line)-Underground,open_air,sub_surface,2.9670469760894775,3.638585329055786,4.2686238288879395,31.763179779052734,582.0
commuta_readings_today_20260810_184020.csv,6892,2026-08-10,2026-08-10T17:58:06.000+01:00,S09,Hammersmith & City,busier,Paddington->Liverpool Street,platform,940GZZLUPAH,Paddington (H&C Line)-Underground,open_air,sub_surface,2.5415825843811035,3.095118761062622,3.607518196105957,31.52971649169922,562.0
commuta_readings_today_20260810_184020.csv,6893,2026-08-10,2026-08-10T17:58:16.000+01:00,S09,Hammersmith & City,busier,Paddington->Liverpool Street,platform,940GZZLUPAH,Paddington (H&C Line)-Underground,open_air,sub_surface,2.3476314544677734,2.834221363067627,3.2764532566070557,31.49462127685547,551.0
commuta_readings_today_20260810_184020.csv,6894,2026-08-10,2026-08-10T17:58:26.000+01:00,S09,Hammersmith & City,busier,Paddington->Liverpool Street,platform,940GZZLUPAH,Paddington (H&C Line)-Underground,open_air,sub_surface,2.0893049240112305,2.507007837295532,2.8812832832336426,31.56328773498535,544.0
commuta_readings_today_20260810_184020.csv,6895,2026-08-10,2026-08-10T17:58:36.000+01:00,S09,Hammersmith & City,busier,Paddington->Liverpool Street,platform,940GZZLUPAH,Paddington (H&C Line)-Underground,open_air,sub_surface,2.090217113494873,2.4923787117004395,2.8470468521118164,31.52361297607422,538.0
commuta_readings_today_20260810_184020.csv,6896,2026-08-10,2026-08-10T17:58:46.000+01:00,S09,Hammersmith & City,busier,Paddington->Liverpool Street,platform,940GZZLUPAH,Paddington (H&C Line)-Underground,open_air,sub_surface,3.685641050338745,4.355210304260254,4.930851936340332,31.44579315185547,533.0
commuta_readings_today_20260810_184020.csv,6897,2026-08-10,2026-08-10T17:58:56.000+01:00,S09,Hammersmith & City,busier,Paddington->Liverpool Street,platform,940GZZLUPAH,Paddington (H&C Line)-Underground,open_air,sub_surface,6.746960639953613,7.9831223487854,9.05002784729004,31.421377182006836,526.0
commuta_readings_today_20260810_184020.csv,6898,2026-08-10,2026-08-10T17:59:07.000+01:00,S09,Hammersmith & City,busier,Paddington->Liverpool Street,platform,940GZZLUPAH,Paddington (H&C Line)-Underground,open_air,sub_surface,8.783467292785645,10.466416358947754,11.947985649108888,31.287097930908203,521.0
commuta_readings_today_20260810_184020.csv,6899,2026-08-10,2026-08-10T17:59:16.000+01:00,S09,Hammersmith & City,busier,Paddington->Liverpool Street,platform,940GZZLUPAH,Paddington (H&C Line)-Underground,open_air,sub_surface,10.06691551208496,12.189562797546388,14.131292343139648,31.189441680908203,520.0
commuta_readings_today_20260810_184020.csv,6900,2026-08-10,2026-08-10T17:59:27.000+01:00,S09,Hammersmith & City,busier,Paddington->Liverpool Street,platform,940GZZLUPAH,Paddington (H&C Line)-Underground,open_air,sub_surface,11.92696762084961,14.609267234802246,17.120330810546875,31.226062774658203,519.0
commuta_readings_today_20260810_184020.csv,6901,2026-08-10,2026-08-10T17:59:37.000+01:00,S09,Hammersmith & City,busier,Paddington->Liverpool Street,platform,940GZZLUPAH,Paddington (H&C Line)-Underground,open_air,sub_surface,11.867461204528809,14.630899429321287,17.2482852935791,31.285572052001953,518.0
commuta_readings_today_20260810_184020.csv,6902,2026-08-10,2026-08-10T17:59:46.000+01:00,S09,Hammersmith & City,busier,Paddington->Liverpool Street,platform,940GZZLUPAH,Paddington (H&C Line)-Underground,open_air,sub_surface,9.568867683410645,11.937201499938965,14.223855018615724,31.06889533996582,517.0
commuta_readings_today_20260810_184020.csv,6903,2026-08-10,2026-08-10T17:59:56.000+01:00,S09,Hammersmith & City,busier,Paddington->Liverpool Street,in_train,,,,sub_surface,7.153416156768799,8.966495513916016,10.729474067687988,30.920881271362305,517.0
commuta_readings_today_20260810_184020.csv,6904,2026-08-10,2026-08-10T18:00:07.000+01:00,S09,Hammersmith & City,busier,Paddington->Liverpool Street,in_train,,,,sub_surface,5.361329555511475,6.719039440155029,8.038902282714844,31.297779083251953,522.0
commuta_readings_today_20260810_184020.csv,6905,2026-08-10,2026-08-10T18:00:16.000+01:00,S09,Hammersmith & City,busier,Paddington->Liverpool Street,in_train,,,,sub_surface,4.004148483276367,5.006291389465332,5.977112770080566,31.6319522857666,547.0
commuta_readings_today_20260810_184020.csv,6906,2026-08-10,2026-08-10T18:00:27.000+01:00,S09,Hammersmith & City,busier,Paddington->Liverpool Street,in_train,,,,sub_surface,3.3608109951019287,4.189248561859131,4.988128662109375,31.689937591552734,594.0
commuta_readings_today_20260810_184020.csv,6907,2026-08-10,2026-08-10T18:00:37.000+01:00,S09,Hammersmith & City,busier,Paddington->Liverpool Street,in_train,,,,sub_surface,3.1703319549560547,3.9395461082458496,4.6777191162109375,31.882200241088867,627.0
commuta_readings_today_20260810_184020.csv,6908,2026-08-10,2026-08-10T18:00:46.000+01:00,S09,Hammersmith & City,busier,Paddington->Liverpool Street,in_train,,,,sub_surface,3.5671136379241943,4.409369945526123,5.210719585418701,32.11566162109375,686.0
commuta_readings_today_20260810_184020.csv,6909,2026-08-10,2026-08-10T18:00:57.000+01:00,S09,Hammersmith & City,busier,Paddington->Liverpool Street,in_train,,,,sub_surface,3.649156332015991,4.474749565124512,5.249218463897705,32.356754302978516,754.0
commuta_readings_today_20260810_184020.csv,6910,2026-08-10,2026-08-10T18:01:07.000+01:00,S09,Hammersmith & City,busier,Paddington->Liverpool Street,in_train,,,,sub_surface,3.9835474491119385,4.852858543395996,5.658139228820801,32.52460479736328,801.0
commuta_readings_today_20260810_184020.csv,6911,2026-08-10,2026-08-10T18:01:17.000+01:00,S09,Hammersmith & City,busier,Paddington->Liverpool Street,in_train,,,,sub_surface,3.921675205230713,4.763175010681152,5.537952899932861,32.61920928955078,836.0
commuta_readings_today_20260810_184020.csv,6912,2026-08-10,2026-08-10T18:01:27.000+01:00,S09,Hammersmith & City,busier,Paddington->Liverpool Street,in_train,,,,sub_surface,3.7055203914642334,4.472831726074219,5.169941425323486,32.85114669799805,874.0
commuta_readings_today_20260810_184020.csv,6914,2026-08-10,2026-08-10T18:01:46.000+01:00,S09,Hammersmith & City,busier,Paddington->Liverpool Street,in_train,,,,sub_surface,4.203380584716797,5.025156497955322,5.754778861999512,32.93354797363281,910.0
commuta_readings_today_20260810_184020.csv,6915,2026-08-10,2026-08-10T18:01:56.000+01:00,S09,Hammersmith & City,busier,Paddington->Liverpool Street,in_train,,,,sub_surface,4.474514961242676,5.333751678466797,6.090888977050781,32.95491027832031,921.0
commuta_readings_today_20260810_184020.csv,6916,2026-08-10,2026-08-10T18:02:06.000+01:00,S09,Hammersmith & City,busier,Paddington->Liverpool Street,in_train,,,,sub_surface,4.423889636993408,5.231961727142334,5.928420066833496,33.02357482910156,928.0
commuta_readings_today_20260810_184020.csv,6917,2026-08-10,2026-08-10T18:02:16.000+01:00,S09,Hammersmith & City,busier,Paddington->Liverpool Street,in_train,,,,sub_surface,4.789856910705566,5.629131317138672,6.338380336761475,33.07087707519531,933.0
commuta_readings_today_20260810_184020.csv,6918,2026-08-10,2026-08-10T18:02:26.000+01:00,S09,Hammersmith & City,busier,Paddington->Liverpool Street,in_train,,,,sub_surface,5.295102119445801,6.226320266723633,7.014678001403809,32.98390197753906,935.0
commuta_readings_today_20260810_184020.csv,6919,2026-08-10,2026-08-10T18:02:37.000+01:00,S09,Hammersmith & City,busier,Paddington->Liverpool Street,in_train,,,,sub_surface,5.594855308532715,6.584602355957031,7.424897193908691,33.01441955566406,935.0
commuta_readings_today_20260810_184020.csv,6921,2026-08-10,2026-08-10T18:02:56.000+01:00,S09,Hammersmith & City,busier,Paddington->Liverpool Street,in_train,,,,sub_surface,5.570074081420898,6.528140544891357,7.330390930175781,33.01899719238281,941.0
commuta_readings_today_20260810_184020.csv,6922,2026-08-10,2026-08-10T18:03:06.000+01:00,S09,Hammersmith & City,busier,Paddington->Liverpool Street,in_train,,,,sub_surface,6.250988006591797,7.332469940185547,8.240710258483887,33.11665344238281,943.0
commuta_readings_today_20260810_184020.csv,6923,2026-08-10,2026-08-10T18:03:17.000+01:00,S09,Hammersmith & City,busier,Paddington->Liverpool Street,in_train,,,,sub_surface,7.052852630615234,8.260906219482422,9.270363807678224,33.15175247192383,946.0
commuta_readings_today_20260810_184020.csv,6924,2026-08-10,2026-08-10T18:03:26.000+01:00,S09,Hammersmith & City,busier,Paddington->Liverpool Street,in_train,,,,sub_surface,6.221539497375488,7.271484375,8.142195701599121,33.35927200317383,951.0
commuta_readings_today_20260810_184020.csv,6925,2026-08-10,2026-08-10T18:03:36.000+01:00,S09,Hammersmith & City,busier,Paddington->Liverpool Street,in_train,,,,sub_surface,5.640459060668945,6.588932037353516,7.374034404754639,33.386741638183594,960.0
commuta_readings_today_20260810_184020.csv,6926,2026-08-10,2026-08-10T18:03:47.000+01:00,S09,Hammersmith & City,busier,Paddington->Liverpool Street,platform,940GZZLUERC,Edgware Road (Circle Line),open_air,sub_surface,5.9184136390686035,6.911576747894287,7.732789039611816,33.16548538208008,967.0
commuta_readings_today_20260810_184020.csv,6927,2026-08-10,2026-08-10T18:03:56.000+01:00,S09,Hammersmith & City,busier,Paddington->Liverpool Street,platform,940GZZLUERC,Edgware Road (Circle Line),open_air,sub_surface,5.6852006912231445,6.6392316818237305,7.428088665008545,32.227054595947266,954.0
commuta_readings_today_20260810_184020.csv,6928,2026-08-10,2026-08-10T18:04:06.000+01:00,S09,Hammersmith & City,busier,Paddington->Liverpool Street,platform,940GZZLUERC,Edgware Road (Circle Line),open_air,sub_surface,5.278217792510986,6.15294075012207,6.871479034423828,31.6075382232666,907.0
commuta_readings_today_20260810_184020.csv,6929,2026-08-10,2026-08-10T18:04:16.000+01:00,S09,Hammersmith & City,busier,Paddington->Liverpool Street,platform,940GZZLUERC,Edgware Road (Circle Line),open_air,sub_surface,5.0692853927612305,5.9011921882629395,6.580986976623535,31.16655158996582,840.0
commuta_readings_today_20260810_184020.csv,6930,2026-08-10,2026-08-10T18:04:26.000+01:00,S09,Hammersmith & City,busier,Paddington->Liverpool Street,platform,940GZZLUERC,Edgware Road (Circle Line),open_air,sub_surface,4.9560112953186035,5.739884376525879,6.367465019226074,30.971237182617188,784.0
commuta_readings_today_20260810_184020.csv,6931,2026-08-10,2026-08-10T18:04:36.000+01:00,S09,Hammersmith & City,busier,Paddington->Liverpool Street,platform,940GZZLUERC,Edgware Road (Circle Line),open_air,sub_surface,5.288513660430908,6.068902015686035,6.668076038360596,30.937667846679688,746.0
commuta_readings_today_20260810_184020.csv,6932,2026-08-10,2026-08-10T18:04:47.000+01:00,S09,Hammersmith & City,busier,Paddington->Liverpool Street,platform,940GZZLUERC,Edgware Road (Circle Line),open_air,sub_surface,5.345186233520508,6.106685161590576,6.678011417388916,30.818647384643555,702.0
commuta_readings_today_20260810_184020.csv,6933,2026-08-10,2026-08-10T18:04:56.000+01:00,S09,Hammersmith & City,busier,Paddington->Liverpool Street,platform,940GZZLUERC,Edgware Road (Circle Line),open_air,sub_surface,4.873979568481445,5.55232048034668,6.053126335144043,30.704204559326172,678.0
commuta_readings_today_20260810_184020.csv,6934,2026-08-10,2026-08-10T18:05:06.000+01:00,S09,Hammersmith & City,busier,Paddington->Liverpool Street,platform,940GZZLUERC,Edgware Road (Circle Line),open_air,sub_surface,5.4405927658081055,6.187716007232666,6.734071254730225,30.803386688232425,670.0
commuta_readings_today_20260810_184020.csv,6935,2026-08-10,2026-08-10T18:05:16.000+01:00,S09,Hammersmith & City,busier,Paddington->Liverpool Street,platform,940GZZLUERC,Edgware Road (Circle Line),open_air,sub_surface,6.266592979431152,7.140419006347656,7.78641414642334,30.930036544799805,666.0
commuta_readings_today_20260810_184020.csv,6936,2026-08-10,2026-08-10T18:05:26.000+01:00,S09,Hammersmith & City,busier,Paddington->Liverpool Street,platform,940GZZLUERC,Edgware Road (Circle Line),open_air,sub_surface,7.120337963104248,8.1447114944458,8.91832447052002,31.03379821777344,667.0
commuta_readings_today_20260810_184020.csv,6941,2026-08-10,2026-08-10T18:06:16.000+01:00,S09,Hammersmith & City,busier,Paddington->Liverpool Street,in_train,,,,sub_surface,5.587338447570801,6.41167688369751,7.044524669647217,32.172122955322266,813.0
commuta_readings_today_20260810_184020.csv,6942,2026-08-10,2026-08-10T18:06:26.000+01:00,S09,Hammersmith & City,busier,Paddington->Liverpool Street,in_train,,,,sub_surface,5.71295166015625,6.570619106292725,7.236299514770508,32.58563995361328,879.0
commuta_readings_today_20260810_184020.csv,6944,2026-08-10,2026-08-10T18:06:46.000+01:00,S09,Hammersmith & City,busier,Paddington->Liverpool Street,in_train,,,,sub_surface,6.703641414642334,7.734384536743164,8.546116828918457,32.91371154785156,974.0
commuta_readings_today_20260810_184020.csv,6945,2026-08-10,2026-08-10T18:06:57.000+01:00,S09,Hammersmith & City,busier,Paddington->Liverpool Street,in_train,,,,sub_surface,7.682084083557129,8.842101097106934,9.74569034576416,33.09529113769531,1022.0
commuta_readings_today_20260810_184020.csv,6946,2026-08-10,2026-08-10T18:07:06.000+01:00,S09,Hammersmith & City,busier,Paddington->Liverpool Street,in_train,,,,sub_surface,9.654363632202148,11.106160163879396,12.234139442443848,33.26619338989258,1058.0
commuta_readings_today_20260810_184020.csv,6947,2026-08-10,2026-08-10T18:07:17.000+01:00,S09,Hammersmith & City,busier,Paddington->Liverpool Street,in_train,,,,sub_surface,10.684396743774414,12.300777435302734,13.561291694641112,33.455406188964844,1101.0
commuta_readings_today_20260810_184020.csv,6948,2026-08-10,2026-08-10T18:07:27.000+01:00,S09,Hammersmith & City,busier,Paddington->Liverpool Street,in_train,,,,sub_surface,11.286836624145508,12.972509384155272,14.27662181854248,33.551536560058594,1134.0
commuta_readings_today_20260810_184020.csv,6949,2026-08-10,2026-08-10T18:07:36.000+01:00,S09,Hammersmith & City,busier,Paddington->Liverpool Street,in_train,,,,sub_surface,11.411898612976074,13.114115715026855,14.429994583129885,33.85366439819336,1180.0
commuta_readings_today_20260810_184020.csv,6950,2026-08-10,2026-08-10T18:07:47.000+01:00,S09,Hammersmith & City,busier,Paddington->Liverpool Street,platform,940GZZLUBST,Baker Street,underground_no_psd,sub_surface,25.08318328857422,29.01314353942871,32.14247131347656,34.21072769165039,1208.0
commuta_readings_today_20260810_184020.csv,6951,2026-08-10,2026-08-10T18:07:56.000+01:00,S09,Hammersmith & City,busier,Paddington->Liverpool Street,platform,940GZZLUBST,Baker Street,underground_no_psd,sub_surface,28.960966110229492,34.02428436279297,38.298553466796875,33.920806884765625,1205.0
commuta_readings_today_20260810_184020.csv,6952,2026-08-10,2026-08-10T18:08:06.000+01:00,S09,Hammersmith & City,busier,Paddington->Liverpool Street,platform,940GZZLUBST,Baker Street,underground_no_psd,sub_surface,32.300697326660156,39.048336029052734,45.1992301940918,33.69649887084961,1164.0
commuta_readings_today_20260810_184020.csv,6953,2026-08-10,2026-08-10T18:08:16.000+01:00,S09,Hammersmith & City,busier,Paddington->Liverpool Street,platform,940GZZLUBST,Baker Street,underground_no_psd,sub_surface,36.825401306152344,46.06758499145508,55.028316497802734,33.435569763183594,1052.0
commuta_readings_today_20260810_184020.csv,6954,2026-08-10,2026-08-10T18:08:26.000+01:00,S09,Hammersmith & City,busier,Paddington->Liverpool Street,platform,940GZZLUBST,Baker Street,underground_no_psd,sub_surface,37.80503463745117,47.78373718261719,57.59980392456055,33.395896911621094,978.0
commuta_readings_today_20260810_184020.csv,6955,2026-08-10,2026-08-10T18:08:36.000+01:00,S09,Hammersmith & City,busier,Paddington->Liverpool Street,platform,940GZZLUBST,Baker Street,underground_no_psd,sub_surface,36.46830368041992,46.944583892822266,57.48292541503906,33.34859085083008,930.0
commuta_readings_today_20260810_184020.csv,6956,2026-08-10,2026-08-10T18:08:46.000+01:00,S09,Hammersmith & City,busier,Paddington->Liverpool Street,platform,940GZZLUBST,Baker Street,underground_no_psd,sub_surface,35.955814361572266,46.90941619873047,58.084983825683594,33.21736526489258,888.0
commuta_readings_today_20260810_184020.csv,6957,2026-08-10,2026-08-10T18:08:56.000+01:00,S09,Hammersmith & City,busier,Paddington->Liverpool Street,platform,940GZZLUBST,Baker Street,underground_no_psd,sub_surface,34.06094741821289,45.41690444946289,57.23533248901367,33.13344192504883,852.0
commuta_readings_today_20260810_184020.csv,6959,2026-08-10,2026-08-10T18:09:16.000+01:00,S09,Hammersmith & City,busier,Paddington->Liverpool Street,platform,940GZZLUBST,Baker Street,underground_no_psd,sub_surface,24.849470138549805,32.805912017822266,41.01519775390625,32.43610382080078,777.0
commuta_readings_today_20260810_184020.csv,6960,2026-08-10,2026-08-10T18:09:27.000+01:00,S09,Hammersmith & City,busier,Paddington->Liverpool Street,platform,940GZZLUBST,Baker Street,underground_no_psd,sub_surface,33.19914627075195,44.83108139038086,57.05879211425781,32.10650634765625,754.0
commuta_readings_today_20260810_184020.csv,6961,2026-08-10,2026-08-10T18:09:37.000+01:00,S09,Hammersmith & City,busier,Paddington->Liverpool Street,platform,940GZZLUBST,Baker Street,underground_no_psd,sub_surface,38.47401428222656,53.19101333618164,68.9168930053711,32.364383697509766,747.0
commuta_readings_today_20260810_184020.csv,6962,2026-08-10,2026-08-10T18:09:47.000+01:00,S09,Hammersmith & City,busier,Paddington->Liverpool Street,platform,940GZZLUBST,Baker Street,underground_no_psd,sub_surface,43.83564758300781,60.70740509033203,78.75536346435547,32.46509552001953,734.0
commuta_readings_today_20260810_184020.csv,6963,2026-08-10,2026-08-10T18:09:56.000+01:00,S09,Hammersmith & City,busier,Paddington->Liverpool Street,platform,940GZZLUBST,Baker Street,underground_no_psd,sub_surface,46.047760009765625,63.99734115600586,83.24076080322266,32.62378692626953,730.0
commuta_readings_today_20260810_184020.csv,6964,2026-08-10,2026-08-10T18:10:06.000+01:00,S09,Hammersmith & City,busier,Paddington->Liverpool Street,platform,940GZZLUBST,Baker Street,underground_no_psd,sub_surface,44.29399871826172,60.25678634643555,77.12866973876953,32.67109298706055,724.0
commuta_readings_today_20260810_184020.csv,6965,2026-08-10,2026-08-10T18:10:16.000+01:00,S09,Hammersmith & City,busier,Paddington->Liverpool Street,platform,940GZZLUBST,Baker Street,underground_no_psd,sub_surface,40.57765579223633,54.25607681274414,68.52400207519531,32.63142013549805,722.0
commuta_readings_today_20260810_184020.csv,6966,2026-08-10,2026-08-10T18:10:26.000+01:00,S09,Hammersmith & City,busier,Paddington->Liverpool Street,platform,940GZZLUBST,Baker Street,underground_no_psd,sub_surface,40.33519744873047,53.201377868652344,66.46548461914062,32.59632110595703,720.0
commuta_readings_today_20260810_184020.csv,6967,2026-08-10,2026-08-10T18:10:36.000+01:00,S09,Hammersmith & City,busier,Paddington->Liverpool Street,in_train,,,,sub_surface,34.94804763793945,45.917911529541016,57.186737060546875,32.7458610534668,719.0
commuta_readings_today_20260810_184020.csv,6970,2026-08-10,2026-08-10T18:11:06.000+01:00,S09,Hammersmith & City,busier,Paddington->Liverpool Street,in_train,,,,sub_surface,26.02825164794922,33.97183609008789,42.07979202270508,32.94880676269531,796.0
commuta_readings_today_20260810_184020.csv,6971,2026-08-10,2026-08-10T18:11:16.000+01:00,S09,Hammersmith & City,busier,Paddington->Liverpool Street,in_train,,,,sub_surface,27.21013832092285,35.52415466308594,44.01250457763672,32.90455627441406,830.0
commuta_readings_today_20260810_184020.csv,6972,2026-08-10,2026-08-10T18:11:26.000+01:00,S09,Hammersmith & City,busier,Paddington->Liverpool Street,in_train,,,,sub_surface,28.051422119140625,36.32463455200195,44.700889587402344,32.85114669799805,854.0
commuta_readings_today_20260810_184020.csv,6973,2026-08-10,2026-08-10T18:11:37.000+01:00,S09,Hammersmith & City,busier,Paddington->Liverpool Street,in_train,,,,sub_surface,27.81473922729492,35.66901397705078,43.53557968139648,32.74433517456055,872.0
commuta_readings_today_20260810_184020.csv,6974,2026-08-10,2026-08-10T18:11:47.000+01:00,S09,Hammersmith & City,busier,Paddington->Liverpool Street,in_train,,,,sub_surface,25.525663375854492,32.617698669433594,39.69118881225586,32.71686935424805,879.0
commuta_readings_today_20260810_184020.csv,6975,2026-08-10,2026-08-10T18:11:57.000+01:00,S09,Hammersmith & City,busier,Paddington->Liverpool Street,in_train,,,,sub_surface,21.72253036499023,27.750865936279297,33.76161575317383,32.58258819580078,881.0
commuta_readings_today_20260810_184020.csv,6976,2026-08-10,2026-08-10T18:12:06.000+01:00,S09,Hammersmith & City,busier,Paddington->Liverpool Street,in_train,,,,sub_surface,20.622140884399418,26.377107620239254,32.12361526489258,32.44220733642578,881.0
commuta_readings_today_20260810_184020.csv,6977,2026-08-10,2026-08-10T18:12:16.000+01:00,S09,Hammersmith & City,busier,Paddington->Liverpool Street,in_train,,,,sub_surface,21.789731979370117,28.069034576416016,34.390499114990234,32.170597076416016,884.0
commuta_readings_today_20260810_184020.csv,6980,2026-08-10,2026-08-10T18:12:46.000+01:00,S09,Hammersmith & City,busier,Paddington->Liverpool Street,in_train,,,,sub_surface,26.052717208862305,32.79249954223633,39.38496398925781,31.9798583984375,900.0
commuta_readings_today_20260810_184020.csv,6981,2026-08-10,2026-08-10T18:12:56.000+01:00,S09,Hammersmith & City,busier,Paddington->Liverpool Street,in_train,,,,sub_surface,27.0614070892334,33.78696060180664,40.28865432739258,31.900510787963867,927.0
commuta_readings_today_20260810_184020.csv,6982,2026-08-10,2026-08-10T18:13:07.000+01:00,S09,Hammersmith & City,busier,Paddington->Liverpool Street,in_train,,,,sub_surface,27.897869110107425,34.47404479980469,40.72747039794922,31.9462890625,969.0
commuta_readings_today_20260810_184020.csv,6983,2026-08-10,2026-08-10T18:13:16.000+01:00,S09,Hammersmith & City,busier,Paddington->Liverpool Street,platform,940GZZLUGPS,Great Portland Street,partially_open,sub_surface,49.55362701416016,60.54591369628906,70.7876205444336,32.306400299072266,1006.0
commuta_readings_today_20260810_184020.csv,6984,2026-08-10,2026-08-10T18:13:26.000+01:00,S09,Hammersmith & City,busier,Paddington->Liverpool Street,platform,940GZZLUGPS,Great Portland Street,partially_open,sub_surface,63.9221305847168,78.34984588623047,91.87320709228516,32.95643615722656,1005.0
commuta_readings_today_20260810_184020.csv,6985,2026-08-10,2026-08-10T18:13:36.000+01:00,S09,Hammersmith & City,busier,Paddington->Liverpool Street,platform,940GZZLUGPS,Great Portland Street,partially_open,sub_surface,62.65687561035156,77.64521026611328,91.96495819091795,33.409629821777344,1002.0
commuta_readings_today_20260810_184020.csv,6986,2026-08-10,2026-08-10T18:13:46.000+01:00,S09,Hammersmith & City,busier,Paddington->Liverpool Street,platform,940GZZLUGPS,Great Portland Street,partially_open,sub_surface,61.085018157958984,77.00166320800781,92.60228729248048,33.70718002319336,971.0
commuta_readings_today_20260810_184020.csv,6987,2026-08-10,2026-08-10T18:13:57.000+01:00,S09,Hammersmith & City,busier,Paddington->Liverpool Street,platform,940GZZLUGPS,Great Portland Street,partially_open,sub_surface,62.668251037597656,78.81990051269531,94.60163116455078,33.933013916015625,963.0
commuta_readings_today_20260810_184020.csv,6988,2026-08-10,2026-08-10T18:14:06.000+01:00,S09,Hammersmith & City,busier,Paddington->Liverpool Street,platform,940GZZLUGPS,Great Portland Street,partially_open,sub_surface,63.19512176513672,79.88375091552734,96.3026351928711,34.102386474609375,947.0
commuta_readings_today_20260810_184020.csv,6989,2026-08-10,2026-08-10T18:14:16.000+01:00,S09,Hammersmith & City,busier,Paddington->Liverpool Street,platform,940GZZLUGPS,Great Portland Street,partially_open,sub_surface,57.469512939453125,73.47611236572266,89.4510726928711,34.18478775024414,918.0
commuta_readings_today_20260810_184020.csv,6990,2026-08-10,2026-08-10T18:14:26.000+01:00,S09,Hammersmith & City,busier,Paddington->Liverpool Street,platform,940GZZLUGPS,Great Portland Street,partially_open,sub_surface,15.310715675354004,19.344139099121097,23.309669494628903,33.461509704589844,875.0
commuta_readings_today_20260810_184020.csv,6991,2026-08-10,2026-08-10T18:14:36.000+01:00,S09,Hammersmith & City,busier,Paddington->Liverpool Street,platform,940GZZLUGPS,Great Portland Street,partially_open,sub_surface,11.249391555786133,14.10451889038086,16.881858825683594,32.60700225830078,824.0
commuta_readings_today_20260810_184020.csv,6992,2026-08-10,2026-08-10T18:14:46.000+01:00,S09,Hammersmith & City,busier,Paddington->Liverpool Street,platform,940GZZLUGPS,Great Portland Street,partially_open,sub_surface,13.555139541625977,16.800220489501953,19.901304244995117,31.66399574279785,772.0
commuta_readings_today_20260810_184020.csv,6993,2026-08-10,2026-08-10T18:14:56.000+01:00,S09,Hammersmith & City,busier,Paddington->Liverpool Street,platform,940GZZLUGPS,Great Portland Street,partially_open,sub_surface,39.95133590698242,49.37071990966797,58.32840347290039,31.419851303100582,705.0
commuta_readings_today_20260810_184020.csv,6994,2026-08-10,2026-08-10T18:15:07.000+01:00,S09,Hammersmith & City,busier,Paddington->Liverpool Street,platform,940GZZLUGPS,Great Portland Street,partially_open,sub_surface,41.52509689331055,52.15181350708008,62.51394271850586,31.6533145904541,688.0
commuta_readings_today_20260810_184020.csv,6995,2026-08-10,2026-08-10T18:15:16.000+01:00,S09,Hammersmith & City,busier,Paddington->Liverpool Street,platform,940GZZLUGPS,Great Portland Street,partially_open,sub_surface,56.77984619140625,71.97361755371094,86.97632598876953,32.254520416259766,685.0
commuta_readings_today_20260810_184020.csv,6996,2026-08-10,2026-08-10T18:15:26.000+01:00,S09,Hammersmith & City,busier,Paddington->Liverpool Street,in_train,,,,sub_surface,66.37413024902344,84.99916076660156,103.62326049804688,32.90913391113281,684.0
commuta_readings_today_20260810_184020.csv,6997,2026-08-10,2026-08-10T18:15:37.000+01:00,S09,Hammersmith & City,busier,Paddington->Liverpool Street,in_train,,,,sub_surface,37.86737823486328,48.56587600708008,59.28254699707031,33.11360168457031,685.0
commuta_readings_today_20260810_184020.csv,7001,2026-08-10,2026-08-10T18:16:16.000+01:00,S09,Hammersmith & City,busier,Paddington->Liverpool Street,in_train,,,,sub_surface,29.852354049682617,37.2235221862793,44.33538055419922,32.359806060791016,696.0
commuta_readings_today_20260810_184020.csv,7003,2026-08-10,2026-08-10T18:16:36.000+01:00,S09,Hammersmith & City,busier,Paddington->Liverpool Street,in_train,,,,sub_surface,32.702476501464844,39.93010330200195,46.655521392822266,32.259098052978516,709.0
commuta_readings_today_20260810_184020.csv,7004,2026-08-10,2026-08-10T18:16:46.000+01:00,S09,Hammersmith & City,busier,Paddington->Liverpool Street,in_train,,,,sub_surface,33.610958099365234,40.76572036743164,47.33388137817383,32.39337921142578,726.0
commuta_readings_today_20260810_184020.csv,7005,2026-08-10,2026-08-10T18:16:56.000+01:00,S09,Hammersmith & City,busier,Paddington->Liverpool Street,platform,940GZZLUESQ,Euston Square,underground_no_psd,sub_surface,55.6844596862793,67.38536834716797,78.07514953613281,32.88319396972656,743.0
commuta_readings_today_20260810_184020.csv,7006,2026-08-10,2026-08-10T18:17:06.000+01:00,S09,Hammersmith & City,busier,Paddington->Liverpool Street,platform,940GZZLUESQ,Euston Square,underground_no_psd,sub_surface,67.56700134277344,82.557861328125,96.52600860595705,33.522544860839844,767.0
commuta_readings_today_20260810_184020.csv,7007,2026-08-10,2026-08-10T18:17:16.000+01:00,S09,Hammersmith & City,busier,Paddington->Liverpool Street,platform,940GZZLUESQ,Euston Square,underground_no_psd,sub_surface,63.87532806396485,78.86123657226562,93.08990478515624,33.86892318725586,784.0
commuta_readings_today_20260810_184020.csv,7008,2026-08-10,2026-08-10T18:17:26.000+01:00,S09,Hammersmith & City,busier,Paddington->Liverpool Street,platform,940GZZLUESQ,Euston Square,underground_no_psd,sub_surface,59.19986724853515,73.71578216552734,87.6912612915039,34.111541748046875,796.0
commuta_readings_today_20260810_184020.csv,7009,2026-08-10,2026-08-10T18:17:36.000+01:00,S09,Hammersmith & City,busier,Paddington->Liverpool Street,platform,940GZZLUESQ,Euston Square,underground_no_psd,sub_surface,54.99772644042969,68.82879638671875,82.24673461914062,34.20309829711914,801.0
commuta_readings_today_20260810_184020.csv,7010,2026-08-10,2026-08-10T18:17:47.000+01:00,S09,Hammersmith & City,busier,Paddington->Liverpool Street,platform,940GZZLUESQ,Euston Square,underground_no_psd,sub_surface,53.272178649902344,67.23797607421875,80.95003509521484,34.502174377441406,804.0
commuta_readings_today_20260810_184020.csv,7011,2026-08-10,2026-08-10T18:17:57.000+01:00,S09,Hammersmith & City,busier,Paddington->Liverpool Street,platform,940GZZLUESQ,Euston Square,underground_no_psd,sub_surface,58.368289947509766,73.44235229492188,88.17976379394531,34.551002502441406,813.0
commuta_readings_today_20260810_184020.csv,7012,2026-08-10,2026-08-10T18:18:07.000+01:00,S09,Hammersmith & City,busier,Paddington->Liverpool Street,platform,940GZZLUESQ,Euston Square,underground_no_psd,sub_surface,63.57169723510742,79.65570068359375,95.28707122802734,34.80582809448242,826.0
commuta_readings_today_20260810_184020.csv,7013,2026-08-10,2026-08-10T18:18:17.000+01:00,S09,Hammersmith & City,busier,Paddington->Liverpool Street,platform,940GZZLUESQ,Euston Square,underground_no_psd,sub_surface,72.31575012207031,90.57123565673828,108.30132293701172,35.2010383605957,832.0
commuta_readings_today_20260810_184020.csv,7014,2026-08-10,2026-08-10T18:18:26.000+01:00,S09,Hammersmith & City,busier,Paddington->Liverpool Street,platform,940GZZLUESQ,Euston Square,underground_no_psd,sub_surface,76.97246551513672,96.58436584472656,115.68360137939452,35.57335662841797,848.0
commuta_readings_today_20260810_184020.csv,7015,2026-08-10,2026-08-10T18:18:36.000+01:00,S09,Hammersmith & City,busier,Paddington->Liverpool Street,platform,940GZZLUESQ,Euston Square,underground_no_psd,sub_surface,74.82601165771484,95.72406768798828,116.59568786621094,35.704586029052734,853.0
commuta_readings_today_20260810_184020.csv,7016,2026-08-10,2026-08-10T18:18:46.000+01:00,S09,Hammersmith & City,busier,Paddington->Liverpool Street,platform,940GZZLUESQ,Euston Square,underground_no_psd,sub_surface,72.63312530517578,95.9040069580078,119.91777801513672,35.741207122802734,859.0
commuta_readings_today_20260810_184020.csv,7017,2026-08-10,2026-08-10T18:18:56.000+01:00,S09,Hammersmith & City,busier,Paddington->Liverpool Street,platform,940GZZLUESQ,Euston Square,underground_no_psd,sub_surface,74.25934600830078,98.9309310913086,124.5884780883789,35.849544525146484,865.0
commuta_readings_today_20260810_184020.csv,7018,2026-08-10,2026-08-10T18:19:07.000+01:00,S09,Hammersmith & City,busier,Paddington->Liverpool Street,platform,940GZZLUESQ,Euston Square,underground_no_psd,sub_surface,75.02753448486328,99.6615982055664,125.21647644042967,35.95635986328125,868.0
commuta_readings_today_20260810_184020.csv,7019,2026-08-10,2026-08-10T18:19:17.000+01:00,S09,Hammersmith & City,busier,Paddington->Liverpool Street,platform,940GZZLUESQ,Euston Square,underground_no_psd,sub_surface,76.0355224609375,101.1089096069336,127.14337921142578,36.144046783447266,868.0
commuta_readings_today_20260810_184020.csv,7020,2026-08-10,2026-08-10T18:19:27.000+01:00,S09,Hammersmith & City,busier,Paddington->Liverpool Street,platform,940GZZLUESQ,Euston Square,underground_no_psd,sub_surface,79.24022674560547,104.93084716796876,131.5098876953125,36.293582916259766,868.0
commuta_readings_today_20260810_184020.csv,7021,2026-08-10,2026-08-10T18:19:37.000+01:00,S09,Hammersmith & City,busier,Paddington->Liverpool Street,platform,940GZZLUESQ,Euston Square,underground_no_psd,sub_surface,79.44819641113281,105.4129409790039,132.32167053222656,36.342411041259766,868.0
commuta_readings_today_20260810_184020.csv,7022,2026-08-10,2026-08-10T18:19:47.000+01:00,S09,Hammersmith & City,busier,Paddington->Liverpool Street,platform,940GZZLUESQ,Euston Square,underground_no_psd,sub_surface,81.77996063232422,107.25691223144533,133.38375854492188,36.34088516235352,868.0
commuta_readings_today_20260810_184020.csv,7023,2026-08-10,2026-08-10T18:19:57.000+01:00,S09,Hammersmith & City,busier,Paddington->Liverpool Street,platform,940GZZLUESQ,Euston Square,underground_no_psd,sub_surface,83.94096374511719,109.3144760131836,135.1551055908203,36.32257461547851,868.0
commuta_readings_today_20260810_184020.csv,7024,2026-08-10,2026-08-10T18:20:06.000+01:00,S09,Hammersmith & City,busier,Paddington->Liverpool Street,platform,940GZZLUESQ,Euston Square,underground_no_psd,sub_surface,85.11515808105469,109.86222076416016,134.83029174804688,36.16998672485352,868.0
commuta_readings_today_20260810_184020.csv,7025,2026-08-10,2026-08-10T18:20:17.000+01:00,S09,Hammersmith & City,busier,Paddington->Liverpool Street,platform,940GZZLUESQ,Euston Square,underground_no_psd,sub_surface,84.76194763183594,110.19465637207033,136.0504150390625,36.183719635009766,867.0
commuta_readings_today_20260810_184020.csv,7026,2026-08-10,2026-08-10T18:20:27.000+01:00,S09,Hammersmith & City,busier,Paddington->Liverpool Street,platform,940GZZLUESQ,Euston Square,underground_no_psd,sub_surface,84.41787719726562,109.17151641845705,134.19822692871094,36.28595352172851,866.0
commuta_readings_today_20260810_184020.csv,7027,2026-08-10,2026-08-10T18:20:36.000+01:00,S09,Hammersmith & City,busier,Paddington->Liverpool Street,platform,940GZZLUESQ,Euston Square,underground_no_psd,sub_surface,84.34353637695312,108.32543182373048,132.38714599609375,36.29816055297851,866.0
commuta_readings_today_20260810_184020.csv,7028,2026-08-10,2026-08-10T18:20:47.000+01:00,S09,Hammersmith & City,busier,Paddington->Liverpool Street,platform,940GZZLUESQ,Euston Square,underground_no_psd,sub_surface,84.19246673583984,109.7177276611328,135.73101806640625,36.260013580322266,866.0
commuta_readings_today_20260810_184020.csv,7029,2026-08-10,2026-08-10T18:20:56.000+01:00,S09,Hammersmith & City,busier,Paddington->Liverpool Street,platform,940GZZLUESQ,Euston Square,underground_no_psd,sub_surface,83.51525115966797,109.36526489257812,135.8358612060547,36.24933242797851,866.0
commuta_readings_today_20260810_184020.csv,7034,2026-08-10,2026-08-10T18:21:47.000+01:00,S09,Hammersmith & City,busier,Paddington->Liverpool Street,in_train,,,,sub_surface,47.95049285888672,58.78874206542969,68.95259094238281,36.6506462097168,1031.0
commuta_readings_today_20260810_184020.csv,7035,2026-08-10,2026-08-10T18:21:57.000+01:00,S09,Hammersmith & City,busier,Paddington->Liverpool Street,in_train,,,,sub_surface,47.59784698486328,58.148345947265625,67.975830078125,36.7483024597168,1085.0
commuta_readings_today_20260810_184020.csv,7036,2026-08-10,2026-08-10T18:22:06.000+01:00,S09,Hammersmith & City,busier,Paddington->Liverpool Street,in_train,,,,sub_surface,45.435829162597656,55.369632720947266,64.57788848876953,36.86274337768555,1124.0
commuta_readings_today_20260810_184020.csv,7037,2026-08-10,2026-08-10T18:22:17.000+01:00,S09,Hammersmith & City,busier,Paddington->Liverpool Street,in_train,,,,sub_surface,44.1463737487793,54.03260803222656,63.27421951293945,36.98176574707031,1160.0
commuta_readings_today_20260810_184020.csv,7038,2026-08-10,2026-08-10T18:22:27.000+01:00,S09,Hammersmith & City,busier,Paddington->Liverpool Street,in_train,,,,sub_surface,44.45900344848633,53.62773895263672,61.94453811645508,37.26863479614258,1190.0
commuta_readings_today_20260810_184020.csv,7039,2026-08-10,2026-08-10T18:22:36.000+01:00,S09,Hammersmith & City,busier,Paddington->Liverpool Street,in_train,,,,sub_surface,44.096073150634766,52.509883880615234,59.90363311767578,37.515830993652344,1226.0
commuta_readings_today_20260810_184020.csv,7040,2026-08-10,2026-08-10T18:22:46.000+01:00,S09,Hammersmith & City,busier,Paddington->Liverpool Street,in_train,,,,sub_surface,42.8272590637207,50.5087890625,57.07340240478515,37.76913070678711,1267.0
commuta_readings_today_20260810_184020.csv,7041,2026-08-10,2026-08-10T18:22:56.000+01:00,S09,Hammersmith & City,busier,Paddington->Liverpool Street,in_train,,,,sub_surface,42.53268814086914,49.93743515014648,56.1753044128418,37.973602294921875,1290.0
commuta_readings_today_20260810_184020.csv,7042,2026-08-10,2026-08-10T18:23:06.000+01:00,S09,Hammersmith & City,busier,Paddington->Liverpool Street,platform,940GZZLUKSX,King's Cross St. Pancras,underground_no_psd,sub_surface,41.93534469604492,48.87847900390625,54.579044342041016,38.15823745727539,1320.0
commuta_readings_today_20260810_184020.csv,7043,2026-08-10,2026-08-10T18:23:16.000+01:00,S09,Hammersmith & City,busier,Paddington->Liverpool Street,platform,940GZZLUKSX,King's Cross St. Pancras,underground_no_psd,sub_surface,48.394893646240234,57.20502471923828,64.78650665283203,38.406959533691406,1329.0
commuta_readings_today_20260810_184020.csv,7044,2026-08-10,2026-08-10T18:23:27.000+01:00,S09,Hammersmith & City,busier,Paddington->Liverpool Street,platform,940GZZLUKSX,King's Cross St. Pancras,underground_no_psd,sub_surface,51.422149658203125,64.10900115966797,76.34650421142578,37.999542236328125,1320.0
commuta_readings_today_20260810_184020.csv,7045,2026-08-10,2026-08-10T18:23:36.000+01:00,S09,Hammersmith & City,busier,Paddington->Liverpool Street,platform,940GZZLUKSX,King's Cross St. Pancras,underground_no_psd,sub_surface,51.56935119628906,68.09860229492188,85.15708923339844,37.978179931640625,1295.0
commuta_readings_today_20260810_184020.csv,7046,2026-08-10,2026-08-10T18:23:46.000+01:00,S09,Hammersmith & City,busier,Paddington->Liverpool Street,platform,940GZZLUKSX,King's Cross St. Pancras,underground_no_psd,sub_surface,51.4254264831543,69.44792175292969,88.39447021484375,37.915618896484375,1257.0
commuta_readings_today_20260810_184020.csv,7047,2026-08-10,2026-08-10T18:23:56.000+01:00,S09,Hammersmith & City,busier,Paddington->Liverpool Street,platform,940GZZLUKSX,King's Cross St. Pancras,underground_no_psd,sub_surface,52.681270599365234,70.67261505126953,89.48927307128906,37.82101058959961,1229.0
commuta_readings_today_20260810_184020.csv,7048,2026-08-10,2026-08-10T18:24:06.000+01:00,S09,Hammersmith & City,busier,Paddington->Liverpool Street,platform,940GZZLUKSX,King's Cross St. Pancras,underground_no_psd,sub_surface,52.41332244873047,70.38448333740234,89.19511413574219,37.68825912475586,1206.0
commuta_readings_today_20260810_184020.csv,7049,2026-08-10,2026-08-10T18:24:17.000+01:00,S09,Hammersmith & City,busier,Paddington->Liverpool Street,platform,940GZZLUKSX,King's Cross St. Pancras,underground_no_psd,sub_surface,52.12638854980469,70.67546081542969,90.23350524902344,37.399864196777344,1176.0
commuta_readings_today_20260810_184020.csv,7050,2026-08-10,2026-08-10T18:24:27.000+01:00,S09,Hammersmith & City,busier,Paddington->Liverpool Street,platform,940GZZLUKSX,King's Cross St. Pancras,underground_no_psd,sub_surface,53.78474426269531,72.32365417480469,91.74909973144533,37.21828079223633,1158.0
commuta_readings_today_20260810_184020.csv,7051,2026-08-10,2026-08-10T18:24:36.000+01:00,S09,Hammersmith & City,busier,Paddington->Liverpool Street,platform,940GZZLUKSX,King's Cross St. Pancras,underground_no_psd,sub_surface,53.2559814453125,72.5246810913086,92.906005859375,37.06416320800781,1124.0
commuta_readings_today_20260810_184020.csv,7052,2026-08-10,2026-08-10T18:24:46.000+01:00,S09,Hammersmith & City,busier,Paddington->Liverpool Street,platform,940GZZLUKSX,King's Cross St. Pancras,underground_no_psd,sub_surface,54.946170806884766,74.7172622680664,95.6082000732422,36.97261047363281,1089.0
commuta_readings_today_20260810_184020.csv,7053,2026-08-10,2026-08-10T18:24:57.000+01:00,S09,Hammersmith & City,busier,Paddington->Liverpool Street,in_train,,,,sub_surface,52.71030807495117,71.19807434082031,90.63684844970705,36.89021301269531,1060.0
commuta_readings_today_20260810_184020.csv,7054,2026-08-10,2026-08-10T18:25:07.000+01:00,S09,Hammersmith & City,busier,Paddington->Liverpool Street,in_train,,,,sub_surface,47.688941955566406,62.47317886352539,77.6177978515625,36.91615295410156,1036.0
commuta_readings_today_20260810_184020.csv,7057,2026-08-10,2026-08-10T18:25:36.000+01:00,S09,Hammersmith & City,busier,Paddington->Liverpool Street,in_train,,,,sub_surface,43.92612075805664,53.61362075805664,62.62123489379883,36.60791778564453,1036.0
commuta_readings_today_20260810_184020.csv,7058,2026-08-10,2026-08-10T18:25:47.000+01:00,S09,Hammersmith & City,busier,Paddington->Liverpool Street,in_train,,,,sub_surface,44.61026763916016,54.04640197753906,62.68851089477539,36.47974395751953,1033.0
commuta_readings_today_20260810_184020.csv,7059,2026-08-10,2026-08-10T18:25:57.000+01:00,S09,Hammersmith & City,busier,Paddington->Liverpool Street,in_train,,,,sub_surface,45.374732971191406,54.447147369384766,62.5766487121582,36.357669830322266,1034.0
commuta_readings_today_20260810_184020.csv,7061,2026-08-10,2026-08-10T18:26:17.000+01:00,S09,Hammersmith & City,busier,Paddington->Liverpool Street,in_train,,,,sub_surface,42.81156921386719,50.651588439941406,57.41664123535156,36.07537841796875,1034.0
commuta_readings_today_20260810_184020.csv,7062,2026-08-10,2026-08-10T18:26:26.000+01:00,S09,Hammersmith & City,busier,Paddington->Liverpool Street,in_train,,,,sub_surface,40.34432601928711,47.34151077270508,53.22501754760742,35.861751556396484,1034.0
commuta_readings_today_20260810_184020.csv,7063,2026-08-10,2026-08-10T18:26:36.000+01:00,S09,Hammersmith & City,busier,Paddington->Liverpool Street,in_train,,,,sub_surface,38.91921615600586,45.51125717163086,50.988277435302734,35.649654388427734,1034.0
commuta_readings_today_20260810_184020.csv,7064,2026-08-10,2026-08-10T18:26:46.000+01:00,S09,Hammersmith & City,busier,Paddington->Liverpool Street,in_train,,,,sub_surface,37.81645202636719,44.44321060180664,50.043575286865234,35.38872528076172,1032.0
commuta_readings_today_20260810_184020.csv,7065,2026-08-10,2026-08-10T18:26:57.000+01:00,S09,Hammersmith & City,busier,Paddington->Liverpool Street,in_train,,,,sub_surface,36.402626037597656,43.13818359375,48.97750473022461,35.1583137512207,1031.0
commuta_readings_today_20260810_184020.csv,7066,2026-08-10,2026-08-10T18:27:06.000+01:00,S09,Hammersmith & City,busier,Paddington->Liverpool Street,in_train,,,,sub_surface,35.07645034790039,42.11808395385742,48.43809509277344,34.91264343261719,1032.0
commuta_readings_today_20260810_184020.csv,7067,2026-08-10,2026-08-10T18:27:16.000+01:00,S09,Hammersmith & City,busier,Paddington->Liverpool Street,in_train,,,,sub_surface,35.00588607788086,42.01719665527344,48.3041877746582,34.599830627441406,1026.0
commuta_readings_today_20260810_184020.csv,7068,2026-08-10,2026-08-10T18:27:27.000+01:00,S09,Hammersmith & City,busier,Paddington->Liverpool Street,in_train,,,,sub_surface,35.015647888183594,41.92713165283203,48.087890625,34.24277114868164,1017.0
commuta_readings_today_20260810_184020.csv,7069,2026-08-10,2026-08-10T18:27:37.000+01:00,S09,Hammersmith & City,busier,Paddington->Liverpool Street,in_train,,,,sub_surface,33.31142807006836,39.72915267944336,45.39216995239258,34.059661865234375,1009.0
commuta_readings_today_20260810_184020.csv,7070,2026-08-10,2026-08-10T18:27:46.000+01:00,S09,Hammersmith & City,busier,Paddington->Liverpool Street,in_train,,,,sub_surface,31.717533111572266,37.47233200073242,42.41693115234375,33.67513656616211,1003.0
commuta_readings_today_20260810_184020.csv,7071,2026-08-10,2026-08-10T18:27:57.000+01:00,S09,Hammersmith & City,busier,Paddington->Liverpool Street,in_train,,,,sub_surface,29.637216567993164,34.52627182006836,38.53255081176758,33.537803649902344,994.0
commuta_readings_today_20260810_184020.csv,7072,2026-08-10,2026-08-10T18:28:06.000+01:00,S09,Hammersmith & City,busier,Paddington->Liverpool Street,platform,940GZZLUFCN,Farringdon,partially_open,sub_surface,26.135536193847656,30.250831604003903,33.53715896606445,33.25093460083008,982.0
commuta_readings_today_20260810_184020.csv,7073,2026-08-10,2026-08-10T18:28:16.000+01:00,S09,Hammersmith & City,busier,Paddington->Liverpool Street,platform,940GZZLUFCN,Farringdon,partially_open,sub_surface,20.229019165039062,23.49824905395508,26.14747428894043,32.159915924072266,945.0
commuta_readings_today_20260810_184020.csv,7074,2026-08-10,2026-08-10T18:28:26.000+01:00,S09,Hammersmith & City,busier,Paddington->Liverpool Street,platform,940GZZLUFCN,Farringdon,partially_open,sub_surface,17.879003524780273,20.914411544799805,23.43942070007324,31.691463470458984,891.0
commuta_readings_today_20260810_184020.csv,7075,2026-08-10,2026-08-10T18:28:37.000+01:00,S09,Hammersmith & City,busier,Paddington->Liverpool Street,platform,940GZZLUFCN,Farringdon,partially_open,sub_surface,16.686288833618164,19.69875717163086,22.28110694885254,31.053634643554688,828.0
commuta_readings_today_20260810_184020.csv,7076,2026-08-10,2026-08-10T18:28:47.000+01:00,S09,Hammersmith & City,busier,Paddington->Liverpool Street,platform,940GZZLUFCN,Farringdon,partially_open,sub_surface,15.163686752319336,17.9619083404541,20.38486671447754,30.66758155822754,774.0
commuta_readings_today_20260810_184020.csv,7077,2026-08-10,2026-08-10T18:28:57.000+01:00,S09,Hammersmith & City,busier,Paddington->Liverpool Street,platform,940GZZLUFCN,Farringdon,partially_open,sub_surface,13.352718353271484,15.808209419250488,17.931055068969727,30.016021728515625,738.0
commuta_readings_today_20260810_184020.csv,7078,2026-08-10,2026-08-10T18:29:07.000+01:00,S09,Hammersmith & City,busier,Paddington->Liverpool Street,platform,940GZZLUFCN,Farringdon,partially_open,sub_surface,11.143268585205078,13.15822696685791,14.886773109436035,29.567407608032227,700.0
commuta_readings_today_20260810_184020.csv,7079,2026-08-10,2026-08-10T18:29:17.000+01:00,S09,Hammersmith & City,busier,Paddington->Liverpool Street,platform,940GZZLUFCN,Farringdon,partially_open,sub_surface,9.387625694274902,11.037760734558104,12.43441390991211,29.37514305114746,669.0
commuta_readings_today_20260810_184020.csv,7080,2026-08-10,2026-08-10T18:29:27.000+01:00,S09,Hammersmith & City,busier,Paddington->Liverpool Street,platform,940GZZLUFCN,Farringdon,partially_open,sub_surface,8.637872695922852,10.104900360107422,11.325475692749023,29.155412673950195,640.0
commuta_readings_today_20260810_184020.csv,7081,2026-08-10,2026-08-10T18:29:37.000+01:00,S09,Hammersmith & City,busier,Paddington->Liverpool Street,platform,940GZZLUFCN,Farringdon,partially_open,sub_surface,8.454803466796875,9.848379135131836,10.989823341369627,28.91279411315918,629.0
commuta_readings_today_20260810_184020.csv,7086,2026-08-10,2026-08-10T18:30:26.000+01:00,S09,Hammersmith & City,busier,Paddington->Liverpool Street,in_train,,,,sub_surface,20.31358337402344,22.89358711242676,24.670045852661133,30.479896545410156,683.0
commuta_readings_today_20260810_184020.csv,7087,2026-08-10,2026-08-10T18:30:37.000+01:00,S09,Hammersmith & City,busier,Paddington->Liverpool Street,in_train,,,,sub_surface,19.901046752929688,22.351726531982425,23.99536895751953,31.14518928527832,728.0
commuta_readings_today_20260810_184020.csv,7088,2026-08-10,2026-08-10T18:30:47.000+01:00,S09,Hammersmith & City,busier,Paddington->Liverpool Street,in_train,,,,sub_surface,20.194740295410156,22.639251708984375,24.25391387939453,31.45037078857422,792.0
commuta_readings_today_20260810_184020.csv,7089,2026-08-10,2026-08-10T18:30:56.000+01:00,S09,Hammersmith & City,busier,Paddington->Liverpool Street,in_train,,,,sub_surface,20.84070587158203,23.33618927001953,24.968271255493164,31.764705657958984,844.0
commuta_readings_today_20260810_184020.csv,7090,2026-08-10,2026-08-10T18:31:07.000+01:00,S09,Hammersmith & City,busier,Paddington->Liverpool Street,platform,940GZZLUBBN,Barbican,open_air,sub_surface,15.679415702819824,17.560970306396484,18.79400634765625,31.52513885498047,863.0
commuta_readings_today_20260810_184020.csv,7091,2026-08-10,2026-08-10T18:31:17.000+01:00,S09,Hammersmith & City,busier,Paddington->Liverpool Street,platform,940GZZLUBBN,Barbican,open_air,sub_surface,11.90921401977539,13.352533340454102,14.306930541992188,30.409704208374023,860.0
commuta_readings_today_20260810_184020.csv,7092,2026-08-10,2026-08-10T18:31:27.000+01:00,S09,Hammersmith & City,busier,Paddington->Liverpool Street,platform,940GZZLUBBN,Barbican,open_air,sub_surface,9.914496421813965,11.117656707763672,11.914194107055664,30.14724922180176,825.0
commuta_readings_today_20260810_184020.csv,7093,2026-08-10,2026-08-10T18:31:37.000+01:00,S09,Hammersmith & City,busier,Paddington->Liverpool Street,platform,940GZZLUBBN,Barbican,open_air,sub_surface,9.464957237243652,10.606030464172363,11.356976509094238,29.965667724609375,774.0
commuta_readings_today_20260810_184020.csv,7094,2026-08-10,2026-08-10T18:31:47.000+01:00,S09,Hammersmith & City,busier,Paddington->Liverpool Street,platform,940GZZLUBBN,Barbican,open_air,sub_surface,11.057488441467283,12.453100204467772,13.40904426574707,29.961090087890625,707.0
commuta_readings_today_20260810_184020.csv,7095,2026-08-10,2026-08-10T18:31:57.000+01:00,S09,Hammersmith & City,busier,Paddington->Liverpool Street,platform,940GZZLUBBN,Barbican,open_air,sub_surface,9.96713924407959,11.251035690307615,12.145291328430176,29.941253662109375,652.0
commuta_readings_today_20260810_184020.csv,7096,2026-08-10,2026-08-10T18:32:07.000+01:00,S09,Hammersmith & City,busier,Paddington->Liverpool Street,platform,940GZZLUBBN,Barbican,open_air,sub_surface,9.135546684265137,10.314523696899414,11.136937141418455,30.156404495239254,609.0
commuta_readings_today_20260810_184020.csv,7097,2026-08-10,2026-08-10T18:32:17.000+01:00,S09,Hammersmith & City,busier,Paddington->Liverpool Street,platform,940GZZLUBBN,Barbican,open_air,sub_surface,10.4949369430542,11.828557968139648,12.747200965881348,30.30136489868164,584.0
commuta_readings_today_20260810_184020.csv,7099,2026-08-10,2026-08-10T18:32:37.000+01:00,S09,Hammersmith & City,busier,Paddington->Liverpool Street,in_train,,,,sub_surface,17.364023208618164,19.63315773010254,21.231836318969727,30.70878219604492,572.0
commuta_readings_today_20260810_184020.csv,7100,2026-08-10,2026-08-10T18:32:47.000+01:00,S09,Hammersmith & City,busier,Paddington->Liverpool Street,in_train,,,,sub_surface,17.774429321289062,20.1257381439209,21.7980899810791,30.77592086791992,581.0
commuta_readings_today_20260810_184020.csv,7101,2026-08-10,2026-08-10T18:32:56.000+01:00,S09,Hammersmith & City,busier,Paddington->Liverpool Street,in_train,,,,sub_surface,18.07832908630371,20.479312896728516,22.19216537475586,30.78812789916992,602.0
commuta_readings_today_20260810_184020.csv,7102,2026-08-10,2026-08-10T18:33:07.000+01:00,S09,Hammersmith & City,busier,Paddington->Liverpool Street,in_train,,,,sub_surface,17.93639373779297,20.30542755126953,21.988365173339844,30.766765594482425,626.0
commuta_readings_today_20260810_184020.csv,7103,2026-08-10,2026-08-10T18:33:17.000+01:00,S09,Hammersmith & City,busier,Paddington->Liverpool Street,in_train,,,,sub_surface,19.696874618530273,22.30546188354492,24.16242218017578,30.724040985107425,663.0
commuta_readings_today_20260810_184020.csv,7104,2026-08-10,2026-08-10T18:33:26.000+01:00,S09,Hammersmith & City,busier,Paddington->Liverpool Street,in_train,,,,sub_surface,20.458589553833008,23.167686462402344,25.095993041992188,30.710308074951172,687.0
commuta_readings_today_20260810_184020.csv,7105,2026-08-10,2026-08-10T18:33:36.000+01:00,S09,Hammersmith & City,busier,Paddington->Liverpool Street,in_train,,,,sub_surface,20.52617835998535,23.232080459594727,25.15148162841797,30.67368507385254,709.0
commuta_readings_today_20260810_184020.csv,7107,2026-08-10,2026-08-10T18:33:56.000+01:00,S09,Hammersmith & City,busier,Paddington->Liverpool Street,in_train,,,,sub_surface,20.224626541137695,22.97694396972656,24.976505279541016,30.65232276916504,735.0
commuta_readings_today_20260810_184020.csv,7108,2026-08-10,2026-08-10T18:34:06.000+01:00,S09,Hammersmith & City,busier,Paddington->Liverpool Street,platform,940GZZLUMGT,Moorgate,underground_no_psd,sub_surface,19.259096145629883,21.844829559326172,23.704689025878903,31.07652473449707,738.0
commuta_readings_today_20260810_184020.csv,7109,2026-08-10,2026-08-10T18:34:16.000+01:00,S09,Hammersmith & City,busier,Paddington->Liverpool Street,platform,940GZZLUMGT,Moorgate,underground_no_psd,sub_surface,11.537611961364746,13.07554531097412,14.175762176513672,32.50629425048828,737.0
commuta_readings_today_20260810_184020.csv,7110,2026-08-10,2026-08-10T18:34:26.000+01:00,S09,Hammersmith & City,busier,Paddington->Liverpool Street,platform,940GZZLUMGT,Moorgate,underground_no_psd,sub_surface,10.235886573791504,11.634108543395996,12.652703285217283,33.86281967163086,736.0
commuta_readings_today_20260810_184020.csv,7111,2026-08-10,2026-08-10T18:34:36.000+01:00,S09,Hammersmith & City,busier,Paddington->Liverpool Street,platform,940GZZLUMGT,Moorgate,underground_no_psd,sub_surface,9.37864589691162,10.680272102355955,11.6393404006958,34.416725158691406,718.0
commuta_readings_today_20260810_184020.csv,7112,2026-08-10,2026-08-10T18:34:47.000+01:00,S09,Hammersmith & City,busier,Paddington->Liverpool Street,platform,940GZZLUMGT,Moorgate,underground_no_psd,sub_surface,8.29914379119873,9.467928886413574,10.337958335876465,35.06675720214844,678.0
commuta_readings_today_20260810_184020.csv,7113,2026-08-10,2026-08-10T18:34:57.000+01:00,S09,Hammersmith & City,busier,Paddington->Liverpool Street,platform,940GZZLUMGT,Moorgate,underground_no_psd,sub_surface,8.913772583007812,10.22696304321289,11.234164237976074,35.625240325927734,655.0
commuta_readings_today_20260810_184020.csv,7114,2026-08-10,2026-08-10T18:35:06.000+01:00,S09,Hammersmith & City,busier,Paddington->Liverpool Street,platform,940GZZLUMGT,Moorgate,underground_no_psd,sub_surface,11.68239402770996,13.532960891723633,15.015836715698242,35.864803314208984,635.0
commuta_readings_today_20260810_184020.csv,7115,2026-08-10,2026-08-10T18:35:17.000+01:00,S09,Hammersmith & City,busier,Paddington->Liverpool Street,platform,940GZZLUMGT,Moorgate,underground_no_psd,sub_surface,11.009722709655762,12.872264862060549,14.418804168701172,36.240177154541016,615.0
commuta_readings_today_20260810_184020.csv,7116,2026-08-10,2026-08-10T18:35:27.000+01:00,S09,Hammersmith & City,busier,Paddington->Liverpool Street,platform,940GZZLUMGT,Moorgate,underground_no_psd,sub_surface,8.812286376953125,10.370667457580566,11.693511962890623,36.42786407470703,606.0
commuta_readings_today_20260810_184020.csv,7117,2026-08-10,2026-08-10T18:35:37.000+01:00,S09,Hammersmith & City,busier,Paddington->Liverpool Street,platform,940GZZLUMGT,Moorgate,underground_no_psd,sub_surface,8.884978294372559,10.579920768737791,12.069231986999512,36.45227813720703,597.0
commuta_readings_today_20260810_184020.csv,7118,2026-08-10,2026-08-10T18:35:47.000+01:00,S09,Hammersmith & City,busier,Paddington->Liverpool Street,platform,940GZZLUMGT,Moorgate,underground_no_psd,sub_surface,12.459589004516602,15.016718864440918,17.3319034576416,36.62775802612305,592.0
commuta_readings_today_20260810_184020.csv,7120,2026-08-10,2026-08-10T18:36:07.000+01:00,S09,Hammersmith & City,busier,Paddington->Liverpool Street,in_train,,,,sub_surface,17.190196990966797,20.82883071899414,24.162139892578125,36.282901763916016,592.0
commuta_readings_today_20260810_184020.csv,7121,2026-08-10,2026-08-10T18:36:16.000+01:00,S09,Hammersmith & City,busier,Paddington->Liverpool Street,in_train,,,,sub_surface,18.443870544433594,22.097429275512695,25.358924865722656,36.07080078125,594.0
commuta_readings_today_20260810_184020.csv,7122,2026-08-10,2026-08-10T18:36:27.000+01:00,S09,Hammersmith & City,busier,Paddington->Liverpool Street,in_train,,,,sub_surface,18.68116569519043,22.153656005859375,25.170316696166992,35.808345794677734,606.0
commuta_readings_today_20260810_184020.csv,7123,2026-08-10,2026-08-10T18:36:37.000+01:00,S09,Hammersmith & City,busier,Paddington->Liverpool Street,in_train,,,,sub_surface,19.125808715820312,22.41996383666992,25.180248260498047,35.61608123779297,621.0
commuta_readings_today_20260810_184020.csv,7124,2026-08-10,2026-08-10T18:36:47.000+01:00,S09,Hammersmith & City,busier,Paddington->Liverpool Street,in_train,,,,sub_surface,18.26484489440918,21.188514709472656,23.545141220092773,35.54283905029297,638.0
commuta_readings_today_20260810_184020.csv,7125,2026-08-10,2026-08-10T18:36:57.000+01:00,S09,Hammersmith & City,busier,Paddington->Liverpool Street,in_train,,,,sub_surface,18.40208625793457,21.20445251464844,23.39862823486328,35.40245819091797,655.0
commuta_readings_today_20260810_184020.csv,7126,2026-08-10,2026-08-10T18:37:06.000+01:00,S09,Hammersmith & City,busier,Paddington->Liverpool Street,in_train,,,,sub_surface,17.49201011657715,20.05425071716309,22.01224708557129,35.26970291137695,682.0
commuta_readings_today_20260810_184020.csv,7130,2026-08-10,2026-08-10T18:37:47.000+01:00,S09,Hammersmith & City,busier,Paddington->Liverpool Street,in_train,,,,sub_surface,17.257238388061523,19.499509811401367,21.072118759155273,35.2437629699707,732.0
commuta_readings_today_20260810_184020.csv,7131,2026-08-10,2026-08-10T18:37:57.000+01:00,S09,Hammersmith & City,busier,Paddington->Liverpool Street,in_train,,,,sub_surface,16.8039608001709,18.960525512695312,20.458120346069336,35.2193489074707,738.0
commuta_readings_today_20260810_184020.csv,7132,2026-08-10,2026-08-10T18:38:07.000+01:00,S09,Hammersmith & City,busier,Paddington->Liverpool Street,platform,940GZZLULVT,Liverpool Street,partially_open,sub_surface,15.183758735656738,17.148632049560547,18.52224922180176,35.1491584777832,742.0
commuta_readings_today_20260810_184020.csv,7133,2026-08-10,2026-08-10T18:38:16.000+01:00,S09,Hammersmith & City,busier,Paddington->Liverpool Street,platform,940GZZLULVT,Liverpool Street,partially_open,sub_surface,10.551012992858888,11.85311222076416,12.728067398071287,35.722896575927734,742.0
commuta_readings_today_20260810_184020.csv,7134,2026-08-10,2026-08-10T18:38:27.000+01:00,S09,Hammersmith & City,busier,Paddington->Liverpool Street,platform,940GZZLULVT,Liverpool Street,partially_open,sub_surface,8.195113182067871,9.18551254272461,9.83874797821045,36.57587432861328,739.0
commuta_readings_today_20260810_184020.csv,7135,2026-08-10,2026-08-10T18:38:37.000+01:00,S09,Hammersmith & City,busier,Paddington->Liverpool Street,platform,940GZZLULVT,Liverpool Street,partially_open,sub_surface,8.21420669555664,9.211652755737305,9.872368812561035,37.576866149902344,723.0
commuta_readings_today_20260810_184020.csv,7136,2026-08-10,2026-08-10T18:38:47.000+01:00,S09,Hammersmith & City,busier,Paddington->Liverpool Street,platform,940GZZLULVT,Liverpool Street,partially_open,sub_surface,6.087348937988281,6.845981121063232,7.36007833480835,38.88761901855469,673.0
commuta_readings_today_20260810_184020.csv,7137,2026-08-10,2026-08-10T18:38:57.000+01:00,S09,Hammersmith & City,busier,Paddington->Liverpool Street,platform,940GZZLULVT,Liverpool Street,partially_open,sub_surface,3.9506776332855225,4.439240455627441,4.768126010894775,39.85808944702149,647.0
commuta_readings_today_20260810_184020.csv,7138,2026-08-10,2026-08-10T18:39:07.000+01:00,S09,Hammersmith & City,busier,Paddington->Liverpool Street,platform,940GZZLULVT,Liverpool Street,partially_open,sub_surface,2.6110763549804688,2.927644729614258,3.1370489597320557,40.66376876831055,631.0
commuta_readings_today_20260810_184020.csv,7139,2026-08-10,2026-08-10T18:39:16.000+01:00,S09,Hammersmith & City,busier,Paddington->Liverpool Street,platform,940GZZLULVT,Liverpool Street,partially_open,sub_surface,2.2281789779663086,2.487867593765259,2.6534152030944824,41.19173049926758,593.0
commuta_readings_today_20260810_184020.csv,7140,2026-08-10,2026-08-10T18:39:27.000+01:00,S09,Hammersmith & City,busier,Paddington->Liverpool Street,platform,940GZZLULVT,Liverpool Street,partially_open,sub_surface,2.5158498287200928,2.7955482006073,2.965470314025879,41.22682571411133,565.0
commuta_readings_today_20260810_184020.csv,7141,2026-08-10,2026-08-10T18:39:37.000+01:00,S09,Hammersmith & City,busier,Paddington->Liverpool Street,platform,940GZZLULVT,Liverpool Street,partially_open,sub_surface,5.159568786621094,5.720227241516113,6.0524210929870605,41.20393753051758,561.0
commuta_readings_today_20260810_184020.csv,7142,2026-08-10,2026-08-10T18:39:47.000+01:00,S09,Hammersmith & City,busier,Paddington->Liverpool Street,platform,940GZZLULVT,Liverpool Street,partially_open,sub_surface,6.003950119018555,6.660090923309326,7.051336288452148,41.13069534301758,551.0
commuta_readings_today_20260810_184020.csv,7143,2026-08-10,2026-08-10T18:39:57.000+01:00,S09,Hammersmith & City,busier,Paddington->Liverpool Street,platform,940GZZLULVT,Liverpool Street,partially_open,sub_surface,5.964892864227295,6.638963222503662,7.055577754974365,41.22682571411133,542.0
commuta_readings_today_20260812_173708.csv,7164,2026-08-12,2026-08-12T15:47:17.000+01:00,S10,Elizabeth,quieter,Custom House->Paddington,platform,910GCUSTMHS,Custom House,open_air,full_psd_line,10.941893577575684,13.05696964263916,14.92595386505127,35.642024993896484,1267.0
commuta_readings_today_20260812_173708.csv,7165,2026-08-12,2026-08-12T15:47:27.000+01:00,S10,Elizabeth,quieter,Custom House->Paddington,platform,910GCUSTMHS,Custom House,open_air,full_psd_line,7.950538635253906,9.43846607208252,10.734989166259766,35.60692596435547,1262.0
commuta_readings_today_20260812_173708.csv,7166,2026-08-12,2026-08-12T15:47:37.000+01:00,S10,Elizabeth,quieter,Custom House->Paddington,platform,910GCUSTMHS,Custom House,open_air,full_psd_line,5.083633899688721,5.999047756195068,6.782812595367432,36.65522384643555,1146.0
commuta_readings_today_20260812_173708.csv,7167,2026-08-12,2026-08-12T15:47:47.000+01:00,S10,Elizabeth,quieter,Custom House->Paddington,platform,910GCUSTMHS,Custom House,open_air,full_psd_line,3.9016034603118896,4.572997570037842,5.135328769683838,37.03059387207031,1037.0
commuta_readings_today_20260812_173708.csv,7168,2026-08-12,2026-08-12T15:47:57.000+01:00,S10,Elizabeth,quieter,Custom House->Paddington,platform,910GCUSTMHS,Custom House,open_air,full_psd_line,3.378575325012207,3.9354748725891113,4.391626834869385,37.24269485473633,965.0
commuta_readings_today_20260812_173708.csv,7169,2026-08-12,2026-08-12T15:48:07.000+01:00,S10,Elizabeth,quieter,Custom House->Paddington,platform,910GCUSTMHS,Custom House,open_air,full_psd_line,2.7778854370117188,3.221332550048828,3.5782268047332764,37.40901947021485,876.0
commuta_readings_today_20260812_173708.csv,7170,2026-08-12,2026-08-12T15:48:17.000+01:00,S10,Elizabeth,quieter,Custom House->Paddington,platform,910GCUSTMHS,Custom House,open_air,full_psd_line,3.10671067237854,3.600726842880249,3.997449398040771,37.489891052246094,798.0
commuta_readings_today_20260812_173708.csv,7171,2026-08-12,2026-08-12T15:48:27.000+01:00,S10,Elizabeth,quieter,Custom House->Paddington,platform,910GCUSTMHS,Custom House,open_air,full_psd_line,2.804393529891968,3.2474498748779297,3.6019375324249268,37.27321243286133,742.0
commuta_readings_today_20260812_173708.csv,7172,2026-08-12,2026-08-12T15:48:37.000+01:00,S10,Elizabeth,quieter,Custom House->Paddington,platform,910GCUSTMHS,Custom House,open_air,full_psd_line,2.6078684329986572,3.019026041030884,3.347602128982544,36.96650695800781,686.0
commuta_readings_today_20260812_173708.csv,7173,2026-08-12,2026-08-12T15:48:47.000+01:00,S10,Elizabeth,quieter,Custom House->Paddington,platform,910GCUSTMHS,Custom House,open_air,full_psd_line,2.8111133575439453,3.2633490562438965,3.6288938522338863,36.77424240112305,635.0
commuta_readings_today_20260812_173708.csv,7174,2026-08-12,2026-08-12T15:48:57.000+01:00,S10,Elizabeth,quieter,Custom House->Paddington,platform,910GCUSTMHS,Custom House,open_air,full_psd_line,2.846775531768799,3.318624496459961,3.706254243850708,36.59571075439453,613.0
commuta_readings_today_20260812_173708.csv,7175,2026-08-12,2026-08-12T15:49:07.000+01:00,S10,Elizabeth,quieter,Custom House->Paddington,platform,910GCUSTMHS,Custom House,open_air,full_psd_line,2.9805383682250977,3.479783535003662,3.892199039459229,36.374454498291016,595.0
commuta_readings_today_20260812_173708.csv,7176,2026-08-12,2026-08-12T15:49:17.000+01:00,S10,Elizabeth,quieter,Custom House->Paddington,platform,910GCUSTMHS,Custom House,open_air,full_psd_line,3.1930437088012695,3.7200074195861816,4.151922225952148,36.148624420166016,566.0
commuta_readings_today_20260812_173708.csv,7182,2026-08-12,2026-08-12T15:51:06.000+01:00,S10,Elizabeth,quieter,Custom House->Paddington,platform,910GCUSTMHS,Custom House,open_air,full_psd_line,2.6440553665161133,3.0346059799194336,3.334655284881592,35.59014129638672,513.0
commuta_readings_today_20260812_173708.csv,7183,2026-08-12,2026-08-12T15:51:16.000+01:00,S10,Elizabeth,quieter,Custom House->Paddington,platform,910GCUSTMHS,Custom House,open_air,full_psd_line,2.343376874923706,2.6921072006225586,2.9612958431243896,35.58556365966797,509.0
commuta_readings_today_20260812_173708.csv,7184,2026-08-12,2026-08-12T15:51:26.000+01:00,S10,Elizabeth,quieter,Custom House->Paddington,platform,910GCUSTMHS,Custom House,open_air,full_psd_line,2.6141011714935303,3.4728569984436035,4.3638129234313965,31.918821334838867,477.0
commuta_readings_today_20260812_173708.csv,7185,2026-08-12,2026-08-12T15:51:36.000+01:00,S10,Elizabeth,quieter,Custom House->Paddington,platform,910GCUSTMHS,Custom House,open_air,full_psd_line,2.593212366104126,3.3836820125579834,4.190281391143799,32.43915557861328,477.0
commuta_readings_today_20260812_173708.csv,7186,2026-08-12,2026-08-12T15:51:46.000+01:00,S10,Elizabeth,quieter,Custom House->Paddington,platform,910GCUSTMHS,Custom House,open_air,full_psd_line,2.378188371658325,3.024088144302368,3.6644349098205566,32.6451530456543,477.0
commuta_readings_today_20260812_173708.csv,7187,2026-08-12,2026-08-12T15:51:56.000+01:00,S10,Elizabeth,quieter,Custom House->Paddington,platform,910GCUSTMHS,Custom House,open_air,full_psd_line,2.5171778202056885,3.123978614807129,3.705118417739868,32.8465690612793,476.0
commuta_readings_today_20260812_173708.csv,7188,2026-08-12,2026-08-12T15:52:06.000+01:00,S10,Elizabeth,quieter,Custom House->Paddington,platform,910GCUSTMHS,Custom House,open_air,full_psd_line,2.52043080329895,3.041271448135376,3.5140862464904785,33.10749816894531,476.0
commuta_readings_today_20260812_173708.csv,7189,2026-08-12,2026-08-12T15:52:16.000+01:00,S10,Elizabeth,quieter,Custom House->Paddington,platform,910GCUSTMHS,Custom House,open_air,full_psd_line,2.6200101375579834,3.1326637268066406,3.5879886150360107,33.25703811645508,477.0
commuta_readings_today_20260812_173708.csv,7190,2026-08-12,2026-08-12T15:52:26.000+01:00,S10,Elizabeth,quieter,Custom House->Paddington,platform,910GCUSTMHS,Custom House,open_air,full_psd_line,2.811180353164673,3.3410732746124268,3.804262399673462,33.34706497192383,476.0
commuta_readings_today_20260812_173708.csv,7191,2026-08-12,2026-08-12T15:52:36.000+01:00,S10,Elizabeth,quieter,Custom House->Paddington,platform,910GCUSTMHS,Custom House,open_air,full_psd_line,2.6105868816375732,3.08349609375,3.48952579498291,33.504234313964844,477.0
commuta_readings_today_20260812_173708.csv,7192,2026-08-12,2026-08-12T15:52:46.000+01:00,S10,Elizabeth,quieter,Custom House->Paddington,platform,910GCUSTMHS,Custom House,open_air,full_psd_line,2.416511058807373,2.8299858570098877,3.175303220748902,33.63393783569336,477.0
commuta_readings_today_20260812_173708.csv,7193,2026-08-12,2026-08-12T15:52:56.000+01:00,S10,Elizabeth,quieter,Custom House->Paddington,platform,910GCUSTMHS,Custom House,open_air,full_psd_line,2.634798526763916,3.0870964527130127,3.4654598236083984,33.623252868652344,477.0
commuta_readings_today_20260812_173708.csv,7194,2026-08-12,2026-08-12T15:53:06.000+01:00,S10,Elizabeth,quieter,Custom House->Paddington,platform,910GCUSTMHS,Custom House,open_air,full_psd_line,2.4699110984802246,2.876986026763916,3.2103970050811768,33.65377426147461,477.0
commuta_readings_today_20260812_173708.csv,7195,2026-08-12,2026-08-12T15:53:16.000+01:00,S10,Elizabeth,quieter,Custom House->Paddington,platform,910GCUSTMHS,Custom House,open_air,full_psd_line,2.611226797103882,3.0511474609375,3.415648937225342,33.63393783569336,477.0
commuta_readings_today_20260812_173708.csv,7196,2026-08-12,2026-08-12T15:53:26.000+01:00,S10,Elizabeth,quieter,Custom House->Paddington,platform,910GCUSTMHS,Custom House,open_air,full_psd_line,2.9174437522888184,3.402310609817505,3.801204681396485,33.559165954589844,476.0
commuta_readings_today_20260812_173708.csv,7197,2026-08-12,2026-08-12T15:53:36.000+01:00,S10,Elizabeth,quieter,Custom House->Paddington,platform,910GCUSTMHS,Custom House,open_air,full_psd_line,2.6035749912261963,3.031764030456543,3.382066488265991,33.618675231933594,476.0
commuta_readings_today_20260812_173708.csv,7198,2026-08-12,2026-08-12T15:53:46.000+01:00,S10,Elizabeth,quieter,Custom House->Paddington,platform,910GCUSTMHS,Custom House,open_air,full_psd_line,2.733006238937378,3.1729772090911865,3.528743028640747,33.65530014038086,477.0
commuta_readings_today_20260812_173708.csv,7199,2026-08-12,2026-08-12T15:53:56.000+01:00,S10,Elizabeth,quieter,Custom House->Paddington,platform,910GCUSTMHS,Custom House,open_air,full_psd_line,5.212194919586182,6.02623176574707,6.67323112487793,33.68734359741211,477.0
commuta_readings_today_20260812_173708.csv,7200,2026-08-12,2026-08-12T15:54:06.000+01:00,S10,Elizabeth,quieter,Custom House->Paddington,platform,910GCUSTMHS,Custom House,open_air,full_psd_line,5.358183860778809,6.186985969543457,6.842004776000977,33.75448226928711,477.0
commuta_readings_today_20260812_173708.csv,7201,2026-08-12,2026-08-12T15:54:16.000+01:00,S10,Elizabeth,quieter,Custom House->Paddington,platform,910GCUSTMHS,Custom House,open_air,full_psd_line,5.22144889831543,6.052860260009766,6.721038341522217,33.76363754272461,478.0
commuta_readings_today_20260812_173708.csv,7202,2026-08-12,2026-08-12T15:54:26.000+01:00,S10,Elizabeth,quieter,Custom House->Paddington,in_train,,,,full_psd_line,4.278203964233398,4.98908805847168,5.573864936828613,33.68124008178711,478.0
commuta_readings_today_20260812_173708.csv,7203,2026-08-12,2026-08-12T15:54:36.000+01:00,S10,Elizabeth,quieter,Custom House->Paddington,in_train,,,,full_psd_line,3.538078546524048,4.1280694007873535,4.6143059730529785,33.34096145629883,490.0
commuta_readings_today_20260812_173708.csv,7204,2026-08-12,2026-08-12T15:54:46.000+01:00,S10,Elizabeth,quieter,Custom House->Paddington,in_train,,,,full_psd_line,3.1261672973632812,3.6409316062927246,4.062338352203369,32.7336540222168,531.0
commuta_readings_today_20260812_173708.csv,7205,2026-08-12,2026-08-12T15:54:56.000+01:00,S10,Elizabeth,quieter,Custom House->Paddington,in_train,,,,full_psd_line,3.258991003036499,3.780056953430176,4.199790954589844,31.99053955078125,629.0
commuta_readings_today_20260812_173708.csv,7206,2026-08-12,2026-08-12T15:55:06.000+01:00,S10,Elizabeth,quieter,Custom House->Paddington,in_train,,,,full_psd_line,2.7904112339019775,3.227595090866089,3.5757081508636475,31.51140594482422,694.0
commuta_readings_today_20260812_173708.csv,7207,2026-08-12,2026-08-12T15:55:16.000+01:00,S10,Elizabeth,quieter,Custom House->Paddington,in_train,,,,full_psd_line,2.466294527053833,2.842038869857788,3.136314868927002,31.200122833251953,769.0
commuta_readings_today_20260812_173708.csv,7208,2026-08-12,2026-08-12T15:55:26.000+01:00,S10,Elizabeth,quieter,Custom House->Paddington,in_train,,,,full_psd_line,2.365906238555908,2.714728832244873,2.982405662536621,30.850690841674805,819.0
commuta_readings_today_20260812_173708.csv,7209,2026-08-12,2026-08-12T15:55:36.000+01:00,S10,Elizabeth,quieter,Custom House->Paddington,in_train,,,,full_psd_line,2.2938995361328125,2.621704339981079,2.868154525756836,30.62790870666504,855.0
commuta_readings_today_20260812_173708.csv,7210,2026-08-12,2026-08-12T15:55:46.000+01:00,S10,Elizabeth,quieter,Custom House->Paddington,in_train,,,,full_psd_line,2.0917513370513916,2.3812880516052246,2.5942258834838867,30.489051818847656,891.0
commuta_readings_today_20260812_173708.csv,7211,2026-08-12,2026-08-12T15:55:56.000+01:00,S10,Elizabeth,quieter,Custom House->Paddington,in_train,,,,full_psd_line,2.0595428943634033,2.3356006145477295,2.5339162349700928,30.426488876342773,921.0
commuta_readings_today_20260812_173708.csv,7212,2026-08-12,2026-08-12T15:56:06.000+01:00,S10,Elizabeth,quieter,Custom House->Paddington,in_train,,,,full_psd_line,1.9666582345962524,2.2226438522338867,2.402431011199951,30.417333602905273,945.0
commuta_readings_today_20260812_173708.csv,7213,2026-08-12,2026-08-12T15:56:16.000+01:00,S10,Elizabeth,quieter,Custom House->Paddington,in_train,,,,full_psd_line,1.9972854852676392,2.2490499019622803,2.421316146850586,30.467689514160156,959.0
commuta_readings_today_20260812_173708.csv,7214,2026-08-12,2026-08-12T15:56:26.000+01:00,S10,Elizabeth,quieter,Custom House->Paddington,in_train,,,,full_psd_line,1.94444477558136,2.181328773498535,2.3387014865875244,30.62638282775879,966.0
commuta_readings_today_20260812_173708.csv,7215,2026-08-12,2026-08-12T15:56:36.000+01:00,S10,Elizabeth,quieter,Custom House->Paddington,in_train,,,,full_psd_line,1.7316588163375854,1.9376293420791624,2.071505308151245,30.740825653076172,972.0
commuta_readings_today_20260812_173708.csv,7216,2026-08-12,2026-08-12T15:56:46.000+01:00,S10,Elizabeth,quieter,Custom House->Paddington,in_train,,,,full_psd_line,1.8754180669784544,2.0940890312194824,2.2335472106933594,30.716411590576172,972.0
commuta_readings_today_20260812_173708.csv,7217,2026-08-12,2026-08-12T15:56:56.000+01:00,S10,Elizabeth,quieter,Custom House->Paddington,in_train,,,,full_psd_line,1.878024339675903,2.092939853668213,2.227487564086914,30.80643844604492,971.0
commuta_readings_today_20260812_173708.csv,7218,2026-08-12,2026-08-12T15:57:06.000+01:00,S10,Elizabeth,quieter,Custom House->Paddington,in_train,,,,full_psd_line,1.9409223794937136,2.157841682434082,2.290364027023315,30.833906173706055,974.0
commuta_readings_today_20260812_173708.csv,7219,2026-08-12,2026-08-12T15:57:16.000+01:00,S10,Elizabeth,quieter,Custom House->Paddington,in_train,,,,full_psd_line,2.2031688690185547,2.4460246562957764,2.592211961746216,30.844587326049805,975.0
commuta_readings_today_20260812_173708.csv,7220,2026-08-12,2026-08-12T15:57:26.000+01:00,S10,Elizabeth,quieter,Custom House->Paddington,in_train,,,,full_psd_line,1.9100805521011353,2.119692325592041,2.2452549934387207,30.80643844604492,976.0
commuta_readings_today_20260812_173708.csv,7221,2026-08-12,2026-08-12T15:57:36.000+01:00,S10,Elizabeth,quieter,Custom House->Paddington,platform,910GCANWHRF,Canary Wharf,full_psd,full_psd_line,13.317851066589355,14.774714469909668,15.644360542297363,30.785076141357425,978.0
commuta_readings_today_20260812_173708.csv,7222,2026-08-12,2026-08-12T15:57:46.000+01:00,S10,Elizabeth,quieter,Custom House->Paddington,platform,910GCANWHRF,Canary Wharf,full_psd,full_psd_line,20.09842872619629,22.526735305786133,24.12798118591309,31.030746459960938,976.0
commuta_readings_today_20260812_173708.csv,7223,2026-08-12,2026-08-12T15:57:56.000+01:00,S10,Elizabeth,quieter,Custom House->Paddington,platform,910GCANWHRF,Canary Wharf,full_psd,full_psd_line,21.22344207763672,23.972169876098633,25.895050048828125,31.51293182373047,966.0
commuta_readings_today_20260812_173708.csv,7224,2026-08-12,2026-08-12T15:58:06.000+01:00,S10,Elizabeth,quieter,Custom House->Paddington,platform,910GCANWHRF,Canary Wharf,full_psd,full_psd_line,22.14459991455078,25.3794002532959,27.846921920776367,32.0103759765625,932.0
commuta_readings_today_20260812_173708.csv,7225,2026-08-12,2026-08-12T15:58:16.000+01:00,S10,Elizabeth,quieter,Custom House->Paddington,platform,910GCANWHRF,Canary Wharf,full_psd,full_psd_line,22.798246383666992,26.75467109680176,30.08237075805664,32.173648834228516,852.0
commuta_readings_today_20260812_173708.csv,7226,2026-08-12,2026-08-12T15:58:26.000+01:00,S10,Elizabeth,quieter,Custom House->Paddington,platform,910GCANWHRF,Canary Wharf,full_psd,full_psd_line,23.378503799438477,27.938098907470703,31.982328414916992,32.304874420166016,815.0
commuta_readings_today_20260812_173708.csv,7227,2026-08-12,2026-08-12T15:58:36.000+01:00,S10,Elizabeth,quieter,Custom House->Paddington,platform,910GCANWHRF,Canary Wharf,full_psd,full_psd_line,23.36315155029297,28.56035804748535,33.4074592590332,32.38727569580078,785.0
commuta_readings_today_20260812_173708.csv,7228,2026-08-12,2026-08-12T15:58:46.000+01:00,S10,Elizabeth,quieter,Custom House->Paddington,platform,910GCANWHRF,Canary Wharf,full_psd,full_psd_line,21.951961517333984,27.33633041381836,32.5207405090332,32.49103546142578,758.0
commuta_readings_today_20260812_173708.csv,7229,2026-08-12,2026-08-12T15:58:56.000+01:00,S10,Elizabeth,quieter,Custom House->Paddington,platform,910GCANWHRF,Canary Wharf,full_psd,full_psd_line,22.2257080078125,28.12959671020508,33.94750213623047,32.51697540283203,735.0
commuta_readings_today_20260812_173708.csv,7230,2026-08-12,2026-08-12T15:59:06.000+01:00,S10,Elizabeth,quieter,Custom House->Paddington,platform,910GCANWHRF,Canary Wharf,full_psd,full_psd_line,23.07888412475586,29.583141326904297,36.09432601928711,32.61310577392578,727.0
commuta_readings_today_20260812_173708.csv,7231,2026-08-12,2026-08-12T15:59:16.000+01:00,S10,Elizabeth,quieter,Custom House->Paddington,platform,910GCANWHRF,Canary Wharf,full_psd,full_psd_line,22.46911239624023,28.867900848388672,35.29051971435547,32.68940353393555,712.0
commuta_readings_today_20260812_173708.csv,7232,2026-08-12,2026-08-12T15:59:26.000+01:00,S10,Elizabeth,quieter,Custom House->Paddington,platform,910GCANWHRF,Canary Wharf,full_psd,full_psd_line,22.58719825744629,29.303001403808594,36.11571502685547,32.72297286987305,702.0
commuta_readings_today_20260812_173708.csv,7233,2026-08-12,2026-08-12T15:59:36.000+01:00,S10,Elizabeth,quieter,Custom House->Paddington,platform,910GCANWHRF,Canary Wharf,full_psd,full_psd_line,22.679014205932617,29.96533966064453,37.488826751708984,32.7336540222168,696.0
commuta_readings_today_20260812_173708.csv,7234,2026-08-12,2026-08-12T15:59:46.000+01:00,S10,Elizabeth,quieter,Custom House->Paddington,platform,910GCANWHRF,Canary Wharf,full_psd,full_psd_line,21.769641876220703,28.96297836303711,36.43523788452149,32.82978439331055,688.0
commuta_readings_today_20260812_173708.csv,7235,2026-08-12,2026-08-12T15:59:56.000+01:00,S10,Elizabeth,quieter,Custom House->Paddington,platform,910GCANWHRF,Canary Wharf,full_psd,full_psd_line,21.503421783447266,28.70220947265625,36.200565338134766,32.93507385253906,681.0
commuta_readings_today_20260812_173708.csv,7236,2026-08-12,2026-08-12T16:00:06.000+01:00,S10,Elizabeth,quieter,Custom House->Paddington,platform,910GCANWHRF,Canary Wharf,full_psd,full_psd_line,22.616241455078125,29.93863868713379,37.51201629638672,33.02204895019531,676.0
commuta_readings_today_20260812_173708.csv,7237,2026-08-12,2026-08-12T16:00:16.000+01:00,S10,Elizabeth,quieter,Custom House->Paddington,platform,910GCANWHRF,Canary Wharf,full_psd,full_psd_line,22.718263626098633,29.94103240966797,37.38175964355469,33.10292053222656,671.0
commuta_readings_today_20260812_173708.csv,7238,2026-08-12,2026-08-12T16:00:26.000+01:00,S10,Elizabeth,quieter,Custom House->Paddington,platform,910GCANWHRF,Canary Wharf,full_psd,full_psd_line,21.283100128173828,28.334312438964844,35.66301727294922,33.23109817504883,668.0
commuta_readings_today_20260812_173708.csv,7239,2026-08-12,2026-08-12T16:00:36.000+01:00,S10,Elizabeth,quieter,Custom House->Paddington,platform,910GCANWHRF,Canary Wharf,full_psd,full_psd_line,20.320077896118164,27.25224876403809,34.50084686279297,33.35774612426758,660.0
commuta_readings_today_20260812_173708.csv,7240,2026-08-12,2026-08-12T16:00:46.000+01:00,S10,Elizabeth,quieter,Custom House->Paddington,platform,910GCANWHRF,Canary Wharf,full_psd,full_psd_line,18.63072204589844,24.99955368041992,31.66184425354004,33.517967224121094,660.0
commuta_readings_today_20260812_173708.csv,7241,2026-08-12,2026-08-12T16:00:56.000+01:00,S10,Elizabeth,quieter,Custom House->Paddington,platform,910GCANWHRF,Canary Wharf,full_psd,full_psd_line,18.240976333618164,24.432552337646484,30.90011215209961,33.66140365600586,659.0
commuta_readings_today_20260812_173708.csv,7242,2026-08-12,2026-08-12T16:01:06.000+01:00,S10,Elizabeth,quieter,Custom House->Paddington,platform,910GCANWHRF,Canary Wharf,full_psd,full_psd_line,17.92597770690918,24.12332534790039,30.62091064453125,33.63241195678711,658.0
commuta_readings_today_20260812_173708.csv,7243,2026-08-12,2026-08-12T16:01:16.000+01:00,S10,Elizabeth,quieter,Custom House->Paddington,platform,910GCANWHRF,Canary Wharf,full_psd,full_psd_line,18.86763381958008,25.27274513244629,31.963537216186523,33.66750717163086,657.0
commuta_readings_today_20260812_173708.csv,7244,2026-08-12,2026-08-12T16:01:26.000+01:00,S10,Elizabeth,quieter,Custom House->Paddington,platform,910GCANWHRF,Canary Wharf,full_psd,full_psd_line,20.39202880859375,26.665706634521484,33.081092834472656,33.65835189819336,657.0
commuta_readings_today_20260812_173708.csv,7245,2026-08-12,2026-08-12T16:01:36.000+01:00,S10,Elizabeth,quieter,Custom House->Paddington,platform,910GCANWHRF,Canary Wharf,full_psd,full_psd_line,20.7818546295166,26.696840286254883,32.63301467895508,33.77584457397461,655.0
commuta_readings_today_20260812_173708.csv,7246,2026-08-12,2026-08-12T16:01:46.000+01:00,S10,Elizabeth,quieter,Custom House->Paddington,platform,910GCANWHRF,Canary Wharf,full_psd,full_psd_line,20.42406463623047,26.126665115356445,31.82163429260254,33.82009506225586,655.0
commuta_readings_today_20260812_173708.csv,7247,2026-08-12,2026-08-12T16:01:56.000+01:00,S10,Elizabeth,quieter,Custom House->Paddington,platform,910GCANWHRF,Canary Wharf,full_psd,full_psd_line,20.32718849182129,26.06767845153809,31.817291259765625,33.81856918334961,656.0
commuta_readings_today_20260812_173708.csv,7248,2026-08-12,2026-08-12T16:02:06.000+01:00,S10,Elizabeth,quieter,Custom House->Paddington,platform,910GCANWHRF,Canary Wharf,full_psd,full_psd_line,20.68029403686523,26.432024002075195,32.170265197753906,33.84603500366211,655.0
commuta_readings_today_20260812_173708.csv,7249,2026-08-12,2026-08-12T16:02:16.000+01:00,S10,Elizabeth,quieter,Custom House->Paddington,platform,910GCANWHRF,Canary Wharf,full_psd,full_psd_line,20.741289138793945,26.626562118530273,32.5283088684082,33.888763427734375,655.0
commuta_readings_today_20260812_173708.csv,7250,2026-08-12,2026-08-12T16:02:26.000+01:00,S10,Elizabeth,quieter,Custom House->Paddington,platform,910GCANWHRF,Canary Wharf,full_psd,full_psd_line,21.420289993286133,27.8870906829834,34.471012115478516,33.894866943359375,655.0
commuta_readings_today_20260812_173708.csv,7251,2026-08-12,2026-08-12T16:02:36.000+01:00,S10,Elizabeth,quieter,Custom House->Paddington,platform,910GCANWHRF,Canary Wharf,full_psd,full_psd_line,19.948692321777344,26.06566047668457,32.31602096557617,33.942169189453125,655.0
commuta_readings_today_20260812_173708.csv,7252,2026-08-12,2026-08-12T16:02:46.000+01:00,S10,Elizabeth,quieter,Custom House->Paddington,platform,910GCANWHRF,Canary Wharf,full_psd,full_psd_line,19.954301834106445,25.672672271728516,31.421409606933594,33.968109130859375,655.0
commuta_readings_today_20260812_173708.csv,7253,2026-08-12,2026-08-12T16:02:56.000+01:00,S10,Elizabeth,quieter,Custom House->Paddington,platform,910GCANWHRF,Canary Wharf,full_psd,full_psd_line,20.894866943359375,26.63690757751465,32.347450256347656,34.004730224609375,655.0
commuta_readings_today_20260812_173708.csv,7254,2026-08-12,2026-08-12T16:03:06.000+01:00,S10,Elizabeth,quieter,Custom House->Paddington,platform,910GCANWHRF,Canary Wharf,full_psd,full_psd_line,20.327247619628903,25.72061538696289,31.03373146057129,34.019989013671875,656.0
commuta_readings_today_20260812_173708.csv,7255,2026-08-12,2026-08-12T16:03:16.000+01:00,S10,Elizabeth,quieter,Custom House->Paddington,platform,910GCANWHRF,Canary Wharf,full_psd,full_psd_line,19.91067886352539,24.945764541625977,29.838462829589844,34.006256103515625,655.0
commuta_readings_today_20260812_173708.csv,7256,2026-08-12,2026-08-12T16:03:26.000+01:00,S10,Elizabeth,quieter,Custom House->Paddington,platform,910GCANWHRF,Canary Wharf,full_psd,full_psd_line,19.426603317260746,24.3155517578125,29.059471130371097,34.056610107421875,655.0
commuta_readings_today_20260812_173708.csv,7257,2026-08-12,2026-08-12T16:03:36.000+01:00,S10,Elizabeth,quieter,Custom House->Paddington,platform,910GCANWHRF,Canary Wharf,full_psd,full_psd_line,19.60140037536621,24.465221405029297,29.16490364074707,34.067291259765625,654.0
commuta_readings_today_20260812_173708.csv,7258,2026-08-12,2026-08-12T16:03:46.000+01:00,S10,Elizabeth,quieter,Custom House->Paddington,platform,910GCANWHRF,Canary Wharf,full_psd,full_psd_line,19.888092041015625,25.015031814575195,30.024866104125977,34.052032470703125,654.0
commuta_readings_today_20260812_173708.csv,7259,2026-08-12,2026-08-12T16:03:56.000+01:00,S10,Elizabeth,quieter,Custom House->Paddington,platform,910GCANWHRF,Canary Wharf,full_psd,full_psd_line,20.004289627075195,25.53955841064453,31.05445098876953,34.12833023071289,653.0
commuta_readings_today_20260812_173708.csv,7260,2026-08-12,2026-08-12T16:04:06.000+01:00,S10,Elizabeth,quieter,Custom House->Paddington,platform,910GCANWHRF,Canary Wharf,full_psd,full_psd_line,20.761011123657227,26.57522773742676,32.386207580566406,34.087127685546875,650.0
commuta_readings_today_20260812_173708.csv,7261,2026-08-12,2026-08-12T16:04:16.000+01:00,S10,Elizabeth,quieter,Custom House->Paddington,platform,910GCANWHRF,Canary Wharf,full_psd,full_psd_line,21.22438621520996,27.205900192260746,33.19375991821289,34.070343017578125,648.0
commuta_readings_today_20260812_173708.csv,7262,2026-08-12,2026-08-12T16:04:26.000+01:00,S10,Elizabeth,quieter,Custom House->Paddington,platform,910GCANWHRF,Canary Wharf,full_psd,full_psd_line,21.315105438232425,27.35171890258789,33.40230178833008,34.061187744140625,647.0
commuta_readings_today_20260812_173708.csv,7263,2026-08-12,2026-08-12T16:04:36.000+01:00,S10,Elizabeth,quieter,Custom House->Paddington,in_train,,,,full_psd_line,22.05408477783203,28.338529586791992,34.64735794067383,34.053558349609375,646.0
commuta_readings_today_20260812_173708.csv,7264,2026-08-12,2026-08-12T16:04:46.000+01:00,S10,Elizabeth,quieter,Custom House->Paddington,in_train,,,,full_psd_line,10.309152603149414,13.156112670898438,15.99112319946289,33.887237548828125,646.0
commuta_readings_today_20260812_173708.csv,7265,2026-08-12,2026-08-12T16:04:56.000+01:00,S10,Elizabeth,quieter,Custom House->Paddington,in_train,,,,full_psd_line,7.929719924926758,10.082168579101562,12.215792655944824,33.621726989746094,669.0
commuta_readings_today_20260812_173708.csv,7266,2026-08-12,2026-08-12T16:05:06.000+01:00,S10,Elizabeth,quieter,Custom House->Paddington,in_train,,,,full_psd_line,7.064239025115967,8.926456451416016,10.757664680480955,33.594261169433594,792.0
commuta_readings_today_20260812_173708.csv,7267,2026-08-12,2026-08-12T16:05:16.000+01:00,S10,Elizabeth,quieter,Custom House->Paddington,in_train,,,,full_psd_line,6.640084266662598,8.339771270751953,9.997254371643066,33.536277770996094,892.0
commuta_readings_today_20260812_173708.csv,7268,2026-08-12,2026-08-12T16:05:26.000+01:00,S10,Elizabeth,quieter,Custom House->Paddington,in_train,,,,full_psd_line,7.175967216491699,8.99239730834961,10.757960319519045,33.522544860839844,966.0
commuta_readings_today_20260812_173708.csv,7269,2026-08-12,2026-08-12T16:05:36.000+01:00,S10,Elizabeth,quieter,Custom House->Paddington,in_train,,,,full_psd_line,8.573022842407227,10.75391674041748,12.876827239990234,33.508811950683594,1066.0
commuta_readings_today_20260812_173708.csv,7270,2026-08-12,2026-08-12T16:05:46.000+01:00,S10,Elizabeth,quieter,Custom House->Paddington,in_train,,,,full_psd_line,8.907000541687012,11.088923454284668,13.18899631500244,33.531700134277344,1147.0
commuta_readings_today_20260812_173708.csv,7271,2026-08-12,2026-08-12T16:05:56.000+01:00,S10,Elizabeth,quieter,Custom House->Paddington,in_train,,,,full_psd_line,9.595922470092772,11.853558540344238,13.999056816101074,33.530174255371094,1207.0
commuta_readings_today_20260812_173708.csv,7272,2026-08-12,2026-08-12T16:06:06.000+01:00,S10,Elizabeth,quieter,Custom House->Paddington,in_train,,,,full_psd_line,10.305194854736328,12.717658042907717,15.006597518920898,33.490501403808594,1260.0
commuta_readings_today_20260812_173708.csv,7273,2026-08-12,2026-08-12T16:06:16.000+01:00,S10,Elizabeth,quieter,Custom House->Paddington,in_train,,,,full_psd_line,11.612041473388672,14.412101745605469,17.093997955322266,33.450828552246094,1299.0
commuta_readings_today_20260812_173708.csv,7274,2026-08-12,2026-08-12T16:06:26.000+01:00,S10,Elizabeth,quieter,Custom House->Paddington,in_train,,,,full_psd_line,12.705137252807615,15.719239234924316,18.591299057006836,33.437095642089844,1337.0
commuta_readings_today_20260812_173708.csv,7275,2026-08-12,2026-08-12T16:06:36.000+01:00,S10,Elizabeth,quieter,Custom House->Paddington,in_train,,,,full_psd_line,13.227052688598633,16.24147605895996,19.076231002807617,33.438621520996094,1371.0
commuta_readings_today_20260812_173708.csv,7276,2026-08-12,2026-08-12T16:06:46.000+01:00,S10,Elizabeth,quieter,Custom House->Paddington,in_train,,,,full_psd_line,13.205323219299316,16.117660522460938,18.82561492919922,33.35469436645508,1386.0
commuta_readings_today_20260812_173708.csv,7277,2026-08-12,2026-08-12T16:06:56.000+01:00,S10,Elizabeth,quieter,Custom House->Paddington,in_train,,,,full_psd_line,11.923572540283203,14.49874210357666,16.875341415405273,33.444725036621094,1407.0
commuta_readings_today_20260812_173708.csv,7278,2026-08-12,2026-08-12T16:07:06.000+01:00,S10,Elizabeth,quieter,Custom House->Paddington,in_train,,,,full_psd_line,11.04102611541748,13.313953399658203,15.37426471710205,33.594261169433594,1428.0
commuta_readings_today_20260812_173708.csv,7279,2026-08-12,2026-08-12T16:07:16.000+01:00,S10,Elizabeth,quieter,Custom House->Paddington,in_train,,,,full_psd_line,9.189550399780272,10.996624946594238,12.60493278503418,33.70870590209961,1458.0
commuta_readings_today_20260812_173708.csv,7280,2026-08-12,2026-08-12T16:07:26.000+01:00,S10,Elizabeth,quieter,Custom House->Paddington,in_train,,,,full_psd_line,8.467926979064941,10.04164981842041,11.408669471740724,34.012359619140625,1509.0
commuta_readings_today_20260812_173708.csv,7281,2026-08-12,2026-08-12T16:07:36.000+01:00,S10,Elizabeth,quieter,Custom House->Paddington,in_train,,,,full_psd_line,8.578949928283691,10.07830810546875,11.343796730041504,34.13595962524414,1567.0
commuta_readings_today_20260812_173708.csv,7282,2026-08-12,2026-08-12T16:07:46.000+01:00,S10,Elizabeth,quieter,Custom House->Paddington,in_train,,,,full_psd_line,8.067534446716309,9.403741836547852,10.50102996826172,34.25192642211914,1593.0
commuta_readings_today_20260812_173708.csv,7283,2026-08-12,2026-08-12T16:07:56.000+01:00,S10,Elizabeth,quieter,Custom House->Paddington,in_train,,,,full_psd_line,7.493751525878906,8.658763885498047,9.58224105834961,34.32822036743164,1619.0
commuta_readings_today_20260812_173708.csv,7284,2026-08-12,2026-08-12T16:08:06.000+01:00,S10,Elizabeth,quieter,Custom House->Paddington,in_train,,,,full_psd_line,7.474930763244629,8.59555435180664,9.464573860168455,34.480812072753906,1648.0
commuta_readings_today_20260812_173708.csv,7285,2026-08-12,2026-08-12T16:08:16.000+01:00,S10,Elizabeth,quieter,Custom House->Paddington,in_train,,,,full_psd_line,7.305172443389893,8.369338989257812,9.179635047912598,34.483863830566406,1671.0
commuta_readings_today_20260812_173708.csv,7286,2026-08-12,2026-08-12T16:08:26.000+01:00,S10,Elizabeth,quieter,Custom House->Paddington,in_train,,,,full_psd_line,7.324542045593262,8.361209869384766,9.135531425476074,34.67765426635742,1683.0
commuta_readings_today_20260812_173708.csv,7287,2026-08-12,2026-08-12T16:08:36.000+01:00,S10,Elizabeth,quieter,Custom House->Paddington,in_train,,,,full_psd_line,7.323610782623291,8.337422370910645,9.08306884765625,34.65324020385742,1693.0
commuta_readings_today_20260812_173708.csv,7288,2026-08-12,2026-08-12T16:08:46.000+01:00,S10,Elizabeth,quieter,Custom House->Paddington,platform,910GWCHAPXR,Whitechapel,full_psd,full_psd_line,27.117765426635746,30.88921165466309,33.67220687866211,34.34958267211914,1694.0
commuta_readings_today_20260812_173708.csv,7289,2026-08-12,2026-08-12T16:08:56.000+01:00,S10,Elizabeth,quieter,Custom House->Paddington,platform,910GWCHAPXR,Whitechapel,full_psd,full_psd_line,24.89541244506836,28.68941879272461,31.661357879638672,34.416725158691406,1585.0
commuta_readings_today_20260812_173708.csv,7290,2026-08-12,2026-08-12T16:09:06.000+01:00,S10,Elizabeth,quieter,Custom House->Paddington,platform,910GWCHAPXR,Whitechapel,full_psd,full_psd_line,22.92633056640625,26.911945343017575,30.26710319519043,34.33127212524414,1444.0
commuta_readings_today_20260812_173708.csv,7291,2026-08-12,2026-08-12T16:09:16.000+01:00,S10,Elizabeth,quieter,Custom House->Paddington,platform,910GWCHAPXR,Whitechapel,full_psd,full_psd_line,27.13928604125977,32.75019454956055,37.84465408325195,34.36789321899414,1307.0
commuta_readings_today_20260812_173708.csv,7292,2026-08-12,2026-08-12T16:09:26.000+01:00,S10,Elizabeth,quieter,Custom House->Paddington,platform,910GWCHAPXR,Whitechapel,full_psd,full_psd_line,32.09082794189453,39.43234634399414,46.34517288208008,34.22140884399414,1187.0
commuta_readings_today_20260812_173708.csv,7293,2026-08-12,2026-08-12T16:09:36.000+01:00,S10,Elizabeth,quieter,Custom House->Paddington,platform,910GWCHAPXR,Whitechapel,full_psd,full_psd_line,34.367774963378906,42.96271514892578,51.287139892578125,34.113067626953125,1081.0
commuta_readings_today_20260812_173708.csv,7294,2026-08-12,2026-08-12T16:09:46.000+01:00,S10,Elizabeth,quieter,Custom House->Paddington,platform,910GWCHAPXR,Whitechapel,full_psd,full_psd_line,34.966548919677734,44.20985794067383,53.30630111694336,33.907073974609375,1009.0
commuta_readings_today_20260812_173708.csv,7295,2026-08-12,2026-08-12T16:09:56.000+01:00,S10,Elizabeth,quieter,Custom House->Paddington,platform,910GWCHAPXR,Whitechapel,full_psd,full_psd_line,34.02164077758789,43.25743103027344,52.41270065307617,33.902496337890625,924.0
commuta_readings_today_20260812_173708.csv,7296,2026-08-12,2026-08-12T16:10:06.000+01:00,S10,Elizabeth,quieter,Custom House->Paddington,platform,910GWCHAPXR,Whitechapel,full_psd,full_psd_line,30.199201583862305,38.66852569580078,47.13618850708008,34.010833740234375,860.0
commuta_readings_today_20260812_173708.csv,7297,2026-08-12,2026-08-12T16:10:16.000+01:00,S10,Elizabeth,quieter,Custom House->Paddington,platform,910GWCHAPXR,Whitechapel,full_psd,full_psd_line,27.213279724121097,35.452640533447266,43.84688949584961,34.120697021484375,834.0
commuta_readings_today_20260812_173708.csv,7298,2026-08-12,2026-08-12T16:10:26.000+01:00,S10,Elizabeth,quieter,Custom House->Paddington,platform,910GWCHAPXR,Whitechapel,full_psd,full_psd_line,26.85169982910156,34.925209045410156,43.13703155517578,34.19089126586914,808.0
commuta_readings_today_20260812_173708.csv,7299,2026-08-12,2026-08-12T16:10:36.000+01:00,S10,Elizabeth,quieter,Custom House->Paddington,platform,910GWCHAPXR,Whitechapel,full_psd,full_psd_line,29.10198402404785,37.644020080566406,46.28240585327149,34.28244400024414,791.0
commuta_readings_today_20260812_173708.csv,7300,2026-08-12,2026-08-12T16:10:46.000+01:00,S10,Elizabeth,quieter,Custom House->Paddington,platform,910GWCHAPXR,Whitechapel,full_psd,full_psd_line,29.940879821777344,38.757530212402344,47.68061447143555,34.16647720336914,777.0
commuta_readings_today_20260812_173708.csv,7301,2026-08-12,2026-08-12T16:10:56.000+01:00,S10,Elizabeth,quieter,Custom House->Paddington,platform,910GWCHAPXR,Whitechapel,full_psd,full_psd_line,29.734304428100582,38.162628173828125,46.612335205078125,34.19394302368164,760.0
commuta_readings_today_20260812_173708.csv,7302,2026-08-12,2026-08-12T16:11:06.000+01:00,S10,Elizabeth,quieter,Custom House->Paddington,platform,910GWCHAPXR,Whitechapel,full_psd,full_psd_line,29.8713436126709,38.502288818359375,47.19688034057617,34.18631362915039,745.0
commuta_readings_today_20260812_173708.csv,7303,2026-08-12,2026-08-12T16:11:16.000+01:00,S10,Elizabeth,quieter,Custom House->Paddington,platform,910GWCHAPXR,Whitechapel,full_psd,full_psd_line,31.13395118713379,40.59172821044922,50.23478698730469,34.21530532836914,732.0
commuta_readings_today_20260812_173708.csv,7304,2026-08-12,2026-08-12T16:11:26.000+01:00,S10,Elizabeth,quieter,Custom House->Paddington,platform,910GWCHAPXR,Whitechapel,full_psd,full_psd_line,31.756975173950195,41.616554260253906,51.7198371887207,34.16800308227539,725.0
commuta_readings_today_20260812_173708.csv,7305,2026-08-12,2026-08-12T16:11:36.000+01:00,S10,Elizabeth,quieter,Custom House->Paddington,platform,910GWCHAPXR,Whitechapel,full_psd,full_psd_line,32.80995178222656,42.78703308105469,52.96198654174805,34.18478775024414,722.0
commuta_readings_today_20260812_173708.csv,7306,2026-08-12,2026-08-12T16:11:46.000+01:00,S10,Elizabeth,quieter,Custom House->Paddington,platform,910GWCHAPXR,Whitechapel,full_psd,full_psd_line,34.77619934082031,44.69189453125,54.647586822509766,34.122222900390625,712.0
commuta_readings_today_20260812_173708.csv,7307,2026-08-12,2026-08-12T16:11:56.000+01:00,S10,Elizabeth,quieter,Custom House->Paddington,platform,910GWCHAPXR,Whitechapel,full_psd,full_psd_line,34.653133392333984,44.43758010864258,54.23712158203125,34.116119384765625,702.0
commuta_readings_today_20260812_173708.csv,7308,2026-08-12,2026-08-12T16:12:06.000+01:00,S10,Elizabeth,quieter,Custom House->Paddington,platform,910GWCHAPXR,Whitechapel,full_psd,full_psd_line,34.52241516113281,44.16041946411133,53.785274505615234,34.000152587890625,697.0
commuta_readings_today_20260812_173708.csv,7309,2026-08-12,2026-08-12T16:12:16.000+01:00,S10,Elizabeth,quieter,Custom House->Paddington,platform,910GWCHAPXR,Whitechapel,full_psd,full_psd_line,35.69484329223633,45.52387619018555,55.304229736328125,34.000152587890625,689.0
commuta_readings_today_20260812_173708.csv,7310,2026-08-12,2026-08-12T16:12:26.000+01:00,S10,Elizabeth,quieter,Custom House->Paddington,platform,910GWCHAPXR,Whitechapel,full_psd,full_psd_line,36.327754974365234,46.06145477294922,55.67618179321289,34.000152587890625,684.0
commuta_readings_today_20260812_173708.csv,7311,2026-08-12,2026-08-12T16:12:36.000+01:00,S10,Elizabeth,quieter,Custom House->Paddington,platform,910GWCHAPXR,Whitechapel,full_psd,full_psd_line,37.40121078491211,48.2097053527832,59.09838104248047,34.000152587890625,677.0
commuta_readings_today_20260812_173708.csv,7312,2026-08-12,2026-08-12T16:12:46.000+01:00,S10,Elizabeth,quieter,Custom House->Paddington,platform,910GWCHAPXR,Whitechapel,full_psd,full_psd_line,37.21033477783203,49.17278671264648,61.52628326416016,33.945220947265625,670.0
commuta_readings_today_20260812_173708.csv,7313,2026-08-12,2026-08-12T16:12:56.000+01:00,S10,Elizabeth,quieter,Custom House->Paddington,platform,910GWCHAPXR,Whitechapel,full_psd,full_psd_line,35.81515121459961,48.328636169433594,61.47584533691406,33.925384521484375,660.0
commuta_readings_today_20260812_173708.csv,7314,2026-08-12,2026-08-12T16:13:06.000+01:00,S10,Elizabeth,quieter,Custom House->Paddington,platform,910GWCHAPXR,Whitechapel,full_psd,full_psd_line,37.79376602172851,50.85811233520508,64.55501556396484,33.87044906616211,649.0
commuta_readings_today_20260812_173708.csv,7315,2026-08-12,2026-08-12T16:13:16.000+01:00,S10,Elizabeth,quieter,Custom House->Paddington,platform,910GWCHAPXR,Whitechapel,full_psd,full_psd_line,38.02915954589844,50.591251373291016,63.639591217041016,33.81093978881836,642.0
commuta_readings_today_20260812_173708.csv,7316,2026-08-12,2026-08-12T16:13:26.000+01:00,S10,Elizabeth,quieter,Custom House->Paddington,platform,910GWCHAPXR,Whitechapel,full_psd,full_psd_line,39.126556396484375,51.587432861328125,64.42920684814453,33.77431869506836,636.0
commuta_readings_today_20260812_173708.csv,7317,2026-08-12,2026-08-12T16:13:36.000+01:00,S10,Elizabeth,quieter,Custom House->Paddington,platform,910GWCHAPXR,Whitechapel,full_psd,full_psd_line,40.697906494140625,53.40968704223633,66.45343780517578,33.81399154663086,625.0
commuta_readings_today_20260812_173708.csv,7318,2026-08-12,2026-08-12T16:13:46.000+01:00,S10,Elizabeth,quieter,Custom House->Paddington,platform,910GWCHAPXR,Whitechapel,full_psd,full_psd_line,41.43327713012695,55.20393371582031,69.52603912353516,33.78957748413086,625.0
commuta_readings_today_20260812_173708.csv,7319,2026-08-12,2026-08-12T16:13:56.000+01:00,S10,Elizabeth,quieter,Custom House->Paddington,in_train,,,,full_psd_line,39.943336486816406,53.54426574707031,67.7605972290039,33.82314682006836,624.0
commuta_readings_today_20260812_173708.csv,7320,2026-08-12,2026-08-12T16:14:06.000+01:00,S10,Elizabeth,quieter,Custom House->Paddington,in_train,,,,full_psd_line,7.094569683074951,9.450300216674805,11.899883270263672,33.376060485839844,625.0
commuta_readings_today_20260812_173708.csv,7321,2026-08-12,2026-08-12T16:14:16.000+01:00,S10,Elizabeth,quieter,Custom House->Paddington,in_train,,,,full_psd_line,6.0192670822143555,7.984690189361572,10.021178245544434,32.75349044799805,673.0
commuta_readings_today_20260812_173708.csv,7322,2026-08-12,2026-08-12T16:14:26.000+01:00,S10,Elizabeth,quieter,Custom House->Paddington,in_train,,,,full_psd_line,7.9452385902404785,10.519957542419434,13.183445930480955,32.288089752197266,757.0
commuta_readings_today_20260812_173708.csv,7323,2026-08-12,2026-08-12T16:14:36.000+01:00,S10,Elizabeth,quieter,Custom House->Paddington,in_train,,,,full_psd_line,9.697402954101562,12.819931983947754,16.045654296875,31.886777877807617,826.0
commuta_readings_today_20260812_173708.csv,7324,2026-08-12,2026-08-12T16:14:46.000+01:00,S10,Elizabeth,quieter,Custom House->Paddington,in_train,,,,full_psd_line,12.049356460571287,15.734371185302734,19.497446060180664,31.6075382232666,914.0
commuta_readings_today_20260812_173708.csv,7325,2026-08-12,2026-08-12T16:14:56.000+01:00,S10,Elizabeth,quieter,Custom House->Paddington,in_train,,,,full_psd_line,12.635515213012695,16.374244689941406,20.162513732910156,31.396963119506836,998.0
commuta_readings_today_20260812_173708.csv,7326,2026-08-12,2026-08-12T16:15:06.000+01:00,S10,Elizabeth,quieter,Custom House->Paddington,in_train,,,,full_psd_line,14.122840881347656,18.270694732666016,22.46594619750977,31.15587043762207,1016.0
commuta_readings_today_20260812_173708.csv,7327,2026-08-12,2026-08-12T16:15:16.000+01:00,S10,Elizabeth,quieter,Custom House->Paddington,in_train,,,,full_psd_line,16.267568588256836,20.98019790649414,25.730653762817383,30.881208419799805,1033.0
commuta_readings_today_20260812_173708.csv,7328,2026-08-12,2026-08-12T16:15:26.000+01:00,S10,Elizabeth,quieter,Custom House->Paddington,in_train,,,,full_psd_line,16.37575340270996,21.113574981689453,25.88789176940918,30.759136199951172,1043.0
commuta_readings_today_20260812_173708.csv,7329,2026-08-12,2026-08-12T16:15:36.000+01:00,S10,Elizabeth,quieter,Custom House->Paddington,in_train,,,,full_psd_line,15.587932586669922,20.222227096557617,24.92328834533691,30.64011573791504,1055.0
commuta_readings_today_20260812_173708.csv,7330,2026-08-12,2026-08-12T16:15:46.000+01:00,S10,Elizabeth,quieter,Custom House->Paddington,in_train,,,,full_psd_line,13.665069580078123,17.849666595458984,22.12420082092285,30.537879943847656,1073.0
commuta_readings_today_20260812_173708.csv,7331,2026-08-12,2026-08-12T16:15:56.000+01:00,S10,Elizabeth,quieter,Custom House->Paddington,in_train,,,,full_psd_line,12.597122192382812,16.3404541015625,20.137287139892575,30.460060119628903,1098.0
commuta_readings_today_20260812_173708.csv,7332,2026-08-12,2026-08-12T16:16:06.000+01:00,S10,Elizabeth,quieter,Custom House->Paddington,in_train,,,,full_psd_line,11.540337562561035,14.873064994812012,18.22993850708008,30.337987899780273,1124.0
commuta_readings_today_20260812_173708.csv,7333,2026-08-12,2026-08-12T16:16:16.000+01:00,S10,Elizabeth,quieter,Custom House->Paddington,in_train,,,,full_psd_line,11.511832237243652,14.847716331481934,18.210617065429688,30.24643325805664,1134.0
commuta_readings_today_20260812_173708.csv,7334,2026-08-12,2026-08-12T16:16:26.000+01:00,S10,Elizabeth,quieter,Custom House->Paddington,in_train,,,,full_psd_line,11.182087898254396,14.426440238952637,17.69807243347168,30.22049331665039,1150.0
commuta_readings_today_20260812_173708.csv,7335,2026-08-12,2026-08-12T16:16:36.000+01:00,S10,Elizabeth,quieter,Custom House->Paddington,platform,910GLIVSTLL,Liverpool Street,full_psd,full_psd_line,15.418224334716797,19.76258850097656,24.111343383789062,30.08011054992676,1162.0
commuta_readings_today_20260812_173708.csv,7336,2026-08-12,2026-08-12T16:16:46.000+01:00,S10,Elizabeth,quieter,Custom House->Paddington,platform,910GLIVSTLL,Liverpool Street,full_psd,full_psd_line,19.91104507446289,25.541345596313477,31.182462692260746,30.746929168701172,1161.0
commuta_readings_today_20260812_173708.csv,7337,2026-08-12,2026-08-12T16:16:56.000+01:00,S10,Elizabeth,quieter,Custom House->Paddington,platform,910GLIVSTLL,Liverpool Street,full_psd,full_psd_line,31.63738441467285,40.44947814941406,49.24424362182617,32.219425201416016,1133.0
commuta_readings_today_20260812_173708.csv,7338,2026-08-12,2026-08-12T16:17:06.000+01:00,S10,Elizabeth,quieter,Custom House->Paddington,platform,910GLIVSTLL,Liverpool Street,full_psd,full_psd_line,33.430809020996094,42.61287689208984,51.7432861328125,32.89692687988281,1093.0
commuta_readings_today_20260812_173708.csv,7339,2026-08-12,2026-08-12T16:17:16.000+01:00,S10,Elizabeth,quieter,Custom House->Paddington,platform,910GLIVSTLL,Liverpool Street,full_psd,full_psd_line,31.762460708618164,40.84416580200195,49.96891403198242,33.29060745239258,1050.0
commuta_readings_today_20260812_173708.csv,7340,2026-08-12,2026-08-12T16:17:26.000+01:00,S10,Elizabeth,quieter,Custom House->Paddington,platform,910GLIVSTLL,Liverpool Street,full_psd,full_psd_line,28.546018600463867,36.80427169799805,45.12598419189453,33.72701644897461,1018.0
commuta_readings_today_20260812_173708.csv,7341,2026-08-12,2026-08-12T16:17:36.000+01:00,S10,Elizabeth,quieter,Custom House->Paddington,platform,910GLIVSTLL,Liverpool Street,full_psd,full_psd_line,25.16573715209961,32.458614349365234,39.8106575012207,34.34958267211914,996.0
commuta_readings_today_20260812_173708.csv,7342,2026-08-12,2026-08-12T16:17:46.000+01:00,S10,Elizabeth,quieter,Custom House->Paddington,platform,910GLIVSTLL,Liverpool Street,full_psd,full_psd_line,25.664793014526367,33.41689682006836,41.310325622558594,34.549476623535156,981.0
commuta_readings_today_20260812_173708.csv,7343,2026-08-12,2026-08-12T16:17:56.000+01:00,S10,Elizabeth,quieter,Custom House->Paddington,platform,910GLIVSTLL,Liverpool Street,full_psd,full_psd_line,22.871091842651367,29.599655151367188,36.40789794921875,34.81040573120117,975.0
commuta_readings_today_20260812_173708.csv,7344,2026-08-12,2026-08-12T16:18:06.000+01:00,S10,Elizabeth,quieter,Custom House->Paddington,platform,910GLIVSTLL,Liverpool Street,full_psd,full_psd_line,16.345298767089844,21.143861770629883,25.996763229370117,35.01335144042969,969.0
commuta_readings_today_20260812_173708.csv,7345,2026-08-12,2026-08-12T16:18:16.000+01:00,S10,Elizabeth,quieter,Custom House->Paddington,in_train,,,,full_psd_line,13.65153980255127,17.7528018951416,21.92352294921875,35.2040901184082,964.0
commuta_readings_today_20260812_173708.csv,7346,2026-08-12,2026-08-12T16:18:26.000+01:00,S10,Elizabeth,quieter,Custom House->Paddington,in_train,,,,full_psd_line,11.046598434448242,14.335022926330566,17.671865463256836,34.21377944946289,973.0
commuta_readings_today_20260812_173708.csv,7347,2026-08-12,2026-08-12T16:18:36.000+01:00,S10,Elizabeth,quieter,Custom House->Paddington,in_train,,,,full_psd_line,11.127830505371094,14.208253860473633,17.277673721313477,33.482872009277344,1049.0
commuta_readings_today_20260812_173708.csv,7348,2026-08-12,2026-08-12T16:18:46.000+01:00,S10,Elizabeth,quieter,Custom House->Paddington,in_train,,,,full_psd_line,16.5006103515625,20.905248641967773,25.251588821411133,32.95033264160156,1117.0
commuta_readings_today_20260812_173708.csv,7349,2026-08-12,2026-08-12T16:18:56.000+01:00,S10,Elizabeth,quieter,Custom House->Paddington,in_train,,,,full_psd_line,18.70033073425293,23.697322845458984,28.62958335876465,32.45441436767578,1180.0
commuta_readings_today_20260812_173708.csv,7350,2026-08-12,2026-08-12T16:19:06.000+01:00,S10,Elizabeth,quieter,Custom House->Paddington,in_train,,,,full_psd_line,20.160133361816406,25.41674041748047,30.56997299194336,32.0347900390625,1214.0
commuta_readings_today_20260812_173708.csv,7351,2026-08-12,2026-08-12T16:19:16.000+01:00,S10,Elizabeth,quieter,Custom House->Paddington,in_train,,,,full_psd_line,21.0472469329834,26.38856315612793,31.584213256835938,31.842527389526367,1241.0
commuta_readings_today_20260812_173708.csv,7352,2026-08-12,2026-08-12T16:19:26.000+01:00,S10,Elizabeth,quieter,Custom House->Paddington,in_train,,,,full_psd_line,20.786243438720703,25.922006607055664,30.878032684326172,31.67620277404785,1268.0
commuta_readings_today_20260812_173708.csv,7353,2026-08-12,2026-08-12T16:19:36.000+01:00,S10,Elizabeth,quieter,Custom House->Paddington,in_train,,,,full_psd_line,20.51110458374023,25.63427734375,30.5943603515625,31.54955291748047,1289.0
commuta_readings_today_20260812_173708.csv,7354,2026-08-12,2026-08-12T16:19:46.000+01:00,S10,Elizabeth,quieter,Custom House->Paddington,in_train,,,,full_psd_line,21.37677574157715,26.75971412658691,31.983888626098633,31.48241424560547,1320.0
commuta_readings_today_20260812_173708.csv,7355,2026-08-12,2026-08-12T16:19:56.000+01:00,S10,Elizabeth,quieter,Custom House->Paddington,in_train,,,,full_psd_line,21.165416717529297,27.044437408447266,32.90767288208008,31.50682830810547,1348.0
commuta_readings_today_20260812_173708.csv,7356,2026-08-12,2026-08-12T16:20:06.000+01:00,S10,Elizabeth,quieter,Custom House->Paddington,in_train,,,,full_psd_line,20.28931999206543,25.84783172607422,31.371355056762695,31.55870819091797,1369.0
commuta_readings_today_20260812_173708.csv,7357,2026-08-12,2026-08-12T16:20:16.000+01:00,S10,Elizabeth,quieter,Custom House->Paddington,in_train,,,,full_psd_line,19.528223037719727,24.75661277770996,29.920011520385746,31.6716251373291,1402.0
commuta_readings_today_20260812_173708.csv,7358,2026-08-12,2026-08-12T16:20:26.000+01:00,S10,Elizabeth,quieter,Custom House->Paddington,platform,910GFRNDXR,Farringdon,full_psd,full_psd_line,20.352367401123047,25.758466720581055,31.085779190063477,32.207218170166016,1399.0
commuta_readings_today_20260812_173708.csv,7359,2026-08-12,2026-08-12T16:20:36.000+01:00,S10,Elizabeth,quieter,Custom House->Paddington,platform,910GFRNDXR,Farringdon,full_psd,full_psd_line,20.38273048400879,25.77179718017578,31.07550048828125,32.7977409362793,1312.0
commuta_readings_today_20260812_173708.csv,7360,2026-08-12,2026-08-12T16:20:46.000+01:00,S10,Elizabeth,quieter,Custom House->Paddington,platform,910GFRNDXR,Farringdon,full_psd,full_psd_line,27.60405921936035,35.12930679321289,42.59736633300781,33.23567581176758,1189.0
commuta_readings_today_20260812_173708.csv,7361,2026-08-12,2026-08-12T16:20:56.000+01:00,S10,Elizabeth,quieter,Custom House->Paddington,platform,910GFRNDXR,Farringdon,full_psd,full_psd_line,30.353918075561523,40.02467727661133,49.99189758300781,33.66903305053711,1084.0
commuta_readings_today_20260812_173708.csv,7362,2026-08-12,2026-08-12T16:21:06.000+01:00,S10,Elizabeth,quieter,Custom House->Paddington,platform,910GFRNDXR,Farringdon,full_psd,full_psd_line,38.198299407958984,50.82355117797851,63.939109802246094,33.974212646484375,985.0
commuta_readings_today_20260812_173708.csv,7363,2026-08-12,2026-08-12T16:21:16.000+01:00,S10,Elizabeth,quieter,Custom House->Paddington,platform,910GFRNDXR,Farringdon,full_psd,full_psd_line,43.33537673950195,57.25966262817383,71.63749694824219,34.19699478149414,910.0
commuta_readings_today_20260812_173708.csv,7364,2026-08-12,2026-08-12T16:21:26.000+01:00,S10,Elizabeth,quieter,Custom House->Paddington,platform,910GFRNDXR,Farringdon,full_psd,full_psd_line,42.98126602172851,56.88578796386719,71.26435089111328,34.26413345336914,860.0
commuta_readings_today_20260812_173708.csv,7365,2026-08-12,2026-08-12T16:21:36.000+01:00,S10,Elizabeth,quieter,Custom House->Paddington,platform,910GFRNDXR,Farringdon,full_psd,full_psd_line,43.38208770751953,57.07988357543945,71.16954803466797,34.30075454711914,816.0
commuta_readings_today_20260812_173708.csv,7366,2026-08-12,2026-08-12T16:21:46.000+01:00,S10,Elizabeth,quieter,Custom House->Paddington,platform,910GFRNDXR,Farringdon,full_psd,full_psd_line,43.52256393432617,57.82625579833984,72.66764831542969,34.381629943847656,780.0
commuta_readings_today_20260812_173708.csv,7367,2026-08-12,2026-08-12T16:21:56.000+01:00,S10,Elizabeth,quieter,Custom House->Paddington,platform,910GFRNDXR,Farringdon,full_psd,full_psd_line,42.40391159057617,56.54198455810547,71.25592803955078,34.456398010253906,749.0
commuta_readings_today_20260812_173708.csv,7368,2026-08-12,2026-08-12T16:22:06.000+01:00,S10,Elizabeth,quieter,Custom House->Paddington,platform,910GFRNDXR,Farringdon,full_psd,full_psd_line,40.002960205078125,53.46637725830078,67.50546264648438,34.555580139160156,716.0
commuta_readings_today_20260812_173708.csv,7369,2026-08-12,2026-08-12T16:22:16.000+01:00,S10,Elizabeth,quieter,Custom House->Paddington,platform,910GFRNDXR,Farringdon,full_psd,full_psd_line,37.42823028564453,50.34638595581055,63.88588333129883,34.547950744628906,700.0
commuta_readings_today_20260812_173708.csv,7370,2026-08-12,2026-08-12T16:22:26.000+01:00,S10,Elizabeth,quieter,Custom House->Paddington,in_train,,,,full_psd_line,29.529537200927734,39.99938201904297,51.030982971191406,34.584571838378906,697.0
commuta_readings_today_20260812_173708.csv,7371,2026-08-12,2026-08-12T16:22:36.000+01:00,S10,Elizabeth,quieter,Custom House->Paddington,in_train,,,,full_psd_line,14.25665283203125,19.21097755432129,24.41065216064453,34.590675354003906,708.0
commuta_readings_today_20260812_173708.csv,7372,2026-08-12,2026-08-12T16:22:46.000+01:00,S10,Elizabeth,quieter,Custom House->Paddington,in_train,,,,full_psd_line,12.316264152526855,16.236408233642578,20.275867462158203,34.436561584472656,755.0
commuta_readings_today_20260812_173708.csv,7373,2026-08-12,2026-08-12T16:22:56.000+01:00,S10,Elizabeth,quieter,Custom House->Paddington,in_train,,,,full_psd_line,12.516149520874023,16.185789108276367,19.89580726623535,34.398414611816406,827.0
commuta_readings_today_20260812_173708.csv,7374,2026-08-12,2026-08-12T16:23:06.000+01:00,S10,Elizabeth,quieter,Custom House->Paddington,in_train,,,,full_psd_line,13.389768600463867,17.04804801940918,20.68065643310547,34.31601333618164,904.0
commuta_readings_today_20260812_173708.csv,7375,2026-08-12,2026-08-12T16:23:16.000+01:00,S10,Elizabeth,quieter,Custom House->Paddington,in_train,,,,full_psd_line,14.348310470581056,17.987838745117188,21.527610778808594,34.22140884399414,959.0
commuta_readings_today_20260812_173708.csv,7376,2026-08-12,2026-08-12T16:23:26.000+01:00,S10,Elizabeth,quieter,Custom House->Paddington,in_train,,,,full_psd_line,13.931246757507324,17.255138397216797,20.428146362304688,34.006256103515625,1021.0
commuta_readings_today_20260812_173708.csv,7377,2026-08-12,2026-08-12T16:23:36.000+01:00,S10,Elizabeth,quieter,Custom House->Paddington,in_train,,,,full_psd_line,13.568611145019531,16.6351375579834,19.51072883605957,34.012359619140625,1063.0
commuta_readings_today_20260812_173708.csv,7378,2026-08-12,2026-08-12T16:23:47.000+01:00,S10,Elizabeth,quieter,Custom House->Paddington,in_train,,,,full_psd_line,12.659822463989258,15.39246654510498,17.913883209228516,33.925384521484375,1131.0
commuta_readings_today_20260812_173708.csv,7379,2026-08-12,2026-08-12T16:23:56.000+01:00,S10,Elizabeth,quieter,Custom House->Paddington,in_train,,,,full_psd_line,12.595967292785645,15.157342910766602,17.46800994873047,34.055084228515625,1180.0
commuta_readings_today_20260812_173708.csv,7380,2026-08-12,2026-08-12T16:24:06.000+01:00,S10,Elizabeth,quieter,Custom House->Paddington,in_train,,,,full_psd_line,12.498601913452148,14.951903343200684,17.133708953857422,33.969635009765625,1213.0
commuta_readings_today_20260812_173708.csv,7381,2026-08-12,2026-08-12T16:24:16.000+01:00,S10,Elizabeth,quieter,Custom House->Paddington,in_train,,,,full_psd_line,12.354500770568848,14.68242359161377,16.71698570251465,33.940643310546875,1253.0
commuta_readings_today_20260812_173708.csv,7382,2026-08-12,2026-08-12T16:24:26.000+01:00,S10,Elizabeth,quieter,Custom House->Paddington,in_train,,,,full_psd_line,11.12725830078125,13.167058944702148,14.927996635437012,33.960479736328125,1291.0
commuta_readings_today_20260812_173708.csv,7383,2026-08-12,2026-08-12T16:24:36.000+01:00,S10,Elizabeth,quieter,Custom House->Paddington,in_train,,,,full_psd_line,11.60939598083496,13.71535873413086,15.524656295776367,33.946746826171875,1315.0
commuta_readings_today_20260812_173708.csv,7384,2026-08-12,2026-08-12T16:24:46.000+01:00,S10,Elizabeth,quieter,Custom House->Paddington,in_train,,,,full_psd_line,11.852294921875,13.982831954956056,15.8054780960083,33.87350082397461,1343.0
commuta_readings_today_20260812_173708.csv,7385,2026-08-12,2026-08-12T16:24:56.000+01:00,S10,Elizabeth,quieter,Custom House->Paddington,in_train,,,,full_psd_line,11.927533149719238,14.090298652648926,15.94803524017334,33.77279281616211,1369.0
commuta_readings_today_20260812_173708.csv,7386,2026-08-12,2026-08-12T16:25:06.000+01:00,S10,Elizabeth,quieter,Custom House->Paddington,in_train,,,,full_psd_line,11.703232765197754,13.862120628356934,15.731186866760254,33.73769760131836,1378.0
commuta_readings_today_20260812_173708.csv,7387,2026-08-12,2026-08-12T16:25:16.000+01:00,S10,Elizabeth,quieter,Custom House->Paddington,in_train,,,,full_psd_line,11.402430534362791,13.47214698791504,15.250819206237791,33.67208480834961,1395.0
commuta_readings_today_20260812_173708.csv,7388,2026-08-12,2026-08-12T16:25:26.000+01:00,S10,Elizabeth,quieter,Custom House->Paddington,platform,910GTOTCTRD,Tottenham Court Road,full_psd,full_psd_line,38.56648635864258,45.82569122314453,52.1671142578125,33.68734359741211,1415.0
commuta_readings_today_20260812_173708.csv,7389,2026-08-12,2026-08-12T16:25:36.000+01:00,S10,Elizabeth,quieter,Custom House->Paddington,platform,910GTOTCTRD,Tottenham Court Road,full_psd,full_psd_line,48.00367736816406,58.385292053222656,67.97108459472656,34.395362854003906,1407.0
commuta_readings_today_20260812_173708.csv,7390,2026-08-12,2026-08-12T16:25:46.000+01:00,S10,Elizabeth,quieter,Custom House->Paddington,platform,910GTOTCTRD,Tottenham Court Road,full_psd,full_psd_line,48.915042877197266,60.215206146240234,70.89019012451172,34.82108688354492,1355.0
commuta_readings_today_20260812_173708.csv,7391,2026-08-12,2026-08-12T16:25:56.000+01:00,S10,Elizabeth,quieter,Custom House->Paddington,platform,910GTOTCTRD,Tottenham Court Road,full_psd,full_psd_line,49.52031707763672,62.228031158447266,74.62918853759766,35.03013610839844,1269.0
commuta_readings_today_20260812_173708.csv,7392,2026-08-12,2026-08-12T16:26:06.000+01:00,S10,Elizabeth,quieter,Custom House->Paddington,platform,910GTOTCTRD,Tottenham Court Road,full_psd,full_psd_line,49.8487663269043,64.1432113647461,78.515869140625,35.2010383605957,1189.0
commuta_readings_today_20260812_173708.csv,7393,2026-08-12,2026-08-12T16:26:16.000+01:00,S10,Elizabeth,quieter,Custom House->Paddington,platform,910GTOTCTRD,Tottenham Court Road,full_psd,full_psd_line,47.88567733764648,61.838104248046875,75.92254638671875,35.3322639465332,1123.0
commuta_readings_today_20260812_173708.csv,7394,2026-08-12,2026-08-12T16:26:26.000+01:00,S10,Elizabeth,quieter,Custom House->Paddington,platform,910GTOTCTRD,Tottenham Court Road,full_psd,full_psd_line,43.90024948120117,57.21506118774414,70.78569030761719,35.52910614013672,1079.0
commuta_readings_today_20260812_173708.csv,7395,2026-08-12,2026-08-12T16:26:36.000+01:00,S10,Elizabeth,quieter,Custom House->Paddington,platform,910GTOTCTRD,Tottenham Court Road,full_psd,full_psd_line,41.80261993408203,54.95716094970703,68.47784423828125,35.881591796875,1049.0
commuta_readings_today_20260812_173708.csv,7396,2026-08-12,2026-08-12T16:26:46.000+01:00,S10,Elizabeth,quieter,Custom House->Paddington,platform,910GTOTCTRD,Tottenham Court Road,full_psd,full_psd_line,39.36123275756836,51.0827522277832,62.97787094116211,36.113525390625,1034.0
commuta_readings_today_20260812_173708.csv,7397,2026-08-12,2026-08-12T16:26:56.000+01:00,S10,Elizabeth,quieter,Custom House->Paddington,platform,910GTOTCTRD,Tottenham Court Road,full_psd,full_psd_line,37.375732421875,48.16831588745117,59.038818359375,36.67658615112305,1022.0
commuta_readings_today_20260812_173708.csv,7398,2026-08-12,2026-08-12T16:27:06.000+01:00,S10,Elizabeth,quieter,Custom House->Paddington,platform,910GTOTCTRD,Tottenham Court Road,full_psd,full_psd_line,36.555152893066406,47.883567810058594,59.48714065551758,37.608909606933594,1022.0
commuta_readings_today_20260812_173708.csv,7399,2026-08-12,2026-08-12T16:27:16.000+01:00,S10,Elizabeth,quieter,Custom House->Paddington,platform,910GTOTCTRD,Tottenham Court Road,full_psd,full_psd_line,36.3512077331543,46.8878059387207,57.510459899902344,38.031585693359375,1025.0
commuta_readings_today_20260812_173708.csv,7400,2026-08-12,2026-08-12T16:27:26.000+01:00,S10,Elizabeth,quieter,Custom House->Paddington,platform,910GTOTCTRD,Tottenham Court Road,full_psd,full_psd_line,34.24458694458008,43.64521408081055,52.99165344238281,38.21927261352539,1026.0
commuta_readings_today_20260812_173708.csv,7401,2026-08-12,2026-08-12T16:27:36.000+01:00,S10,Elizabeth,quieter,Custom House->Paddington,platform,910GTOTCTRD,Tottenham Court Road,full_psd,full_psd_line,33.493812561035156,42.07199478149414,50.438499450683594,38.382545471191406,1031.0
commuta_readings_today_20260812_173708.csv,7402,2026-08-12,2026-08-12T16:27:46.000+01:00,S10,Elizabeth,quieter,Custom House->Paddington,platform,910GTOTCTRD,Tottenham Court Road,full_psd,full_psd_line,32.935813903808594,40.61753845214844,47.89710998535156,38.426795959472656,1034.0
commuta_readings_today_20260812_173708.csv,7403,2026-08-12,2026-08-12T16:27:56.000+01:00,S10,Elizabeth,quieter,Custom House->Paddington,platform,910GTOTCTRD,Tottenham Court Road,full_psd,full_psd_line,32.59305191040039,39.848846435546875,46.61760711669922,38.471046447753906,1036.0
commuta_readings_today_20260812_173708.csv,7404,2026-08-12,2026-08-12T16:28:06.000+01:00,S10,Elizabeth,quieter,Custom House->Paddington,platform,910GTOTCTRD,Tottenham Court Road,full_psd,full_psd_line,31.409337997436523,38.42820739746094,44.98456954956055,38.495460510253906,1038.0
commuta_readings_today_20260812_173708.csv,7405,2026-08-12,2026-08-12T16:28:16.000+01:00,S10,Elizabeth,quieter,Custom House->Paddington,platform,910GTOTCTRD,Tottenham Court Road,full_psd,full_psd_line,26.954647064208984,33.26278305053711,39.24732208251953,38.33676528930664,1039.0
commuta_readings_today_20260812_173708.csv,7406,2026-08-12,2026-08-12T16:28:26.000+01:00,S10,Elizabeth,quieter,Custom House->Paddington,platform,910GTOTCTRD,Tottenham Court Road,full_psd,full_psd_line,20.191762924194336,25.049484252929688,29.69884872436523,38.112457275390625,1036.0
commuta_readings_today_20260812_173708.csv,7407,2026-08-12,2026-08-12T16:28:36.000+01:00,S10,Elizabeth,quieter,Custom House->Paddington,platform,910GTOTCTRD,Tottenham Court Road,full_psd,full_psd_line,13.23701000213623,16.333057403564453,19.269729614257812,37.59212493896485,1020.0
commuta_readings_today_20260812_173708.csv,7408,2026-08-12,2026-08-12T16:28:46.000+01:00,S10,Elizabeth,quieter,Custom House->Paddington,platform,910GTOTCTRD,Tottenham Court Road,full_psd,full_psd_line,9.308547973632812,11.39120864868164,13.337450981140137,37.09010314941406,931.0
commuta_readings_today_20260812_173708.csv,7409,2026-08-12,2026-08-12T16:28:56.000+01:00,S10,Elizabeth,quieter,Custom House->Paddington,platform,910GTOTCTRD,Tottenham Court Road,full_psd,full_psd_line,8.635530471801758,10.488611221313477,12.194801330566406,36.79865646362305,889.0
commuta_readings_today_20260812_173708.csv,7410,2026-08-12,2026-08-12T16:29:06.000+01:00,S10,Elizabeth,quieter,Custom House->Paddington,platform,910GTOTCTRD,Tottenham Court Road,full_psd,full_psd_line,8.627350807189941,10.407634735107422,12.022873878479004,36.59265899658203,858.0
commuta_readings_today_20260812_173708.csv,7411,2026-08-12,2026-08-12T16:29:16.000+01:00,S10,Elizabeth,quieter,Custom House->Paddington,platform,910GTOTCTRD,Tottenham Court Road,full_psd,full_psd_line,17.04743194580078,20.59720993041992,23.8291015625,36.362247467041016,810.0
commuta_readings_today_20260812_173708.csv,7412,2026-08-12,2026-08-12T16:29:26.000+01:00,S10,Elizabeth,quieter,Custom House->Paddington,platform,910GTOTCTRD,Tottenham Court Road,full_psd,full_psd_line,13.010137557983398,15.691166877746582,18.12236785888672,36.159305572509766,779.0
commuta_readings_today_20260812_173708.csv,7413,2026-08-12,2026-08-12T16:29:36.000+01:00,S10,Elizabeth,quieter,Custom House->Paddington,in_train,,,,full_psd_line,11.279962539672852,13.464898109436035,15.397303581237791,35.942626953125,747.0
commuta_readings_today_20260812_173708.csv,7414,2026-08-12,2026-08-12T16:29:46.000+01:00,S10,Elizabeth,quieter,Custom House->Paddington,in_train,,,,full_psd_line,10.630707740783691,12.561092376708984,14.220324516296388,35.782405853271484,732.0
commuta_readings_today_20260812_173708.csv,7415,2026-08-12,2026-08-12T16:29:56.000+01:00,S10,Elizabeth,quieter,Custom House->Paddington,in_train,,,,full_psd_line,9.627065658569336,11.287919998168944,12.680747032165527,35.56114959716797,732.0
commuta_readings_today_20260812_173708.csv,7416,2026-08-12,2026-08-12T16:30:06.000+01:00,S10,Elizabeth,quieter,Custom House->Paddington,in_train,,,,full_psd_line,8.942811012268066,10.423129081726074,11.638384819030762,35.02555847167969,735.0
commuta_readings_today_20260812_173708.csv,7417,2026-08-12,2026-08-12T16:30:16.000+01:00,S10,Elizabeth,quieter,Custom House->Paddington,in_train,,,,full_psd_line,8.076268196105957,9.340206146240234,10.345991134643556,34.465553283691406,775.0
commuta_readings_today_20260812_173708.csv,7418,2026-08-12,2026-08-12T16:30:26.000+01:00,S10,Elizabeth,quieter,Custom House->Paddington,in_train,,,,full_psd_line,7.746585369110107,8.91913890838623,9.83383083343506,34.17410659790039,858.0
commuta_readings_today_20260812_173708.csv,7419,2026-08-12,2026-08-12T16:30:36.000+01:00,S10,Elizabeth,quieter,Custom House->Paddington,in_train,,,,full_psd_line,7.115423679351807,8.148426055908203,8.933244705200195,34.029144287109375,905.0
commuta_readings_today_20260812_173708.csv,7420,2026-08-12,2026-08-12T16:30:46.000+01:00,S10,Elizabeth,quieter,Custom House->Paddington,in_train,,,,full_psd_line,6.861934185028076,7.811870098114014,8.510553359985352,33.85519027709961,942.0
commuta_readings_today_20260812_173708.csv,7421,2026-08-12,2026-08-12T16:30:56.000+01:00,S10,Elizabeth,quieter,Custom House->Paddington,in_train,,,,full_psd_line,6.477708339691162,7.34056282043457,7.957508087158203,33.77431869506836,1001.0
commuta_readings_today_20260812_173708.csv,7422,2026-08-12,2026-08-12T16:31:06.000+01:00,S10,Elizabeth,quieter,Custom House->Paddington,in_train,,,,full_psd_line,6.603975772857666,7.4585113525390625,8.05587100982666,33.585105895996094,1049.0
commuta_readings_today_20260812_173708.csv,7423,2026-08-12,2026-08-12T16:31:16.000+01:00,S10,Elizabeth,quieter,Custom House->Paddington,in_train,,,,full_psd_line,6.658300399780273,7.517178058624268,8.11607551574707,33.438621520996094,1089.0
commuta_readings_today_20260812_173708.csv,7424,2026-08-12,2026-08-12T16:31:26.000+01:00,S10,Elizabeth,quieter,Custom House->Paddington,in_train,,,,full_psd_line,6.917800426483154,7.806629180908203,8.424436569213867,33.22957229614258,1132.0
commuta_readings_today_20260812_173708.csv,7425,2026-08-12,2026-08-12T16:31:36.000+01:00,S10,Elizabeth,quieter,Custom House->Paddington,in_train,,,,full_psd_line,6.558816909790039,7.385782718658447,7.951739311218262,33.14412307739258,1176.0
commuta_readings_today_20260812_173708.csv,7426,2026-08-12,2026-08-12T16:31:46.000+01:00,S10,Elizabeth,quieter,Custom House->Paddington,in_train,,,,full_psd_line,5.911259174346924,6.636809349060059,7.1220316886901855,32.92744445800781,1205.0
commuta_readings_today_20260812_173708.csv,7427,2026-08-12,2026-08-12T16:31:56.000+01:00,S10,Elizabeth,quieter,Custom House->Paddington,platform,910GBONDST,Bond Street,full_psd,full_psd_line,8.215349197387695,9.240890502929688,9.93685245513916,32.6970329284668,1227.0
commuta_readings_today_20260812_173708.csv,7428,2026-08-12,2026-08-12T16:32:06.000+01:00,S10,Elizabeth,quieter,Custom House->Paddington,platform,910GBONDST,Bond Street,full_psd,full_psd_line,9.020716667175291,10.184831619262695,10.996851921081545,33.03425598144531,1233.0
commuta_readings_today_20260812_173708.csv,7429,2026-08-12,2026-08-12T16:32:16.000+01:00,S10,Elizabeth,quieter,Custom House->Paddington,platform,910GBONDST,Bond Street,full_psd,full_psd_line,8.848369598388672,10.034149169921877,10.885862350463867,33.394371032714844,1214.0
commuta_readings_today_20260812_173708.csv,7430,2026-08-12,2026-08-12T16:32:26.000+01:00,S10,Elizabeth,quieter,Custom House->Paddington,platform,910GBONDST,Bond Street,full_psd,full_psd_line,8.587010383605957,9.81684112548828,10.742833137512209,33.615623474121094,1173.0
commuta_readings_today_20260812_173708.csv,7431,2026-08-12,2026-08-12T16:32:36.000+01:00,S10,Elizabeth,quieter,Custom House->Paddington,platform,910GBONDST,Bond Street,full_psd,full_psd_line,8.681851387023926,10.020135879516602,11.075650215148926,33.86129379272461,1130.0
commuta_readings_today_20260812_173708.csv,7432,2026-08-12,2026-08-12T16:32:46.000+01:00,S10,Elizabeth,quieter,Custom House->Paddington,platform,910GBONDST,Bond Street,full_psd,full_psd_line,9.600885391235352,11.108925819396973,12.311490058898926,34.053558349609375,1092.0
commuta_readings_today_20260812_173708.csv,7433,2026-08-12,2026-08-12T16:32:56.000+01:00,S10,Elizabeth,quieter,Custom House->Paddington,platform,910GBONDST,Bond Street,full_psd,full_psd_line,9.781827926635742,11.352234840393066,12.620152473449709,34.441139221191406,1052.0
commuta_readings_today_20260812_173708.csv,7434,2026-08-12,2026-08-12T16:33:06.000+01:00,S10,Elizabeth,quieter,Custom House->Paddington,platform,910GBONDST,Bond Street,full_psd,full_psd_line,9.363384246826172,10.8424711227417,12.02579116821289,34.595252990722656,1021.0
commuta_readings_today_20260812_173708.csv,7435,2026-08-12,2026-08-12T16:33:16.000+01:00,S10,Elizabeth,quieter,Custom House->Paddington,platform,910GBONDST,Bond Street,full_psd,full_psd_line,8.881305694580078,10.260502815246582,11.353047370910645,34.86075973510742,988.0
commuta_readings_today_20260812_173708.csv,7436,2026-08-12,2026-08-12T16:33:26.000+01:00,S10,Elizabeth,quieter,Custom House->Paddington,platform,910GBONDST,Bond Street,full_psd,full_psd_line,9.308595657348633,10.74839210510254,11.88626194000244,35.01029968261719,966.0
commuta_readings_today_20260812_173708.csv,7437,2026-08-12,2026-08-12T16:33:36.000+01:00,S10,Elizabeth,quieter,Custom House->Paddington,platform,910GBONDST,Bond Street,full_psd,full_psd_line,9.311450004577637,10.779011726379396,11.95159149169922,35.13542556762695,954.0
commuta_readings_today_20260812_173708.csv,7438,2026-08-12,2026-08-12T16:33:46.000+01:00,S10,Elizabeth,quieter,Custom House->Paddington,platform,910GBONDST,Bond Street,full_psd,full_psd_line,9.0762939453125,10.51478385925293,11.667797088623049,35.2498664855957,947.0
commuta_readings_today_20260812_173708.csv,7439,2026-08-12,2026-08-12T16:33:56.000+01:00,S10,Elizabeth,quieter,Custom House->Paddington,platform,910GBONDST,Bond Street,full_psd,full_psd_line,9.045162200927734,10.52542781829834,11.73322582244873,35.44518280029297,933.0
commuta_readings_today_20260812_173708.csv,7440,2026-08-12,2026-08-12T16:34:06.000+01:00,S10,Elizabeth,quieter,Custom House->Paddington,platform,910GBONDST,Bond Street,full_psd,full_psd_line,8.883831977844238,10.356311798095703,11.565973281860352,35.667964935302734,925.0
commuta_readings_today_20260812_173708.csv,7441,2026-08-12,2026-08-12T16:34:16.000+01:00,S10,Elizabeth,quieter,Custom House->Paddington,platform,910GBONDST,Bond Street,full_psd,full_psd_line,8.893034934997559,10.389937400817873,11.629648208618164,35.811397552490234,916.0
commuta_readings_today_20260812_173708.csv,7442,2026-08-12,2026-08-12T16:34:26.000+01:00,S10,Elizabeth,quieter,Custom House->Paddington,platform,910GBONDST,Bond Street,full_psd,full_psd_line,8.690402030944824,10.18251609802246,11.430841445922852,35.817501068115234,914.0
commuta_readings_today_20260812_173708.csv,7443,2026-08-12,2026-08-12T16:34:36.000+01:00,S10,Elizabeth,quieter,Custom House->Paddington,platform,910GBONDST,Bond Street,full_psd,full_psd_line,8.198556900024414,9.62313747406006,10.82208251953125,35.861751556396484,909.0
commuta_readings_today_20260812_173708.csv,7444,2026-08-12,2026-08-12T16:34:46.000+01:00,S10,Elizabeth,quieter,Custom House->Paddington,platform,910GBONDST,Bond Street,full_psd,full_psd_line,8.64648723602295,10.17837619781494,11.47988986968994,35.9029541015625,907.0
commuta_readings_today_20260812_173708.csv,7445,2026-08-12,2026-08-12T16:34:56.000+01:00,S10,Elizabeth,quieter,Custom House->Paddington,platform,910GBONDST,Bond Street,full_psd,full_psd_line,9.300948143005373,10.931159019470217,12.309020042419434,36.0555419921875,903.0
commuta_readings_today_20260812_173708.csv,7446,2026-08-12,2026-08-12T16:35:06.000+01:00,S10,Elizabeth,quieter,Custom House->Paddington,platform,910GBONDST,Bond Street,full_psd,full_psd_line,9.048230171203612,10.61493682861328,11.931204795837402,36.177616119384766,901.0
commuta_readings_today_20260812_173708.csv,7447,2026-08-12,2026-08-12T16:35:16.000+01:00,S10,Elizabeth,quieter,Custom House->Paddington,platform,910GBONDST,Bond Street,full_psd,full_psd_line,9.244837760925291,10.819791793823242,12.132222175598145,36.168460845947266,898.0
commuta_readings_today_20260812_173708.csv,7448,2026-08-12,2026-08-12T16:35:26.000+01:00,S10,Elizabeth,quieter,Custom House->Paddington,platform,910GBONDST,Bond Street,full_psd,full_psd_line,9.607667922973633,11.237056732177734,12.591723442077637,36.24322891235352,895.0
commuta_readings_today_20260812_173708.csv,7449,2026-08-12,2026-08-12T16:35:36.000+01:00,S10,Elizabeth,quieter,Custom House->Paddington,platform,910GBONDST,Bond Street,full_psd,full_psd_line,9.330373764038086,10.941971778869627,12.294303894042969,36.14557266235352,886.0
commuta_readings_today_20260812_173708.csv,7450,2026-08-12,2026-08-12T16:35:46.000+01:00,S10,Elizabeth,quieter,Custom House->Paddington,in_train,,,,full_psd_line,9.310293197631836,10.988097190856934,12.425129890441896,36.11505126953125,886.0
commuta_readings_today_20260812_173708.csv,7451,2026-08-12,2026-08-12T16:35:56.000+01:00,S10,Elizabeth,quieter,Custom House->Paddington,in_train,,,,full_psd_line,8.494242668151855,10.010369300842283,11.30306339263916,35.48638153076172,904.0
commuta_readings_today_20260812_173708.csv,7452,2026-08-12,2026-08-12T16:36:06.000+01:00,S10,Elizabeth,quieter,Custom House->Paddington,in_train,,,,full_psd_line,8.275107383728027,9.71237564086914,10.921745300292969,35.1918830871582,961.0
commuta_readings_today_20260812_173708.csv,7453,2026-08-12,2026-08-12T16:36:16.000+01:00,S10,Elizabeth,quieter,Custom House->Paddington,in_train,,,,full_psd_line,8.041009902954102,9.390357971191406,10.506086349487305,34.81650924682617,1015.0
commuta_readings_today_20260812_173708.csv,7454,2026-08-12,2026-08-12T16:36:26.000+01:00,S10,Elizabeth,quieter,Custom House->Paddington,in_train,,,,full_psd_line,8.233027458190918,9.592323303222656,10.706684112548828,34.566261291503906,1069.0
commuta_readings_today_20260812_173708.csv,7455,2026-08-12,2026-08-12T16:36:36.000+01:00,S10,Elizabeth,quieter,Custom House->Paddington,in_train,,,,full_psd_line,8.44950008392334,9.803836822509766,10.896322250366213,34.24124526977539,1133.0
commuta_readings_today_20260812_173708.csv,7456,2026-08-12,2026-08-12T16:36:46.000+01:00,S10,Elizabeth,quieter,Custom House->Paddington,in_train,,,,full_psd_line,8.32728385925293,9.624279022216797,10.653491973876951,33.83840560913086,1187.0
commuta_readings_today_20260812_173708.csv,7457,2026-08-12,2026-08-12T16:36:56.000+01:00,S10,Elizabeth,quieter,Custom House->Paddington,in_train,,,,full_psd_line,8.827139854431152,10.183852195739746,11.252037048339844,33.508811950683594,1250.0
commuta_readings_today_20260812_173708.csv,7458,2026-08-12,2026-08-12T16:37:06.000+01:00,S10,Elizabeth,quieter,Custom House->Paddington,in_train,,,,full_psd_line,8.694314002990723,10.020902633666992,11.060809135437012,33.31349563598633,1304.0
commuta_readings_today_20260812_173708.csv,7459,2026-08-12,2026-08-12T16:37:16.000+01:00,S10,Elizabeth,quieter,Custom House->Paddington,in_train,,,,full_psd_line,7.984623432159424,9.188082695007324,10.124436378479004,33.16395950317383,1384.0
commuta_readings_today_20260812_173708.csv,7460,2026-08-12,2026-08-12T16:37:26.000+01:00,S10,Elizabeth,quieter,Custom House->Paddington,in_train,,,,full_psd_line,8.024155616760254,9.192776679992676,10.082470893859863,33.08308410644531,1420.0
commuta_readings_today_20260812_173708.csv,7461,2026-08-12,2026-08-12T16:37:36.000+01:00,S10,Elizabeth,quieter,Custom House->Paddington,in_train,,,,full_psd_line,7.842933654785156,8.943655014038086,9.761061668395996,32.90608215332031,1455.0
commuta_readings_today_20260812_173708.csv,7462,2026-08-12,2026-08-12T16:37:46.000+01:00,S10,Elizabeth,quieter,Custom House->Paddington,in_train,,,,full_psd_line,7.828614234924316,8.915436744689941,9.716402053833008,32.76874923706055,1485.0
commuta_readings_today_20260812_173708.csv,7463,2026-08-12,2026-08-12T16:37:56.000+01:00,S10,Elizabeth,quieter,Custom House->Paddington,in_train,,,,full_psd_line,7.225072860717773,8.211307525634766,8.929396629333496,32.52155303955078,1512.0
commuta_readings_today_20260812_173708.csv,7464,2026-08-12,2026-08-12T16:38:06.000+01:00,S10,Elizabeth,quieter,Custom House->Paddington,in_train,,,,full_psd_line,6.89168119430542,7.82667875289917,8.50442886352539,32.42237091064453,1531.0
commuta_readings_today_20260812_173708.csv,7465,2026-08-12,2026-08-12T16:38:16.000+01:00,S10,Elizabeth,quieter,Custom House->Paddington,in_train,,,,full_psd_line,6.880138874053955,7.801912784576416,8.463869094848633,32.111083984375,1543.0
commuta_readings_today_20260812_173708.csv,7466,2026-08-12,2026-08-12T16:38:26.000+01:00,S10,Elizabeth,quieter,Custom House->Paddington,platform,910GPADTLL,Paddington,full_psd,full_psd_line,6.887042045593262,7.790451526641846,8.428817749023438,32.013427734375,1551.0
commuta_readings_today_20260812_173708.csv,7467,2026-08-12,2026-08-12T16:38:36.000+01:00,S10,Elizabeth,quieter,Custom House->Paddington,platform,910GPADTLL,Paddington,full_psd,full_psd_line,6.599948883056641,7.453588962554932,8.050117492675781,32.57495880126953,1499.0
commuta_readings_today_20260812_173708.csv,7468,2026-08-12,2026-08-12T16:38:46.000+01:00,S10,Elizabeth,quieter,Custom House->Paddington,platform,910GPADTLL,Paddington,full_psd,full_psd_line,6.0505571365356445,6.831598281860352,7.376530170440674,32.80537033081055,1363.0
commuta_readings_today_20260812_173708.csv,7469,2026-08-12,2026-08-12T16:38:56.000+01:00,S10,Elizabeth,quieter,Custom House->Paddington,platform,910GPADTLL,Paddington,full_psd,full_psd_line,5.779971599578857,6.516602039337158,7.025242805480957,32.91065979003906,1149.0
commuta_readings_today_20260812_173708.csv,7470,2026-08-12,2026-08-12T16:39:06.000+01:00,S10,Elizabeth,quieter,Custom House->Paddington,platform,910GPADTLL,Paddington,full_psd,full_psd_line,5.412563800811768,6.0813374519348145,6.531200408935547,32.93659973144531,1027.0
commuta_readings_today_20260812_173708.csv,7471,2026-08-12,2026-08-12T16:39:16.000+01:00,S10,Elizabeth,quieter,Custom House->Paddington,platform,910GPADTLL,Paddington,full_psd,full_psd_line,5.494349479675293,6.175590515136719,6.635220050811768,33.07240295410156,943.0
commuta_readings_today_20260812_173708.csv,7472,2026-08-12,2026-08-12T16:39:26.000+01:00,S10,Elizabeth,quieter,Custom House->Paddington,platform,910GPADTLL,Paddington,full_psd,full_psd_line,5.763996124267578,6.470022678375244,6.941333770751953,33.25703811645508,866.0
commuta_readings_today_20260812_173708.csv,7473,2026-08-12,2026-08-12T16:39:36.000+01:00,S10,Elizabeth,quieter,Custom House->Paddington,platform,910GPADTLL,Paddington,full_psd,full_psd_line,5.702627658843994,6.375330924987793,6.809176921844482,33.398948669433594,810.0
commuta_readings_today_20260812_173708.csv,7474,2026-08-12,2026-08-12T16:39:46.000+01:00,S10,Elizabeth,quieter,Custom House->Paddington,platform,910GPADTLL,Paddington,full_psd,full_psd_line,5.116219997406006,5.707858085632324,6.082137107849121,33.30586624145508,768.0
commuta_readings_today_20260812_173708.csv,7475,2026-08-12,2026-08-12T16:39:56.000+01:00,S10,Elizabeth,quieter,Custom House->Paddington,platform,910GPADTLL,Paddington,full_psd,full_psd_line,5.039882659912109,5.60977840423584,5.962234973907471,33.33028030395508,731.0
commuta_readings_today_20260812_173708.csv,7476,2026-08-12,2026-08-12T16:40:06.000+01:00,S10,Elizabeth,quieter,Custom House->Paddington,platform,910GPADTLL,Paddington,full_psd,full_psd_line,5.555728912353516,6.175047397613525,6.552377223968506,33.397422790527344,704.0
commuta_readings_today_20260812_173708.csv,7477,2026-08-12,2026-08-12T16:40:16.000+01:00,S10,Elizabeth,quieter,Custom House->Paddington,platform,910GPADTLL,Paddington,full_psd,full_psd_line,5.73008918762207,6.361313819885254,6.741015434265137,33.417259216308594,679.0
commuta_readings_today_20260812_173708.csv,7478,2026-08-12,2026-08-12T16:40:26.000+01:00,S10,Elizabeth,quieter,Custom House->Paddington,platform,910GPADTLL,Paddington,full_psd,full_psd_line,5.839397430419922,6.472647666931152,6.846999645233154,33.449302673339844,659.0
commuta_readings_today_20260812_173708.csv,7479,2026-08-12,2026-08-12T16:40:36.000+01:00,S10,Elizabeth,quieter,Custom House->Paddington,platform,910GPADTLL,Paddington,full_psd,full_psd_line,7.428491115570068,8.226319313049316,8.692801475524902,33.466087341308594,649.0
commuta_readings_today_20260812_173708.csv,7480,2026-08-12,2026-08-12T16:40:46.000+01:00,S10,Elizabeth,quieter,Custom House->Paddington,platform,910GPADTLL,Paddington,full_psd,full_psd_line,8.135612487792969,9.01719856262207,9.537907600402832,33.614097595214844,637.0
commuta_readings_today_20260812_173708.csv,7481,2026-08-12,2026-08-12T16:40:56.000+01:00,S10,Elizabeth,quieter,Custom House->Paddington,platform,910GPADTLL,Paddington,full_psd,full_psd_line,8.757790565490723,9.715143203735352,10.28617000579834,33.65682601928711,634.0
commuta_readings_today_20260812_173708.csv,7482,2026-08-12,2026-08-12T16:41:06.000+01:00,S10,Elizabeth,quieter,Custom House->Paddington,platform,910GPADTLL,Paddington,full_psd,full_psd_line,9.24359130859375,10.253517150878906,10.855549812316896,33.74837875366211,631.0
commuta_readings_today_20260812_173708.csv,7540,2026-08-12,2026-08-12T16:50:46.000+01:00,S11,Central,busier,Bond Street->Stratford,platform,940GZZLUBND,Bond Street,underground_no_psd,deep_tube_open,86.1957015991211,109.10717010498048,131.68899536132812,37.63027572631836,931.0
commuta_readings_today_20260812_173708.csv,7541,2026-08-12,2026-08-12T16:50:56.000+01:00,S11,Central,busier,Bond Street->Stratford,platform,940GZZLUBND,Bond Street,underground_no_psd,deep_tube_open,104.23091888427734,130.11117553710938,155.12295532226562,38.529029846191406,934.0
commuta_readings_today_20260812_173708.csv,7542,2026-08-12,2026-08-12T16:51:06.000+01:00,S11,Central,busier,Bond Street->Stratford,platform,940GZZLUBND,Bond Street,underground_no_psd,deep_tube_open,109.4893798828125,134.7237091064453,158.54336547851562,39.06004333496094,937.0
commuta_readings_today_20260812_173708.csv,7543,2026-08-12,2026-08-12T16:51:16.000+01:00,S11,Central,busier,Bond Street->Stratford,platform,940GZZLUBND,Bond Street,underground_no_psd,deep_tube_open,113.77741241455078,137.32542419433594,158.7147674560547,39.36369705200195,943.0
commuta_readings_today_20260812_173708.csv,7544,2026-08-12,2026-08-12T16:51:26.000+01:00,S11,Central,busier,Bond Street->Stratford,in_train,,,,deep_tube_open,116.25354766845705,140.2664794921875,162.06153869628906,39.635311126708984,953.0
commuta_readings_today_20260812_173708.csv,7545,2026-08-12,2026-08-12T16:51:36.000+01:00,S11,Central,busier,Bond Street->Stratford,in_train,,,,deep_tube_open,114.5376968383789,136.3221893310547,155.4390411376953,39.775691986083984,965.0
commuta_readings_today_20260812_173708.csv,7546,2026-08-12,2026-08-12T16:51:46.000+01:00,S11,Central,busier,Bond Street->Stratford,in_train,,,,deep_tube_open,114.75115966796876,136.0410614013672,154.5206298828125,39.92218017578125,979.0
commuta_readings_today_20260812_173708.csv,7547,2026-08-12,2026-08-12T16:51:56.000+01:00,S11,Central,busier,Bond Street->Stratford,in_train,,,,deep_tube_open,112.15210723876952,132.8025665283203,150.66583251953125,40.328067779541016,1016.0
commuta_readings_today_20260812_173708.csv,7548,2026-08-12,2026-08-12T16:52:06.000+01:00,S11,Central,busier,Bond Street->Stratford,in_train,,,,deep_tube_open,108.70746612548828,128.38763427734375,145.27969360351562,40.97047424316406,1046.0
commuta_readings_today_20260812_173708.csv,7549,2026-08-12,2026-08-12T16:52:16.000+01:00,S11,Central,busier,Bond Street->Stratford,in_train,,,,deep_tube_open,103.68953704833984,122.33726501464844,138.2936553955078,41.22835159301758,1060.0
commuta_readings_today_20260812_173708.csv,7550,2026-08-12,2026-08-12T16:52:26.000+01:00,S11,Central,busier,Bond Street->Stratford,in_train,,,,deep_tube_open,106.45196533203124,125.4550552368164,141.65870666503906,41.483177185058594,1101.0
commuta_readings_today_20260812_173708.csv,7551,2026-08-12,2026-08-12T16:52:36.000+01:00,S11,Central,busier,Bond Street->Stratford,in_train,,,,deep_tube_open,107.02642059326172,125.52518463134766,141.05319213867188,42.000457763671875,1119.0
commuta_readings_today_20260812_173708.csv,7552,2026-08-12,2026-08-12T16:52:46.000+01:00,S11,Central,busier,Bond Street->Stratford,platform,940GZZLUOXC,Oxford Circus,underground_no_psd,deep_tube_open,112.3518295288086,134.47080993652344,154.166259765625,42.26901626586914,1137.0
commuta_readings_today_20260812_173708.csv,7553,2026-08-12,2026-08-12T16:52:56.000+01:00,S11,Central,busier,Bond Street->Stratford,platform,940GZZLUOXC,Oxford Circus,underground_no_psd,deep_tube_open,134.37278747558594,165.48580932617188,194.8996124267578,42.23544692993164,1153.0
commuta_readings_today_20260812_173708.csv,7554,2026-08-12,2026-08-12T16:53:06.000+01:00,S11,Central,busier,Bond Street->Stratford,platform,940GZZLUOXC,Oxford Circus,underground_no_psd,deep_tube_open,143.09353637695312,180.12118530273438,216.3422393798828,42.043182373046875,1161.0
commuta_readings_today_20260812_173708.csv,7555,2026-08-12,2026-08-12T16:53:16.000+01:00,S11,Central,busier,Bond Street->Stratford,platform,940GZZLUOXC,Oxford Circus,underground_no_psd,deep_tube_open,145.27047729492188,183.31277465820312,220.65237426757812,41.930267333984375,1164.0
commuta_readings_today_20260812_173708.csv,7556,2026-08-12,2026-08-12T16:53:26.000+01:00,S11,Central,busier,Bond Street->Stratford,platform,940GZZLUOXC,Oxford Circus,underground_no_psd,deep_tube_open,147.0412139892578,182.82240295410156,217.19085693359375,42.049285888671875,1165.0
commuta_readings_today_20260812_173708.csv,7557,2026-08-12,2026-08-12T16:53:36.000+01:00,S11,Central,busier,Bond Street->Stratford,platform,940GZZLUOXC,Oxford Circus,underground_no_psd,deep_tube_open,147.06504821777344,181.6381378173828,214.4857635498047,42.020294189453125,1165.0
commuta_readings_today_20260812_173708.csv,7558,2026-08-12,2026-08-12T16:53:46.000+01:00,S11,Central,busier,Bond Street->Stratford,platform,940GZZLUOXC,Oxford Circus,underground_no_psd,deep_tube_open,148.9139404296875,183.60595703125,216.4694671630859,41.898223876953125,1164.0
commuta_readings_today_20260812_173708.csv,7559,2026-08-12,2026-08-12T16:53:56.000+01:00,S11,Central,busier,Bond Street->Stratford,platform,940GZZLUOXC,Oxford Circus,underground_no_psd,deep_tube_open,148.22109985351562,182.73597717285156,215.4268341064453,41.73952865600586,1164.0
commuta_readings_today_20260812_173708.csv,7560,2026-08-12,2026-08-12T16:54:06.000+01:00,S11,Central,busier,Bond Street->Stratford,platform,940GZZLUOXC,Oxford Circus,underground_no_psd,deep_tube_open,151.04782104492188,185.58187866210935,218.09259033203125,41.504539489746094,1164.0
commuta_readings_today_20260812_173708.csv,7561,2026-08-12,2026-08-12T16:54:16.000+01:00,S11,Central,busier,Bond Street->Stratford,platform,940GZZLUOXC,Oxford Circus,underground_no_psd,deep_tube_open,151.16673278808594,186.74012756347656,220.54920959472656,41.11848449707031,1163.0
commuta_readings_today_20260812_173708.csv,7562,2026-08-12,2026-08-12T16:54:26.000+01:00,S11,Central,busier,Bond Street->Stratford,in_train,,,,deep_tube_open,147.44346618652344,179.88919067382812,210.0343780517578,41.19630813598633,1161.0
commuta_readings_today_20260812_173708.csv,7563,2026-08-12,2026-08-12T16:54:36.000+01:00,S11,Central,busier,Bond Street->Stratford,in_train,,,,deep_tube_open,145.7118682861328,179.06106567382812,210.4674530029297,41.29701614379883,1158.0
commuta_readings_today_20260812_173708.csv,7564,2026-08-12,2026-08-12T16:54:46.000+01:00,S11,Central,busier,Bond Street->Stratford,in_train,,,,deep_tube_open,142.7976531982422,177.49349975585938,210.8037872314453,41.29396438598633,1157.0
commuta_readings_today_20260812_173708.csv,7565,2026-08-12,2026-08-12T16:54:56.000+01:00,S11,Central,busier,Bond Street->Stratford,in_train,,,,deep_tube_open,138.61834716796875,172.72760009765625,205.60226440429688,41.33668899536133,1157.0
commuta_readings_today_20260812_173708.csv,7566,2026-08-12,2026-08-12T16:55:06.000+01:00,S11,Central,busier,Bond Street->Stratford,in_train,,,,deep_tube_open,135.5216827392578,168.61550903320312,200.4370880126953,41.36110305786133,1158.0
commuta_readings_today_20260812_173708.csv,7567,2026-08-12,2026-08-12T16:55:16.000+01:00,S11,Central,busier,Bond Street->Stratford,in_train,,,,deep_tube_open,133.8992156982422,164.61825561523438,193.57086181640625,41.21004104614258,1159.0
commuta_readings_today_20260812_173708.csv,7568,2026-08-12,2026-08-12T16:55:26.000+01:00,S11,Central,busier,Bond Street->Stratford,in_train,,,,deep_tube_open,133.0406494140625,161.8674774169922,188.5028381347656,41.28633499145508,1163.0
commuta_readings_today_20260812_173708.csv,7569,2026-08-12,2026-08-12T16:55:36.000+01:00,S11,Central,busier,Bond Street->Stratford,in_train,,,,deep_tube_open,133.418212890625,161.86032104492188,187.9845428466797,41.29243850708008,1168.0
commuta_readings_today_20260812_173708.csv,7570,2026-08-12,2026-08-12T16:55:46.000+01:00,S11,Central,busier,Bond Street->Stratford,platform,940GZZLUTCR,Tottenham Court Road,underground_no_psd,deep_tube_open,133.2732391357422,162.30535888671875,189.18197631835935,41.437400817871094,1181.0
commuta_readings_today_20260812_173708.csv,7571,2026-08-12,2026-08-12T16:55:56.000+01:00,S11,Central,busier,Bond Street->Stratford,platform,940GZZLUTCR,Tottenham Court Road,underground_no_psd,deep_tube_open,139.39703369140625,171.307861328125,201.36184692382812,41.15205764770508,1186.0
commuta_readings_today_20260812_173708.csv,7572,2026-08-12,2026-08-12T16:56:06.000+01:00,S11,Central,busier,Bond Street->Stratford,platform,940GZZLUTCR,Tottenham Court Road,underground_no_psd,deep_tube_open,143.16275024414062,175.5956268310547,206.033935546875,40.91096496582031,1187.0
commuta_readings_today_20260812_173708.csv,7573,2026-08-12,2026-08-12T16:56:16.000+01:00,S11,Central,busier,Bond Street->Stratford,platform,940GZZLUTCR,Tottenham Court Road,underground_no_psd,deep_tube_open,147.36767578125,180.1849822998047,210.8029022216797,40.7507438659668,1187.0
commuta_readings_today_20260812_173708.csv,7574,2026-08-12,2026-08-12T16:56:26.000+01:00,S11,Central,busier,Bond Street->Stratford,platform,940GZZLUTCR,Tottenham Court Road,underground_no_psd,deep_tube_open,150.94374084472656,183.991455078125,214.6407012939453,40.53864288330078,1187.0
commuta_readings_today_20260812_173708.csv,7575,2026-08-12,2026-08-12T16:56:36.000+01:00,S11,Central,busier,Bond Street->Stratford,platform,940GZZLUTCR,Tottenham Court Road,underground_no_psd,deep_tube_open,149.1240692138672,180.2249755859375,208.55772399902344,40.53711700439453,1187.0
commuta_readings_today_20260812_173708.csv,7576,2026-08-12,2026-08-12T16:56:46.000+01:00,S11,Central,busier,Bond Street->Stratford,platform,940GZZLUTCR,Tottenham Court Road,underground_no_psd,deep_tube_open,151.6248779296875,183.08018493652344,211.6778564453125,40.39063262939453,1187.0
commuta_readings_today_20260812_173708.csv,7577,2026-08-12,2026-08-12T16:56:56.000+01:00,S11,Central,busier,Bond Street->Stratford,platform,940GZZLUTCR,Tottenham Court Road,underground_no_psd,deep_tube_open,151.80181884765625,183.8272399902344,213.12905883789065,40.23346328735352,1188.0
commuta_readings_today_20260812_173708.csv,7578,2026-08-12,2026-08-12T16:57:06.000+01:00,S11,Central,busier,Bond Street->Stratford,platform,940GZZLUTCR,Tottenham Court Road,underground_no_psd,deep_tube_open,144.45462036132812,178.7214813232422,211.3726501464844,39.98016357421875,1190.0
commuta_readings_today_20260812_173708.csv,7579,2026-08-12,2026-08-12T16:57:16.000+01:00,S11,Central,busier,Bond Street->Stratford,platform,940GZZLUTCR,Tottenham Court Road,underground_no_psd,deep_tube_open,138.2974395751953,170.81631469726562,201.71437072753903,39.659725189208984,1188.0
commuta_readings_today_20260812_173708.csv,7580,2026-08-12,2026-08-12T16:57:26.000+01:00,S11,Central,busier,Bond Street->Stratford,platform,940GZZLUTCR,Tottenham Court Road,underground_no_psd,deep_tube_open,134.9677276611328,166.54212951660156,196.4931182861328,39.33623123168945,1186.0
commuta_readings_today_20260812_173708.csv,7581,2026-08-12,2026-08-12T16:57:36.000+01:00,S11,Central,busier,Bond Street->Stratford,platform,940GZZLUTCR,Tottenham Court Road,underground_no_psd,deep_tube_open,142.16262817382812,174.82708740234375,205.62892150878903,39.3713264465332,1183.0
commuta_readings_today_20260812_173708.csv,7582,2026-08-12,2026-08-12T16:57:46.000+01:00,S11,Central,busier,Bond Street->Stratford,platform,940GZZLUTCR,Tottenham Court Road,underground_no_psd,deep_tube_open,159.49618530273438,194.02850341796875,225.9266357421875,39.42473602294922,1169.0
commuta_readings_today_20260812_173708.csv,7583,2026-08-12,2026-08-12T16:57:56.000+01:00,S11,Central,busier,Bond Street->Stratford,platform,940GZZLUTCR,Tottenham Court Road,underground_no_psd,deep_tube_open,159.41749572753906,193.9061737060547,225.75509643554688,39.47203826904297,1169.0
commuta_readings_today_20260812_173708.csv,7584,2026-08-12,2026-08-12T16:58:06.000+01:00,S11,Central,busier,Bond Street->Stratford,platform,940GZZLUTCR,Tottenham Court Road,underground_no_psd,deep_tube_open,154.5316162109375,186.8796844482422,216.3899078369141,39.3163948059082,1168.0
commuta_readings_today_20260812_173708.csv,7585,2026-08-12,2026-08-12T16:58:16.000+01:00,S11,Central,busier,Bond Street->Stratford,in_train,,,,deep_tube_open,150.74542236328125,181.5734405517578,209.4458923339844,39.2462043762207,1167.0
commuta_readings_today_20260812_173708.csv,7586,2026-08-12,2026-08-12T16:58:26.000+01:00,S11,Central,busier,Bond Street->Stratford,in_train,,,,deep_tube_open,145.3734130859375,173.4056854248047,198.1508026123047,39.39727020263672,1168.0
commuta_readings_today_20260812_173708.csv,7587,2026-08-12,2026-08-12T16:58:36.000+01:00,S11,Central,busier,Bond Street->Stratford,in_train,,,,deep_tube_open,138.4275360107422,164.9536895751953,188.3068389892578,39.49492645263672,1168.0
commuta_readings_today_20260812_173708.csv,7588,2026-08-12,2026-08-12T16:58:46.000+01:00,S11,Central,busier,Bond Street->Stratford,in_train,,,,deep_tube_open,135.92181396484375,161.83206176757812,184.59173583984375,39.649044036865234,1169.0
commuta_readings_today_20260812_173708.csv,7589,2026-08-12,2026-08-12T16:58:56.000+01:00,S11,Central,busier,Bond Street->Stratford,in_train,,,,deep_tube_open,136.87718200683594,163.7493133544922,187.6494598388672,39.716182708740234,1176.0
commuta_readings_today_20260812_173708.csv,7590,2026-08-12,2026-08-12T16:59:06.000+01:00,S11,Central,busier,Bond Street->Stratford,in_train,,,,deep_tube_open,135.97032165527344,163.4846649169922,188.25794982910156,39.745174407958984,1200.0
commuta_readings_today_20260812_173708.csv,7591,2026-08-12,2026-08-12T16:59:16.000+01:00,S11,Central,busier,Bond Street->Stratford,in_train,,,,deep_tube_open,137.38119506835938,165.902587890625,191.84017944335935,39.822994232177734,1207.0
commuta_readings_today_20260812_173708.csv,7593,2026-08-12,2026-08-12T16:59:36.000+01:00,S11,Central,busier,Bond Street->Stratford,in_train,,,,deep_tube_open,133.663330078125,160.1846466064453,183.8759002685547,39.848934173583984,1251.0
commuta_readings_today_20260812_173708.csv,7594,2026-08-12,2026-08-12T16:59:46.000+01:00,S11,Central,busier,Bond Street->Stratford,in_train,,,,deep_tube_open,134.7642059326172,159.529052734375,180.93211364746097,39.847408294677734,1266.0
commuta_readings_today_20260812_173708.csv,7595,2026-08-12,2026-08-12T16:59:56.000+01:00,S11,Central,busier,Bond Street->Stratford,in_train,,,,deep_tube_open,133.63055419921875,157.0483856201172,176.83953857421875,39.844356536865234,1282.0
commuta_readings_today_20260812_173708.csv,7596,2026-08-12,2026-08-12T17:00:06.000+01:00,S11,Central,busier,Bond Street->Stratford,platform,940GZZLUHBN,Holborn,underground_no_psd,deep_tube_open,131.8118896484375,156.4827423095703,177.98094177246094,39.89166259765625,1284.0
commuta_readings_today_20260812_173708.csv,7597,2026-08-12,2026-08-12T17:00:16.000+01:00,S11,Central,busier,Bond Street->Stratford,platform,940GZZLUHBN,Holborn,underground_no_psd,deep_tube_open,128.85934448242188,155.21157836914062,179.03733825683594,39.34538650512695,1285.0
commuta_readings_today_20260812_173708.csv,7598,2026-08-12,2026-08-12T17:00:26.000+01:00,S11,Central,busier,Bond Street->Stratford,platform,940GZZLUHBN,Holborn,underground_no_psd,deep_tube_open,126.8229522705078,154.97265625,181.20574951171875,39.02189636230469,1277.0
commuta_readings_today_20260812_173708.csv,7599,2026-08-12,2026-08-12T17:00:36.000+01:00,S11,Central,busier,Bond Street->Stratford,platform,940GZZLUHBN,Holborn,underground_no_psd,deep_tube_open,124.45189666748048,151.32606506347656,176.12657165527344,38.518348693847656,1258.0
commuta_readings_today_20260812_173708.csv,7600,2026-08-12,2026-08-12T17:00:46.000+01:00,S11,Central,busier,Bond Street->Stratford,platform,940GZZLUHBN,Holborn,underground_no_psd,deep_tube_open,127.78141784667967,155.35008239746094,180.78334045410156,38.20706558227539,1226.0
commuta_readings_today_20260812_173708.csv,7601,2026-08-12,2026-08-12T17:00:56.000+01:00,S11,Central,busier,Bond Street->Stratford,platform,940GZZLUHBN,Holborn,underground_no_psd,deep_tube_open,123.91241455078124,151.6828155517578,177.64930725097656,37.943084716796875,1214.0
commuta_readings_today_20260812_173708.csv,7602,2026-08-12,2026-08-12T17:01:06.000+01:00,S11,Central,busier,Bond Street->Stratford,platform,940GZZLUHBN,Holborn,underground_no_psd,deep_tube_open,120.16169738769533,146.35858154296875,170.61744689941406,37.83016586303711,1187.0
commuta_readings_today_20260812_173708.csv,7603,2026-08-12,2026-08-12T17:01:16.000+01:00,S11,Central,busier,Bond Street->Stratford,platform,940GZZLUHBN,Holborn,underground_no_psd,deep_tube_open,124.41829681396484,151.27908325195312,176.06520080566406,37.64095687866211,1156.0
commuta_readings_today_20260812_173708.csv,7604,2026-08-12,2026-08-12T17:01:26.000+01:00,S11,Central,busier,Bond Street->Stratford,platform,940GZZLUHBN,Holborn,underground_no_psd,deep_tube_open,126.34219360351562,153.98123168945312,179.60693359375,37.602806091308594,1140.0
commuta_readings_today_20260812_173708.csv,7605,2026-08-12,2026-08-12T17:01:36.000+01:00,S11,Central,busier,Bond Street->Stratford,platform,940GZZLUHBN,Holborn,underground_no_psd,deep_tube_open,127.65338897705078,156.12962341308594,182.7133026123047,37.584495544433594,1131.0
commuta_readings_today_20260812_173708.csv,7606,2026-08-12,2026-08-12T17:01:46.000+01:00,S11,Central,busier,Bond Street->Stratford,platform,940GZZLUHBN,Holborn,underground_no_psd,deep_tube_open,129.19140625,157.46426391601562,183.6811065673828,37.47005462646485,1124.0
commuta_readings_today_20260812_173708.csv,7607,2026-08-12,2026-08-12T17:01:56.000+01:00,S11,Central,busier,Bond Street->Stratford,platform,940GZZLUHBN,Holborn,underground_no_psd,deep_tube_open,130.27694702148438,157.6309814453125,182.6140289306641,37.413597106933594,1119.0
commuta_readings_today_20260812_173708.csv,7608,2026-08-12,2026-08-12T17:02:06.000+01:00,S11,Central,busier,Bond Street->Stratford,platform,940GZZLUHBN,Holborn,underground_no_psd,deep_tube_open,133.29457092285156,160.13662719726562,184.25787353515625,37.28541946411133,1114.0
commuta_readings_today_20260812_173708.csv,7609,2026-08-12,2026-08-12T17:02:16.000+01:00,S11,Central,busier,Bond Street->Stratford,platform,940GZZLUHBN,Holborn,underground_no_psd,deep_tube_open,133.17959594726562,160.26939392089844,184.7104034423828,37.32204055786133,1108.0
commuta_readings_today_20260812_173708.csv,7610,2026-08-12,2026-08-12T17:02:26.000+01:00,S11,Central,busier,Bond Street->Stratford,platform,940GZZLUHBN,Holborn,underground_no_psd,deep_tube_open,134.47491455078125,161.8826446533203,186.62986755371097,37.10993957519531,1102.0
commuta_readings_today_20260812_173708.csv,7611,2026-08-12,2026-08-12T17:02:36.000+01:00,S11,Central,busier,Bond Street->Stratford,in_train,,,,deep_tube_open,136.9707489013672,163.83059692382812,187.7085723876953,36.98176574707031,1102.0
commuta_readings_today_20260812_173708.csv,7612,2026-08-12,2026-08-12T17:02:46.000+01:00,S11,Central,busier,Bond Street->Stratford,in_train,,,,deep_tube_open,137.93341064453125,164.51832580566406,187.9810485839844,37.47615814208984,1099.0
commuta_readings_today_20260812_173708.csv,7613,2026-08-12,2026-08-12T17:02:56.000+01:00,S11,Central,busier,Bond Street->Stratford,in_train,,,,deep_tube_open,137.79946899414062,164.0261993408203,187.04818725585935,38.045318603515625,1109.0
commuta_readings_today_20260812_173708.csv,7614,2026-08-12,2026-08-12T17:03:06.000+01:00,S11,Central,busier,Bond Street->Stratford,in_train,,,,deep_tube_open,135.61253356933594,163.33258056640625,188.3903656005859,38.17654800415039,1137.0
commuta_readings_today_20260812_173708.csv,7615,2026-08-12,2026-08-12T17:03:16.000+01:00,S11,Central,busier,Bond Street->Stratford,in_train,,,,deep_tube_open,135.39674377441406,163.2835693359375,188.5666656494141,38.33066177368164,1175.0
commuta_readings_today_20260812_173708.csv,7616,2026-08-12,2026-08-12T17:03:26.000+01:00,S11,Central,busier,Bond Street->Stratford,in_train,,,,deep_tube_open,134.34014892578125,162.48597717285156,188.1710662841797,38.565650939941406,1216.0
commuta_readings_today_20260812_173708.csv,7617,2026-08-12,2026-08-12T17:03:36.000+01:00,S11,Central,busier,Bond Street->Stratford,in_train,,,,deep_tube_open,136.7207794189453,163.8769073486328,188.1455078125,38.71671676635742,1244.0
commuta_readings_today_20260812_173708.csv,7618,2026-08-12,2026-08-12T17:03:46.000+01:00,S11,Central,busier,Bond Street->Stratford,platform,940GZZLUCHL,Chancery Lane,underground_no_psd,deep_tube_open,136.1236572265625,162.54937744140625,185.94268798828125,38.72434616088867,1272.0
commuta_readings_today_20260812_173708.csv,7619,2026-08-12,2026-08-12T17:03:56.000+01:00,S11,Central,busier,Bond Street->Stratford,platform,940GZZLUCHL,Chancery Lane,underground_no_psd,deep_tube_open,134.97886657714844,161.3914031982422,184.85086059570312,38.63279342651367,1278.0
commuta_readings_today_20260812_173708.csv,7620,2026-08-12,2026-08-12T17:04:06.000+01:00,S11,Central,busier,Bond Street->Stratford,platform,940GZZLUCHL,Chancery Lane,underground_no_psd,deep_tube_open,136.98838806152344,164.6217803955078,189.47116088867188,37.984283447265625,1278.0
commuta_readings_today_20260812_173708.csv,7621,2026-08-12,2026-08-12T17:04:16.000+01:00,S11,Central,busier,Bond Street->Stratford,platform,940GZZLUCHL,Chancery Lane,underground_no_psd,deep_tube_open,139.12362670898438,166.6242218017578,191.15235900878903,37.68978500366211,1271.0
commuta_readings_today_20260812_173708.csv,7622,2026-08-12,2026-08-12T17:04:26.000+01:00,S11,Central,busier,Bond Street->Stratford,platform,940GZZLUCHL,Chancery Lane,underground_no_psd,deep_tube_open,136.4562530517578,163.92166137695312,188.59825134277344,37.35560989379883,1244.0
commuta_readings_today_20260812_173708.csv,7623,2026-08-12,2026-08-12T17:04:36.000+01:00,S11,Central,busier,Bond Street->Stratford,platform,940GZZLUCHL,Chancery Lane,underground_no_psd,deep_tube_open,124.63224792480467,148.58883666992188,169.70761108398438,36.7238883972168,1204.0
commuta_readings_today_20260812_173708.csv,7624,2026-08-12,2026-08-12T17:04:46.000+01:00,S11,Central,busier,Bond Street->Stratford,platform,940GZZLUCHL,Chancery Lane,underground_no_psd,deep_tube_open,125.32098388671876,150.53005981445312,173.1740264892578,36.64301681518555,1194.0
commuta_readings_today_20260812_173708.csv,7625,2026-08-12,2026-08-12T17:04:56.000+01:00,S11,Central,busier,Bond Street->Stratford,platform,940GZZLUCHL,Chancery Lane,underground_no_psd,deep_tube_open,130.8965606689453,156.99896240234375,180.3633575439453,36.6536979675293,1176.0
commuta_readings_today_20260812_173708.csv,7626,2026-08-12,2026-08-12T17:05:06.000+01:00,S11,Central,busier,Bond Street->Stratford,platform,940GZZLUCHL,Chancery Lane,underground_no_psd,deep_tube_open,135.6478271484375,164.0850830078125,190.04214477539065,36.58350372314453,1163.0
commuta_readings_today_20260812_173708.csv,7628,2026-08-12,2026-08-12T17:05:26.000+01:00,S11,Central,busier,Bond Street->Stratford,platform,940GZZLUCHL,Chancery Lane,underground_no_psd,deep_tube_open,140.75628662109375,167.88629150390625,191.83042907714844,36.59418487548828,1147.0
commuta_readings_today_20260812_173708.csv,7629,2026-08-12,2026-08-12T17:05:36.000+01:00,S11,Central,busier,Bond Street->Stratford,platform,940GZZLUCHL,Chancery Lane,underground_no_psd,deep_tube_open,140.98130798339844,169.04917907714844,194.1563720703125,36.59723663330078,1143.0
commuta_readings_today_20260812_173708.csv,7630,2026-08-12,2026-08-12T17:05:46.000+01:00,S11,Central,busier,Bond Street->Stratford,platform,940GZZLUCHL,Chancery Lane,underground_no_psd,deep_tube_open,138.38998413085938,167.22117614746094,193.47547912597656,36.49805450439453,1129.0
commuta_readings_today_20260812_173708.csv,7631,2026-08-12,2026-08-12T17:05:56.000+01:00,S11,Central,busier,Bond Street->Stratford,in_train,,,,deep_tube_open,138.3845672607422,167.97259521484375,195.1789703369141,36.40345001220703,1127.0
commuta_readings_today_20260812_173708.csv,7632,2026-08-12,2026-08-12T17:06:06.000+01:00,S11,Central,busier,Bond Street->Stratford,in_train,,,,deep_tube_open,137.21934509277344,164.6239013671875,189.1688232421875,36.47974395751953,1126.0
commuta_readings_today_20260812_173708.csv,7633,2026-08-12,2026-08-12T17:06:16.000+01:00,S11,Central,busier,Bond Street->Stratford,in_train,,,,deep_tube_open,137.016845703125,163.0143280029297,185.8045959472656,36.71320724487305,1135.0
commuta_readings_today_20260812_173708.csv,7636,2026-08-12,2026-08-12T17:06:46.000+01:00,S11,Central,busier,Bond Street->Stratford,in_train,,,,deep_tube_open,140.2939453125,166.36572265625,189.0126190185547,37.23353958129883,1181.0
commuta_readings_today_20260812_173708.csv,7637,2026-08-12,2026-08-12T17:06:56.000+01:00,S11,Central,busier,Bond Street->Stratford,in_train,,,,deep_tube_open,135.01600646972656,159.8341522216797,181.2860412597656,37.36629104614258,1197.0
commuta_readings_today_20260812_173708.csv,7638,2026-08-12,2026-08-12T17:07:06.000+01:00,S11,Central,busier,Bond Street->Stratford,in_train,,,,deep_tube_open,126.98666381835938,151.00210571289062,172.02479553222656,37.431907653808594,1206.0
commuta_readings_today_20260812_173708.csv,7639,2026-08-12,2026-08-12T17:07:16.000+01:00,S11,Central,busier,Bond Street->Stratford,in_train,,,,deep_tube_open,123.3108367919922,145.71986389160156,164.9882049560547,37.36781692504883,1216.0
commuta_readings_today_20260812_173708.csv,7640,2026-08-12,2026-08-12T17:07:26.000+01:00,S11,Central,busier,Bond Street->Stratford,in_train,,,,deep_tube_open,123.24273681640624,146.55210876464844,166.95745849609375,37.483787536621094,1230.0
commuta_readings_today_20260812_173708.csv,7641,2026-08-12,2026-08-12T17:07:36.000+01:00,S11,Central,busier,Bond Street->Stratford,in_train,,,,deep_tube_open,122.41387939453124,146.5054168701172,167.95416259765625,37.564659118652344,1243.0
commuta_readings_today_20260812_173708.csv,7642,2026-08-12,2026-08-12T17:07:46.000+01:00,S11,Central,busier,Bond Street->Stratford,in_train,,,,deep_tube_open,121.98454284667967,146.5545654296875,168.6360321044922,37.418174743652344,1249.0
commuta_readings_today_20260812_173708.csv,7643,2026-08-12,2026-08-12T17:07:56.000+01:00,S11,Central,busier,Bond Street->Stratford,in_train,,,,deep_tube_open,121.65657806396484,146.01426696777344,167.85240173339844,37.450218200683594,1252.0
commuta_readings_today_20260812_173708.csv,7644,2026-08-12,2026-08-12T17:08:06.000+01:00,S11,Central,busier,Bond Street->Stratford,in_train,,,,deep_tube_open,118.856689453125,144.1149444580078,167.2877655029297,37.392234802246094,1255.0
commuta_readings_today_20260812_173708.csv,7650,2026-08-12,2026-08-12T17:09:06.000+01:00,S11,Central,busier,Bond Street->Stratford,in_train,,,,deep_tube_open,116.21803283691406,143.37782287597656,169.13243103027344,37.04432678222656,1263.0
commuta_readings_today_20260812_173708.csv,7651,2026-08-12,2026-08-12T17:09:16.000+01:00,S11,Central,busier,Bond Street->Stratford,in_train,,,,deep_tube_open,114.6988296508789,140.38589477539062,164.39842224121094,37.12214660644531,1263.0
commuta_readings_today_20260812_173708.csv,7652,2026-08-12,2026-08-12T17:09:26.000+01:00,S11,Central,busier,Bond Street->Stratford,in_train,,,,deep_tube_open,116.58721923828124,141.30201721191406,163.9554901123047,37.07026672363281,1263.0
commuta_readings_today_20260812_173708.csv,7653,2026-08-12,2026-08-12T17:09:36.000+01:00,S11,Central,busier,Bond Street->Stratford,platform,940GZZLUBNK,Bank,underground_no_psd,deep_tube_open,117.46026611328124,141.27906799316406,162.7428436279297,36.6872673034668,1261.0
commuta_readings_today_20260812_173708.csv,7654,2026-08-12,2026-08-12T17:09:46.000+01:00,S11,Central,busier,Bond Street->Stratford,platform,940GZZLUBNK,Bank,underground_no_psd,deep_tube_open,118.11106872558594,143.24072265625,166.30577087402344,36.0738525390625,1256.0
commuta_readings_today_20260812_173708.csv,7655,2026-08-12,2026-08-12T17:09:56.000+01:00,S11,Central,busier,Bond Street->Stratford,platform,940GZZLUBNK,Bank,underground_no_psd,deep_tube_open,120.43242645263672,146.47149658203125,170.51235961914062,35.634395599365234,1224.0
commuta_readings_today_20260812_173708.csv,7656,2026-08-12,2026-08-12T17:10:06.000+01:00,S11,Central,busier,Bond Street->Stratford,platform,940GZZLUBNK,Bank,underground_no_psd,deep_tube_open,118.1161117553711,143.92454528808594,167.84275817871094,35.41619110107422,1208.0
commuta_readings_today_20260812_173708.csv,7657,2026-08-12,2026-08-12T17:10:16.000+01:00,S11,Central,busier,Bond Street->Stratford,platform,940GZZLUBNK,Bank,underground_no_psd,deep_tube_open,117.10243225097656,144.85450744628906,171.2899932861328,35.32768630981445,1179.0
commuta_readings_today_20260812_173708.csv,7658,2026-08-12,2026-08-12T17:10:26.000+01:00,S11,Central,busier,Bond Street->Stratford,platform,940GZZLUBNK,Bank,underground_no_psd,deep_tube_open,116.69092559814452,144.21630859375,170.396484375,35.13542556762695,1143.0
commuta_readings_today_20260812_173708.csv,7659,2026-08-12,2026-08-12T17:10:36.000+01:00,S11,Central,busier,Bond Street->Stratford,platform,940GZZLUBNK,Bank,underground_no_psd,deep_tube_open,115.07190704345705,144.0413055419922,172.1541748046875,34.90806579589844,1138.0
commuta_readings_today_20260812_173708.csv,7660,2026-08-12,2026-08-12T17:10:46.000+01:00,S11,Central,busier,Bond Street->Stratford,platform,940GZZLUBNK,Bank,underground_no_psd,deep_tube_open,104.13444519042967,131.71128845214844,158.86341857910156,35.10643005371094,1141.0
commuta_readings_today_20260812_173708.csv,7661,2026-08-12,2026-08-12T17:10:56.000+01:00,S11,Central,busier,Bond Street->Stratford,platform,940GZZLUBNK,Bank,underground_no_psd,deep_tube_open,95.41197204589844,122.41804504394533,149.4827117919922,35.39482879638672,1147.0
commuta_readings_today_20260812_173708.csv,7662,2026-08-12,2026-08-12T17:11:06.000+01:00,S11,Central,busier,Bond Street->Stratford,platform,940GZZLUBNK,Bank,underground_no_psd,deep_tube_open,86.68572998046875,110.2187042236328,133.54666137695312,35.53520965576172,1155.0
commuta_readings_today_20260812_173708.csv,7663,2026-08-12,2026-08-12T17:11:16.000+01:00,S11,Central,busier,Bond Street->Stratford,platform,940GZZLUBNK,Bank,underground_no_psd,deep_tube_open,77.4883041381836,98.4746551513672,119.26492309570312,35.638973236083984,1199.0
commuta_readings_today_20260812_173708.csv,7664,2026-08-12,2026-08-12T17:11:26.000+01:00,S11,Central,busier,Bond Street->Stratford,platform,940GZZLUBNK,Bank,underground_no_psd,deep_tube_open,91.71956634521484,114.83026123046876,137.2635040283203,35.774776458740234,1211.0
commuta_readings_today_20260812_173708.csv,7665,2026-08-12,2026-08-12T17:11:36.000+01:00,S11,Central,busier,Bond Street->Stratford,platform,940GZZLUBNK,Bank,underground_no_psd,deep_tube_open,113.47225189208984,140.51760864257812,166.32672119140625,35.52910614013672,1213.0
commuta_readings_today_20260812_173708.csv,7666,2026-08-12,2026-08-12T17:11:46.000+01:00,S11,Central,busier,Bond Street->Stratford,platform,940GZZLUBNK,Bank,underground_no_psd,deep_tube_open,118.19961547851562,145.94808959960938,172.2998046875,35.3597297668457,1211.0
commuta_readings_today_20260812_173708.csv,7667,2026-08-12,2026-08-12T17:11:56.000+01:00,S11,Central,busier,Bond Street->Stratford,platform,940GZZLUBNK,Bank,underground_no_psd,deep_tube_open,117.44197082519533,144.08656311035156,169.1049041748047,35.23613357543945,1208.0
commuta_readings_today_20260812_173708.csv,7668,2026-08-12,2026-08-12T17:12:06.000+01:00,S11,Central,busier,Bond Street->Stratford,platform,940GZZLUBNK,Bank,underground_no_psd,deep_tube_open,112.14363098144533,136.34213256835938,158.66746520996094,35.2162971496582,1201.0
commuta_readings_today_20260812_173708.csv,7669,2026-08-12,2026-08-12T17:12:16.000+01:00,S11,Central,busier,Bond Street->Stratford,platform,940GZZLUBNK,Bank,underground_no_psd,deep_tube_open,102.77359008789062,123.90315246582033,143.0465087890625,35.16289138793945,1189.0
commuta_readings_today_20260812_173708.csv,7670,2026-08-12,2026-08-12T17:12:26.000+01:00,S11,Central,busier,Bond Street->Stratford,platform,940GZZLUBNK,Bank,underground_no_psd,deep_tube_open,72.63152313232422,86.8886947631836,99.56832885742188,35.01335144042969,1186.0
commuta_readings_today_20260812_173708.csv,7671,2026-08-12,2026-08-12T17:12:36.000+01:00,S11,Central,busier,Bond Street->Stratford,platform,940GZZLUBNK,Bank,underground_no_psd,deep_tube_open,70.57647705078125,83.4853515625,94.61805725097656,34.72648239135742,1185.0
commuta_readings_today_20260812_173708.csv,7672,2026-08-12,2026-08-12T17:12:46.000+01:00,S11,Central,busier,Bond Street->Stratford,platform,940GZZLUBNK,Bank,underground_no_psd,deep_tube_open,62.65118789672851,73.73259735107422,83.14002227783203,34.557106018066406,1182.0
commuta_readings_today_20260812_173708.csv,7673,2026-08-12,2026-08-12T17:12:56.000+01:00,S11,Central,busier,Bond Street->Stratford,platform,940GZZLUBNK,Bank,underground_no_psd,deep_tube_open,84.16948699951172,98.95172119140624,111.45787811279295,34.34653091430664,1182.0
commuta_readings_today_20260812_173708.csv,7674,2026-08-12,2026-08-12T17:13:06.000+01:00,S11,Central,busier,Bond Street->Stratford,platform,940GZZLUBNK,Bank,underground_no_psd,deep_tube_open,108.16993713378906,127.70863342285156,144.46163940429688,34.409095764160156,1183.0
commuta_readings_today_20260812_173708.csv,7675,2026-08-12,2026-08-12T17:13:16.000+01:00,S11,Central,busier,Bond Street->Stratford,platform,940GZZLUBNK,Bank,underground_no_psd,deep_tube_open,113.34724426269533,134.72909545898438,153.4257049560547,34.502174377441406,1185.0
commuta_readings_today_20260812_173708.csv,7676,2026-08-12,2026-08-12T17:13:26.000+01:00,S11,Central,busier,Bond Street->Stratford,platform,940GZZLUBNK,Bank,underground_no_psd,deep_tube_open,113.53133392333984,135.68199157714844,155.33203125,34.494544982910156,1185.0
commuta_readings_today_20260812_173708.csv,7677,2026-08-12,2026-08-12T17:13:36.000+01:00,S11,Central,busier,Bond Street->Stratford,platform,940GZZLUBNK,Bank,underground_no_psd,deep_tube_open,116.62825775146484,138.9102325439453,158.50161743164062,34.604408264160156,1186.0
commuta_readings_today_20260812_173708.csv,7678,2026-08-12,2026-08-12T17:13:46.000+01:00,S11,Central,busier,Bond Street->Stratford,platform,940GZZLUBNK,Bank,underground_no_psd,deep_tube_open,113.8432159423828,135.0501251220703,153.49093627929688,34.69291305541992,1185.0
commuta_readings_today_20260812_173708.csv,7679,2026-08-12,2026-08-12T17:13:56.000+01:00,S11,Central,busier,Bond Street->Stratford,platform,940GZZLUBNK,Bank,underground_no_psd,deep_tube_open,114.7348175048828,136.41098022460938,155.37744140625,34.77531051635742,1185.0
commuta_readings_today_20260812_173708.csv,7680,2026-08-12,2026-08-12T17:14:06.000+01:00,S11,Central,busier,Bond Street->Stratford,platform,940GZZLUBNK,Bank,underground_no_psd,deep_tube_open,113.758056640625,135.32571411132812,154.2262420654297,34.89738464355469,1192.0
commuta_readings_today_20260812_173708.csv,7681,2026-08-12,2026-08-12T17:14:16.000+01:00,S11,Central,busier,Bond Street->Stratford,platform,940GZZLUBNK,Bank,underground_no_psd,deep_tube_open,116.48528289794922,138.53530883789062,157.84536743164062,34.88059997558594,1195.0
commuta_readings_today_20260812_173708.csv,7682,2026-08-12,2026-08-12T17:14:26.000+01:00,S11,Central,busier,Bond Street->Stratford,platform,940GZZLUBNK,Bank,underground_no_psd,deep_tube_open,115.82825469970705,140.019287109375,162.06898498535156,34.83329391479492,1195.0
commuta_readings_today_20260812_173708.csv,7683,2026-08-12,2026-08-12T17:14:36.000+01:00,S11,Central,busier,Bond Street->Stratford,platform,940GZZLUBNK,Bank,underground_no_psd,deep_tube_open,111.15847778320312,134.1973114013672,155.13565063476562,34.73716354370117,1197.0
commuta_readings_today_20260812_173708.csv,7684,2026-08-12,2026-08-12T17:14:46.000+01:00,S11,Central,busier,Bond Street->Stratford,platform,940GZZLUBNK,Bank,underground_no_psd,deep_tube_open,111.00782012939452,132.69659423828125,151.9481964111328,34.70206832885742,1198.0
commuta_readings_today_20260812_173708.csv,7685,2026-08-12,2026-08-12T17:14:56.000+01:00,S11,Central,busier,Bond Street->Stratford,platform,940GZZLUBNK,Bank,underground_no_psd,deep_tube_open,110.86014556884766,131.88052368164062,150.3022918701172,34.71427536010742,1197.0
commuta_readings_today_20260812_173708.csv,7686,2026-08-12,2026-08-12T17:15:06.000+01:00,S11,Central,busier,Bond Street->Stratford,platform,940GZZLUBNK,Bank,underground_no_psd,deep_tube_open,108.81888580322266,130.55252075195312,150.01864624023438,34.566261291503906,1197.0
commuta_readings_today_20260812_173708.csv,7687,2026-08-12,2026-08-12T17:15:16.000+01:00,S11,Central,busier,Bond Street->Stratford,platform,940GZZLUBNK,Bank,underground_no_psd,deep_tube_open,111.48282623291016,133.93234252929688,154.10621643066406,34.444190979003906,1189.0
commuta_readings_today_20260812_173708.csv,7688,2026-08-12,2026-08-12T17:15:26.000+01:00,S11,Central,busier,Bond Street->Stratford,platform,940GZZLUBNK,Bank,underground_no_psd,deep_tube_open,114.63770294189452,138.29736328125,159.7649688720703,34.20767593383789,1171.0
commuta_readings_today_20260812_173708.csv,7689,2026-08-12,2026-08-12T17:15:37.000+01:00,S11,Central,busier,Bond Street->Stratford,platform,940GZZLUBNK,Bank,underground_no_psd,deep_tube_open,116.84722137451172,141.3795166015625,163.7847442626953,34.004730224609375,1170.0
commuta_readings_today_20260812_173708.csv,7690,2026-08-12,2026-08-12T17:15:46.000+01:00,S11,Central,busier,Bond Street->Stratford,platform,940GZZLUBNK,Bank,underground_no_psd,deep_tube_open,119.59862518310548,145.35296630859375,169.0960235595703,33.986419677734375,1154.0
commuta_readings_today_20260812_173708.csv,7691,2026-08-12,2026-08-12T17:15:56.000+01:00,S11,Central,busier,Bond Street->Stratford,in_train,,,,deep_tube_open,118.09754943847656,142.27894592285156,164.15257263183594,33.990997314453125,1130.0
commuta_readings_today_20260812_173708.csv,7692,2026-08-12,2026-08-12T17:16:06.000+01:00,S11,Central,busier,Bond Street->Stratford,in_train,,,,deep_tube_open,114.56713104248048,138.2526397705078,159.7578125,34.21225357055664,1126.0
commuta_readings_today_20260812_173708.csv,7693,2026-08-12,2026-08-12T17:16:16.000+01:00,S11,Central,busier,Bond Street->Stratford,in_train,,,,deep_tube_open,110.85978698730467,134.01129150390625,155.1128692626953,34.66697311401367,1127.0
commuta_readings_today_20260812_173708.csv,7694,2026-08-12,2026-08-12T17:16:26.000+01:00,S11,Central,busier,Bond Street->Stratford,in_train,,,,deep_tube_open,107.9591064453125,128.66360473632812,146.8977813720703,35.98077392578125,1167.0
commuta_readings_today_20260812_173708.csv,7695,2026-08-12,2026-08-12T17:16:36.000+01:00,S11,Central,busier,Bond Street->Stratford,in_train,,,,deep_tube_open,105.0338363647461,124.05545806884766,140.38485717773438,36.35309219360352,1225.0
commuta_readings_today_20260812_173708.csv,7696,2026-08-12,2026-08-12T17:16:46.000+01:00,S11,Central,busier,Bond Street->Stratford,in_train,,,,deep_tube_open,100.30477142333984,120.21099090576172,137.99444580078125,36.77424240112305,1291.0
commuta_readings_today_20260812_173708.csv,7697,2026-08-12,2026-08-12T17:16:56.000+01:00,S11,Central,busier,Bond Street->Stratford,in_train,,,,deep_tube_open,100.46611785888672,122.20606231689452,142.28366088867188,37.16182327270508,1377.0
commuta_readings_today_20260812_173708.csv,7698,2026-08-12,2026-08-12T17:17:06.000+01:00,S11,Central,busier,Bond Street->Stratford,in_train,,,,deep_tube_open,101.4211654663086,124.03020477294922,145.13162231445312,37.47615814208984,1440.0
commuta_readings_today_20260812_173708.csv,7699,2026-08-12,2026-08-12T17:17:16.000+01:00,S11,Central,busier,Bond Street->Stratford,in_train,,,,deep_tube_open,104.07384490966795,127.85832977294922,150.2461700439453,37.72640609741211,1491.0
commuta_readings_today_20260812_173708.csv,7701,2026-08-12,2026-08-12T17:17:36.000+01:00,S11,Central,busier,Bond Street->Stratford,in_train,,,,deep_tube_open,104.90472412109376,128.90728759765625,151.5093231201172,38.27725601196289,1600.0
commuta_readings_today_20260812_173708.csv,7702,2026-08-12,2026-08-12T17:17:46.000+01:00,S11,Central,busier,Bond Street->Stratford,in_train,,,,deep_tube_open,105.416259765625,128.44471740722656,149.78489685058594,38.99748229980469,1668.0
commuta_readings_today_20260812_173708.csv,7703,2026-08-12,2026-08-12T17:17:56.000+01:00,S11,Central,busier,Bond Street->Stratford,platform,940GZZLULVT,Liverpool Street,underground_no_psd,deep_tube_open,79.28470611572266,96.80789947509766,113.11366271972656,39.59410858154297,1729.0
commuta_readings_today_20260812_173708.csv,7704,2026-08-12,2026-08-12T17:18:06.000+01:00,S11,Central,busier,Bond Street->Stratford,platform,940GZZLULVT,Liverpool Street,underground_no_psd,deep_tube_open,55.727142333984375,68.2093276977539,79.87843322753906,37.83169174194336,1731.0
commuta_readings_today_20260812_173708.csv,7705,2026-08-12,2026-08-12T17:18:16.000+01:00,S11,Central,busier,Bond Street->Stratford,platform,940GZZLULVT,Liverpool Street,underground_no_psd,deep_tube_open,54.574676513671875,67.11658477783203,78.94404602050781,36.98023986816406,1694.0
commuta_readings_today_20260812_173708.csv,7706,2026-08-12,2026-08-12T17:18:26.000+01:00,S11,Central,busier,Bond Street->Stratford,platform,940GZZLULVT,Liverpool Street,underground_no_psd,deep_tube_open,53.04435348510742,65.73981475830078,77.8709487915039,36.137943267822266,1604.0
commuta_readings_today_20260812_173708.csv,7707,2026-08-12,2026-08-12T17:18:36.000+01:00,S11,Central,busier,Bond Street->Stratford,platform,940GZZLULVT,Liverpool Street,underground_no_psd,deep_tube_open,54.102272033691406,67.00767517089844,79.32634735107422,35.718318939208984,1503.0
commuta_readings_today_20260812_173708.csv,7708,2026-08-12,2026-08-12T17:18:46.000+01:00,S11,Central,busier,Bond Street->Stratford,platform,940GZZLULVT,Liverpool Street,underground_no_psd,deep_tube_open,57.89670944213867,72.02922821044922,85.61676788330078,35.38719940185547,1440.0
commuta_readings_today_20260812_173708.csv,7709,2026-08-12,2026-08-12T17:18:56.000+01:00,S11,Central,busier,Bond Street->Stratford,platform,940GZZLULVT,Liverpool Street,underground_no_psd,deep_tube_open,62.226322174072266,77.49107360839844,92.1894760131836,35.2346076965332,1378.0
commuta_readings_today_20260812_173708.csv,7710,2026-08-12,2026-08-12T17:19:06.000+01:00,S11,Central,busier,Bond Street->Stratford,platform,940GZZLULVT,Liverpool Street,underground_no_psd,deep_tube_open,66.27239227294922,81.96493530273438,96.90895080566406,35.00877380371094,1351.0
commuta_readings_today_20260812_173708.csv,7711,2026-08-12,2026-08-12T17:19:16.000+01:00,S11,Central,busier,Bond Street->Stratford,platform,940GZZLULVT,Liverpool Street,underground_no_psd,deep_tube_open,69.76461029052734,86.0277099609375,101.43682861328124,34.89891052246094,1323.0
commuta_readings_today_20260812_173708.csv,7712,2026-08-12,2026-08-12T17:19:26.000+01:00,S11,Central,busier,Bond Street->Stratford,platform,940GZZLULVT,Liverpool Street,underground_no_psd,deep_tube_open,71.14663696289062,88.22331237792969,104.55559539794922,34.73868942260742,1301.0
commuta_readings_today_20260812_173708.csv,7713,2026-08-12,2026-08-12T17:19:36.000+01:00,S11,Central,busier,Bond Street->Stratford,platform,940GZZLULVT,Liverpool Street,underground_no_psd,deep_tube_open,71.11224365234375,88.7759780883789,105.84895324707033,34.468605041503906,1271.0
commuta_readings_today_20260812_173708.csv,7714,2026-08-12,2026-08-12T17:19:46.000+01:00,S11,Central,busier,Bond Street->Stratford,platform,940GZZLULVT,Liverpool Street,underground_no_psd,deep_tube_open,69.52493286132812,87.95569610595703,106.10784912109376,34.22598648071289,1237.0
commuta_readings_today_20260812_173708.csv,7715,2026-08-12,2026-08-12T17:19:56.000+01:00,S11,Central,busier,Bond Street->Stratford,platform,940GZZLULVT,Liverpool Street,underground_no_psd,deep_tube_open,66.7754898071289,83.50038146972656,99.70614624023438,33.64919662475586,1181.0
commuta_readings_today_20260812_173708.csv,7716,2026-08-12,2026-08-12T17:20:06.000+01:00,S11,Central,busier,Bond Street->Stratford,platform,940GZZLULVT,Liverpool Street,underground_no_psd,deep_tube_open,63.7752799987793,79.4877700805664,94.63728332519533,33.409629821777344,1152.0
commuta_readings_today_20260812_173708.csv,7717,2026-08-12,2026-08-12T17:20:16.000+01:00,S11,Central,busier,Bond Street->Stratford,in_train,,,,deep_tube_open,85.54473876953125,106.01799011230467,125.58094024658205,33.68124008178711,1150.0
commuta_readings_today_20260812_173708.csv,7718,2026-08-12,2026-08-12T17:20:26.000+01:00,S11,Central,busier,Bond Street->Stratford,in_train,,,,deep_tube_open,91.03111267089844,111.96280670166016,131.70582580566406,34.19546890258789,1157.0
commuta_readings_today_20260812_173708.csv,7719,2026-08-12,2026-08-12T17:20:36.000+01:00,S11,Central,busier,Bond Street->Stratford,in_train,,,,deep_tube_open,89.40298461914062,108.2276382446289,125.43878173828124,34.401466369628906,1170.0
commuta_readings_today_20260812_173708.csv,7720,2026-08-12,2026-08-12T17:20:46.000+01:00,S11,Central,busier,Bond Street->Stratford,in_train,,,,deep_tube_open,88.28369903564453,106.11266326904295,122.15265655517578,34.78446578979492,1199.0
commuta_readings_today_20260812_173708.csv,7721,2026-08-12,2026-08-12T17:20:56.000+01:00,S11,Central,busier,Bond Street->Stratford,in_train,,,,deep_tube_open,90.20310974121094,107.39241790771484,122.4894027709961,35.16594314575195,1247.0
commuta_readings_today_20260812_173708.csv,7722,2026-08-12,2026-08-12T17:21:06.000+01:00,S11,Central,busier,Bond Street->Stratford,in_train,,,,deep_tube_open,90.37356567382812,109.50022888183594,127.0210189819336,35.57030487060547,1300.0
commuta_readings_today_20260812_173708.csv,7723,2026-08-12,2026-08-12T17:21:16.000+01:00,S11,Central,busier,Bond Street->Stratford,in_train,,,,deep_tube_open,87.83493041992188,106.79747772216795,124.29533386230467,35.97314453125,1355.0
commuta_readings_today_20260812_173708.csv,7724,2026-08-12,2026-08-12T17:21:26.000+01:00,S11,Central,busier,Bond Street->Stratford,in_train,,,,deep_tube_open,82.63900756835938,99.77599334716795,115.35372924804688,36.03875732421875,1390.0
commuta_readings_today_20260812_173708.csv,7725,2026-08-12,2026-08-12T17:21:36.000+01:00,S11,Central,busier,Bond Street->Stratford,in_train,,,,deep_tube_open,80.2894287109375,96.31047821044922,110.65476989746094,35.9365234375,1419.0
commuta_readings_today_20260812_173708.csv,7726,2026-08-12,2026-08-12T17:21:46.000+01:00,S11,Central,busier,Bond Street->Stratford,in_train,,,,deep_tube_open,77.75743865966797,93.41326141357422,107.4812240600586,35.9853515625,1416.0
commuta_readings_today_20260812_173708.csv,7727,2026-08-12,2026-08-12T17:21:56.000+01:00,S11,Central,busier,Bond Street->Stratford,in_train,,,,deep_tube_open,77.33116912841797,92.87032318115234,106.82238006591795,35.815975189208984,1415.0
commuta_readings_today_20260812_173708.csv,7728,2026-08-12,2026-08-12T17:22:06.000+01:00,S11,Central,busier,Bond Street->Stratford,in_train,,,,deep_tube_open,77.20421600341797,92.41228485107422,105.95720672607422,35.671016693115234,1403.0
commuta_readings_today_20260812_173708.csv,7729,2026-08-12,2026-08-12T17:22:16.000+01:00,S11,Central,busier,Bond Street->Stratford,in_train,,,,deep_tube_open,78.3576889038086,93.85508728027344,107.68048095703124,35.55046844482422,1381.0
commuta_readings_today_20260812_173708.csv,7730,2026-08-12,2026-08-12T17:22:26.000+01:00,S11,Central,busier,Bond Street->Stratford,in_train,,,,deep_tube_open,81.88996887207031,98.04623413085938,112.44488525390624,35.41619110107422,1349.0
commuta_readings_today_20260812_173708.csv,7731,2026-08-12,2026-08-12T17:22:36.000+01:00,S11,Central,busier,Bond Street->Stratford,in_train,,,,deep_tube_open,85.37857818603516,102.97901153564452,118.9415512084961,35.30327224731445,1334.0
commuta_readings_today_20260812_173708.csv,7732,2026-08-12,2026-08-12T17:22:46.000+01:00,S11,Central,busier,Bond Street->Stratford,in_train,,,,deep_tube_open,88.11687469482422,106.3854522705078,122.99032592773438,35.2101936340332,1305.0
commuta_readings_today_20260812_173708.csv,7733,2026-08-12,2026-08-12T17:22:56.000+01:00,S11,Central,busier,Bond Street->Stratford,in_train,,,,deep_tube_open,91.77739715576172,110.7319793701172,127.93496704101562,35.23003005981445,1291.0
commuta_readings_today_20260812_173708.csv,7734,2026-08-12,2026-08-12T17:23:06.000+01:00,S11,Central,busier,Bond Street->Stratford,platform,940GZZLUBLG,Bethnal Green,underground_no_psd,deep_tube_open,108.3796844482422,131.45486450195312,152.63966369628906,35.2224006652832,1277.0
commuta_readings_today_20260812_173708.csv,7735,2026-08-12,2026-08-12T17:23:16.000+01:00,S11,Central,busier,Bond Street->Stratford,platform,940GZZLUBLG,Bethnal Green,underground_no_psd,deep_tube_open,183.27796936035156,224.76446533203125,263.6886901855469,33.86129379272461,1219.0
commuta_readings_today_20260812_173708.csv,7736,2026-08-12,2026-08-12T17:23:26.000+01:00,S11,Central,busier,Bond Street->Stratford,platform,940GZZLUBLG,Bethnal Green,underground_no_psd,deep_tube_open,185.404052734375,229.0886993408203,270.6234130859375,33.00984191894531,1152.0
commuta_readings_today_20260812_173708.csv,7737,2026-08-12,2026-08-12T17:23:36.000+01:00,S11,Central,busier,Bond Street->Stratford,platform,940GZZLUBLG,Bethnal Green,underground_no_psd,deep_tube_open,174.96409606933594,220.8629150390625,265.93609619140625,32.45746612548828,1093.0
commuta_readings_today_20260812_173708.csv,7738,2026-08-12,2026-08-12T17:23:46.000+01:00,S11,Central,busier,Bond Street->Stratford,platform,940GZZLUBLG,Bethnal Green,underground_no_psd,deep_tube_open,130.63194274902344,164.78628540039062,198.2947235107422,32.11260986328125,1080.0
commuta_readings_today_20260812_173708.csv,7739,2026-08-12,2026-08-12T17:23:56.000+01:00,S11,Central,busier,Bond Street->Stratford,platform,940GZZLUBLG,Bethnal Green,underground_no_psd,deep_tube_open,114.03790283203124,142.967041015625,171.10403442382812,31.834897994995117,1021.0
commuta_readings_today_20260812_173708.csv,7740,2026-08-12,2026-08-12T17:24:06.000+01:00,S11,Central,busier,Bond Street->Stratford,platform,940GZZLUBLG,Bethnal Green,underground_no_psd,deep_tube_open,93.21772003173828,116.38247680664062,138.77542114257812,31.50072479248047,977.0
commuta_readings_today_20260812_173708.csv,7741,2026-08-12,2026-08-12T17:24:16.000+01:00,S11,Central,busier,Bond Street->Stratford,platform,940GZZLUBLG,Bethnal Green,underground_no_psd,deep_tube_open,89.34980010986328,111.13225555419922,132.06651306152344,31.233692169189453,917.0
commuta_readings_today_20260812_173708.csv,7742,2026-08-12,2026-08-12T17:24:26.000+01:00,S11,Central,busier,Bond Street->Stratford,platform,940GZZLUBLG,Bethnal Green,underground_no_psd,deep_tube_open,92.82437133789062,116.3488540649414,139.22256469726562,31.05821228027344,892.0
commuta_readings_today_20260812_173708.csv,7743,2026-08-12,2026-08-12T17:24:36.000+01:00,S11,Central,busier,Bond Street->Stratford,platform,940GZZLUBLG,Bethnal Green,underground_no_psd,deep_tube_open,104.03864288330078,128.67630004882812,152.1395263671875,30.94834899902344,864.0
commuta_readings_today_20260812_173708.csv,7744,2026-08-12,2026-08-12T17:24:46.000+01:00,S11,Central,busier,Bond Street->Stratford,platform,940GZZLUBLG,Bethnal Green,underground_no_psd,deep_tube_open,106.96862030029295,131.8298797607422,155.36253356933594,30.963607788085938,852.0
commuta_readings_today_20260812_173708.csv,7745,2026-08-12,2026-08-12T17:24:56.000+01:00,S11,Central,busier,Bond Street->Stratford,platform,940GZZLUBLG,Bethnal Green,underground_no_psd,deep_tube_open,108.17716217041016,133.84603881835938,158.30691528320312,31.294727325439453,850.0
commuta_readings_today_20260812_173708.csv,7746,2026-08-12,2026-08-12T17:25:06.000+01:00,S11,Central,busier,Bond Street->Stratford,in_train,,,,deep_tube_open,111.49437713623048,140.7731170654297,169.53350830078125,31.50225067138672,848.0
commuta_readings_today_20260812_173708.csv,7749,2026-08-12,2026-08-12T17:25:36.000+01:00,S11,Central,busier,Bond Street->Stratford,in_train,,,,deep_tube_open,110.57154846191406,135.10308837890625,157.96080017089844,31.905088424682617,869.0
commuta_readings_today_20260812_173708.csv,7750,2026-08-12,2026-08-12T17:25:46.000+01:00,S11,Central,busier,Bond Street->Stratford,in_train,,,,deep_tube_open,110.76502990722656,134.7190704345703,156.8366241455078,31.860837936401367,869.0
commuta_readings_today_20260812_173708.csv,7751,2026-08-12,2026-08-12T17:25:56.000+01:00,S11,Central,busier,Bond Street->Stratford,in_train,,,,deep_tube_open,114.17537689208984,137.89442443847656,159.47006225585938,31.94476318359375,874.0
commuta_readings_today_20260812_173708.csv,7752,2026-08-12,2026-08-12T17:26:06.000+01:00,S11,Central,busier,Bond Street->Stratford,in_train,,,,deep_tube_open,112.38177490234376,137.741943359375,161.51083374023438,31.95697021484375,880.0
commuta_readings_today_20260812_173708.csv,7753,2026-08-12,2026-08-12T17:26:16.000+01:00,S11,Central,busier,Bond Street->Stratford,in_train,,,,deep_tube_open,114.35684204101562,140.38316345214844,164.8470001220703,32.06378173828125,889.0
commuta_readings_today_20260812_173708.csv,7754,2026-08-12,2026-08-12T17:26:26.000+01:00,S11,Central,busier,Bond Street->Stratford,in_train,,,,deep_tube_open,121.8466796875,149.0707244873047,174.49942016601562,32.195011138916016,896.0
commuta_readings_today_20260812_173708.csv,7755,2026-08-12,2026-08-12T17:26:36.000+01:00,S11,Central,busier,Bond Street->Stratford,in_train,,,,deep_tube_open,129.6416473388672,159.08323669433594,186.73716735839844,32.219425201416016,906.0
commuta_readings_today_20260812_173708.csv,7756,2026-08-12,2026-08-12T17:26:46.000+01:00,S11,Central,busier,Bond Street->Stratford,in_train,,,,deep_tube_open,135.80844116210938,167.3403778076172,197.1772003173828,32.367435455322266,918.0
commuta_readings_today_20260812_173708.csv,7757,2026-08-12,2026-08-12T17:26:56.000+01:00,S11,Central,busier,Bond Street->Stratford,in_train,,,,deep_tube_open,139.3118896484375,173.6140899658203,206.68128967285156,32.303348541259766,927.0
commuta_readings_today_20260812_173708.csv,7758,2026-08-12,2026-08-12T17:27:06.000+01:00,S11,Central,busier,Bond Street->Stratford,in_train,,,,deep_tube_open,140.50045776367188,177.48133850097656,213.83094787597656,32.51087188720703,933.0
commuta_readings_today_20260812_173708.csv,7759,2026-08-12,2026-08-12T17:27:16.000+01:00,S11,Central,busier,Bond Street->Stratford,platform,940GZZLUMED,Mile End,underground_no_psd,deep_tube_open,139.4476318359375,179.02688598632812,218.7198486328125,32.54291534423828,940.0
commuta_readings_today_20260812_173708.csv,7760,2026-08-12,2026-08-12T17:27:26.000+01:00,S11,Central,busier,Bond Street->Stratford,platform,940GZZLUMED,Mile End,underground_no_psd,deep_tube_open,129.23739624023438,166.14385986328125,203.21368408203125,32.144657135009766,941.0
commuta_readings_today_20260812_173708.csv,7761,2026-08-12,2026-08-12T17:27:36.000+01:00,S11,Central,busier,Bond Street->Stratford,platform,940GZZLUMED,Mile End,underground_no_psd,deep_tube_open,123.36365509033205,159.09234619140625,195.10557556152344,31.801326751708984,936.0
commuta_readings_today_20260812_173708.csv,7762,2026-08-12,2026-08-12T17:27:46.000+01:00,S11,Central,busier,Bond Street->Stratford,platform,940GZZLUMED,Mile End,underground_no_psd,deep_tube_open,122.49555206298828,157.460693359375,192.57652282714844,31.5678653717041,921.0
commuta_readings_today_20260812_173708.csv,7763,2026-08-12,2026-08-12T17:27:56.000+01:00,S11,Central,busier,Bond Street->Stratford,platform,940GZZLUMED,Mile End,underground_no_psd,deep_tube_open,121.58068084716795,155.30357360839844,188.92344665527344,31.261157989501953,907.0
commuta_readings_today_20260812_173708.csv,7764,2026-08-12,2026-08-12T17:28:06.000+01:00,S11,Central,busier,Bond Street->Stratford,platform,940GZZLUMED,Mile End,underground_no_psd,deep_tube_open,119.17066955566406,152.75970458984375,186.38540649414065,31.010910034179688,892.0
commuta_readings_today_20260812_173708.csv,7765,2026-08-12,2026-08-12T17:28:16.000+01:00,S11,Central,busier,Bond Street->Stratford,platform,940GZZLUMED,Mile End,underground_no_psd,deep_tube_open,112.2261199951172,145.17031860351562,178.48695373535156,30.911725997924805,881.0
commuta_readings_today_20260812_173708.csv,7766,2026-08-12,2026-08-12T17:28:26.000+01:00,S11,Central,busier,Bond Street->Stratford,platform,940GZZLUMED,Mile End,underground_no_psd,deep_tube_open,100.39649963378906,129.82269287109375,159.57040405273438,30.452430725097656,874.0
commuta_readings_today_20260812_173708.csv,7767,2026-08-12,2026-08-12T17:28:36.000+01:00,S11,Central,busier,Bond Street->Stratford,platform,940GZZLUMED,Mile End,underground_no_psd,deep_tube_open,101.40635681152344,131.06918334960938,161.0414581298828,30.353246688842773,869.0
commuta_readings_today_20260812_173708.csv,7769,2026-08-12,2026-08-12T17:28:56.000+01:00,S11,Central,busier,Bond Street->Stratford,in_train,,,,deep_tube_open,117.563720703125,148.9783935546875,179.986083984375,30.876630783081055,865.0
commuta_readings_today_20260812_173708.csv,7770,2026-08-12,2026-08-12T17:29:06.000+01:00,S11,Central,busier,Bond Street->Stratford,in_train,,,,deep_tube_open,119.92535400390624,152.35446166992188,184.46710205078125,31.50377655029297,869.0
commuta_readings_today_20260812_173708.csv,7771,2026-08-12,2026-08-12T17:29:16.000+01:00,S11,Central,busier,Bond Street->Stratford,in_train,,,,deep_tube_open,122.87092590332033,155.0214385986328,186.5709228515625,31.903562545776367,887.0
commuta_readings_today_20260812_173708.csv,7772,2026-08-12,2026-08-12T17:29:26.000+01:00,S11,Central,busier,Bond Street->Stratford,in_train,,,,deep_tube_open,122.42595672607422,153.456787109375,183.63047790527344,32.152286529541016,916.0
commuta_readings_today_20260812_173708.csv,7773,2026-08-12,2026-08-12T17:29:36.000+01:00,S11,Central,busier,Bond Street->Stratford,in_train,,,,deep_tube_open,120.63809204101562,150.4088897705078,179.1273651123047,32.359806060791016,940.0
commuta_readings_today_20260812_173708.csv,7774,2026-08-12,2026-08-12T17:29:46.000+01:00,S11,Central,busier,Bond Street->Stratford,in_train,,,,deep_tube_open,118.0315170288086,146.82460021972656,174.50201416015625,32.46509552001953,973.0
commuta_readings_today_20260812_173708.csv,7775,2026-08-12,2026-08-12T17:29:56.000+01:00,S11,Central,busier,Bond Street->Stratford,in_train,,,,deep_tube_open,115.61223602294922,142.64187622070312,168.27658081054688,32.63447189331055,999.0
commuta_readings_today_20260812_173708.csv,7776,2026-08-12,2026-08-12T17:30:06.000+01:00,S11,Central,busier,Bond Street->Stratford,in_train,,,,deep_tube_open,112.07825469970705,137.4030303955078,161.1493377685547,32.7397575378418,1033.0
commuta_readings_today_20260812_173708.csv,7777,2026-08-12,2026-08-12T17:30:16.000+01:00,S11,Central,busier,Bond Street->Stratford,in_train,,,,deep_tube_open,110.80704498291016,134.7952423095703,156.9527130126953,32.89387512207031,1045.0
commuta_readings_today_20260812_173708.csv,7778,2026-08-12,2026-08-12T17:30:26.000+01:00,S11,Central,busier,Bond Street->Stratford,in_train,,,,deep_tube_open,106.5359344482422,129.3217010498047,150.2758331298828,32.8618278503418,1049.0
commuta_readings_today_20260812_173708.csv,7779,2026-08-12,2026-08-12T17:30:36.000+01:00,S11,Central,busier,Bond Street->Stratford,in_train,,,,deep_tube_open,107.71987915039062,131.82235717773438,154.34657287597656,32.86640548706055,1056.0
commuta_readings_today_20260812_173708.csv,7780,2026-08-12,2026-08-12T17:30:46.000+01:00,S11,Central,busier,Bond Street->Stratford,in_train,,,,deep_tube_open,107.06307983398438,132.62533569335938,157.0326385498047,33.02052307128906,1055.0
commuta_readings_today_20260812_173708.csv,7783,2026-08-12,2026-08-12T17:31:16.000+01:00,S11,Central,busier,Bond Street->Stratford,in_train,,,,deep_tube_open,104.6245346069336,126.45472717285156,146.34535217285156,32.63142013549805,1051.0
commuta_readings_today_20260812_173708.csv,7784,2026-08-12,2026-08-12T17:31:26.000+01:00,S11,Central,busier,Bond Street->Stratford,in_train,,,,deep_tube_open,102.86029052734376,125.37541961669922,146.25479125976562,32.66193771362305,1050.0
commuta_readings_today_20260812_173708.csv,7785,2026-08-12,2026-08-12T17:31:36.000+01:00,S11,Central,busier,Bond Street->Stratford,in_train,,,,deep_tube_open,101.56892395019533,124.04918670654295,144.97801208496094,32.7122917175293,1046.0
commuta_readings_today_20260812_173708.csv,7786,2026-08-12,2026-08-12T17:31:46.000+01:00,S11,Central,busier,Bond Street->Stratford,in_train,,,,deep_tube_open,102.7484893798828,125.33168029785156,146.3047332763672,32.7122917175293,1046.0
commuta_readings_today_20260812_173708.csv,7787,2026-08-12,2026-08-12T17:31:56.000+01:00,S11,Central,busier,Bond Street->Stratford,in_train,,,,deep_tube_open,99.86820220947266,121.69058990478516,141.91505432128906,32.67109298706055,1044.0
commuta_readings_today_20260812_173708.csv,7788,2026-08-12,2026-08-12T17:32:06.000+01:00,S11,Central,busier,Bond Street->Stratford,in_train,,,,deep_tube_open,100.79452514648438,122.56793212890624,142.66390991210938,32.65278244018555,1036.0
commuta_readings_today_20260812_173708.csv,7789,2026-08-12,2026-08-12T17:32:16.000+01:00,S11,Central,busier,Bond Street->Stratford,in_train,,,,deep_tube_open,98.91911315917967,119.57854461669922,138.40924072265625,32.62531661987305,1030.0
commuta_readings_today_20260812_173708.csv,7791,2026-08-12,2026-08-12T17:32:36.000+01:00,S11,Central,busier,Bond Street->Stratford,in_train,,,,deep_tube_open,99.0404052734375,119.14885711669922,137.27796936035156,32.51850128173828,1027.0
commuta_readings_today_20260812_173708.csv,7792,2026-08-12,2026-08-12T17:32:46.000+01:00,S11,Central,busier,Bond Street->Stratford,in_train,,,,deep_tube_open,98.70521545410156,118.31988525390624,135.85232543945312,32.60242462158203,1025.0
commuta_readings_today_20260812_173708.csv,7793,2026-08-12,2026-08-12T17:32:56.000+01:00,S11,Central,busier,Bond Street->Stratford,in_train,,,,deep_tube_open,97.7602081298828,116.57418060302734,133.16806030273438,32.61615753173828,1016.0
commuta_readings_today_20260812_173708.csv,7794,2026-08-12,2026-08-12T17:33:06.000+01:00,S11,Central,busier,Bond Street->Stratford,in_train,,,,deep_tube_open,95.1281967163086,113.4334945678711,129.5779266357422,32.67414474487305,1012.0
commuta_readings_today_20260812_173708.csv,7795,2026-08-12,2026-08-12T17:33:16.000+01:00,S11,Central,busier,Bond Street->Stratford,in_train,,,,deep_tube_open,90.2918701171875,108.76150512695312,125.46199798583984,32.66498947143555,1013.0
commuta_readings_today_20260812_173708.csv,7796,2026-08-12,2026-08-12T17:33:26.000+01:00,S11,Central,busier,Bond Street->Stratford,in_train,,,,deep_tube_open,88.4832992553711,108.61566925048828,127.53765869140624,32.7000846862793,1013.0
commuta_readings_today_20260812_173708.csv,7797,2026-08-12,2026-08-12T17:33:36.000+01:00,S11,Central,busier,Bond Street->Stratford,in_train,,,,deep_tube_open,83.78401184082031,103.25236511230467,121.67896270751952,32.69550704956055,1014.0
commuta_readings_today_20260812_173708.csv,7798,2026-08-12,2026-08-12T17:33:46.000+01:00,S11,Central,busier,Bond Street->Stratford,platform,940GZZLUSTD,Stratford,open_air,deep_tube_open,6.792284965515137,8.336544036865234,9.787589073181152,31.63958168029785,1012.0
commuta_readings_today_20260812_173708.csv,7799,2026-08-12,2026-08-12T17:33:56.000+01:00,S11,Central,busier,Bond Street->Stratford,platform,940GZZLUSTD,Stratford,open_air,deep_tube_open,6.3059492111206055,7.672914505004883,8.936162948608398,30.60349464416504,983.0
commuta_readings_today_20260812_173708.csv,7800,2026-08-12,2026-08-12T17:34:06.000+01:00,S11,Central,busier,Bond Street->Stratford,platform,940GZZLUSTD,Stratford,open_air,deep_tube_open,6.246843338012695,7.5398993492126465,8.714483261108398,29.87716484069824,921.0
commuta_readings_today_20260812_173708.csv,7801,2026-08-12,2026-08-12T17:34:16.000+01:00,S11,Central,busier,Bond Street->Stratford,platform,940GZZLUSTD,Stratford,open_air,deep_tube_open,6.2814249992370605,7.542898654937744,8.675267219543457,29.02723693847656,856.0
commuta_readings_today_20260812_173708.csv,7802,2026-08-12,2026-08-12T17:34:26.000+01:00,S11,Central,busier,Bond Street->Stratford,platform,940GZZLUSTD,Stratford,open_air,deep_tube_open,6.062674522399902,7.242754459381104,8.288582801818848,28.19104385375977,807.0
commuta_readings_today_20260812_173708.csv,7803,2026-08-12,2026-08-12T17:34:36.000+01:00,S11,Central,busier,Bond Street->Stratford,platform,940GZZLUSTD,Stratford,open_air,deep_tube_open,5.416726589202881,6.448360443115234,7.354199409484863,27.64934730529785,750.0
commuta_readings_today_20260812_173708.csv,7804,2026-08-12,2026-08-12T17:34:46.000+01:00,S11,Central,busier,Bond Street->Stratford,platform,940GZZLUSTD,Stratford,open_air,deep_tube_open,4.855099678039551,5.753831386566162,6.533132553100586,27.417409896850582,721.0
commuta_readings_today_20260812_173708.csv,7805,2026-08-12,2026-08-12T17:34:56.000+01:00,S11,Central,busier,Bond Street->Stratford,platform,940GZZLUSTD,Stratford,open_air,deep_tube_open,4.175747871398926,4.919567584991455,5.553161144256592,26.826887130737305,685.0
commuta_readings_today_20260812_173708.csv,7806,2026-08-12,2026-08-12T17:35:06.000+01:00,S11,Central,busier,Bond Street->Stratford,platform,940GZZLUSTD,Stratford,open_air,deep_tube_open,3.947060823440552,4.648388862609863,5.245075225830078,26.521705627441406,653.0
commuta_readings_today_20260812_173708.csv,7807,2026-08-12,2026-08-12T17:35:16.000+01:00,S11,Central,busier,Bond Street->Stratford,platform,940GZZLUSTD,Stratford,open_air,deep_tube_open,3.3535361289978027,3.9484376907348633,4.4541850090026855,25.993743896484375,615.0
commuta_readings_today_20260812_173708.csv,7808,2026-08-12,2026-08-12T17:35:26.000+01:00,S11,Central,busier,Bond Street->Stratford,platform,940GZZLUSTD,Stratford,open_air,deep_tube_open,3.15600061416626,3.7029850482940674,4.1627516746521,25.74807357788086,599.0
commuta_readings_today_20260812_173708.csv,7809,2026-08-12,2026-08-12T17:35:36.000+01:00,S11,Central,busier,Bond Street->Stratford,platform,940GZZLUSTD,Stratford,open_air,deep_tube_open,3.011124849319458,3.511296510696411,3.922666788101196,25.593957901000977,583.0
commuta_readings_today_20260812_173708.csv,7810,2026-08-12,2026-08-12T17:35:46.000+01:00,S11,Central,busier,Bond Street->Stratford,platform,940GZZLUSTD,Stratford,open_air,deep_tube_open,3.281719207763672,3.8167355060577393,4.252368450164795,25.491722106933594,570.0
commuta_readings_today_20260812_173708.csv,7811,2026-08-12,2026-08-12T17:35:56.000+01:00,S11,Central,busier,Bond Street->Stratford,platform,940GZZLUSTD,Stratford,open_air,deep_tube_open,2.9370057582855225,3.4079391956329346,3.787898302078247,25.441368103027344,561.0
commuta_readings_today_20260814_134015.csv,7882,2026-08-14,2026-08-14T12:50:33.000+01:00,S12,Hammersmith & City,quieter,Paddington->Liverpool Street,platform,940GZZLUPAH,Paddington (H&C Line)-Underground,open_air,sub_surface,13.170815467834473,13.92763900756836,13.927647590637209,43.60265350341797,557.0
commuta_readings_today_20260814_134015.csv,7883,2026-08-14,2026-08-14T12:50:43.000+01:00,S12,Hammersmith & City,quieter,Paddington->Liverpool Street,platform,940GZZLUPAH,Paddington (H&C Line)-Underground,open_air,sub_surface,13.470023155212402,14.244040489196776,14.244049072265623,43.39971160888672,560.0
commuta_readings_today_20260814_134015.csv,7884,2026-08-14,2026-08-14T12:50:53.000+01:00,S12,Hammersmith & City,quieter,Paddington->Liverpool Street,platform,940GZZLUPAH,Paddington (H&C Line)-Underground,open_air,sub_surface,13.195155143737791,13.953377723693848,13.953386306762695,43.2608528137207,561.0
commuta_readings_today_20260814_134015.csv,7885,2026-08-14,2026-08-14T12:51:03.000+01:00,S12,Hammersmith & City,quieter,Paddington->Liverpool Street,platform,940GZZLUPAH,Paddington (H&C Line)-Underground,open_air,sub_surface,13.73622226715088,14.525535583496094,14.52554416656494,42.98924255371094,560.0
commuta_readings_today_20260814_134015.csv,7886,2026-08-14,2026-08-14T12:51:13.000+01:00,S12,Hammersmith & City,quieter,Paddington->Liverpool Street,platform,940GZZLUPAH,Paddington (H&C Line)-Underground,open_air,sub_surface,13.302251815795898,14.066628456115724,14.06663703918457,42.72220993041992,560.0
commuta_readings_today_20260814_134015.csv,7887,2026-08-14,2026-08-14T12:51:23.000+01:00,S12,Hammersmith & City,quieter,Paddington->Liverpool Street,platform,940GZZLUPAH,Paddington (H&C Line)-Underground,open_air,sub_surface,12.686393737792969,13.415382385253906,13.415390014648438,42.569618225097656,559.0
commuta_readings_today_20260814_134015.csv,7888,2026-08-14,2026-08-14T12:51:33.000+01:00,S12,Hammersmith & City,quieter,Paddington->Liverpool Street,platform,940GZZLUPAH,Paddington (H&C Line)-Underground,open_air,sub_surface,11.97490406036377,12.663008689880373,12.663016319274902,42.449073791503906,557.0
commuta_readings_today_20260814_134015.csv,7889,2026-08-14,2026-08-14T12:51:44.000+01:00,S12,Hammersmith & City,quieter,Paddington->Liverpool Street,platform,940GZZLUPAH,Paddington (H&C Line)-Underground,open_air,sub_surface,12.662907600402832,13.390545845031738,13.390554428100586,42.25375747680664,556.0
commuta_readings_today_20260814_134015.csv,7890,2026-08-14,2026-08-14T12:51:53.000+01:00,S12,Hammersmith & City,quieter,Paddington->Liverpool Street,platform,940GZZLUPAH,Paddington (H&C Line)-Underground,open_air,sub_surface,13.37014865875244,14.138426780700684,14.138435363769531,42.21408462524414,553.0
commuta_readings_today_20260814_134015.csv,7891,2026-08-14,2026-08-14T12:52:03.000+01:00,S12,Hammersmith & City,quieter,Paddington->Liverpool Street,platform,940GZZLUPAH,Paddington (H&C Line)-Underground,open_air,sub_surface,13.113420486450195,13.86694622039795,13.866954803466797,42.061492919921875,552.0
commuta_readings_today_20260814_134015.csv,7892,2026-08-14,2026-08-14T12:52:13.000+01:00,S12,Hammersmith & City,quieter,Paddington->Liverpool Street,platform,940GZZLUPAH,Paddington (H&C Line)-Underground,open_air,sub_surface,12.986441612243652,13.732670783996582,13.73267936706543,41.922637939453125,552.0
commuta_readings_today_20260814_134015.csv,7893,2026-08-14,2026-08-14T12:52:23.000+01:00,S12,Hammersmith & City,quieter,Paddington->Liverpool Street,platform,940GZZLUPAH,Paddington (H&C Line)-Underground,open_air,sub_surface,12.954955101013184,13.69937515258789,13.699383735656738,41.82192611694336,551.0
commuta_readings_today_20260814_134015.csv,7894,2026-08-14,2026-08-14T12:52:33.000+01:00,S12,Hammersmith & City,quieter,Paddington->Liverpool Street,in_train,,,,sub_surface,12.838767051696776,13.57651138305664,13.576519012451172,41.586936950683594,548.0
commuta_readings_today_20260814_134015.csv,7895,2026-08-14,2026-08-14T12:52:43.000+01:00,S12,Hammersmith & City,quieter,Paddington->Liverpool Street,in_train,,,,sub_surface,12.10953140258789,12.805371284484863,12.805379867553713,41.36262893676758,547.0
commuta_readings_today_20260814_134015.csv,7896,2026-08-14,2026-08-14T12:52:53.000+01:00,S12,Hammersmith & City,quieter,Paddington->Liverpool Street,in_train,,,,sub_surface,12.265267372131348,12.970056533813477,12.970064163208008,41.09712219238281,547.0
commuta_readings_today_20260814_134015.csv,7897,2026-08-14,2026-08-14T12:53:03.000+01:00,S12,Hammersmith & City,quieter,Paddington->Liverpool Street,in_train,,,,sub_surface,11.45994758605957,12.11846160888672,12.11846923828125,40.86823654174805,548.0
commuta_readings_today_20260814_134015.csv,7898,2026-08-14,2026-08-14T12:53:13.000+01:00,S12,Hammersmith & City,quieter,Paddington->Liverpool Street,in_train,,,,sub_surface,11.644708633422852,12.313838958740234,12.313846588134766,40.6378288269043,559.0
commuta_readings_today_20260814_134015.csv,7899,2026-08-14,2026-08-14T12:53:23.000+01:00,S12,Hammersmith & City,quieter,Paddington->Liverpool Street,in_train,,,,sub_surface,11.653078079223633,12.3226900100708,12.322697639465332,40.320438385009766,582.0
commuta_readings_today_20260814_134015.csv,7900,2026-08-14,2026-08-14T12:53:33.000+01:00,S12,Hammersmith & City,quieter,Paddington->Liverpool Street,in_train,,,,sub_surface,10.766613960266112,11.385287284851074,11.385294914245604,40.201419830322266,615.0
commuta_readings_today_20260814_134015.csv,7901,2026-08-14,2026-08-14T12:53:43.000+01:00,S12,Hammersmith & City,quieter,Paddington->Liverpool Street,in_train,,,,sub_surface,10.055548667907717,10.63336181640625,10.633368492126465,39.9481201171875,634.0
commuta_readings_today_20260814_134015.csv,7902,2026-08-14,2026-08-14T12:53:54.000+01:00,S12,Hammersmith & City,quieter,Paddington->Liverpool Street,in_train,,,,sub_surface,9.987520217895508,10.56142520904541,10.561431884765623,39.826045989990234,654.0
commuta_readings_today_20260814_134015.csv,7903,2026-08-14,2026-08-14T12:54:03.000+01:00,S12,Hammersmith & City,quieter,Paddington->Liverpool Street,in_train,,,,sub_surface,9.338922500610352,9.875557899475098,9.875563621520996,39.758907318115234,665.0
commuta_readings_today_20260814_134015.csv,7904,2026-08-14,2026-08-14T12:54:13.000+01:00,S12,Hammersmith & City,quieter,Paddington->Liverpool Street,in_train,,,,sub_surface,9.379541397094728,9.91851043701172,9.918517112731934,39.68108749389648,707.0
commuta_readings_today_20260814_134015.csv,7905,2026-08-14,2026-08-14T12:54:24.000+01:00,S12,Hammersmith & City,quieter,Paddington->Liverpool Street,in_train,,,,sub_surface,9.838127136230469,10.403447151184082,10.403453826904297,39.47966766357422,744.0
commuta_readings_today_20260814_134015.csv,7906,2026-08-14,2026-08-14T12:54:33.000+01:00,S12,Hammersmith & City,quieter,Paddington->Liverpool Street,in_train,,,,sub_surface,10.924442291259766,11.55218505859375,11.552191734313965,39.29350662231445,782.0
commuta_readings_today_20260814_134015.csv,7907,2026-08-14,2026-08-14T12:54:44.000+01:00,S12,Hammersmith & City,quieter,Paddington->Liverpool Street,in_train,,,,sub_surface,12.63463306427002,13.36064624786377,13.360654830932615,39.12260437011719,802.0
commuta_readings_today_20260814_134015.csv,7908,2026-08-14,2026-08-14T12:54:54.000+01:00,S12,Hammersmith & City,quieter,Paddington->Liverpool Street,in_train,,,,sub_surface,13.27956771850586,14.042730331420898,14.04284954071045,39.01579284667969,827.0
commuta_readings_today_20260814_134015.csv,7909,2026-08-14,2026-08-14T12:55:04.000+01:00,S12,Hammersmith & City,quieter,Paddington->Liverpool Street,in_train,,,,sub_surface,13.81332302093506,14.607073783874512,14.607090950012209,38.91813659667969,844.0
commuta_readings_today_20260814_134015.csv,7910,2026-08-14,2026-08-14T12:55:13.000+01:00,S12,Hammersmith & City,quieter,Paddington->Liverpool Street,in_train,,,,sub_surface,13.950533866882324,14.752161979675291,14.75217056274414,38.81895065307617,847.0
commuta_readings_today_20260814_134015.csv,7911,2026-08-14,2026-08-14T12:55:23.000+01:00,S12,Hammersmith & City,quieter,Paddington->Liverpool Street,in_train,,,,sub_surface,13.565995216369627,14.34552764892578,14.345536231994627,38.86930465698242,847.0
commuta_readings_today_20260814_134015.csv,7912,2026-08-14,2026-08-14T12:55:33.000+01:00,S12,Hammersmith & City,quieter,Paddington->Liverpool Street,in_train,,,,sub_surface,13.325310707092283,14.091012001037598,14.091020584106444,38.82810592651367,847.0
commuta_readings_today_20260814_134015.csv,7913,2026-08-14,2026-08-14T12:55:44.000+01:00,S12,Hammersmith & City,quieter,Paddington->Liverpool Street,platform,940GZZLUERC,Edgware Road (Circle Line),open_air,sub_surface,13.458684921264648,14.232049942016602,14.232059478759766,38.78385543823242,845.0
commuta_readings_today_20260814_134015.csv,7914,2026-08-14,2026-08-14T12:55:53.000+01:00,S12,Hammersmith & City,quieter,Paddington->Liverpool Street,platform,940GZZLUERC,Edgware Road (Circle Line),open_air,sub_surface,15.043828010559082,15.908279418945312,15.908288955688477,38.96086120605469,833.0
commuta_readings_today_20260814_134015.csv,7915,2026-08-14,2026-08-14T12:56:04.000+01:00,S12,Hammersmith & City,quieter,Paddington->Liverpool Street,platform,940GZZLUERC,Edgware Road (Circle Line),open_air,sub_surface,15.93080997467041,16.846229553222656,16.84623908996582,39.22636795043945,802.0
commuta_readings_today_20260814_134015.csv,7916,2026-08-14,2026-08-14T12:56:14.000+01:00,S12,Hammersmith & City,quieter,Paddington->Liverpool Street,platform,940GZZLUERC,Edgware Road (Circle Line),open_air,sub_surface,16.03476333618164,16.98027801513672,17.010616302490234,39.2980842590332,760.0
commuta_readings_today_20260814_134015.csv,7917,2026-08-14,2026-08-14T12:56:23.000+01:00,S12,Hammersmith & City,quieter,Paddington->Liverpool Street,platform,940GZZLUERC,Edgware Road (Circle Line),open_air,sub_surface,16.140165328979492,17.13128662109375,17.21135711669922,39.3163948059082,727.0
commuta_readings_today_20260814_134015.csv,7918,2026-08-14,2026-08-14T12:56:33.000+01:00,S12,Hammersmith & City,quieter,Paddington->Liverpool Street,platform,940GZZLUERC,Edgware Road (Circle Line),open_air,sub_surface,15.637735366821287,16.598257064819336,16.676158905029297,39.37743377685547,693.0
commuta_readings_today_20260814_134015.csv,7919,2026-08-14,2026-08-14T12:56:44.000+01:00,S12,Hammersmith & City,quieter,Paddington->Liverpool Street,platform,940GZZLUERC,Edgware Road (Circle Line),open_air,sub_surface,14.691597938537598,15.546737670898438,15.5604887008667,39.2858772277832,654.0
commuta_readings_today_20260814_134015.csv,7920,2026-08-14,2026-08-14T12:56:53.000+01:00,S12,Hammersmith & City,quieter,Paddington->Liverpool Street,platform,940GZZLUERC,Edgware Road (Circle Line),open_air,sub_surface,14.51045036315918,15.346956253051758,15.35036277770996,39.38658905029297,627.0
commuta_readings_today_20260814_134015.csv,7921,2026-08-14,2026-08-14T12:57:03.000+01:00,S12,Hammersmith & City,quieter,Paddington->Liverpool Street,platform,940GZZLUERC,Edgware Road (Circle Line),open_air,sub_surface,13.750529289245604,14.540935516357422,14.541282653808594,39.3713264465332,611.0
commuta_readings_today_20260814_134015.csv,7922,2026-08-14,2026-08-14T12:57:13.000+01:00,S12,Hammersmith & City,quieter,Paddington->Liverpool Street,platform,940GZZLUERC,Edgware Road (Circle Line),open_air,sub_surface,13.293950080871582,14.057872772216797,14.05791187286377,39.1973762512207,590.0
commuta_readings_today_20260814_134015.csv,7923,2026-08-14,2026-08-14T12:57:24.000+01:00,S12,Hammersmith & City,quieter,Paddington->Liverpool Street,platform,940GZZLUERC,Edgware Road (Circle Line),open_air,sub_surface,12.702367782592772,13.432273864746094,13.43228244781494,39.02647399902344,571.0
commuta_readings_today_20260814_134015.csv,7924,2026-08-14,2026-08-14T12:57:33.000+01:00,S12,Hammersmith & City,quieter,Paddington->Liverpool Street,platform,940GZZLUERC,Edgware Road (Circle Line),open_air,sub_surface,12.526872634887695,13.246694564819336,13.246702194213867,38.84794235229492,561.0
commuta_readings_today_20260814_134015.csv,7925,2026-08-14,2026-08-14T12:57:43.000+01:00,S12,Hammersmith & City,quieter,Paddington->Liverpool Street,platform,940GZZLUERC,Edgware Road (Circle Line),open_air,sub_surface,12.328479766845703,13.036901473999023,13.036910057067873,38.68925094604492,558.0
commuta_readings_today_20260814_134015.csv,7926,2026-08-14,2026-08-14T12:57:53.000+01:00,S12,Hammersmith & City,quieter,Paddington->Liverpool Street,platform,940GZZLUERC,Edgware Road (Circle Line),open_air,sub_surface,12.710065841674805,13.44041347503662,13.440422058105469,38.63126754760742,545.0
commuta_readings_today_20260814_134015.csv,7927,2026-08-14,2026-08-14T12:58:03.000+01:00,S12,Hammersmith & City,quieter,Paddington->Liverpool Street,platform,940GZZLUERC,Edgware Road (Circle Line),open_air,sub_surface,11.832777976989746,12.512715339660645,12.512722969055176,38.67856979370117,541.0
commuta_readings_today_20260814_134015.csv,7928,2026-08-14,2026-08-14T12:58:14.000+01:00,S12,Hammersmith & City,quieter,Paddington->Liverpool Street,platform,940GZZLUERC,Edgware Road (Circle Line),open_air,sub_surface,11.824034690856934,12.503469467163086,12.503477096557615,38.62668991088867,535.0
commuta_readings_today_20260814_134015.csv,7929,2026-08-14,2026-08-14T12:58:23.000+01:00,S12,Hammersmith & City,quieter,Paddington->Liverpool Street,platform,940GZZLUERC,Edgware Road (Circle Line),open_air,sub_surface,11.621819496154783,12.289634704589844,12.289642333984377,38.510719299316406,533.0
commuta_readings_today_20260814_134015.csv,7930,2026-08-14,2026-08-14T12:58:33.000+01:00,S12,Hammersmith & City,quieter,Paddington->Liverpool Street,platform,940GZZLUERC,Edgware Road (Circle Line),open_air,sub_surface,12.227058410644531,12.929652214050291,12.929659843444824,38.516822814941406,531.0
commuta_readings_today_20260814_134015.csv,7931,2026-08-14,2026-08-14T12:58:43.000+01:00,S12,Hammersmith & City,quieter,Paddington->Liverpool Street,platform,940GZZLUERC,Edgware Road (Circle Line),open_air,sub_surface,12.888116836547852,13.62869644165039,13.628704071044922,38.525978088378906,530.0
commuta_readings_today_20260814_134015.csv,7932,2026-08-14,2026-08-14T12:58:53.000+01:00,S12,Hammersmith & City,quieter,Paddington->Liverpool Street,platform,940GZZLUERC,Edgware Road (Circle Line),open_air,sub_surface,12.581974029541016,13.304962158203123,13.304969787597656,38.506141662597656,529.0
commuta_readings_today_20260814_134015.csv,7933,2026-08-14,2026-08-14T12:59:03.000+01:00,S12,Hammersmith & City,quieter,Paddington->Liverpool Street,platform,940GZZLUERC,Edgware Road (Circle Line),open_air,sub_surface,12.562954902648926,13.284850120544434,13.28485870361328,38.492408752441406,528.0
commuta_readings_today_20260814_134015.csv,7934,2026-08-14,2026-08-14T12:59:13.000+01:00,S12,Hammersmith & City,quieter,Paddington->Liverpool Street,platform,940GZZLUERC,Edgware Road (Circle Line),open_air,sub_surface,12.31237506866455,13.01987075805664,13.019878387451172,38.406959533691406,526.0
commuta_readings_today_20260814_134015.csv,7935,2026-08-14,2026-08-14T12:59:24.000+01:00,S12,Hammersmith & City,quieter,Paddington->Liverpool Street,platform,940GZZLUERC,Edgware Road (Circle Line),open_air,sub_surface,13.767727851867676,14.558852195739746,14.558860778808594,38.27115249633789,523.0
commuta_readings_today_20260814_134015.csv,7936,2026-08-14,2026-08-14T12:59:33.000+01:00,S12,Hammersmith & City,quieter,Paddington->Liverpool Street,platform,940GZZLUERC,Edgware Road (Circle Line),open_air,sub_surface,14.070663452148438,14.879194259643556,14.87920379638672,38.20401382446289,523.0
commuta_readings_today_20260814_134015.csv,7937,2026-08-14,2026-08-14T12:59:43.000+01:00,S12,Hammersmith & City,quieter,Paddington->Liverpool Street,platform,940GZZLUERC,Edgware Road (Circle Line),open_air,sub_surface,13.346149444580078,14.113048553466797,14.113057136535645,38.048370361328125,523.0
commuta_readings_today_20260814_134015.csv,7938,2026-08-14,2026-08-14T12:59:53.000+01:00,S12,Hammersmith & City,quieter,Paddington->Liverpool Street,platform,940GZZLUERC,Edgware Road (Circle Line),open_air,sub_surface,13.102839469909668,13.855757713317873,13.85576629638672,37.932403564453125,522.0
commuta_readings_today_20260814_134015.csv,7939,2026-08-14,2026-08-14T13:00:04.000+01:00,S12,Hammersmith & City,quieter,Paddington->Liverpool Street,platform,940GZZLUERC,Edgware Road (Circle Line),open_air,sub_surface,13.531335830688477,14.308876037597656,14.308884620666504,37.924774169921875,521.0
commuta_readings_today_20260814_134015.csv,7940,2026-08-14,2026-08-14T13:00:13.000+01:00,S12,Hammersmith & City,quieter,Paddington->Liverpool Street,platform,940GZZLUERC,Edgware Road (Circle Line),open_air,sub_surface,13.38176155090332,14.15070629119873,14.150714874267578,37.943084716796875,520.0
commuta_readings_today_20260814_134015.csv,7941,2026-08-14,2026-08-14T13:00:23.000+01:00,S12,Hammersmith & City,quieter,Paddington->Liverpool Street,platform,940GZZLUERC,Edgware Road (Circle Line),open_air,sub_surface,13.4335298538208,14.205450057983398,14.205458641052246,37.933929443359375,521.0
commuta_readings_today_20260814_134015.csv,7942,2026-08-14,2026-08-14T13:00:33.000+01:00,S12,Hammersmith & City,quieter,Paddington->Liverpool Street,platform,940GZZLUERC,Edgware Road (Circle Line),open_air,sub_surface,13.84489631652832,14.640454292297363,14.640462875366213,37.81490707397461,521.0
commuta_readings_today_20260814_134015.csv,7943,2026-08-14,2026-08-14T13:00:43.000+01:00,S12,Hammersmith & City,quieter,Paddington->Liverpool Street,platform,940GZZLUERC,Edgware Road (Circle Line),open_air,sub_surface,13.876025199890137,14.67337131500244,14.673380851745604,37.74166488647461,522.0
commuta_readings_today_20260814_134015.csv,7944,2026-08-14,2026-08-14T13:00:53.000+01:00,S12,Hammersmith & City,quieter,Paddington->Liverpool Street,platform,940GZZLUERC,Edgware Road (Circle Line),open_air,sub_surface,13.008451461791992,13.755945205688477,13.755953788757324,37.74319076538086,521.0
commuta_readings_today_20260814_134015.csv,7945,2026-08-14,2026-08-14T13:01:04.000+01:00,S12,Hammersmith & City,quieter,Paddington->Liverpool Street,platform,940GZZLUERC,Edgware Road (Circle Line),open_air,sub_surface,12.641071319580078,13.367454528808594,13.36746311187744,37.75844955444336,521.0
commuta_readings_today_20260814_134015.csv,7946,2026-08-14,2026-08-14T13:01:13.000+01:00,S12,Hammersmith & City,quieter,Paddington->Liverpool Street,in_train,,,,sub_surface,12.967686653137209,13.712838172912598,13.712846755981444,37.74929428100586,522.0
commuta_readings_today_20260814_134015.csv,7947,2026-08-14,2026-08-14T13:01:23.000+01:00,S12,Hammersmith & City,quieter,Paddington->Liverpool Street,in_train,,,,sub_surface,12.935803413391112,13.679122924804688,13.679131507873535,37.67605209350586,522.0
commuta_readings_today_20260814_134015.csv,7948,2026-08-14,2026-08-14T13:01:34.000+01:00,S12,Hammersmith & City,quieter,Paddington->Liverpool Street,in_train,,,,sub_surface,13.418506622314451,14.189562797546388,14.18957233428955,37.64858627319336,527.0
commuta_readings_today_20260814_134015.csv,7949,2026-08-14,2026-08-14T13:01:43.000+01:00,S12,Hammersmith & City,quieter,Paddington->Liverpool Street,in_train,,,,sub_surface,14.78378963470459,15.633298873901367,15.633308410644531,37.74471664428711,539.0
commuta_readings_today_20260814_134015.csv,7950,2026-08-14,2026-08-14T13:01:54.000+01:00,S12,Hammersmith & City,quieter,Paddington->Liverpool Street,in_train,,,,sub_surface,15.00057888031006,15.86254596710205,15.862555503845217,37.79201889038086,561.0
commuta_readings_today_20260814_134015.csv,7951,2026-08-14,2026-08-14T13:02:03.000+01:00,S12,Hammersmith & City,quieter,Paddington->Liverpool Street,in_train,,,,sub_surface,14.688633918762209,15.532674789428713,15.532684326171877,37.82101058959961,582.0
commuta_readings_today_20260814_134015.csv,7952,2026-08-14,2026-08-14T13:02:13.000+01:00,S12,Hammersmith & City,quieter,Paddington->Liverpool Street,in_train,,,,sub_surface,14.337356567382812,15.161212921142578,15.161221504211426,37.83321762084961,607.0
commuta_readings_today_20260814_134015.csv,7953,2026-08-14,2026-08-14T13:02:23.000+01:00,S12,Hammersmith & City,quieter,Paddington->Liverpool Street,in_train,,,,sub_surface,13.56630516052246,14.345854759216309,14.345863342285156,37.969024658203125,627.0
commuta_readings_today_20260814_134015.csv,7954,2026-08-14,2026-08-14T13:02:33.000+01:00,S12,Hammersmith & City,quieter,Paddington->Liverpool Street,in_train,,,,sub_surface,12.97412395477295,13.719645500183104,13.719654083251951,37.969024658203125,650.0
commuta_readings_today_20260814_134015.csv,7955,2026-08-14,2026-08-14T13:02:44.000+01:00,S12,Hammersmith & City,quieter,Paddington->Liverpool Street,in_train,,,,sub_surface,13.296873092651367,14.060940742492676,14.060949325561523,38.080413818359375,669.0
commuta_readings_today_20260814_134015.csv,7956,2026-08-14,2026-08-14T13:02:54.000+01:00,S12,Hammersmith & City,quieter,Paddington->Liverpool Street,in_train,,,,sub_surface,13.734854698181152,14.524088859558104,14.52409839630127,38.15365982055664,686.0
commuta_readings_today_20260814_134015.csv,7957,2026-08-14,2026-08-14T13:03:03.000+01:00,S12,Hammersmith & City,quieter,Paddington->Liverpool Street,in_train,,,,sub_surface,14.231669425964355,15.049452781677246,15.049461364746094,38.23605728149414,703.0
commuta_readings_today_20260814_134015.csv,7958,2026-08-14,2026-08-14T13:03:13.000+01:00,S12,Hammersmith & City,quieter,Paddington->Liverpool Street,in_train,,,,sub_surface,14.67321491241455,15.516369819641112,15.516379356384276,38.28946304321289,722.0
commuta_readings_today_20260814_134015.csv,7959,2026-08-14,2026-08-14T13:03:24.000+01:00,S12,Hammersmith & City,quieter,Paddington->Liverpool Street,in_train,,,,sub_surface,14.860501289367676,15.714418411254885,15.714427947998049,38.29861831665039,747.0
commuta_readings_today_20260814_134015.csv,7960,2026-08-14,2026-08-14T13:03:34.000+01:00,S12,Hammersmith & City,quieter,Paddington->Liverpool Street,platform,940GZZLUBST,Baker Street,underground_no_psd,sub_surface,62.772003173828125,66.49041748046875,66.63054656982422,38.50919342041016,761.0
commuta_readings_today_20260814_134015.csv,7961,2026-08-14,2026-08-14T13:03:44.000+01:00,S12,Hammersmith & City,quieter,Paddington->Liverpool Street,platform,940GZZLUBST,Baker Street,underground_no_psd,sub_surface,71.05763244628906,76.48259735107422,78.16993713378906,39.02037048339844,766.0
commuta_readings_today_20260814_134015.csv,7962,2026-08-14,2026-08-14T13:03:53.000+01:00,S12,Hammersmith & City,quieter,Paddington->Liverpool Street,platform,940GZZLUBST,Baker Street,underground_no_psd,sub_surface,69.34709930419922,76.95149230957031,81.50294494628906,39.1973762512207,768.0
commuta_readings_today_20260814_134015.csv,7963,2026-08-14,2026-08-14T13:04:03.000+01:00,S12,Hammersmith & City,quieter,Paddington->Liverpool Street,platform,940GZZLUBST,Baker Street,underground_no_psd,sub_surface,69.04782104492188,79.12439727783203,86.80609130859375,39.50408172607422,767.0
commuta_readings_today_20260814_134015.csv,7964,2026-08-14,2026-08-14T13:04:13.000+01:00,S12,Hammersmith & City,quieter,Paddington->Liverpool Street,platform,940GZZLUBST,Baker Street,underground_no_psd,sub_surface,65.9286117553711,78.40614318847656,89.332275390625,39.684139251708984,766.0
commuta_readings_today_20260814_134015.csv,7965,2026-08-14,2026-08-14T13:04:24.000+01:00,S12,Hammersmith & City,quieter,Paddington->Liverpool Street,platform,940GZZLUBST,Baker Street,underground_no_psd,sub_surface,64.21531677246094,77.88912200927734,90.4433135986328,39.763484954833984,765.0
commuta_readings_today_20260814_134015.csv,7966,2026-08-14,2026-08-14T13:04:33.000+01:00,S12,Hammersmith & City,quieter,Paddington->Liverpool Street,platform,940GZZLUBST,Baker Street,underground_no_psd,sub_surface,64.78766632080078,81.15228271484375,97.04865264892578,39.774166107177734,764.0
commuta_readings_today_20260814_134015.csv,7968,2026-08-14,2026-08-14T13:04:53.000+01:00,S12,Hammersmith & City,quieter,Paddington->Liverpool Street,platform,940GZZLUBST,Baker Street,underground_no_psd,sub_surface,66.85977935791016,85.29106140136719,103.6364288330078,39.932861328125,762.0
commuta_readings_today_20260814_134015.csv,7970,2026-08-14,2026-08-14T13:05:13.000+01:00,S12,Hammersmith & City,quieter,Paddington->Liverpool Street,platform,940GZZLUBST,Baker Street,underground_no_psd,sub_surface,65.339111328125,85.2827377319336,105.63966369628906,39.90692138671875,759.0
commuta_readings_today_20260814_134015.csv,7971,2026-08-14,2026-08-14T13:05:24.000+01:00,S12,Hammersmith & City,quieter,Paddington->Liverpool Street,platform,940GZZLUBST,Baker Street,underground_no_psd,sub_surface,64.33039855957031,83.2293472290039,102.34557342529295,39.794002532958984,757.0
commuta_readings_today_20260814_134015.csv,7972,2026-08-14,2026-08-14T13:05:33.000+01:00,S12,Hammersmith & City,quieter,Paddington->Liverpool Street,platform,940GZZLUBST,Baker Street,underground_no_psd,sub_surface,58.63539505004883,74.35321044921875,89.88080596923828,39.671932220458984,753.0
commuta_readings_today_20260814_134015.csv,7973,2026-08-14,2026-08-14T13:05:43.000+01:00,S12,Hammersmith & City,quieter,Paddington->Liverpool Street,platform,940GZZLUBST,Baker Street,underground_no_psd,sub_surface,50.27467346191406,63.086875915527344,75.56492614746094,39.42321014404297,749.0
commuta_readings_today_20260814_134015.csv,7974,2026-08-14,2026-08-14T13:05:54.000+01:00,S12,Hammersmith & City,quieter,Paddington->Liverpool Street,platform,940GZZLUBST,Baker Street,underground_no_psd,sub_surface,51.33867263793945,64.0388412475586,76.29914855957031,39.39879608154297,738.0
commuta_readings_today_20260814_134015.csv,7975,2026-08-14,2026-08-14T13:06:04.000+01:00,S12,Hammersmith & City,quieter,Paddington->Liverpool Street,platform,940GZZLUBST,Baker Street,underground_no_psd,sub_surface,47.44573974609375,58.90573501586914,69.88787078857422,39.22026443481445,726.0
commuta_readings_today_20260814_134015.csv,7976,2026-08-14,2026-08-14T13:06:13.000+01:00,S12,Hammersmith & City,quieter,Paddington->Liverpool Street,platform,940GZZLUBST,Baker Street,underground_no_psd,sub_surface,47.57061767578125,58.758358001708984,69.38912200927734,39.15312576293945,664.0
commuta_readings_today_20260814_134015.csv,7977,2026-08-14,2026-08-14T13:06:24.000+01:00,S12,Hammersmith & City,quieter,Paddington->Liverpool Street,platform,940GZZLUBST,Baker Street,underground_no_psd,sub_surface,48.99324798583984,60.549564361572266,71.5409927368164,39.33317947387695,663.0
commuta_readings_today_20260814_134015.csv,7980,2026-08-14,2026-08-14T13:06:53.000+01:00,S12,Hammersmith & City,quieter,Paddington->Liverpool Street,platform,940GZZLUBST,Baker Street,underground_no_psd,sub_surface,46.96726989746094,57.89570236206055,68.24398803710938,39.42778778076172,658.0
commuta_readings_today_20260814_134015.csv,7981,2026-08-14,2026-08-14T13:07:03.000+01:00,S12,Hammersmith & City,quieter,Paddington->Liverpool Street,platform,940GZZLUBST,Baker Street,underground_no_psd,sub_surface,45.470741271972656,55.50857925415039,64.8451156616211,39.46440887451172,655.0
commuta_readings_today_20260814_134015.csv,7982,2026-08-14,2026-08-14T13:07:14.000+01:00,S12,Hammersmith & City,quieter,Paddington->Liverpool Street,platform,940GZZLUBST,Baker Street,underground_no_psd,sub_surface,44.71954345703125,54.27370834350586,63.05632781982422,39.53154754638672,654.0
commuta_readings_today_20260814_134015.csv,7983,2026-08-14,2026-08-14T13:07:23.000+01:00,S12,Hammersmith & City,quieter,Paddington->Liverpool Street,platform,940GZZLUBST,Baker Street,underground_no_psd,sub_surface,43.92728805541992,52.95342254638672,61.12932205200195,39.64446640014648,643.0
commuta_readings_today_20260814_134015.csv,7984,2026-08-14,2026-08-14T13:07:33.000+01:00,S12,Hammersmith & City,quieter,Paddington->Liverpool Street,platform,940GZZLUBST,Baker Street,underground_no_psd,sub_surface,43.18273162841797,51.412086486816406,58.63987731933594,39.61394500732422,641.0
commuta_readings_today_20260814_134015.csv,7985,2026-08-14,2026-08-14T13:07:43.000+01:00,S12,Hammersmith & City,quieter,Paddington->Liverpool Street,platform,940GZZLUBST,Baker Street,underground_no_psd,sub_surface,41.236202239990234,48.81173324584961,55.358036041259766,39.719234466552734,634.0
commuta_readings_today_20260814_134015.csv,7986,2026-08-14,2026-08-14T13:07:53.000+01:00,S12,Hammersmith & City,quieter,Paddington->Liverpool Street,platform,940GZZLUBST,Baker Street,underground_no_psd,sub_surface,39.63617706298828,46.57756805419922,52.44208908081055,39.74212265014648,628.0
commuta_readings_today_20260814_134015.csv,7987,2026-08-14,2026-08-14T13:08:03.000+01:00,S12,Hammersmith & City,quieter,Paddington->Liverpool Street,platform,940GZZLUBST,Baker Street,underground_no_psd,sub_surface,37.636993408203125,44.147403717041016,49.61442184448242,39.66888046264648,620.0
commuta_readings_today_20260814_134015.csv,7988,2026-08-14,2026-08-14T13:08:14.000+01:00,S12,Hammersmith & City,quieter,Paddington->Liverpool Street,platform,940GZZLUBST,Baker Street,underground_no_psd,sub_surface,36.1915397644043,42.34358596801758,47.46442794799805,39.58800506591797,612.0
commuta_readings_today_20260814_134015.csv,7989,2026-08-14,2026-08-14T13:08:23.000+01:00,S12,Hammersmith & City,quieter,Paddington->Liverpool Street,platform,940GZZLUBST,Baker Street,underground_no_psd,sub_surface,35.213165283203125,41.211822509765625,46.21046829223633,39.50408172607422,610.0
commuta_readings_today_20260814_134015.csv,7990,2026-08-14,2026-08-14T13:08:34.000+01:00,S12,Hammersmith & City,quieter,Paddington->Liverpool Street,platform,940GZZLUBST,Baker Street,underground_no_psd,sub_surface,34.210243225097656,39.792240142822266,44.33942031860352,39.38811492919922,601.0
commuta_readings_today_20260814_134015.csv,7992,2026-08-14,2026-08-14T13:08:53.000+01:00,S12,Hammersmith & City,quieter,Paddington->Liverpool Street,in_train,,,,sub_surface,18.45572853088379,21.05009651184082,22.978857040405273,38.33981704711914,614.0
commuta_readings_today_20260814_134015.csv,7993,2026-08-14,2026-08-14T13:09:04.000+01:00,S12,Hammersmith & City,quieter,Paddington->Liverpool Street,in_train,,,,sub_surface,20.190017700195312,22.89265251159668,24.83224296569824,38.052947998046875,634.0
commuta_readings_today_20260814_134015.csv,7994,2026-08-14,2026-08-14T13:09:14.000+01:00,S12,Hammersmith & City,quieter,Paddington->Liverpool Street,in_train,,,,sub_surface,22.46185302734375,25.402467727661133,27.477144241333008,37.946136474609375,658.0
commuta_readings_today_20260814_134015.csv,7995,2026-08-14,2026-08-14T13:09:24.000+01:00,S12,Hammersmith & City,quieter,Paddington->Liverpool Street,in_train,,,,sub_surface,24.8749942779541,27.99349594116211,30.11750030517578,37.885101318359375,680.0
commuta_readings_today_20260814_134015.csv,7996,2026-08-14,2026-08-14T13:09:33.000+01:00,S12,Hammersmith & City,quieter,Paddington->Liverpool Street,in_train,,,,sub_surface,26.636762619018555,29.864675521850582,31.998960494995117,37.82558822631836,692.0
commuta_readings_today_20260814_134015.csv,7997,2026-08-14,2026-08-14T13:09:44.000+01:00,S12,Hammersmith & City,quieter,Paddington->Liverpool Street,in_train,,,,sub_surface,28.20640754699707,31.75275993347168,34.17405319213867,37.77981185913086,697.0
commuta_readings_today_20260814_134015.csv,7999,2026-08-14,2026-08-14T13:10:03.000+01:00,S12,Hammersmith & City,quieter,Paddington->Liverpool Street,in_train,,,,sub_surface,31.289323806762695,35.344058990478516,38.18185043334961,37.71114730834961,708.0
commuta_readings_today_20260814_134015.csv,8000,2026-08-14,2026-08-14T13:10:13.000+01:00,S12,Hammersmith & City,quieter,Paddington->Liverpool Street,in_train,,,,sub_surface,31.49225616455078,35.510093688964844,38.28683853149414,37.67147445678711,716.0
commuta_readings_today_20260814_134015.csv,8001,2026-08-14,2026-08-14T13:10:23.000+01:00,S12,Hammersmith & City,quieter,Paddington->Liverpool Street,in_train,,,,sub_surface,30.12240219116211,33.828792572021484,36.31287384033203,37.60433197021485,723.0
commuta_readings_today_20260814_134015.csv,8002,2026-08-14,2026-08-14T13:10:33.000+01:00,S12,Hammersmith & City,quieter,Paddington->Liverpool Street,in_train,,,,sub_surface,29.778430938720703,33.22407150268555,35.405128479003906,37.59822845458984,728.0
commuta_readings_today_20260814_134015.csv,8003,2026-08-14,2026-08-14T13:10:43.000+01:00,S12,Hammersmith & City,quieter,Paddington->Liverpool Street,in_train,,,,sub_surface,30.38170051574707,33.75905227661133,35.81064987182617,37.72640609741211,734.0
commuta_readings_today_20260814_134015.csv,8004,2026-08-14,2026-08-14T13:10:53.000+01:00,S12,Hammersmith & City,quieter,Paddington->Liverpool Street,in_train,,,,sub_surface,30.8360652923584,34.28352355957031,36.39046096801758,37.64553451538086,741.0
commuta_readings_today_20260814_134015.csv,8005,2026-08-14,2026-08-14T13:11:04.000+01:00,S12,Hammersmith & City,quieter,Paddington->Liverpool Street,platform,940GZZLUGPS,Great Portland Street,partially_open,sub_surface,50.60329055786133,56.79250717163086,60.91875076293945,37.569236755371094,747.0
commuta_readings_today_20260814_134015.csv,8006,2026-08-14,2026-08-14T13:11:13.000+01:00,S12,Hammersmith & City,quieter,Paddington->Liverpool Street,platform,940GZZLUGPS,Great Portland Street,partially_open,sub_surface,55.03083419799805,62.55305862426758,68.03559875488281,37.43343353271485,747.0
commuta_readings_today_20260814_134015.csv,8007,2026-08-14,2026-08-14T13:11:23.000+01:00,S12,Hammersmith & City,quieter,Paddington->Liverpool Street,platform,940GZZLUGPS,Great Portland Street,partially_open,sub_surface,53.62078094482422,61.90236282348633,68.4416275024414,37.28389358520508,745.0
commuta_readings_today_20260814_134015.csv,8008,2026-08-14,2026-08-14T13:11:33.000+01:00,S12,Hammersmith & City,quieter,Paddington->Liverpool Street,platform,940GZZLUGPS,Great Portland Street,partially_open,sub_surface,51.05034255981445,59.7021484375,66.89268493652344,37.19081497192383,735.0
commuta_readings_today_20260814_134015.csv,8009,2026-08-14,2026-08-14T13:11:43.000+01:00,S12,Hammersmith & City,quieter,Paddington->Liverpool Street,platform,940GZZLUGPS,Great Portland Street,partially_open,sub_surface,47.84895706176758,56.31803131103515,63.510101318359375,37.17250442504883,712.0
commuta_readings_today_20260814_134015.csv,8010,2026-08-14,2026-08-14T13:11:54.000+01:00,S12,Hammersmith & City,quieter,Paddington->Liverpool Street,platform,940GZZLUGPS,Great Portland Street,partially_open,sub_surface,47.9554443359375,56.70633316040039,64.24508666992188,37.16792678833008,695.0
commuta_readings_today_20260814_134015.csv,8011,2026-08-14,2026-08-14T13:12:03.000+01:00,S12,Hammersmith & City,quieter,Paddington->Liverpool Street,platform,940GZZLUGPS,Great Portland Street,partially_open,sub_surface,47.751895904541016,56.63713073730469,64.3595199584961,37.03669738769531,671.0
commuta_readings_today_20260814_134015.csv,8012,2026-08-14,2026-08-14T13:12:13.000+01:00,S12,Hammersmith & City,quieter,Paddington->Liverpool Street,platform,940GZZLUGPS,Great Portland Street,partially_open,sub_surface,46.188209533691406,55.02134704589844,62.79121398925781,36.89479064941406,657.0
commuta_readings_today_20260814_134015.csv,8013,2026-08-14,2026-08-14T13:12:23.000+01:00,S12,Hammersmith & City,quieter,Paddington->Liverpool Street,platform,940GZZLUGPS,Great Portland Street,partially_open,sub_surface,44.13713836669922,52.579078674316406,60.00521469116211,36.7269401550293,645.0
commuta_readings_today_20260814_134015.csv,8014,2026-08-14,2026-08-14T13:12:33.000+01:00,S12,Hammersmith & City,quieter,Paddington->Liverpool Street,platform,940GZZLUGPS,Great Portland Street,partially_open,sub_surface,44.78864669799805,53.59701919555664,61.43684768676758,36.63996505737305,636.0
commuta_readings_today_20260814_134015.csv,8015,2026-08-14,2026-08-14T13:12:43.000+01:00,S12,Hammersmith & City,quieter,Paddington->Liverpool Street,platform,940GZZLUGPS,Great Portland Street,partially_open,sub_surface,45.04641342163086,54.21574020385742,62.490840911865234,36.6933708190918,629.0
commuta_readings_today_20260814_134015.csv,8016,2026-08-14,2026-08-14T13:12:54.000+01:00,S12,Hammersmith & City,quieter,Paddington->Liverpool Street,platform,940GZZLUGPS,Great Portland Street,partially_open,sub_surface,45.179161071777344,54.63294219970703,63.25614547729492,36.6811637878418,623.0
commuta_readings_today_20260814_134015.csv,8017,2026-08-14,2026-08-14T13:13:04.000+01:00,S12,Hammersmith & City,quieter,Paddington->Liverpool Street,platform,940GZZLUGPS,Great Portland Street,partially_open,sub_surface,46.47695541381836,56.49636459350586,65.73705291748047,36.67658615112305,618.0
commuta_readings_today_20260814_134015.csv,8018,2026-08-14,2026-08-14T13:13:13.000+01:00,S12,Hammersmith & City,quieter,Paddington->Liverpool Street,platform,940GZZLUGPS,Great Portland Street,partially_open,sub_surface,47.469871520996094,57.6417121887207,67.00231170654297,36.74677658081055,609.0
commuta_readings_today_20260814_134015.csv,8019,2026-08-14,2026-08-14T13:13:23.000+01:00,S12,Hammersmith & City,quieter,Paddington->Liverpool Street,platform,940GZZLUGPS,Great Portland Street,partially_open,sub_surface,49.41279602050781,60.263065338134766,70.33635711669922,36.7360954284668,603.0
commuta_readings_today_20260814_134015.csv,8020,2026-08-14,2026-08-14T13:13:34.000+01:00,S12,Hammersmith & City,quieter,Paddington->Liverpool Street,platform,940GZZLUGPS,Great Portland Street,partially_open,sub_surface,48.440547943115234,59.24004364013672,69.31975555419922,36.7086296081543,601.0
commuta_readings_today_20260814_134015.csv,8021,2026-08-14,2026-08-14T13:13:44.000+01:00,S12,Hammersmith & City,quieter,Paddington->Liverpool Street,platform,940GZZLUGPS,Great Portland Street,partially_open,sub_surface,46.41675567626953,56.78508377075195,66.46885681152344,36.6536979675293,597.0
commuta_readings_today_20260814_134015.csv,8022,2026-08-14,2026-08-14T13:13:54.000+01:00,S12,Hammersmith & City,quieter,Paddington->Liverpool Street,platform,940GZZLUGPS,Great Portland Street,partially_open,sub_surface,46.45472717285156,56.843788146972656,66.55087280273438,36.72236251831055,596.0
commuta_readings_today_20260814_134015.csv,8023,2026-08-14,2026-08-14T13:14:03.000+01:00,S12,Hammersmith & City,quieter,Paddington->Liverpool Street,platform,940GZZLUGPS,Great Portland Street,partially_open,sub_surface,47.104469299316406,57.33502197265625,66.79585266113281,36.52857208251953,596.0
commuta_readings_today_20260814_134015.csv,8024,2026-08-14,2026-08-14T13:14:13.000+01:00,S12,Hammersmith & City,quieter,Paddington->Liverpool Street,platform,940GZZLUGPS,Great Portland Street,partially_open,sub_surface,47.85185623168945,58.43961715698242,68.29560089111328,36.57129669189453,596.0
commuta_readings_today_20260814_134015.csv,8025,2026-08-14,2026-08-14T13:14:24.000+01:00,S12,Hammersmith & City,quieter,Paddington->Liverpool Street,platform,940GZZLUGPS,Great Portland Street,partially_open,sub_surface,49.10809326171875,59.5583381652832,69.150634765625,36.51178741455078,596.0
commuta_readings_today_20260814_134015.csv,8026,2026-08-14,2026-08-14T13:14:33.000+01:00,S12,Hammersmith & City,quieter,Paddington->Liverpool Street,platform,940GZZLUGPS,Great Portland Street,partially_open,sub_surface,50.73860931396485,61.4056396484375,71.1527328491211,36.53772735595703,595.0
commuta_readings_today_20260814_134015.csv,8027,2026-08-14,2026-08-14T13:14:43.000+01:00,S12,Hammersmith & City,quieter,Paddington->Liverpool Street,platform,940GZZLUGPS,Great Portland Street,partially_open,sub_surface,51.06757354736328,62.328269958496094,72.7980728149414,36.51483917236328,594.0
commuta_readings_today_20260814_134015.csv,8028,2026-08-14,2026-08-14T13:14:54.000+01:00,S12,Hammersmith & City,quieter,Paddington->Liverpool Street,platform,940GZZLUGPS,Great Portland Street,partially_open,sub_surface,51.901615142822266,63.59049606323242,74.5384750366211,36.58502960205078,594.0
commuta_readings_today_20260814_134015.csv,8029,2026-08-14,2026-08-14T13:15:04.000+01:00,S12,Hammersmith & City,quieter,Paddington->Liverpool Street,platform,940GZZLUGPS,Great Portland Street,partially_open,sub_surface,52.8719482421875,64.92582702636719,76.26264953613281,36.60028839111328,594.0
commuta_readings_today_20260814_134015.csv,8031,2026-08-14,2026-08-14T13:15:23.000+01:00,S12,Hammersmith & City,quieter,Paddington->Liverpool Street,in_train,,,,sub_surface,30.76843643188477,37.07002258300781,42.770751953125,36.54993438720703,604.0
commuta_readings_today_20260814_134015.csv,8032,2026-08-14,2026-08-14T13:15:33.000+01:00,S12,Hammersmith & City,quieter,Paddington->Liverpool Street,in_train,,,,sub_surface,28.728429794311523,33.76716232299805,38.027320861816406,36.284427642822266,639.0
commuta_readings_today_20260814_134015.csv,8033,2026-08-14,2026-08-14T13:15:43.000+01:00,S12,Hammersmith & City,quieter,Paddington->Liverpool Street,in_train,,,,sub_surface,27.9279727935791,32.16164779663086,35.467323303222656,35.92889404296875,675.0
commuta_readings_today_20260814_134015.csv,8034,2026-08-14,2026-08-14T13:15:54.000+01:00,S12,Hammersmith & City,quieter,Paddington->Liverpool Street,in_train,,,,sub_surface,27.35950469970703,31.05039405822754,33.714630126953125,35.637447357177734,716.0
commuta_readings_today_20260814_134015.csv,8035,2026-08-14,2026-08-14T13:16:03.000+01:00,S12,Hammersmith & City,quieter,Paddington->Liverpool Street,in_train,,,,sub_surface,28.27378845214844,31.728647232055664,34.030029296875,35.39788055419922,747.0
commuta_readings_today_20260814_134015.csv,8036,2026-08-14,2026-08-14T13:16:13.000+01:00,S12,Hammersmith & City,quieter,Paddington->Liverpool Street,in_train,,,,sub_surface,29.17145347595215,32.47761535644531,34.52714920043945,35.20256423950195,772.0
commuta_readings_today_20260814_134015.csv,8037,2026-08-14,2026-08-14T13:16:23.000+01:00,S12,Hammersmith & City,quieter,Paddington->Liverpool Street,platform,940GZZLUESQ,Euston Square,underground_no_psd,sub_surface,28.978586196899418,32.12743377685547,33.99308776855469,35.01792907714844,807.0
commuta_readings_today_20260814_134015.csv,8038,2026-08-14,2026-08-14T13:16:33.000+01:00,S12,Hammersmith & City,quieter,Paddington->Liverpool Street,platform,940GZZLUESQ,Euston Square,underground_no_psd,sub_surface,76.35204315185547,85.52159118652344,91.53498077392578,35.1338996887207,820.0
commuta_readings_today_20260814_134015.csv,8039,2026-08-14,2026-08-14T13:16:43.000+01:00,S12,Hammersmith & City,quieter,Paddington->Liverpool Street,platform,940GZZLUESQ,Euston Square,underground_no_psd,sub_surface,79.36197662353516,92.14971923828124,102.49533081054688,35.706111907958984,823.0
commuta_readings_today_20260814_134015.csv,8040,2026-08-14,2026-08-14T13:16:53.000+01:00,S12,Hammersmith & City,quieter,Paddington->Liverpool Street,platform,940GZZLUESQ,Euston Square,underground_no_psd,sub_surface,75.65797424316406,89.74545288085938,101.99300384521484,36.19440078735352,824.0
commuta_readings_today_20260814_134015.csv,8042,2026-08-14,2026-08-14T13:17:13.000+01:00,S12,Hammersmith & City,quieter,Paddington->Liverpool Street,platform,940GZZLUESQ,Euston Square,underground_no_psd,sub_surface,69.38809204101562,84.37078857421875,98.1970672607422,37.07331848144531,822.0
commuta_readings_today_20260814_134015.csv,8043,2026-08-14,2026-08-14T13:17:23.000+01:00,S12,Hammersmith & City,quieter,Paddington->Liverpool Street,platform,940GZZLUESQ,Euston Square,underground_no_psd,sub_surface,70.54046630859375,87.0954818725586,102.81559753417967,37.27626419067383,819.0
commuta_readings_today_20260814_134015.csv,8044,2026-08-14,2026-08-14T13:17:34.000+01:00,S12,Hammersmith & City,quieter,Paddington->Liverpool Street,platform,940GZZLUESQ,Euston Square,underground_no_psd,sub_surface,72.66551971435547,90.09733581542967,106.76643371582033,37.517356872558594,816.0
commuta_readings_today_20260814_134015.csv,8045,2026-08-14,2026-08-14T13:17:43.000+01:00,S12,Hammersmith & City,quieter,Paddington->Liverpool Street,platform,940GZZLUESQ,Euston Square,underground_no_psd,sub_surface,72.84315490722656,90.9334945678711,108.41783142089844,37.63637924194336,812.0
commuta_readings_today_20260814_134015.csv,8046,2026-08-14,2026-08-14T13:17:54.000+01:00,S12,Hammersmith & City,quieter,Paddington->Liverpool Street,in_train,,,,sub_surface,64.47236633300781,80.1926040649414,95.3014907836914,37.886627197265625,804.0
commuta_readings_today_20260814_134015.csv,8047,2026-08-14,2026-08-14T13:18:03.000+01:00,S12,Hammersmith & City,quieter,Paddington->Liverpool Street,in_train,,,,sub_surface,49.17808532714844,60.13241195678711,70.353515625,37.78896713256836,802.0
commuta_readings_today_20260814_134015.csv,8048,2026-08-14,2026-08-14T13:18:14.000+01:00,S12,Hammersmith & City,quieter,Paddington->Liverpool Street,in_train,,,,sub_surface,45.89669418334961,54.79154968261719,62.66008758544922,37.71114730834961,803.0
commuta_readings_today_20260814_134015.csv,8049,2026-08-14,2026-08-14T13:18:23.000+01:00,S12,Hammersmith & City,quieter,Paddington->Liverpool Street,in_train,,,,sub_surface,41.840301513671875,49.27983474731445,55.611473083496094,37.54940032958984,808.0
commuta_readings_today_20260814_134015.csv,8050,2026-08-14,2026-08-14T13:18:33.000+01:00,S12,Hammersmith & City,quieter,Paddington->Liverpool Street,in_train,,,,sub_surface,41.94707489013672,48.98872756958008,54.81233978271485,37.23811721801758,809.0
commuta_readings_today_20260814_134015.csv,8051,2026-08-14,2026-08-14T13:18:43.000+01:00,S12,Hammersmith & City,quieter,Paddington->Liverpool Street,in_train,,,,sub_surface,41.11061096191406,47.73005294799805,53.083194732666016,36.7360954284668,826.0
commuta_readings_today_20260814_134015.csv,8052,2026-08-14,2026-08-14T13:18:53.000+01:00,S12,Hammersmith & City,quieter,Paddington->Liverpool Street,in_train,,,,sub_surface,42.888710021972656,49.591434478759766,54.92081832885742,36.26764297485352,850.0
commuta_readings_today_20260814_134015.csv,8053,2026-08-14,2026-08-14T13:19:03.000+01:00,S12,Hammersmith & City,quieter,Paddington->Liverpool Street,in_train,,,,sub_surface,43.93489074707031,50.66268539428711,55.9480094909668,35.96551513671875,861.0
commuta_readings_today_20260814_134015.csv,8055,2026-08-14,2026-08-14T13:19:23.000+01:00,S12,Hammersmith & City,quieter,Paddington->Liverpool Street,in_train,,,,sub_surface,43.93164825439453,50.50780487060547,55.60267639160156,35.658809661865234,875.0
commuta_readings_today_20260814_134015.csv,8056,2026-08-14,2026-08-14T13:19:33.000+01:00,S12,Hammersmith & City,quieter,Paddington->Liverpool Street,in_train,,,,sub_surface,42.67771911621094,49.0715446472168,54.02776336669922,35.60997772216797,884.0
commuta_readings_today_20260814_134015.csv,8057,2026-08-14,2026-08-14T13:19:44.000+01:00,S12,Hammersmith & City,quieter,Paddington->Liverpool Street,in_train,,,,sub_surface,43.01863861083984,48.84049224853515,53.05284118652344,35.50011444091797,891.0
commuta_readings_today_20260814_134015.csv,8058,2026-08-14,2026-08-14T13:19:54.000+01:00,S12,Hammersmith & City,quieter,Paddington->Liverpool Street,in_train,,,,sub_surface,44.09342575073242,49.6070442199707,53.35414123535156,35.37804412841797,899.0
commuta_readings_today_20260814_134015.csv,8059,2026-08-14,2026-08-14T13:20:03.000+01:00,S12,Hammersmith & City,quieter,Paddington->Liverpool Street,in_train,,,,sub_surface,44.747291564941406,50.0823860168457,53.557762145996094,35.42534637451172,915.0
commuta_readings_today_20260814_134015.csv,8060,2026-08-14,2026-08-14T13:20:14.000+01:00,S12,Hammersmith & City,quieter,Paddington->Liverpool Street,platform,940GZZLUKSX,King's Cross St. Pancras,underground_no_psd,sub_surface,44.39107131958008,49.83586502075195,53.47492218017578,35.36125564575195,917.0
commuta_readings_today_20260814_134015.csv,8061,2026-08-14,2026-08-14T13:20:23.000+01:00,S12,Hammersmith & City,quieter,Paddington->Liverpool Street,platform,940GZZLUKSX,King's Cross St. Pancras,underground_no_psd,sub_surface,47.013328552246094,53.14673614501953,57.46221160888672,35.710689544677734,921.0
commuta_readings_today_20260814_134015.csv,8062,2026-08-14,2026-08-14T13:20:34.000+01:00,S12,Hammersmith & City,quieter,Paddington->Liverpool Street,platform,940GZZLUKSX,King's Cross St. Pancras,underground_no_psd,sub_surface,49.32612609863281,56.522560119628906,62.00762176513672,36.284427642822266,923.0
commuta_readings_today_20260814_134015.csv,8063,2026-08-14,2026-08-14T13:20:44.000+01:00,S12,Hammersmith & City,quieter,Paddington->Liverpool Street,platform,940GZZLUKSX,King's Cross St. Pancras,underground_no_psd,sub_surface,51.767845153808594,59.81281280517578,66.18843078613281,36.52246856689453,924.0
commuta_readings_today_20260814_134015.csv,8064,2026-08-14,2026-08-14T13:20:53.000+01:00,S12,Hammersmith & City,quieter,Paddington->Liverpool Street,platform,940GZZLUKSX,King's Cross St. Pancras,underground_no_psd,sub_surface,51.1588134765625,59.73532485961914,66.82334899902344,36.84748458862305,922.0
commuta_readings_today_20260814_134015.csv,8065,2026-08-14,2026-08-14T13:21:03.000+01:00,S12,Hammersmith & City,quieter,Paddington->Liverpool Street,platform,940GZZLUKSX,King's Cross St. Pancras,underground_no_psd,sub_surface,50.73359298706055,60.26573181152344,68.58612823486328,37.30678176879883,922.0
commuta_readings_today_20260814_134015.csv,8066,2026-08-14,2026-08-14T13:21:13.000+01:00,S12,Hammersmith & City,quieter,Paddington->Liverpool Street,platform,940GZZLUKSX,King's Cross St. Pancras,underground_no_psd,sub_surface,52.663299560546875,63.718284606933594,73.81413269042969,37.77523422241211,920.0
commuta_readings_today_20260814_134015.csv,8067,2026-08-14,2026-08-14T13:21:23.000+01:00,S12,Hammersmith & City,quieter,Paddington->Liverpool Street,platform,940GZZLUKSX,King's Cross St. Pancras,underground_no_psd,sub_surface,56.24448013305664,70.42376708984375,84.18951416015625,38.25741958618164,917.0
commuta_readings_today_20260814_134015.csv,8068,2026-08-14,2026-08-14T13:21:34.000+01:00,S12,Hammersmith & City,quieter,Paddington->Liverpool Street,platform,940GZZLUKSX,King's Cross St. Pancras,underground_no_psd,sub_surface,57.92848205566406,73.82080841064453,89.61892700195312,38.406959533691406,909.0
commuta_readings_today_20260814_134015.csv,8069,2026-08-14,2026-08-14T13:21:43.000+01:00,S12,Hammersmith & City,quieter,Paddington->Liverpool Street,platform,940GZZLUKSX,King's Cross St. Pancras,underground_no_psd,sub_surface,55.82536697387695,73.29837036132812,91.2360382080078,38.501564025878906,903.0
commuta_readings_today_20260814_134015.csv,8070,2026-08-14,2026-08-14T13:21:53.000+01:00,S12,Hammersmith & City,quieter,Paddington->Liverpool Street,platform,940GZZLUKSX,King's Cross St. Pancras,underground_no_psd,sub_surface,54.118709564208984,72.97187042236328,92.76832580566406,38.61295318603515,901.0
commuta_readings_today_20260814_134015.csv,8071,2026-08-14,2026-08-14T13:22:03.000+01:00,S12,Hammersmith & City,quieter,Paddington->Liverpool Street,platform,940GZZLUKSX,King's Cross St. Pancras,underground_no_psd,sub_surface,53.678035736083984,72.49488830566406,92.2775421142578,38.66331100463867,895.0
commuta_readings_today_20260814_134015.csv,8072,2026-08-14,2026-08-14T13:22:13.000+01:00,S12,Hammersmith & City,quieter,Paddington->Liverpool Street,in_train,,,,sub_surface,52.773216247558594,69.14360046386719,85.91533660888672,38.70908737182617,891.0
commuta_readings_today_20260814_134015.csv,8073,2026-08-14,2026-08-14T13:22:24.000+01:00,S12,Hammersmith & City,quieter,Paddington->Liverpool Street,in_train,,,,sub_surface,43.65012741088867,55.45515823364258,67.14539337158203,38.457313537597656,890.0
commuta_readings_today_20260814_134015.csv,8074,2026-08-14,2026-08-14T13:22:33.000+01:00,S12,Hammersmith & City,quieter,Paddington->Liverpool Street,in_train,,,,sub_surface,39.48166275024414,49.0505256652832,58.230106353759766,38.16586685180664,889.0
commuta_readings_today_20260814_134015.csv,8075,2026-08-14,2026-08-14T13:22:43.000+01:00,S12,Hammersmith & City,quieter,Paddington->Liverpool Street,in_train,,,,sub_surface,38.17154693603515,46.44540786743164,54.091251373291016,37.978179931640625,888.0
commuta_readings_today_20260814_134015.csv,8076,2026-08-14,2026-08-14T13:22:53.000+01:00,S12,Hammersmith & City,quieter,Paddington->Liverpool Street,in_train,,,,sub_surface,38.80695724487305,46.25749969482422,52.82215118408203,37.878997802734375,886.0
commuta_readings_today_20260814_134015.csv,8077,2026-08-14,2026-08-14T13:23:03.000+01:00,S12,Hammersmith & City,quieter,Paddington->Liverpool Street,in_train,,,,sub_surface,37.77396774291992,44.050907135009766,49.21445083618164,37.611961364746094,883.0
commuta_readings_today_20260814_134015.csv,8078,2026-08-14,2026-08-14T13:23:13.000+01:00,S12,Hammersmith & City,quieter,Paddington->Liverpool Street,in_train,,,,sub_surface,38.03178787231445,43.60602188110352,47.86732482910156,37.38460540771485,880.0
commuta_readings_today_20260814_134015.csv,8080,2026-08-14,2026-08-14T13:23:34.000+01:00,S12,Hammersmith & City,quieter,Paddington->Liverpool Street,in_train,,,,sub_surface,37.91093826293945,42.7108268737793,46.00716781616211,36.93598937988281,879.0
commuta_readings_today_20260814_134015.csv,8081,2026-08-14,2026-08-14T13:23:44.000+01:00,S12,Hammersmith & City,quieter,Paddington->Liverpool Street,in_train,,,,sub_surface,35.89126205444336,40.225303649902344,43.08180618286133,36.8306999206543,880.0
commuta_readings_today_20260814_134015.csv,8082,2026-08-14,2026-08-14T13:23:54.000+01:00,S12,Hammersmith & City,quieter,Paddington->Liverpool Street,in_train,,,,sub_surface,34.19432067871094,38.30650329589844,41.00664138793945,36.58045196533203,881.0
commuta_readings_today_20260814_134015.csv,8083,2026-08-14,2026-08-14T13:24:04.000+01:00,S12,Hammersmith & City,quieter,Paddington->Liverpool Street,in_train,,,,sub_surface,35.43516540527344,39.45801544189453,41.95615768432617,36.166934967041016,882.0
commuta_readings_today_20260814_134015.csv,8084,2026-08-14,2026-08-14T13:24:13.000+01:00,S12,Hammersmith & City,quieter,Paddington->Liverpool Street,in_train,,,,sub_surface,36.57210540771485,40.524688720703125,42.85233688354492,35.849544525146484,881.0
commuta_readings_today_20260814_134015.csv,8085,2026-08-14,2026-08-14T13:24:24.000+01:00,S12,Hammersmith & City,quieter,Paddington->Liverpool Street,in_train,,,,sub_surface,36.0517463684082,39.98690414428711,42.33022689819336,35.648128509521484,881.0
commuta_readings_today_20260814_134015.csv,8086,2026-08-14,2026-08-14T13:24:34.000+01:00,S12,Hammersmith & City,quieter,Paddington->Liverpool Street,in_train,,,,sub_surface,35.91298294067383,40.07891082763672,42.722450256347656,35.42534637451172,881.0
commuta_readings_today_20260814_134015.csv,8089,2026-08-14,2026-08-14T13:25:03.000+01:00,S12,Hammersmith & City,quieter,Paddington->Liverpool Street,in_train,,,,sub_surface,35.917579650878906,40.18072509765625,42.9461784362793,34.75547409057617,878.0
commuta_readings_today_20260814_134015.csv,8090,2026-08-14,2026-08-14T13:25:13.000+01:00,S12,Hammersmith & City,quieter,Paddington->Liverpool Street,in_train,,,,sub_surface,33.48136901855469,37.3023796081543,39.68789291381836,34.613563537597656,877.0
commuta_readings_today_20260814_134015.csv,8091,2026-08-14,2026-08-14T13:25:24.000+01:00,S12,Hammersmith & City,quieter,Paddington->Liverpool Street,platform,940GZZLUFCN,Farringdon,partially_open,sub_surface,31.119165420532227,34.47147750854492,36.43831253051758,34.544898986816406,874.0
commuta_readings_today_20260814_134015.csv,8092,2026-08-14,2026-08-14T13:25:34.000+01:00,S12,Hammersmith & City,quieter,Paddington->Liverpool Street,platform,940GZZLUFCN,Farringdon,partially_open,sub_surface,19.338645935058594,21.243337631225582,22.241065979003903,34.36941909790039,864.0
commuta_readings_today_20260814_134015.csv,8093,2026-08-14,2026-08-14T13:25:43.000+01:00,S12,Hammersmith & City,quieter,Paddington->Liverpool Street,platform,940GZZLUFCN,Farringdon,partially_open,sub_surface,15.254091262817385,16.613784790039062,17.22134017944336,34.24429702758789,819.0
commuta_readings_today_20260814_134015.csv,8094,2026-08-14,2026-08-14T13:25:54.000+01:00,S12,Hammersmith & City,quieter,Paddington->Liverpool Street,platform,940GZZLUFCN,Farringdon,partially_open,sub_surface,14.88068675994873,16.092321395874023,16.54068374633789,34.19241714477539,795.0
commuta_readings_today_20260814_134015.csv,8095,2026-08-14,2026-08-14T13:26:04.000+01:00,S12,Hammersmith & City,quieter,Paddington->Liverpool Street,platform,940GZZLUFCN,Farringdon,partially_open,sub_surface,14.308001518249512,15.414244651794434,15.77146053314209,34.053558349609375,744.0
commuta_readings_today_20260814_134015.csv,8098,2026-08-14,2026-08-14T13:26:33.000+01:00,S12,Hammersmith & City,quieter,Paddington->Liverpool Street,platform,940GZZLUFCN,Farringdon,partially_open,sub_surface,15.466838836669922,16.51996421813965,16.726655960083008,34.32516860961914,648.0
commuta_readings_today_20260814_134015.csv,8099,2026-08-14,2026-08-14T13:26:43.000+01:00,S12,Hammersmith & City,quieter,Paddington->Liverpool Street,platform,940GZZLUFCN,Farringdon,partially_open,sub_surface,15.43675422668457,16.469013214111328,16.651639938354492,34.29465103149414,617.0
commuta_readings_today_20260814_134015.csv,8100,2026-08-14,2026-08-14T13:26:54.000+01:00,S12,Hammersmith & City,quieter,Paddington->Liverpool Street,platform,940GZZLUFCN,Farringdon,partially_open,sub_surface,15.52661418914795,16.556808471679688,16.730344772338867,34.114593505859375,603.0
commuta_readings_today_20260814_134015.csv,8101,2026-08-14,2026-08-14T13:27:03.000+01:00,S12,Hammersmith & City,quieter,Paddington->Liverpool Street,platform,940GZZLUFCN,Farringdon,partially_open,sub_surface,15.744282722473145,16.80813217163086,17.008258819580078,33.929962158203125,593.0
commuta_readings_today_20260814_134015.csv,8102,2026-08-14,2026-08-14T13:27:13.000+01:00,S12,Hammersmith & City,quieter,Paddington->Liverpool Street,platform,940GZZLUFCN,Farringdon,partially_open,sub_surface,14.80052375793457,15.79810905456543,15.983107566833496,33.77584457397461,584.0
commuta_readings_today_20260814_134015.csv,8103,2026-08-14,2026-08-14T13:27:24.000+01:00,S12,Hammersmith & City,quieter,Paddington->Liverpool Street,platform,940GZZLUFCN,Farringdon,partially_open,sub_surface,13.97736930847168,14.842037200927734,14.91938018798828,33.68581771850586,574.0
commuta_readings_today_20260814_134015.csv,8104,2026-08-14,2026-08-14T13:27:33.000+01:00,S12,Hammersmith & City,quieter,Paddington->Liverpool Street,platform,940GZZLUFCN,Farringdon,partially_open,sub_surface,13.697837829589844,14.500310897827148,14.519640922546388,33.62936019897461,565.0
commuta_readings_today_20260814_134015.csv,8105,2026-08-14,2026-08-14T13:27:44.000+01:00,S12,Hammersmith & City,quieter,Paddington->Liverpool Street,platform,940GZZLUFCN,Farringdon,partially_open,sub_surface,13.285240173339844,14.07102394104004,14.099184036254885,33.62783432006836,552.0
commuta_readings_today_20260814_134015.csv,8106,2026-08-14,2026-08-14T13:27:53.000+01:00,S12,Hammersmith & City,quieter,Paddington->Liverpool Street,in_train,,,,sub_surface,22.748207092285156,24.10607147216797,24.16983985900879,33.67818832397461,545.0
commuta_readings_today_20260814_134015.csv,8107,2026-08-14,2026-08-14T13:28:04.000+01:00,S12,Hammersmith & City,quieter,Paddington->Liverpool Street,in_train,,,,sub_surface,26.262611389160156,27.861705780029297,27.974876403808594,33.566795349121094,547.0
commuta_readings_today_20260814_134015.csv,8108,2026-08-14,2026-08-14T13:28:13.000+01:00,S12,Hammersmith & City,quieter,Paddington->Liverpool Street,in_train,,,,sub_surface,27.996118545532227,29.778812408447266,29.99760055541992,33.519493103027344,560.0
commuta_readings_today_20260814_134015.csv,8109,2026-08-14,2026-08-14T13:28:23.000+01:00,S12,Hammersmith & City,quieter,Paddington->Liverpool Street,in_train,,,,sub_surface,27.25720596313477,29.043907165527344,29.321125030517575,33.376060485839844,608.0
commuta_readings_today_20260814_134015.csv,8110,2026-08-14,2026-08-14T13:28:33.000+01:00,S12,Hammersmith & City,quieter,Paddington->Liverpool Street,in_train,,,,sub_surface,25.63335227966309,27.370874404907227,27.703575134277344,33.26161575317383,672.0
commuta_readings_today_20260814_134015.csv,8111,2026-08-14,2026-08-14T13:28:43.000+01:00,S12,Hammersmith & City,quieter,Paddington->Liverpool Street,in_train,,,,sub_surface,26.7027587890625,28.638389587402344,29.142934799194336,33.20515823364258,702.0
commuta_readings_today_20260814_134015.csv,8112,2026-08-14,2026-08-14T13:28:54.000+01:00,S12,Hammersmith & City,quieter,Paddington->Liverpool Street,in_train,,,,sub_surface,26.69236183166504,28.712875366210938,29.324907302856445,33.11665344238281,739.0
commuta_readings_today_20260814_134015.csv,8113,2026-08-14,2026-08-14T13:29:04.000+01:00,S12,Hammersmith & City,quieter,Paddington->Liverpool Street,in_train,,,,sub_surface,25.47826385498047,27.50239372253418,28.20669174194336,33.18379592895508,797.0
commuta_readings_today_20260814_134015.csv,8114,2026-08-14,2026-08-14T13:29:13.000+01:00,S12,Hammersmith & City,quieter,Paddington->Liverpool Street,platform,940GZZLUBBN,Barbican,open_air,sub_surface,25.392925262451172,27.487211227416992,28.28589630126953,33.15785598754883,824.0
commuta_readings_today_20260814_134015.csv,8115,2026-08-14,2026-08-14T13:29:24.000+01:00,S12,Hammersmith & City,quieter,Paddington->Liverpool Street,platform,940GZZLUBBN,Barbican,open_air,sub_surface,24.83799934387207,26.91145133972168,27.72403335571289,33.31196975708008,828.0
commuta_readings_today_20260814_134015.csv,8116,2026-08-14,2026-08-14T13:29:34.000+01:00,S12,Hammersmith & City,quieter,Paddington->Liverpool Street,platform,940GZZLUBBN,Barbican,open_air,sub_surface,24.05864715576172,26.1749324798584,27.09768867492676,33.615623474121094,818.0
commuta_readings_today_20260814_134015.csv,8117,2026-08-14,2026-08-14T13:29:44.000+01:00,S12,Hammersmith & City,quieter,Paddington->Liverpool Street,platform,940GZZLUBBN,Barbican,open_air,sub_surface,24.098892211914062,26.341733932495117,27.420717239379883,33.78957748413086,792.0
commuta_readings_today_20260814_134015.csv,8118,2026-08-14,2026-08-14T13:29:54.000+01:00,S12,Hammersmith & City,quieter,Paddington->Liverpool Street,platform,940GZZLUBBN,Barbican,open_air,sub_surface,22.722986221313477,24.961715698242188,26.134946823120117,33.72549057006836,748.0
commuta_readings_today_20260814_134015.csv,8119,2026-08-14,2026-08-14T13:30:04.000+01:00,S12,Hammersmith & City,quieter,Paddington->Liverpool Street,platform,940GZZLUBBN,Barbican,open_air,sub_surface,21.48000144958496,23.630292892456055,24.782133102416992,33.76211166381836,722.0
commuta_readings_today_20260814_134015.csv,8120,2026-08-14,2026-08-14T13:30:13.000+01:00,S12,Hammersmith & City,quieter,Paddington->Liverpool Street,platform,940GZZLUBBN,Barbican,open_air,sub_surface,18.400005340576172,20.155616760253903,21.033710479736328,33.458457946777344,680.0
commuta_readings_today_20260814_134015.csv,8121,2026-08-14,2026-08-14T13:30:24.000+01:00,S12,Hammersmith & City,quieter,Paddington->Liverpool Street,platform,940GZZLUBBN,Barbican,open_air,sub_surface,15.270294189453123,16.635604858398438,17.249052047729492,33.24635696411133,649.0
commuta_readings_today_20260814_134015.csv,8122,2026-08-14,2026-08-14T13:30:34.000+01:00,S12,Hammersmith & City,quieter,Paddington->Liverpool Street,platform,940GZZLUBBN,Barbican,open_air,sub_surface,14.528148651123049,15.737540245056152,16.20855140686035,33.17158889770508,617.0
commuta_readings_today_20260814_134015.csv,8123,2026-08-14,2026-08-14T13:30:43.000+01:00,S12,Hammersmith & City,quieter,Paddington->Liverpool Street,platform,940GZZLUBBN,Barbican,open_air,sub_surface,13.72537899017334,14.769163131713867,15.089935302734377,33.02815246582031,594.0
commuta_readings_today_20260814_134015.csv,8124,2026-08-14,2026-08-14T13:30:53.000+01:00,S12,Hammersmith & City,quieter,Paddington->Liverpool Street,platform,940GZZLUBBN,Barbican,open_air,sub_surface,13.317513465881348,14.23037338256836,14.415987014770508,32.82368087768555,578.0
commuta_readings_today_20260814_134015.csv,8125,2026-08-14,2026-08-14T13:31:04.000+01:00,S12,Hammersmith & City,quieter,Paddington->Liverpool Street,platform,940GZZLUBBN,Barbican,open_air,sub_surface,12.867803573608398,13.622464179992676,13.641645431518556,32.74128341674805,563.0
commuta_readings_today_20260814_134015.csv,8126,2026-08-14,2026-08-14T13:31:13.000+01:00,S12,Hammersmith & City,quieter,Paddington->Liverpool Street,platform,940GZZLUBBN,Barbican,open_air,sub_surface,12.168167114257812,12.86892032623291,12.870868682861328,32.75043869018555,557.0
commuta_readings_today_20260814_134015.csv,8127,2026-08-14,2026-08-14T13:31:24.000+01:00,S12,Hammersmith & City,quieter,Paddington->Liverpool Street,platform,940GZZLUBBN,Barbican,open_air,sub_surface,12.136377334594728,12.833922386169434,12.834131240844728,32.59174346923828,548.0
commuta_readings_today_20260814_134015.csv,8128,2026-08-14,2026-08-14T13:31:33.000+01:00,S12,Hammersmith & City,quieter,Paddington->Liverpool Street,platform,940GZZLUBBN,Barbican,open_air,sub_surface,12.346921920776367,13.05641746520996,13.056446075439451,32.47577667236328,538.0
commuta_readings_today_20260814_134015.csv,8129,2026-08-14,2026-08-14T13:31:43.000+01:00,S12,Hammersmith & City,quieter,Paddington->Liverpool Street,platform,940GZZLUBBN,Barbican,open_air,sub_surface,11.750049591064451,12.425233840942385,12.425241470336914,32.47272491455078,534.0
commuta_readings_today_20260814_134015.csv,8130,2026-08-14,2026-08-14T13:31:54.000+01:00,S12,Hammersmith & City,quieter,Paddington->Liverpool Street,platform,940GZZLUBBN,Barbican,open_air,sub_surface,12.095182418823242,12.790197372436523,12.790205955505373,32.56885528564453,527.0
commuta_readings_today_20260814_134015.csv,8131,2026-08-14,2026-08-14T13:32:03.000+01:00,S12,Hammersmith & City,quieter,Paddington->Liverpool Street,platform,940GZZLUBBN,Barbican,open_air,sub_surface,11.947989463806152,12.634547233581545,12.634554862976074,32.57648468017578,523.0
commuta_readings_today_20260814_134015.csv,8132,2026-08-14,2026-08-14T13:32:13.000+01:00,S12,Hammersmith & City,quieter,Paddington->Liverpool Street,platform,940GZZLUBBN,Barbican,open_air,sub_surface,11.863341331481934,12.54666519165039,12.548723220825195,32.67414474487305,521.0
commuta_readings_today_20260814_134015.csv,8133,2026-08-14,2026-08-14T13:32:23.000+01:00,S12,Hammersmith & City,quieter,Paddington->Liverpool Street,platform,940GZZLUBBN,Barbican,open_air,sub_surface,12.474590301513672,13.19158935546875,13.191823959350586,32.6451530456543,520.0
commuta_readings_today_20260814_134015.csv,8135,2026-08-14,2026-08-14T13:32:43.000+01:00,S12,Hammersmith & City,quieter,Paddington->Liverpool Street,in_train,,,,sub_surface,23.075223922729492,24.44240379333496,24.4942569732666,33.30434036254883,526.0
commuta_readings_today_20260814_134015.csv,8136,2026-08-14,2026-08-14T13:32:54.000+01:00,S12,Hammersmith & City,quieter,Paddington->Liverpool Street,in_train,,,,sub_surface,23.04314422607422,24.44341278076172,24.539194107055664,33.78652572631836,543.0
commuta_readings_today_20260814_134015.csv,8137,2026-08-14,2026-08-14T13:33:03.000+01:00,S12,Hammersmith & City,quieter,Paddington->Liverpool Street,in_train,,,,sub_surface,22.419395446777344,23.796058654785156,23.907222747802734,34.26260757446289,572.0
commuta_readings_today_20260814_134015.csv,8138,2026-08-14,2026-08-14T13:33:13.000+01:00,S12,Hammersmith & City,quieter,Paddington->Liverpool Street,in_train,,,,sub_surface,21.81582260131836,23.18109130859375,23.32154655456543,34.64255905151367,599.0
commuta_readings_today_20260814_134015.csv,8139,2026-08-14,2026-08-14T13:33:23.000+01:00,S12,Hammersmith & City,quieter,Paddington->Liverpool Street,in_train,,,,sub_surface,21.150529861450195,22.48212242126465,22.62829208374023,35.11863708496094,631.0
commuta_readings_today_20260814_134015.csv,8141,2026-08-14,2026-08-14T13:33:43.000+01:00,S12,Hammersmith & City,quieter,Paddington->Liverpool Street,in_train,,,,sub_surface,21.92035865783691,23.358619689941406,23.58329963684082,35.703060150146484,657.0
commuta_readings_today_20260814_134015.csv,8142,2026-08-14,2026-08-14T13:33:53.000+01:00,S12,Hammersmith & City,quieter,Paddington->Liverpool Street,in_train,,,,sub_surface,22.62672996520996,24.14453125,24.41819190979004,36.221866607666016,678.0
commuta_readings_today_20260814_134015.csv,8143,2026-08-14,2026-08-14T13:34:03.000+01:00,S12,Hammersmith & City,quieter,Paddington->Liverpool Street,platform,940GZZLUMGT,Moorgate,underground_no_psd,sub_surface,22.463924407958984,23.991443634033203,24.289077758789062,36.7330436706543,693.0
commuta_readings_today_20260814_134015.csv,8144,2026-08-14,2026-08-14T13:34:14.000+01:00,S12,Hammersmith & City,quieter,Paddington->Liverpool Street,platform,940GZZLUMGT,Moorgate,underground_no_psd,sub_surface,58.89780044555664,63.980186462402344,66.11534881591797,36.66132736206055,699.0
commuta_readings_today_20260814_134015.csv,8145,2026-08-14,2026-08-14T13:34:23.000+01:00,S12,Hammersmith & City,quieter,Paddington->Liverpool Street,platform,940GZZLUMGT,Moorgate,underground_no_psd,sub_surface,59.891849517822266,67.67576599121094,73.13613891601562,36.253910064697266,699.0
commuta_readings_today_20260814_134015.csv,8146,2026-08-14,2026-08-14T13:34:33.000+01:00,S12,Hammersmith & City,quieter,Paddington->Liverpool Street,platform,940GZZLUMGT,Moorgate,underground_no_psd,sub_surface,59.455230712890625,71.06339263916016,81.36408996582031,35.9700927734375,697.0
commuta_readings_today_20260814_134015.csv,8147,2026-08-14,2026-08-14T13:34:43.000+01:00,S12,Hammersmith & City,quieter,Paddington->Liverpool Street,platform,940GZZLUMGT,Moorgate,underground_no_psd,sub_surface,60.469581604003906,75.7682113647461,90.63617706298828,35.741207122802734,697.0
commuta_readings_today_20260814_134015.csv,8148,2026-08-14,2026-08-14T13:34:53.000+01:00,S12,Hammersmith & City,quieter,Paddington->Liverpool Street,platform,940GZZLUMGT,Moorgate,underground_no_psd,sub_surface,60.98521041870117,77.8254165649414,94.59455871582033,35.61913299560547,694.0
commuta_readings_today_20260814_134015.csv,8149,2026-08-14,2026-08-14T13:35:03.000+01:00,S12,Hammersmith & City,quieter,Paddington->Liverpool Street,platform,940GZZLUMGT,Moorgate,underground_no_psd,sub_surface,59.4256706237793,77.2979507446289,95.4775619506836,35.45586395263672,689.0
commuta_readings_today_20260814_134015.csv,8150,2026-08-14,2026-08-14T13:35:14.000+01:00,S12,Hammersmith & City,quieter,Paddington->Liverpool Street,platform,940GZZLUMGT,Moorgate,underground_no_psd,sub_surface,58.4754524230957,75.5324478149414,92.75554656982422,35.24528884887695,681.0
commuta_readings_today_20260814_134015.csv,8151,2026-08-14,2026-08-14T13:35:23.000+01:00,S12,Hammersmith & City,quieter,Paddington->Liverpool Street,platform,940GZZLUMGT,Moorgate,underground_no_psd,sub_surface,58.10858917236328,74.68733978271484,91.33560180664062,35.2529182434082,677.0
commuta_readings_today_20260814_134015.csv,8152,2026-08-14,2026-08-14T13:35:33.000+01:00,S12,Hammersmith & City,quieter,Paddington->Liverpool Street,platform,940GZZLUMGT,Moorgate,underground_no_psd,sub_surface,60.095943450927734,77.73764038085938,95.5788803100586,35.23918533325195,662.0
commuta_readings_today_20260814_134015.csv,8153,2026-08-14,2026-08-14T13:35:44.000+01:00,S12,Hammersmith & City,quieter,Paddington->Liverpool Street,platform,940GZZLUMGT,Moorgate,underground_no_psd,sub_surface,60.462608337402344,77.68901824951172,94.98155212402344,35.3017463684082,657.0
commuta_readings_today_20260814_134015.csv,8154,2026-08-14,2026-08-14T13:35:53.000+01:00,S12,Hammersmith & City,quieter,Paddington->Liverpool Street,platform,940GZZLUMGT,Moorgate,underground_no_psd,sub_surface,60.654510498046875,76.91606903076172,92.98147583007812,35.3017463684082,634.0
commuta_readings_today_20260814_134015.csv,8155,2026-08-14,2026-08-14T13:36:04.000+01:00,S12,Hammersmith & City,quieter,Paddington->Liverpool Street,platform,940GZZLUMGT,Moorgate,underground_no_psd,sub_surface,61.34489822387695,77.20638275146484,92.71884155273438,35.21782302856445,626.0
commuta_readings_today_20260814_134015.csv,8156,2026-08-14,2026-08-14T13:36:14.000+01:00,S12,Hammersmith & City,quieter,Paddington->Liverpool Street,platform,940GZZLUMGT,Moorgate,underground_no_psd,sub_surface,63.73161315917969,79.75483703613281,95.29823303222656,35.10337829589844,619.0
commuta_readings_today_20260814_134015.csv,8157,2026-08-14,2026-08-14T13:36:23.000+01:00,S12,Hammersmith & City,quieter,Paddington->Liverpool Street,platform,940GZZLUMGT,Moorgate,underground_no_psd,sub_surface,64.82366180419922,80.86646270751953,96.35556030273438,35.10795593261719,611.0
commuta_readings_today_20260814_134015.csv,8158,2026-08-14,2026-08-14T13:36:33.000+01:00,S12,Hammersmith & City,quieter,Paddington->Liverpool Street,platform,940GZZLUMGT,Moorgate,underground_no_psd,sub_surface,64.46405029296875,80.55381774902344,96.12799072265624,35.09880065917969,605.0
commuta_readings_today_20260814_134015.csv,8159,2026-08-14,2026-08-14T13:36:44.000+01:00,S12,Hammersmith & City,quieter,Paddington->Liverpool Street,in_train,,,,sub_surface,63.44203186035156,79.76370239257812,95.70331573486328,35.04081726074219,603.0
commuta_readings_today_20260814_134015.csv,8160,2026-08-14,2026-08-14T13:36:54.000+01:00,S12,Hammersmith & City,quieter,Paddington->Liverpool Street,in_train,,,,sub_surface,30.453922271728516,37.43451690673828,44.01178741455078,34.77225875854492,599.0
commuta_readings_today_20260814_134015.csv,8161,2026-08-14,2026-08-14T13:37:03.000+01:00,S12,Hammersmith & City,quieter,Paddington->Liverpool Street,in_train,,,,sub_surface,25.491455078125,30.598039627075195,35.177406311035156,34.32669448852539,603.0
commuta_readings_today_20260814_134015.csv,8162,2026-08-14,2026-08-14T13:37:14.000+01:00,S12,Hammersmith & City,quieter,Paddington->Liverpool Street,in_train,,,,sub_surface,30.435510635375977,36.05887985229492,40.93084716796875,33.83993148803711,623.0
commuta_readings_today_20260814_134015.csv,8163,2026-08-14,2026-08-14T13:37:23.000+01:00,S12,Hammersmith & City,quieter,Paddington->Liverpool Street,in_train,,,,sub_surface,32.327754974365234,37.85847854614258,42.47721862792969,33.487449645996094,653.0
commuta_readings_today_20260814_134015.csv,8164,2026-08-14,2026-08-14T13:37:33.000+01:00,S12,Hammersmith & City,quieter,Paddington->Liverpool Street,in_train,,,,sub_surface,32.60009002685547,37.8043098449707,41.99281311035156,33.35469436645508,678.0
commuta_readings_today_20260814_134015.csv,8165,2026-08-14,2026-08-14T13:37:44.000+01:00,S12,Hammersmith & City,quieter,Paddington->Liverpool Street,in_train,,,,sub_surface,31.67194175720215,36.456932067871094,40.18534469604492,33.27992630004883,713.0
commuta_readings_today_20260814_134015.csv,8167,2026-08-14,2026-08-14T13:38:04.000+01:00,S12,Hammersmith & City,quieter,Paddington->Liverpool Street,in_train,,,,sub_surface,31.491121292114254,35.751407623291016,38.83309555053711,33.30739212036133,751.0
commuta_readings_today_20260814_134015.csv,8168,2026-08-14,2026-08-14T13:38:14.000+01:00,S12,Hammersmith & City,quieter,Paddington->Liverpool Street,in_train,,,,sub_surface,29.858142852783203,33.87933349609375,36.77836608886719,33.479820251464844,771.0
commuta_readings_today_20260814_134015.csv,8169,2026-08-14,2026-08-14T13:38:23.000+01:00,S12,Hammersmith & City,quieter,Paddington->Liverpool Street,in_train,,,,sub_surface,30.466453552246097,34.547996520996094,37.47895431518555,33.70260238647461,784.0
commuta_readings_today_20260814_134015.csv,8170,2026-08-14,2026-08-14T13:38:33.000+01:00,S12,Hammersmith & City,quieter,Paddington->Liverpool Street,platform,940GZZLULVT,Liverpool Street,partially_open,sub_surface,37.259639739990234,42.32078552246094,45.992698669433594,33.86739730834961,796.0
commuta_readings_today_20260814_134015.csv,8171,2026-08-14,2026-08-14T13:38:43.000+01:00,S12,Hammersmith & City,quieter,Paddington->Liverpool Street,platform,940GZZLULVT,Liverpool Street,partially_open,sub_surface,39.33991622924805,45.195106506347656,49.715179443359375,34.056610107421875,805.0
commuta_readings_today_20260814_134015.csv,8172,2026-08-14,2026-08-14T13:38:54.000+01:00,S12,Hammersmith & City,quieter,Paddington->Liverpool Street,platform,940GZZLULVT,Liverpool Street,partially_open,sub_surface,37.42829132080078,43.321414947509766,48.027320861816406,34.21530532836914,805.0
commuta_readings_today_20260814_134015.csv,8173,2026-08-14,2026-08-14T13:39:03.000+01:00,S12,Hammersmith & City,quieter,Paddington->Liverpool Street,platform,940GZZLULVT,Liverpool Street,partially_open,sub_surface,34.8527946472168,40.40641403198242,44.87149429321289,34.32364273071289,802.0
commuta_readings_today_20260814_134015.csv,8174,2026-08-14,2026-08-14T13:39:14.000+01:00,S12,Hammersmith & City,quieter,Paddington->Liverpool Street,platform,940GZZLULVT,Liverpool Street,partially_open,sub_surface,34.513694763183594,39.993465423583984,44.39019012451172,34.456398010253906,794.0
commuta_readings_today_20260814_134015.csv,8175,2026-08-14,2026-08-14T13:39:24.000+01:00,S12,Hammersmith & City,quieter,Paddington->Liverpool Street,platform,940GZZLULVT,Liverpool Street,partially_open,sub_surface,36.769737243652344,42.59946823120117,47.27324295043945,34.64713668823242,775.0
commuta_readings_today_20260814_134015.csv,8176,2026-08-14,2026-08-14T13:39:33.000+01:00,S12,Hammersmith & City,quieter,Paddington->Liverpool Street,platform,940GZZLULVT,Liverpool Street,partially_open,sub_surface,37.06241989135742,42.99433517456055,47.775447845458984,34.63645553588867,762.0
commuta_readings_today_20260814_134015.csv,8177,2026-08-14,2026-08-14T13:39:43.000+01:00,S12,Hammersmith & City,quieter,Paddington->Liverpool Street,platform,940GZZLULVT,Liverpool Street,partially_open,sub_surface,37.357173919677734,43.39094161987305,48.27882385253906,34.569313049316406,750.0
commuta_readings_today_20260814_134015.csv,8178,2026-08-14,2026-08-14T13:39:54.000+01:00,S12,Hammersmith & City,quieter,Paddington->Liverpool Street,platform,940GZZLULVT,Liverpool Street,partially_open,sub_surface,37.50182342529297,43.57252502441406,48.49640655517578,34.486915588378906,738.0
commuta_readings_today_20260814_134015.csv,8179,2026-08-14,2026-08-14T13:40:04.000+01:00,S12,Hammersmith & City,quieter,Paddington->Liverpool Street,platform,940GZZLULVT,Liverpool Street,partially_open,sub_surface,38.02600860595703,43.96793746948242,48.6920280456543,34.34805679321289,720.0
