sequence_number,timestamp,pm1,pm25,pm10,co2,temperature,DPS_tem,humidity,pressure,pressure_change_pa_per_sec,nox,tvoc,voc_raw,nox_raw,source_flag,station_id,station_name,line_id,line_name,gps_lat,gps_lng
4694,2026-08-07T01:52:20.000+01:00,3.1590898036956787,3.481698989868164,3.659102678,527,25.205615997314453,26.674827575683594,32.86945724487305,1021.0285034179688,,,,32351,0,live,,,,,51.540938869652905,-0.008273044
4695,2026-08-07T01:52:30.000+01:00,2.9421908855438232,3.2087907791137695,3.3314380645751953,525,25.12016487121582,26.711410522460938,33.26466751098633,1021.0291137695312,0.006103516,0,0,29342,15784,live,,,,,51.540938869652905,-0.008273044
4696,2026-08-07T01:52:40.000+01:00,3.0351786613464355,3.294631004333496,3.401571035385132,524,25.080110549926758,26.748550415039062,33.606468200683594,1021.0277099609375,0.014038086,0,0,30247,15764,live,,,,,51.540938869652905,-0.008273044
4697,2026-08-07T01:52:50.000+01:00,2.8169007301330566,3.0514745712280273,3.1429033279418945,524,25.0213623,26.776336669921875,33.79110336303711,1021.0277099609375,0,0,0,30730,15811,live,,,,,51.540938869652905,-0.008273044
4698,2026-08-07T01:53:00.000+01:00,2.7409415245056152,2.950988292694092,3.0170633792877197,524,24.954605102539062,26.83531951904297,33.914703369140625,1021.0310668945312,0.033569336,0,0,31030,15854,live,,,,,51.540938869652905,-0.008273044
4699,2026-08-07T01:53:10.000+01:00,2.8797686100006104,3.108842611312866,3.1888132095336914,524,24.941253662109375,26.88153839111328,33.974212646484375,1021.0321655273438,0.010986328,0,4,31234,15901,live,,,,,51.540938869652905,-0.008273044
4700,2026-08-07T01:53:20.000+01:00,3.069498300552368,3.3161699771881104,3.404559850692749,524,24.914548873901367,26.92321777,34.084075927734375,1021.031494140625,0.006713867,1,19,31390,15932,live,,,,,51.540938869652905,-0.008273044
4701,2026-08-07T01:53:30.000+01:00,2.820032835006714,3.0389416217803955,3.110445499420166,523,24.938583374023438,26.971420288085938,34.119171142578125,1021.029541015625,0.01953125,1,27,31530,15962,live,,,,,51.540938869652905,-0.008273044
4702,2026-08-07T01:53:40.000+01:00,2.8065578937530518,3.011659622192383,3.066776752471924,522,24.951934814453125,27.02387237548828,34.18936538696289,1021.0342407226562,0.04699707,1,30,31626,16002,live,,,,,51.540938869652905,-0.008273044
4703,2026-08-07T01:53:50.000+01:00,2.5449793338775635,2.727407932281494,2.772914409637451,521,24.941253662109375,27.06811523,34.23514175415039,1021.032470703125,0.017700195,1,33,31717,16032,live,,,,,51.540938869652905,-0.008273044
4704,2026-08-07T01:54:00.000+01:00,2.6426639556884766,2.8274166584014893,2.8687877655029297,519,25.016021728515625,27.09618377685547,34.24429702758789,1021.0320434570312,0.004272461,1,36,31797,16060,live,,,,,51.540938869652905,-0.008273044
4705,2026-08-07T01:54:10.000+01:00,2.8227665424346924,3.0177626609802246,3.0590007305145264,519,25.024032592773438,27.150062561035156,34.17715835571289,1021.0318603515625,0.001831055,1,40,31854,16093,live,,,,,51.540938869652905,-0.008273044
4706,2026-08-07T01:54:20.000+01:00,2.797415018081665,2.9885714054107666,3.026812791824341,518,25.013351440429688,27.203086853027344,34.12833023071289,1021.03125,0.006103516,1,42,31925,16118,live,,,,,51.540938869652905,-0.008273044
4707,2026-08-07T01:54:30.000+01:00,2.961294651031494,3.1625733375549316,3.201702117919922,517,25.072099685668945,27.246742248535156,34.079498291015625,1021.0284423828125,0.028076172,1,47,31948,16128,live,,,,,51.540938869652905,-0.008273044
4708,2026-08-07T01:54:40.000+01:00,2.663585662841797,2.8440117835998535,2.8784308433532715,516,25.117494583129883,27.278213500976562,33.960479736328125,1021.025634765625,0.028076172,1,51,32000,16156,live,,,,,51.540938869652905,-0.008273044
4709,2026-08-07T01:54:50.000+01:00,2.466949224472046,2.634242296218872,2.666354179382324,516,25.138856887817383,27.30657958984375,33.896392822265625,1021.023438,0.021972656,1,55,32025,16169,live,,,,,51.540938869652905,-0.008273044
4710,2026-08-07T01:55:00.000+01:00,2.8222100734710693,3.0161449909210205,3.056089401245117,515,25.170900344848633,27.356483459472656,33.879608154296875,1021.020751953125,0.026855469,1,61,32056,16185,live,,,,,51.540938869652905,-0.008273044
4711,2026-08-07T01:55:10.000+01:00,2.6764750480651855,2.8617360591888428,2.9013025760650635,515,25.202945709228516,27.389373779296875,33.79415512084961,1021.0184936523438,0.022583008,1,66,32071,16196,live,,,,,51.540938869652905,-0.008273044
4712,2026-08-07T01:55:20.000+01:00,2.5002472400665283,2.674544334411621,2.7130582332611084,514,25.269702911376953,27.426231384277344,33.73159408569336,1021.0142822265625,0.042114258,1,69,32117,16214,live,,,,,51.540938869652905,-0.008273044
4713,2026-08-07T01:55:30.000+01:00,2.4839611053466797,2.6571288108825684,2.695399045944214,514,25.264362335205078,27.461395263671875,33.68124008178711,1021.018066,0.037841797,1,73,32088,16230,live,,,,,51.540938869652905,-0.008273044
4714,2026-08-07T01:55:40.000+01:00,2.4916372299194336,2.666327476501465,2.705958127975464,513,25.33913230895996,27.496841430664062,33.595787048339844,1021.017822265625,0.002441406,1,78,32154,16238,live,,,,,51.540938869652905,-0.008273044
4715,2026-08-07T01:55:50.000+01:00,2.409496784210205,2.580530881881714,2.6214983463287354,512,25.400548934936523,27.529449462890625,33.517967224121094,1021.0154418945312,0.023803711,1,79,32155,16252,live,,,,,51.540938869652905,-0.008273044
4716,2026-08-07T01:56:00.000+01:00,2.3455276489257812,2.5138697624206543,2.5560741424560547,511,25.421911239624023,27.554962158203125,33.427940368652344,1021.0126342773438,0.028076172,1,81,32163,16271,live,,,,,51.540938869652905,-0.008273044
4717,2026-08-07T01:56:10.000+01:00,2.2398953437805176,2.3997442722320557,2.4389021396636963,510,25.432592391967773,27.579627990722656,33.35774612426758,1021.0101318359375,0.025024414,1,82,32194,16283,live,,,,,51.540938869652905,-0.008273044
4718,2026-08-07T01:56:20.000+01:00,2.5884652137756348,2.7703146934509277,2.811950684,510,25.46196746826172,27.61479949951172,33.27840042114258,1021.0084228515625,0.017089844,1,83,32178,16288,live,,,,,51.540938869652905,-0.008273044
4719,2026-08-07T01:56:30.000+01:00,2.9695773124694824,3.176237106323242,3.221534490585327,510,25.51537322998047,27.647972106933594,33.22346878051758,1021.0072021484375,0.012207031,1,87,32204,16296,live,,,,,51.540938869652905,-0.008273044
4720,2026-08-07T01:56:40.000+01:00,2.939466953277588,3.143805742263794,3.188359498977661,510,25.518043518066406,27.674057006835938,33.15022659301758,1021.0047607421875,0.024414063,1,87,32220,16306,live,,,,,51.540938869652905,-0.008273044
4721,2026-08-07T01:56:50.000+01:00,2.7530531883239746,2.9430761337280273,2.983098030090332,509,25.550086975097656,27.70354461669922,33.00831604003906,1021.0040893554688,0.006713867,1,85,32240,16311,live,,,,,51.540938869652905,-0.008273044
4722,2026-08-07T01:57:00.000+01:00,2.865142583847046,3.0621321201324463,3.1028146743774414,509,25.608835220336914,27.73785400390625,32.97016906738281,1021.0036010742188,0.004882813,1,87,32261,16312,live,,,,,51.540938869652905,-0.008273044
4723,2026-08-07T01:57:10.000+01:00,2.894636392593384,3.0939652919769287,3.135458231,509,25.63553810119629,27.765357971191406,32.96406555175781,1021.0027465820312,0.008544922,1,92,32211,16324,live,,,,,51.540938869652905,-0.008273044
4724,2026-08-07T01:57:20.000+01:00,3.119133472442627,3.3357224464416504,3.3826985359191895,509,25.63553810119629,27.78974151611328,32.83741379,1021.0028686523438,0.001220703,1,91,32265,16332,live,,,,,51.540938869652905,-0.008273044
4725,2026-08-07T01:57:30.000+01:00,3.0113942623138428,3.2209792137145996,3.266932487487793,508,25.688945770263672,27.818946838378906,32.78400802612305,1020.9999389648438,0.029296875,1,93,32236,16333,live,,,,,51.540938869652905,-0.008273044
4726,2026-08-07T01:57:40.000+01:00,3.2222609519958496,3.4457781314849854,3.494014024734497,507,25.70229721069336,27.85070801,32.7428093,1020.9974975585938,0.024414063,1,95,32251,16343,live,,,,,51.540938869652905,-0.008273044
4727,2026-08-07T01:57:50.000+01:00,3.0360543727874756,3.2478127479553223,3.294717311859131,508,25.731670379638672,27.89069366455078,32.69092941,1020.9981079101562,0.006103516,1,94,32256,16350,live,,,,,51.540938869652905,-0.008273044
4728,2026-08-07T01:58:00.000+01:00,2.810751438140869,3.0071377754211426,3.0509917736053467,508,25.731670379638672,27.921875,32.56427764892578,1020.9970092773438,0.010986328,1,94,32268,16356,live,,,,,51.540938869652905,-0.008273044
4729,2026-08-07T01:58:10.000+01:00,2.3489606380462646,2.5116889476776123,2.5465872287750244,508,25.726329803466797,27.926132202148438,32.54138946533203,1020.992919921875,0.040893555,1,93,32299,16358,live,,,,,51.540938869652905,-0.008273044
4730,2026-08-07T01:58:20.000+01:00,2.284201145172119,2.441771984100342,2.4748642444610596,508,25.742351531982422,27.91564178466797,32.47119903564453,1020.990234,0.026855469,1,91,32304,16379,live,,,,,51.540938869652905,-0.008273044
4731,2026-08-07T01:58:30.000+01:00,2.3074190616607666,2.466757059,2.500394105911255,508,25.75570297241211,27.93718719482422,32.44678497314453,1020.9888305664062,0.014038086,1,91,32301,16382,live,,,,,51.540938869652905,-0.008273044
4732,2026-08-07T01:58:40.000+01:00,2.4068522453308105,2.572014093399048,2.6057889461517334,507,25.779735565185547,27.972068786621094,32.37964630126953,1020.988037109375,0.00793457,1,93,32295,16384,live,,,,,51.540938869652905,-0.008273044
4733,2026-08-07T01:58:50.000+01:00,2.5064141750335693,2.677663803100586,2.711900472640991,507,25.811779022216797,27.995323181152344,32.338443756103516,1020.986328,0.017089844,1,99,32280,16385,live,,,,,51.540938869652905,-0.008273044
4734,2026-08-07T01:59:00.000+01:00,2.4453556537628174,2.611874819,2.6445748805999756,508,25.851835250854492,28.03557586669922,32.343021392822266,1020.98877,0.024414063,1,103,32228,16385,live,,,,,51.540938869652905,-0.008273044
4735,2026-08-07T01:59:10.000+01:00,2.516225576400757,2.6873698234558105,2.720764398574829,508,25.846494674682617,28.06818389892578,32.252994537353516,1020.9896240234375,0.008544922,1,105,32256,16395,live,,,,,51.540938869652905,-0.008273044
4736,2026-08-07T01:59:20.000+01:00,3.130673647,3.3443658351898193,3.3868651390075684,508,25.867856979370117,28.073577880859375,32.280460357666016,1020.9846801757812,0.049438477,1,103,32255,16388,live,,,,,51.540938869652905,-0.008273044
4737,2026-08-07T01:59:30.000+01:00,3.024752378463745,3.229830026626587,3.269150733947754,509,25.899900436401367,28.09881591796875,32.240787506103516,1020.9840087890625,0.006713867,1,103,32258,16395,live,,,,,51.540938869652905,-0.008273044
4738,2026-08-07T01:59:40.000+01:00,2.832814931869507,3.0238964557647705,3.0594851970672607,509,25.883878707885742,28.122352600097656,32.236209869384766,1020.9849243164062,0.009155273,1,104,32251,16401,live,,,,,51.540938869652905,-0.008273044
4739,2026-08-07T01:59:50.000+01:00,2.712531566619873,2.894923448562622,2.9282777309417725,509,25.939956665039062,28.13085174560547,32.269779205322266,1020.9816284179688,0.032958984,1,105,32235,16399,live,,,,,51.540938869652905,-0.008273044
4740,2026-08-07T02:00:00.000+01:00,2.7290403842926025,2.9113166332244873,2.9433326721191406,509,25.955978393554688,28.14758301,32.199588775634766,1020.979004,0.026245117,1,103,32258,16399,live,,,,,51.540938869652905,-0.008273044
4741,2026-08-07T02:00:10.000+01:00,2.6966488361358643,2.8764290809631348,2.907646894454956,509,25.977340698242188,28.15807342529297,32.153812408447266,1020.978027,0.009765625,1,101,32262,16415,live,,,,,51.540938869652905,-0.008273044
4742,2026-08-07T02:00:20.000+01:00,2.261448383331299,2.411047935,2.435760736465454,508,26.004043579101562,28.177352905273438,32.09735107421875,1020.9763793945312,0.016479492,1,101,32251,16412,live,,,,,51.540938869652905,-0.008273044
4743,2026-08-07T02:00:30.000+01:00,2.1828317642211914,2.3265931606292725,2.349644899368286,509,26.020065307617188,28.182174682617188,32.05310059,1020.9736938476562,0.026855469,1,101,32255,16410,live,,,,,51.540938869652905,-0.008273044
4744,2026-08-07T02:00:40.000+01:00,2.3459486961364746,2.5014824867248535,2.5275511741638184,510,26.01739501953125,28.21648406982422,31.98443603515625,1020.9755249023438,0.018310547,1,99,32289,16411,live,,,,,51.540938869652905,-0.008273044
4745,2026-08-07T02:00:50.000+01:00,2.2850842475891113,2.4390311241149902,2.467501401901245,509,26.033416748046875,28.214218139648438,31.914243698120117,1020.9722900390625,0.032348633,1,96,32278,16410,live,,,,,51.540938869652905,-0.008273044
4746,2026-08-07T02:01:00.000+01:00,2.173703670501709,2.3224589824676514,2.352449893951416,509,26.068132400512695,28.24909210205078,31.94476318359375,1020.975098,0.028076172,1,98,32274,16410,live,,,,,51.540938869652905,-0.008273044
4747,2026-08-07T02:01:10.000+01:00,2.246459961,2.402876377105713,2.437243938446045,509,26.08415412902832,28.260154724121094,31.94934082,1020.9768676757812,0.017700195,1,99,32262,16419,live,,,,,51.540938869652905,-0.008273044
4748,2026-08-07T02:01:20.000+01:00,2.310997486114502,2.4725310802459717,2.508669137954712,510,26.08415412902832,28.261856079101562,31.94934082,1020.971191,0.056762695,1,100,32260,16432,live,,,,,51.540938869652905,-0.008273044
4749,2026-08-07T02:01:30.000+01:00,2.6517200469970703,2.8380558490753174,2.880763053894043,511,26.10551643371582,28.294464111328125,31.837949752807617,1020.9746704101562,0.034790039,1,100,32251,16422,live,,,,,51.540938869652905,-0.008273044
4750,2026-08-07T02:01:40.000+01:00,2.8078131675720215,3.0034241676330566,3.0465164184570312,512,26.140230178833008,28.291053771972656,31.825742721557617,1020.9721069335938,0.025634766,1,101,32251,16416,live,,,,,51.540938869652905,-0.008273044
4751,2026-08-07T02:01:50.000+01:00,3.022383689880371,3.230922222137451,3.274765729904175,511,26.142900466918945,28.31969451904297,31.845579147338867,1020.973145,0.010375977,1,99,32279,16425,live,,,,,51.540938869652905,-0.008273044
4752,2026-08-07T02:02:00.000+01:00,3.0446250438690186,3.250922441482544,3.2903409004211426,511,26.13755989074707,28.32592773,31.781490325927734,1020.971435546875,0.017089844,1,99,32263,16421,live,,,,,51.540938869652905,-0.008273044
4753,2026-08-07T02:02:10.000+01:00,2.7997257709503174,2.9875340461730957,3.0213985443115234,511,26.140230178833008,28.340110778808594,31.842527389526367,1020.9671630859375,0.042724609,1,100,32255,16419,live,,,,,51.540938869652905,-0.008273044
4754,2026-08-07T02:02:20.000+01:00,2.9061012268066406,3.0995616912841797,3.1328470706939697,510,26.185625076293945,28.359962463378906,31.746395111083984,1020.9710083007812,0.038452148,1,98,32298,16421,live,,,,,51.540938869652905,-0.008273044
4755,2026-08-07T02:02:30.000+01:00,2.7286407947540283,2.909905433654785,2.9406776428222656,510,26.198978424072266,28.367050170898438,31.714351654052734,1020.9698486328125,0.01159668,1,98,32290,16433,live,,,,,51.540938869652905,-0.008273044
4756,2026-08-07T02:02:40.000+01:00,2.4520761966705322,2.614893674850464,2.642453432,509,26.19363784790039,28.39001465,31.699092864990234,1020.9693603515625,0.004882813,1,99,32267,16424,live,,,,,51.540938869652905,-0.008273044
4757,2026-08-07T02:02:50.000+01:00,2.404773473739624,2.563068151473999,2.588358163833618,509,26.220340728759766,28.38378143310547,31.67009925842285,1020.9693603515625,0,1,99,32270,16420,live,,,,,51.540938869652905,-0.008273044
4758,2026-08-07T02:03:00.000+01:00,2.2970707416534424,2.4473209381103516,2.4702775478363037,509,26.228351593017578,28.397674560546875,31.61516761779785,1020.9718017578125,0.024414063,1,101,32264,16422,live,,,,,51.540938869652905,-0.008273044
4759,2026-08-07T02:03:10.000+01:00,2.436905622,2.5955042839050293,2.6188547611236572,509,26.223011016845703,28.404769897460938,31.62432289123535,1020.9714965820312,0.003051758,1,102,32268,16418,live,,,,,51.540938869652905,-0.008273044
4760,2026-08-07T02:03:20.000+01:00,2.4401910305023193,2.5988895893096924,2.622128486633301,510,26.223011016845703,28.421775817871094,31.57549476623535,1020.9737548828125,0.022583008,1,101,32265,16425,live,,,,,51.540938869652905,-0.008273044
4761,2026-08-07T02:03:30.000+01:00,2.3568742275238037,2.511033773422241,2.5345849990844727,509,26.249713897705078,28.434249877929688,31.57702065,1020.9743041992188,0.005493164,1,100,32280,16414,live,,,,,51.540938869652905,-0.008273044
4762,2026-08-07T02:03:40.000+01:00,2.225691080093384,2.372046709060669,2.395264148712158,510,26.249713897705078,28.446449279785156,31.51293182373047,1020.972168,0.021362305,1,101,32271,16415,live,,,,,51.540938869652905,-0.008273044
4763,2026-08-07T02:03:50.000+01:00,2.3168015480041504,2.469655990600586,2.494461775,510,26.252384185791016,28.439353942871094,31.49919891357422,1020.970703,0.014648438,1,100,32283,16414,live,,,,,51.540938869652905,-0.008273044
4764,2026-08-07T02:04:00.000+01:00,2.649413585662842,2.824518918991089,2.853271245956421,510,26.26840591430664,28.453811645507812,31.50530242919922,1020.9705200195312,0.001831055,1,101,32233,16412,live,,,,,51.540938869652905,-0.008273044
4765,2026-08-07T02:04:10.000+01:00,2.5201823711395264,2.687168598175049,2.7150490283966064,509,26.287097930908203,28.47253418,31.47173309326172,1020.9729614257812,0.024414063,1,100,32302,16413,live,,,,,51.540938869652905,-0.008273044
4766,2026-08-07T02:04:20.000+01:00,2.224699020385742,2.372227191925049,2.3969902992248535,510,26.281757354736328,28.477630615234375,31.432058334350586,1020.972412109375,0.005493164,1,101,32258,16415,live,,,,,51.540938869652905,-0.008273044
4767,2026-08-07T02:04:30.000+01:00,2.088210105895996,2.2269842624664307,2.250600814819336,509,26.297779083251953,28.490676879882812,31.44579315185547,1020.972168,0.002441406,1,102,32275,16403,live,,,,,51.540938869652905,-0.008273044
4768,2026-08-07T02:04:40.000+01:00,2.125235080718994,2.2666983604431152,2.2910215854644775,509,26.303119659423828,28.494644165039062,31.427480697631836,1020.973388671875,0.012207031,1,99,32289,16408,live,,,,,51.540938869652905,-0.008273044
4769,2026-08-07T02:04:50.000+01:00,2.170586109161377,2.3151187896728516,2.3400251865386963,509,26.31647300720215,28.50542449951172,31.43816375732422,1020.9751586914062,0.017700195,1,99,32275,16406,live,,,,,51.540938869652905,-0.008273044
4770,2026-08-07T02:05:00.000+01:00,2.305518388748169,2.460615634918213,2.4890573024749756,508,26.31380271911621,28.51506805419922,31.409170150756836,1020.976806640625,0.016479492,1,100,32259,16407,live,,,,,51.540938869652905,-0.008273044
4771,2026-08-07T02:05:10.000+01:00,2.667289972305298,2.8473634719848633,2.881071090698242,508,26.329824447631836,28.527252197265625,31.46257781982422,1020.9782104492188,0.014038086,1,103,32250,16401,live,,,,,51.540938869652905,-0.008273044
4772,2026-08-07T02:05:20.000+01:00,2.9962644577026367,3.198249101638794,3.2357394695281982,507,26.343175888061523,28.538314819335938,31.407644271850586,1020.9818115234375,0.036010742,1,105,32243,16394,live,,,,,51.540938869652905,-0.008273044
4773,2026-08-07T02:05:30.000+01:00,2.6377224922180176,2.8149044513702393,2.8471128940582275,508,26.351186752319336,28.54596710205078,31.433584213256836,1020.9841918945312,0.023803711,1,106,32231,16396,live,,,,,51.540938869652905,-0.008273044
4774,2026-08-07T02:05:40.000+01:00,2.4014453887939453,2.5619633197784424,2.5902886390686035,508,26.38055992126465,28.56298065185547,31.407644271850586,1020.9810791015625,0.03112793,1,104,32259,16398,live,,,,,51.540938869652905,-0.008273044
4775,2026-08-07T02:05:50.000+01:00,2.1998605728149414,2.3460984230041504,2.3710336685180664,507,26.361867904663086,28.56128692626953,31.398488998413086,1020.9832153320312,0.021362305,1,102,32235,16391,live,,,,,51.540938869652905,-0.008273044
4776,2026-08-07T02:06:00.000+01:00,2.1559300422668457,2.2981960773468018,2.3213107585906982,507,26.35919761657715,28.57744598388672,31.387807846069336,1020.9857788085938,0.025634766,1,101,32258,16397,live,,,,,51.540938869652905,-0.008273044
4777,2026-08-07T02:06:10.000+01:00,2.1846020221710205,2.327648401260376,2.3496720790863037,507,26.383230209350586,28.59162139892578,31.280994415283203,1020.98291,0.028686523,1,99,32251,16388,live,,,,,51.540938869652905,-0.008273044
4778,2026-08-07T02:06:20.000+01:00,2.380939483642578,2.5354223251342773,2.5576419830322266,506,26.404592514038086,28.601829528808594,31.268787384033203,1020.9860229492188,0.03112793,1,98,32265,16381,live,,,,,51.540938869652905,-0.008273044
4779,2026-08-07T02:06:30.000+01:00,2.224339246749878,2.367135524749756,2.385974168777466,507,26.393911361694336,28.607505798339844,31.223011016845703,1020.985595703125,0.004272461,1,98,32265,16383,live,,,,,51.540938869652905,-0.008273044
4780,2026-08-07T02:06:40.000+01:00,2.4257876873016357,2.5807628631591797,2.600360631942749,507,26.42061424255371,28.605514526367188,31.265735626220703,1020.9854736328125,0.001220703,1,98,32261,16378,live,,,,,51.540938831699506,-0.008273214
4781,2026-08-07T02:06:50.000+01:00,2.5516507625579834,2.715092182159424,2.736241340637207,507,26.40993309020996,28.62366485595703,31.259632110595703,1020.9890747070312,0.036010742,1,100,32252,16381,live,,,,,51.540938831699506,-0.008273214
4782,2026-08-07T02:07:00.000+01:00,2.5341217517852783,2.695760726928711,2.7159101963043213,506,26.42328453063965,28.631881713867188,31.285572052001953,1020.9879760742188,0.010986328,1,103,32226,16371,live,,,,,51.540938831699506,-0.008273214
4783,2026-08-07T02:07:10.000+01:00,2.4486746788024902,2.6033291816711426,2.6208689212799072,506,26.43396568,28.64379119873047,31.250476837158203,1020.9893798828125,0.014038086,1,102,32258,16373,live,,,,,51.540938831699506,-0.008273214
4784,2026-08-07T02:07:20.000+01:00,2.398609161376953,2.549128293991089,2.5650863647460938,505,26.43396568,28.647193908691406,31.194019317626953,1020.9888305664062,0.005493164,1,99,32272,16371,live,,,,,51.540938831699506,-0.008273214
4785,2026-08-07T02:07:30.000+01:00,2.211151599884033,2.349776268005371,2.3643219470977783,505,26.428625106811523,28.66675567626953,31.17875862121582,1020.9930419921875,0.042114258,1,98,32295,16361,live,,,,,51.540938831699506,-0.008273214
4786,2026-08-07T02:07:40.000+01:00,1.9385929107666016,2.059671640396118,2.0718486309051514,503,26.425954818725586,28.657974243164062,31.15129280090332,1020.9905395507812,0.025024414,1,97,32290,16365,live,,,,,51.540938831699506,-0.008273214
4787,2026-08-07T02:07:50.000+01:00,2.663456916809082,2.829514741897583,2.8458762168884277,503,26.452659606933594,28.666473388671875,31.09788703918457,1020.9902954101562,0.002441406,1,97,32277,16358,live,,,,,51.540938831699506,-0.008273214
4788,2026-08-07T02:08:00.000+01:00,2.8483810424804688,3.0256991386413574,3.0428574085235596,502,26.47669219970703,28.66619873046875,31.16044807434082,1020.9924926757812,0.021972656,1,98,32287,16365,live,,,,,51.540938831699506,-0.008273214
4789,2026-08-07T02:08:10.000+01:00,2.5881807804107666,2.7498891353607178,2.766218900680542,502,26.463340759277344,28.676681518554688,31.07957649230957,1020.9911499023438,0.013427734,1,98,32286,16364,live,,,,,51.540938831699506,-0.008273214
4790,2026-08-07T02:08:20.000+01:00,2.165515422821045,2.3017327785491943,2.316549777984619,502,26.47936248779297,28.68036651611328,31.059738159179688,1020.9905395507812,0.006103516,1,98,32283,16353,live,,,,,51.540938831699506,-0.008273214
4791,2026-08-07T02:08:30.000+01:00,1.9406136274337769,2.0634443759918213,2.0776782035827637,502,26.482032775878906,28.6973877,31.12687873840332,1020.9923706054688,0.018310547,1,99,32277,16356,live,,,,,51.540938831699506,-0.008273214
4792,2026-08-07T02:08:40.000+01:00,2.0280230045318604,2.155850648880005,2.1700522899627686,502,26.49004364013672,28.695960998535156,31.10551643371582,1020.9918212890625,0.005493164,1,100,32276,16359,live,,,,,51.540938831699506,-0.008273214
4793,2026-08-07T02:08:50.000+01:00,2.3100335597991943,2.455827474594116,2.4722437858581543,501,26.482032775878906,28.70220947265625,31.09483528137207,1020.9918212890625,0,1,100,32272,16355,live,,,,,51.540938831699506,-0.008273214
4794,2026-08-07T02:09:00.000+01:00,2.560997247695923,2.7231340408325195,2.7419676780700684,501,26.495384216308594,28.711280822753906,31.12077522277832,1020.9907836914062,0.010375977,1,102,32238,16354,live,,,,,51.540938831699506,-0.008273214
4795,2026-08-07T02:09:10.000+01:00,2.4126837253570557,2.565676451,2.583728313446045,502,26.46868133544922,28.710708618164062,31.11009407043457,1020.9902954101562,0.004882813,1,101,32300,16353,live,,,,,51.540938831699506,-0.008273214
4796,2026-08-07T02:09:20.000+01:00,2.1788980960845947,2.3172683715820312,2.333825111,501,26.506065368652344,28.727439880371094,31.09483528137207,1020.9894409179688,0.008544922,1,101,32265,16352,live,,,,,51.540938831699506,-0.008273214
4797,2026-08-07T02:09:30.000+01:00,2.186133623123169,2.3242135047912598,2.3398823738098145,502,26.495384216308594,28.74530029296875,31.039901733398438,1020.9899291992188,0.004882813,1,102,32262,16353,live,,,,,51.540938831699506,-0.008273214
4798,2026-08-07T02:09:40.000+01:00,2.178077459335327,2.315474510192871,2.330867052078247,502,26.495384216308594,28.744171142578125,31.06431770324707,1020.988525390625,0.014038086,1,101,32283,16343,live,,,,,51.540938831699506,-0.008273214
4799,2026-08-07T02:09:50.000+01:00,2.0900967121124268,2.2211809158325195,2.234992027282715,501,26.495384216308594,28.74303436279297,31.056686401367188,1020.990723,0.021972656,1,100,32264,16350,live,,,,,51.540938831699506,-0.008273214
4800,2026-08-07T02:10:00.000+01:00,2.028228521347046,2.155041456222534,2.167952060699463,501,26.495384216308594,28.745025634765625,31.007858276367188,1020.9876708984375,0.030517578,1,101,32270,16344,live,,,,,51.540938831699506,-0.008273214
4801,2026-08-07T02:10:10.000+01:00,2.2809770107269287,2.4232029914855957,2.4372317790985107,501,26.54077911376953,28.74927520751953,31.003280639648438,1020.988525390625,0.008544922,1,100,32290,16340,live,,,,,51.540938831699506,-0.008273214
4802,2026-08-07T02:10:20.000+01:00,2.315072536468506,2.458517313,2.471616268157959,501,26.535438537597656,28.75805664,30.963607788085938,1020.9901733398438,0.016479492,1,99,32277,16340,live,,,,,51.540938831699506,-0.008273214
4803,2026-08-07T02:10:30.000+01:00,2.1620681285858154,2.295513391494751,2.3070929050445557,501,26.524757385253906,28.77252197265625,30.974288940429688,1020.9912719726562,0.010986328,1,101,32260,16327,live,,,,,51.540938831699506,-0.008273214
4804,2026-08-07T02:10:40.000+01:00,2.418991804122925,2.5680527687072754,2.580704451,501,26.54077911376953,28.763450622558594,30.971237182617188,1020.9905395507812,0.007324219,1,102,32287,16323,live,,,,,51.540938831699506,-0.008273214
4805,2026-08-07T02:10:50.000+01:00,2.298790216445923,2.4403648376464844,2.4522879123687744,501,26.53009796142578,28.77507781982422,31.029220581054688,1020.9918823242188,0.013427734,1,103,32229,16332,live,,,,,51.540938831699506,-0.008273214
4806,2026-08-07T02:11:00.000+01:00,2.153893471,2.2867624759674072,2.298208475112915,501,26.559471130371094,28.779617309570312,30.971237182617188,1020.9886474609375,0.032348633,1,103,32249,16332,live,,,,,51.540938831699506,-0.008273214
4807,2026-08-07T02:11:10.000+01:00,1.9946881532669067,2.1181297302246094,2.1292243003845215,500,26.546119689941406,28.78046417236328,30.994125366210938,1020.9896850585938,0.010375977,1,102,32254,16324,live,,,,,51.540938831699506,-0.008273214
4808,2026-08-07T02:11:20.000+01:00,2.259906530380249,2.400414467,2.413806438446045,501,26.54344940185547,28.79492188,31.013961791992188,1020.9899291992188,0.002441406,1,103,32261,16321,live,,,,,51.540938831699506,-0.008273214
4809,2026-08-07T02:11:30.000+01:00,2.442486047744751,2.5943408012390137,2.6088078022003174,501,26.527427673339844,28.787559509277344,30.977340698242188,1020.9915771484375,0.016479492,1,102,32262,16318,live,,,,,51.540938831699506,-0.008273214
4810,2026-08-07T02:11:40.000+01:00,2.295797586,2.4391276836395264,2.453474283218384,500,26.54077911376953,28.80853271484375,30.939193725585938,1020.9906005859375,0.009765625,1,101,32261,16316,live,,,,,51.540938831699506,-0.008273214
4811,2026-08-07T02:11:50.000+01:00,2.275489091873169,2.4180948734283447,2.4329981803894043,500,26.538108825683594,28.797760009765625,30.959030151367188,1020.9901733398438,0.004272461,1,101,32252,16312,live,,,,,51.540938831699506,-0.008273214
4812,2026-08-07T02:12:00.000+01:00,2.100355863571167,2.2321581840515137,2.246131420135498,499,26.56214141845703,28.804283142089844,30.998703002929688,1020.9898681640625,0.003051758,1,102,32260,16308,live,,,,,51.540938831699506,-0.008273214
4813,2026-08-07T02:12:10.000+01:00,2.342682123184204,2.4892125129699707,2.504196882247925,500,26.559471130371094,28.78925323486328,30.971237182617188,1020.9899291992188,0.000610352,1,101,32282,16318,live,,,,,51.540938831699506,-0.008273214
4814,2026-08-07T02:12:20.000+01:00,2.7552647590637207,2.925886631011963,2.9413535594940186,500,26.559471130371094,28.817893981933594,30.962081909179688,1020.9882202148438,0.017089844,1,101,32238,16314,live,,,,,51.540938831699506,-0.008273214
4815,2026-08-07T02:12:30.000+01:00,2.458416462,2.609431028366089,2.621690273284912,499,26.559471130371094,28.825546264648438,30.971237182617188,1020.9888305664062,0.006103516,1,101,32284,16310,live,,,,,51.540938831699506,-0.008273214
4816,2026-08-07T02:12:40.000+01:00,2.2857143878936768,2.425184488296509,2.435406208,500,26.57549476623535,28.832359313964844,30.934614181518555,1020.9866943359375,0.021362305,1,101,32269,16308,live,,,,,51.540938831699506,-0.008273214
4817,2026-08-07T02:12:50.000+01:00,2.2071902751922607,2.3413443565368652,2.350555181503296,500,26.55413055419922,28.82781219482422,30.884260177612305,1020.9849243164062,0.017700195,1,101,32267,16304,live,,,,,51.540938831699506,-0.008273214
4818,2026-08-07T02:13:00.000+01:00,2.3268556594848633,2.4677348136901855,2.4767560958862305,500,26.580835342407227,28.837738037109375,30.974288940429688,1020.9857788085938,0.008544922,1,100,32263,16295,live,,,,,51.540938831699506,-0.008273214
4819,2026-08-07T02:13:10.000+01:00,2.2666518688201904,2.403468370437622,2.411731243133545,500,26.57549476623535,28.84709930419922,30.951400756835938,1020.9865112304688,0.007324219,1,100,32259,16310,live,,,,,51.540938831699506,-0.008273214
4820,2026-08-07T02:13:20.000+01:00,1.7934452295303345,1.9014992713928223,1.9077856540679932,499,26.594186782836914,28.85504150390625,30.902570724487305,1020.9827270507812,,1,100,32276,16299,buffered,,,,,,
4821,2026-08-07T02:13:30.000+01:00,1.882115125656128,1.995593786239624,2.0022947788238525,500,26.58884620666504,28.863258361816406,30.800334930419922,1020.9833374023438,,1,100,32277,16298,live,,,,,51.54093882213332,-0.008273257
4822,2026-08-07T02:13:40.000+01:00,1.8019559383392334,1.910674810409546,1.917182207107544,501,26.58884620666504,28.856178283691406,30.832380294799805,1020.9791259765625,0.042114258,1,99,32286,16296,live,,,,,51.54093882213332,-0.008273257
4823,2026-08-07T02:13:50.000+01:00,2.186572313308716,2.3181748390197754,2.325667381286621,501,26.58884620666504,28.857872009277344,30.864423751831055,1020.9761962890625,0.029296875,1,99,32283,16294,live,,,,,51.54093882213332,-0.008273257
4824,2026-08-07T02:14:00.000+01:00,2.495845079421997,2.6462020874023438,2.6549298763275146,500,26.615549087524414,28.85333251953125,30.803386688232422,1020.9749755859375,0.012207031,1,99,32295,16287,live,,,,,51.54093882213332,-0.008273257
4825,2026-08-07T02:14:10.000+01:00,2.274441957473755,2.4118289947509766,2.420245647,500,26.602197647094727,28.852203369140625,30.769817352294922,1020.9739990234375,0.009765625,1,100,32268,16292,live,,,,,51.54093882213332,-0.008273257
4826,2026-08-07T02:14:20.000+01:00,2.132636547088623,2.261585235595703,2.2696375846862793,501,26.60753822,28.858726501464844,30.840009689331055,1020.971435546875,0.025634766,1,100,32289,16283,live,,,,,51.54093882213332,-0.008273257
4827,2026-08-07T02:14:30.000+01:00,2.482513904571533,2.6343183517456055,2.645829916000366,500,26.612878799438477,28.87006378173828,30.807964324951172,1020.968262,0.031738281,1,100,32273,16287,live,,,,,51.54093882213332,-0.008273257
4828,2026-08-07T02:14:40.000+01:00,2.329540252685547,2.475200653076172,2.490039825439453,499,26.623559951782227,28.87488555908203,30.853742599487305,1020.9664306640625,0.018310547,1,101,32273,16282,live,,,,,51.54093882213332,-0.008273257
4829,2026-08-07T15:20:25.000+01:00,1.425301432609558,1.5484477281570435,1.6003121137619019,529,26.65293312072754,28.272911071777344,31.47020721435547,1018.387939453125,,,,31638,0,live,,,,,51.540944923822124,-0.008294142
4830,2026-08-07T15:20:34.000+01:00,1.1411646604537964,1.2313517332077026,1.2623019218444824,532,26.556800842285156,28.316017150878906,31.821165084838867,1018.4093017578125,0.213623047,0,0,29580,16268,live,,,,,51.540944923822124,-0.008294142
4831,2026-08-07T15:20:44.000+01:00,0.8037604093551636,0.867734432,0.8901028037071228,533,26.514076232910156,28.360809326171875,32.10498047,1018.3986206054688,0.106811523,0,0,30380,16166,live,,,,,51.540944923822124,-0.008294142
4832,2026-08-07T15:20:54.000+01:00,0.6008058786392212,0.6353293061256409,0.6353293657302856,535,26.43396568,28.41893768310547,32.352176666259766,1018.3956298828125,0.029907227,0,0,30772,16160,live,,,,,51.5409637,-0.008265729
4833,2026-08-07T15:21:04.000+01:00,0.5059791803359985,0.5350536704063416,0.5350537300109863,536,26.417943954467773,28.462326049804688,32.53376007080078,1018.3875122070312,,0,0,31001,16168,buffered,,,,,,
4834,2026-08-07T15:21:14.000+01:00,0.3869667053222656,0.40920254588127136,0.40920260548591614,537,26.40192222595215,28.524986267089844,32.60242462158203,1018.388916015625,,0,3,31153,16188,buffered,,,,,,
4835,2026-08-07T15:21:24.000+01:00,0.23884715139865875,0.2525717616081238,0.25257179141044617,538,26.38055992126465,28.582260131835938,32.69703293,1018.390869140625,,1,23,31268,16201,buffered,,,,,,
4836,2026-08-07T15:21:34.000+01:00,0.49617934226989746,0.5246907472610474,0.5246908068656921,540,26.393911361694336,28.633865356445312,32.79468918,1018.380615234375,,1,35,31366,16211,buffered,,,,,,
4837,2026-08-07T15:21:44.000+01:00,0.5484762787818909,0.5799927115440369,0.5799928307533264,540,26.404592514038086,28.6973877,32.82368087768555,1018.3427124023438,,1,38,31505,16217,buffered,,,,,,
4838,2026-08-07T15:21:54.000+01:00,1.1221333742141724,1.1866132020950317,1.1866134405136108,540,26.407262802124023,28.76543426513672,32.62531661987305,1018.3172607421875,,1,42,31473,16227,buffered,,,,,,
4839,2026-08-07T15:22:04.000+01:00,1.6379684209823608,1.7320891618728638,1.7320894002914429,542,26.46601104736328,28.816192626953125,32.158390045166016,1018.313720703125,,1,44,31693,16221,buffered,,,,,,
4840,2026-08-07T15:22:15.000+01:00,2.133099079,2.2556710243225098,2.255671262741089,544,26.439308166503906,28.863258361816406,31.836423873901367,1018.3206787109375,0.749511719,1,41,31745,16223,live,,,,,51.540944923822124,-0.008294142
4841,2026-08-07T15:22:24.000+01:00,2.147442341,2.2708382606506348,2.270838737487793,543,26.514076232910156,28.917701721191406,31.60906410217285,1018.3107299804688,,1,42,31812,16218,buffered,,,,,,
4842,2026-08-07T15:22:34.000+01:00,2.2113914489746094,2.3384621143341064,2.3384623527526855,543,26.559471130371094,28.96136474609375,31.45037078857422,1018.321777,,1,45,31844,16216,buffered,,,,,,
4843,2026-08-07T15:22:44.000+01:00,2.2376484870910645,2.3662281036376953,2.3662283420562744,542,26.570154190063477,29.021766662597656,31.311511993408203,1018.2379150390625,,1,51,31845,16213,buffered,,,,,,
4844,2026-08-07T15:22:54.000+01:00,1.8444703817367554,1.9504570960998535,1.9504573345184326,543,26.623559951782227,29.081878662109375,31.52971649169922,1018.2368774414062,,1,71,31668,16213,buffered,,,,,,
4845,2026-08-07T15:23:04.000+01:00,1.396105170249939,1.4763280153274536,1.4763282537460327,545,26.655603408813477,29.13433837890625,31.97375488,1018.231689453125,,1,113,31571,16222,buffered,,,,,,
4846,2026-08-07T15:23:14.000+01:00,1.4789332151412964,1.563915491104126,1.563915729522705,551,26.727703094482422,29.214012145996094,32.41626739501953,1018.214844,,1,133,31535,16255,buffered,,,,,,
4847,2026-08-07T15:23:24.000+01:00,1.6122148036956787,1.7048555612564087,1.7048559188842773,559,26.781108856201172,29.263343811035156,32.64362716674805,1020.012451171875,,1,131,31653,16280,buffered,,,,,,
4848,2026-08-07T15:23:34.000+01:00,1.6193214654922485,1.7123706340789795,1.7123708724975586,564,26.847867965698242,29.336219787597656,32.73517990112305,1020.8738403320312,,1,135,31417,16293,buffered,,,,,,
4849,2026-08-07T15:23:44.000+01:00,1.571908950805664,1.662233829498291,1.6622340679168701,570,26.890592575073242,29.37847137451172,32.69703293,1020.8781127929688,25.57434082,1,112,31895,16338,live,,,,,51.541192977524034,-0.007854003
4850,2026-08-07T15:23:54.000+01:00,1.4717106819152832,1.556277871131897,1.556278109550476,569,26.946670532226562,29.469772338867188,31.837949752807617,1020.8402099609375,0.37902832,1,78,32045,16377,live,,,,,51.54124719354992,-0.007669694
4851,2026-08-07T15:24:05.000+01:00,1.809916615486145,1.913917899131775,1.913918137550354,569,27.005416870117188,29.5423584,31.08720588684082,1020.8787231445312,0.385131836,1,57,32170,16366,live,,,,,51.541211760420275,-0.007483516
4852,2026-08-07T15:24:14.000+01:00,2.009517192840576,2.124987840652466,2.124988079071045,564,27.109560012817383,29.62175750732422,30.521095275878906,1020.839111328125,0.396118164,1,49,32193,16342,live,,,,,51.54116276248506,-0.007323423
4853,2026-08-07T15:24:24.000+01:00,2.006575107574463,2.1218764781951904,2.1218769550323486,538,27.072175979614258,29.68866729736328,29.909208297729492,1020.8499145507812,0.108032227,1,46,32267,16345,live,,,,,51.54101612803991,-0.007070007
4854,2026-08-07T15:24:34.000+01:00,2.1444449424743652,2.2676687240600586,2.2676689624786377,534,27.03479004,29.727798461914062,29.552146911621094,1020.9545288085938,1.046142578,1,46,32346,16352,live,,,,,51.54091681510921,-0.006947204
4855,2026-08-07T15:24:44.000+01:00,2.3788769245147705,2.5155715942382812,2.5155720710754395,527,27.10154914855957,29.794151306152344,28.969253540039062,1020.9339599609375,,1,48,32369,16362,buffered,,,,,,
4856,2026-08-07T15:24:54.000+01:00,2.313253402709961,2.4461772441864014,2.4461777210235596,507,27.136262893676758,29.83214569091797,28.51148223876953,1020.941895,0.126342773,1,51,32406,16361,live,,,,,51.541119581544756,-0.006747994
4857,2026-08-07T15:25:04.000+01:00,2.0831782817840576,2.2028815746307373,2.2028820514678955,504,27.197681427001953,29.908424377441406,28.175783157348633,1020.9427490234375,0.008544922,1,59,32433,16367,live,,,,,51.54093284412744,-0.006509765
4858,2026-08-07T15:25:14.000+01:00,1.8668591976165771,1.9741324186325073,1.974132776260376,504,27.01342773,29.93933105,27.9987793,1020.935791015625,0.069580078,1,69,32375,16387,live,,,,,51.54092906,-0.006582652
4859,2026-08-07T15:25:24.000+01:00,1.5841033458709717,1.6751288175582886,1.6751290559768677,502,26.927976608276367,29.975059509277344,27.911802291870117,1020.9685668945312,0.327758789,1,79,32369,16359,live,,,,,51.54091899283621,-0.006648677
4860,2026-08-07T15:25:34.000+01:00,1.476326823234558,1.5611592531204224,1.5611594915390015,498,27.077516555786133,30.03460693359375,27.61882972717285,1020.9815063476562,0.129394531,1,86,32381,16360,live,,,,,51.54096885876172,-0.006580722
4861,2026-08-07T15:25:44.000+01:00,1.4500998258590698,1.5334253311157227,1.5334255695343018,496,27.157625198364258,30.09528350830078,27.49675750732422,1021.0579833984375,0.764770508,1,91,32371,16364,live,,,,,51.54104651909541,-0.00644508
4862,2026-08-07T15:25:55.000+01:00,1.5175414085388184,1.604742169380188,1.604742407798767,495,27.216373443603516,30.14887237548828,27.54558563232422,1021.1199340820312,0.619506836,1,91,32388,16372,live,,,,,51.54114901205461,-0.006249186
4863,2026-08-07T15:26:04.000+01:00,1.8885817527770996,1.997103214263916,1.9971034526824951,495,27.301822662353516,30.197647094726562,27.68291664123535,1021.1798706054688,0.599365234,1,107,32239,16422,live,,,,,51.54120971160999,-0.006096465
4864,2026-08-07T15:26:14.000+01:00,2.2085912227630615,2.335500955581665,2.335501194000244,496,27.339208602905273,30.235069274902344,27.98504638671875,1021.2324829101562,0.526123047,1,131,32215,16481,live,,,,,51.54132228849907,-0.005907215
4865,2026-08-07T15:26:24.000+01:00,2.1735541820526123,2.2984507083892822,2.2984511852264404,497,27.41664695739746,30.282142639160156,27.879758834838867,1021.2899169921875,0.57434082,1,126,32235,16521,live,,,,,51.54140348963555,-0.005792526
4866,2026-08-07T15:26:34.000+01:00,2.031256914138794,2.147976875305176,2.147977113723755,501,27.502098083496094,30.334312438964844,27.800411224365234,1021.3563232421875,0.6640625,1,120,32225,16529,live,,,,,51.54150663325356,-0.005638017
4867,2026-08-07T15:26:44.000+01:00,1.761412262916565,1.862626314163208,1.862626552581787,501,27.53948211669922,30.398117065429688,27.690547943115234,1021.4209594726562,0.646362305,1,117,32267,16537,live,,,,,51.54161628684674,-0.005451989
4868,2026-08-07T15:26:54.000+01:00,1.6252727508544922,1.7186639308929443,1.7186641693115234,499,27.62493324279785,30.451698303222656,27.49065399169922,1021.4328002929688,0.118408203,1,101,32453,16551,live,,,,,51.54169767512256,-0.005251418
4869,2026-08-07T15:27:05.000+01:00,1.6114678382873535,1.7040657997131348,1.7040660381317139,498,27.512779235839844,30.46985626220703,27.269397735595703,1021.5,0.67199707,1,88,32322,16561,live,,,,,51.54169466092127,-0.005170653
4870,2026-08-07T15:27:14.000+01:00,1.6678932905197144,1.7637335062026978,1.7637338638305664,498,27.531471252441406,30.455673217773438,27.13511848449707,1021.5010986328125,0.010986328,1,86,32419,16544,live,,,,,51.541803873513636,-0.005008686
4871,2026-08-07T15:27:24.000+01:00,2.1695525646209717,2.2942192554473877,2.294219493865967,498,27.544822692871094,30.49140167236328,27.016098022460938,1021.4578857421875,0.432128906,1,81,32424,16550,live,,,,,51.54192643355294,-0.004854599
4872,2026-08-07T15:27:34.000+01:00,2.6050186157226562,2.7547078132629395,2.7547080516815186,497,27.59556007385254,30.53393555,26.924543380737305,1021.484130859375,0.262451172,1,85,32386,16546,live,,,,,51.542012854415034,-0.004761163
4873,2026-08-07T15:27:45.000+01:00,2.4068868160247803,2.5451910495758057,2.545191526412964,496,27.654306411743164,30.587242126464844,26.814680099487305,1021.4888916015625,0.047607422,1,94,32380,16540,live,,,,,51.54215134587764,-0.0046201
4874,2026-08-07T15:27:54.000+01:00,2.0566649436950684,2.174844741821289,2.174844980239868,495,27.683679580688477,30.61644744873047,26.695659637451172,1021.5127563476562,0.238647461,1,98,32388,16522,live,,,,,51.54224630418137,-0.004526943
4875,2026-08-07T15:28:04.000+01:00,2.118945360183716,2.240703821182251,2.240704298019409,495,27.739757537841797,30.65472412109375,26.57511329650879,1021.5220336914062,0.092773438,1,98,32385,16505,live,,,,,51.54237088800997,-0.004415281
4876,2026-08-07T15:28:14.000+01:00,2.275714635848999,2.4064815044403076,2.4064817428588867,495,27.763790130615234,30.686477661132812,26.509498596191406,1021.545654296875,0.236206055,1,101,32390,16488,live,,,,,51.542524664541546,-0.004309126
4877,2026-08-07T15:28:24.000+01:00,27.220905303955078,28.785070419311523,28.78507423400879,496,27.83588981628418,30.712852478027344,26.446937561035156,1021.5419311523438,0.037231445,1,105,32279,16487,live,,,,,51.542580649048794,-0.004319184
4878,2026-08-07T15:28:34.000+01:00,3.9901297092437744,4.219409942626953,4.2194108963012695,498,27.782482147216797,30.717674255371094,26.787212371826172,1021.535156,0.067749023,1,181,31770,16491,live,,,,,51.542580649048794,-0.004319184
4879,2026-08-07T15:28:44.000+01:00,4.465699195861816,4.722306728363037,4.7223076820373535,511,27.739757537841797,30.744895935058594,27.382314682006836,1021.5468139648438,0.116577148,1,267,31529,16496,live,,,,,51.54262721133069,-0.004358118
4880,2026-08-07T15:28:54.000+01:00,4.829025745391846,5.106510162353516,5.106511116027832,559,27.787822723388672,30.773529052734375,27.875181198120117,1021.5406494140625,0.061645508,1,296,31444,16525,live,,,,,51.542647592439636,-0.0044407
4881,2026-08-07T15:29:04.000+01:00,5.470675945281982,5.785031318664551,5.785032272338867,612,27.750438690185547,30.80046844482422,28.33753014,1021.541504,0.008544922,1,282,31456,16553,live,,,,,51.542647592439636,-0.0044407
4882,2026-08-07T15:29:15.000+01:00,5.573550701141357,5.893816947937012,5.893817901611328,652,27.65964698791504,30.821731567382812,28.722057342529297,1021.5359497070312,0.055541992,1,236,31554,16574,live,,,,,51.542647592439636,-0.0044407
4883,2026-08-07T15:29:24.000+01:00,4.876297950744629,5.156499386,5.156499862670898,678,27.54749298095703,30.82286834716797,29.045547485351562,1021.5521850585938,0.162353516,1,182,31603,16587,live,,,,,51.542647592439636,-0.0044407
4884,2026-08-07T15:29:34.000+01:00,4.070703983306885,4.304614543914795,4.304615020751953,708,27.45403289794922,30.832229614257812,29.32631492614746,1021.5515747070312,0.006103516,1,149,31630,16584,live,,,,,,
4885,2026-08-07T15:29:44.000+01:00,4.124202728271484,4.361186981201172,4.361187458,735,27.57152748,30.843002319335938,29.451438903808594,1021.8609619140625,3.09387207,1,131,31622,16573,live,,,,,51.542502592884055,-0.004247183
4886,2026-08-07T15:29:54.000+01:00,3.589315653,3.7955644130706787,3.795564889907837,756,27.587549209594727,30.864547729492188,29.471275329589844,1022.2274780273438,3.665161133,1,111,31685,16577,live,,,,,51.542325761543516,-0.004186042
4887,2026-08-07T15:30:04.000+01:00,3.5181150436401367,3.7234256267547607,3.727391004562378,776,27.62493324279785,30.870506286621094,29.485008239746094,1022.237793,0.103149414,1,100,31699,16559,live,,,,,51.54206667433012,-0.004130096
4888,2026-08-07T15:30:14.000+01:00,3.2609004974365234,3.455991506576538,3.465691328048706,790,27.651636123657227,30.89574432373047,29.591821670532227,1022.2349243164062,0.028686523,1,98,31613,16555,live,,,,,51.541877441168026,-0.004066662
4889,2026-08-07T15:30:24.000+01:00,3.213010549545288,3.4098918437957764,3.4253034591674805,798,27.713054656982422,30.894325256347656,29.579614639282227,1022.228516,0.064086914,1,93,31852,16546,live,,,,,51.54177125,-0.004018641
4890,2026-08-07T15:30:34.000+01:00,3.0665762424468994,3.2593584060668945,3.280196189880371,807,27.785152435302734,30.885818481445312,29.297321319580078,1022.2260131835938,0.025024414,1,90,31881,16549,live,,,,,51.541594353457484,-0.003940638
4891,2026-08-07T15:30:44.000+01:00,3.1888816356658936,3.3964197635650635,3.4269750118255615,805,27.83588981628418,30.893470764160156,29.124895095825195,1022.2132568359375,0.127563477,1,89,31905,16529,live,,,,,51.54148358427464,-0.00391527
4892,2026-08-07T15:30:54.000+01:00,3.240732431411743,3.4607043266296387,3.5031471252441406,801,27.82520866394043,30.906517028808594,28.93415641784668,1022.2142944335938,0.010375977,1,88,31884,16514,live,,,,,51.54140903798603,-0.003887662
4893,2026-08-07T15:31:05.000+01:00,3.381969928741455,3.6181719303131104,3.670818806,792,27.854581832885742,30.930618286132812,28.722057342529297,1022.213134765625,0.01159668,1,90,31749,16479,live,,,,,51.54130525225397,-0.003815382
4894,2026-08-07T15:31:14.000+01:00,3.0989573001861572,3.3259685039520264,3.387507915496826,780,27.851911544799805,30.932601928710938,28.53437042236328,1022.207031,0.061035156,1,114,31731,16459,live,940GZZLUSTD,Stratford,,,,
4895,2026-08-07T15:31:24.000+01:00,2.8953819274902344,3.120356559753418,3.194044351577759,763,27.753108978271484,30.93175506591797,28.48249053955078,1021.9727172851562,2.343139648,1,102,31895,16437,live,940GZZLUSTD,Stratford,,,,
4896,2026-08-07T15:31:34.000+01:00,2.7519454956054688,2.9726858139038086,3.0514137744903564,739,27.67032814025879,30.923812866210938,28.238346099853516,1021.971191,0.015258789,1,93,32039,16422,live,,,,,51.54092908439302,-0.003184187
4897,2026-08-07T15:31:44.000+01:00,2.7176454067230225,2.9401798248291016,3.023641586303711,707,27.60624122619629,30.927215576171875,27.97894287109375,1021.9710083007812,0.001831055,1,91,32110,16390,live,,,,,51.54092908439302,-0.003184187
4898,2026-08-07T15:31:54.000+01:00,2.3519818782806396,2.5496163368225098,2.6281888484954834,690,27.58487892150879,30.91388702392578,27.792781829833984,1021.9713134765625,0.003051758,1,84,32253,16376,live,,,,,51.54092908439302,-0.003184187
4899,2026-08-07T15:32:04.000+01:00,1.8902299404144287,2.051734209060669,2.1182379722595215,665,27.520790100097656,30.947914123535156,27.47692108154297,1021.9614868164062,0.098266602,1,74,32208,16347,live,940GZZLUSTD,Stratford,,,,
4900,2026-08-07T15:32:14.000+01:00,1.8331432342529297,1.9907828569412231,2.056551933288574,620,27.280460357666016,30.80443572998047,27.14122200012207,1021.9513549804688,0.101318359,1,64,32457,16347,live,940GZZLUSTD,Stratford,,,,
4901,2026-08-07T15:32:24.000+01:00,1.7424589395523071,1.8934539556503296,1.9574203491210938,597,27.146944046020508,30.900558471679688,26.994735717773438,1021.9514770507812,0.001220703,1,60,32387,16320,live,940GZZLUSTD,Stratford,,,,
4902,2026-08-07T15:32:34.000+01:00,2.097811698913574,2.2786448001861572,2.3544552326202393,577,27.20035171508789,30.929763793945312,26.976425170898438,1021.953857421875,0.023803711,1,64,32308,16263,live,940GZZLUSTD,Stratford,,,,
4903,2026-08-07T15:32:44.000+01:00,2.2967658042907715,2.4919872283935547,2.5715157985687256,568,27.33119773864746,30.951034545898438,27.034408569335938,1021.962646484375,0.087890625,1,67,32226,16241,live,,,,,51.54049872359529,-0.003031447
4904,2026-08-07T15:32:55.000+01:00,2.248159646987915,2.4374659061431885,2.5130672454833984,568,27.47539520263672,30.977691650390625,27.197681427001953,1022.1029663085938,1.403198242,1,91,32122,16229,live,,,,,51.54047040241377,-0.002971731
4905,2026-08-07T15:33:04.000+01:00,2.477090597,2.685753107070923,2.7691526412963867,574,27.598230361938477,31.006614685058594,27.719539642333984,1021.9710083007812,1.319580078,1,124,32030,16219,live,,,,,51.54040202,-0.002675408
4906,2026-08-07T15:33:14.000+01:00,2.665102243423462,2.890303611755371,2.980914831161499,579,27.69436264038086,31.036949157714844,28.284122467041016,1022.1246948242188,1.536865234,1,145,31978,16240,live,,,,,51.53965646976239,-0.001615807
4907,2026-08-07T15:33:24.000+01:00,2.910280943,3.159224510192871,3.261974334716797,632,27.817197799682617,31.070404052734375,28.790721893310547,1022.267333984375,1.426391602,1,157,31889,16253,live,,,,,51.53879920823605,-0.001379731
4908,2026-08-07T15:33:34.000+01:00,3.9419758319854736,4.289719104766846,4.442160606384277,688,27.92133903503418,31.109817504882812,29.149309158325195,1022.0925903320312,1.747436523,1,166,31850,16268,live,,,,,51.53824485817616,-0.000531601
4909,2026-08-07T15:33:44.000+01:00,5.029849052429199,5.5044355392456055,5.7377705574035645,737,28.033493041992188,31.16936492919922,29.474327087402344,1022.044189453125,0.484008789,1,180,31705,16274,live,,,,,51.536695463624106,0.000960313
4910,2026-08-07T15:33:54.000+01:00,5.462970257,6.013052463531494,6.310023784637451,773,28.11894416809082,31.222679138183594,29.677270889282227,1021.9849853515625,0.592041016,1,176,31690,16287,live,,,,,51.53477126637037,0.001597002
4911,2026-08-07T15:34:04.000+01:00,7.342285156,8.140275955200195,8.613190650939941,811,28.263141632080078,31.281654357910156,30.135042190551758,1022.0093994140625,0.244140625,1,172,31640,16286,live,,,,,51.533254031267795,0.002540622
4912,2026-08-07T15:34:14.000+01:00,8.005390167236328,8.938259125,9.532858848571777,847,28.356603622436523,31.340347290039062,30.411230087280273,1022.1057739257812,0.963745117,1,164,31616,16304,live,,,,,,
4913,2026-08-07T15:34:24.000+01:00,8.395587921142578,9.446534156799316,10.161419868469238,870,28.45006561279297,31.39733887,30.511940002441406,1022.1408081054688,0.350341797,1,153,31594,16318,live,,,,,51.53084974073618,0.004327334
4914,2026-08-07T15:34:34.000+01:00,9.472935676574707,10.760784149169922,11.69571590423584,887,28.57023048400879,31.461990356445312,30.705730438232422,1022.341309,2.005004883,1,152,31551,16321,live,,,,,51.52985796062245,0.004167864
4915,2026-08-07T15:34:45.000+01:00,9.683880805969238,11.113780975341797,12.212095260620117,892,28.63164710998535,31.538833618164062,30.749980926513672,1022.2415771484375,0.997314453,1,146,31525,16329,live,,,,,51.52869409429531,0.004282822
4916,2026-08-07T15:34:54.000+01:00,8.876420974731445,10.254901885986328,11.346902847290039,901,28.727779388427734,31.597808837890625,30.64774513244629,1022.2029418945312,0.386352539,1,145,31395,16319,live,,,,,51.52799881618542,0.004311043
4917,2026-08-07T15:35:04.000+01:00,7.279453754425049,8.429509162902832,9.349661827087402,912,28.79720687866211,31.648841857910156,30.972763061523438,1022.2089233398438,0.059814453,1,225,30890,16316,live,,,,,51.52736972429421,0.004859222
4918,2026-08-07T15:35:14.000+01:00,5.683500767,6.5815300941467285,7.3000922203063965,940,28.882658004760742,31.726829528808594,31.67925453186035,1022.231689453125,0.227661133,1,270,30869,16330,live,,,,,51.526293160728414,0.004910471
4919,2026-08-07T15:35:24.000+01:00,4.131438255310059,4.782308578491211,5.302226543426514,962,28.944076538085938,31.78154754638672,31.360342025756836,1022.2070922851562,0.24597168,1,207,31417,16389,live,,,,,,
4920,2026-08-07T15:35:34.000+01:00,3.0723512172698975,3.5506739616394043,3.9301462173461914,951,28.946746826171875,31.844497680664062,30.041961669921875,1022.2027587890625,0.043334961,1,134,31780,16368,live,,,,,,
4921,2026-08-07T15:35:44.000+01:00,2.592993736,2.991041421890259,3.3042078018188477,862,29.053558349609375,31.883628845214844,29.208820343017578,1022.1969604492188,0.057983398,1,116,31934,16297,live,940GZZLUWHM,West Ham,,,,
4922,2026-08-07T15:35:54.000+01:00,2.1289777755737305,2.448502302,2.696457862854004,805,29.056228637695312,31.936370849609375,28.35736656188965,1022.198974609375,0.020141602,1,82,32000,16259,live,940GZZLUWHM,West Ham,,,,
4923,2026-08-07T15:36:04.000+01:00,2.1270194053649902,2.440842628479004,2.681769847869873,753,29.10429573059082,31.975502014160156,27.97589111328125,1022.1990356445312,,1,65,31974,16189,buffered,,,,,,
4924,2026-08-07T15:36:14.000+01:00,2.4215497970581055,2.7761504650115967,3.047071933746338,716,29.163042068481445,32.01831817626953,27.753108978271484,1022.202880859375,,1,61,31997,16166,buffered,,,,,,
4925,2026-08-07T15:36:24.000+01:00,2.456610918045044,2.818614959716797,3.096313238143921,684,29.221790313720703,32.05574035644531,27.577631,1022.2001342773438,,1,61,32040,16151,buffered,,,,,,
4926,2026-08-07T15:36:35.000+01:00,1.9242557287216187,2.2079951763153076,2.4257450103759766,652,29.280536651611328,32.09175109863281,27.383840560913086,1022.220947265625,0.219726563,1,63,32032,16133,live,940GZZLUWHM,West Ham,,,,
4927,2026-08-07T15:36:44.000+01:00,1.7714593410491943,2.028048515319824,2.222698689,618,29.31525230407715,32.117835998535156,27.07103157043457,1022.2122802734375,0.086669922,1,63,32109,16125,live,940GZZLUWHM,West Ham,,,,
4928,2026-08-07T15:36:54.000+01:00,1.757493257522583,2.004676103591919,2.188507318496704,594,29.320592880249023,32.15782165527344,26.713970184326172,1022.2176513671875,0.053710938,1,66,32144,16111,live,940GZZLUWHM,West Ham,,,,
4929,2026-08-07T15:37:04.000+01:00,1.7745202779769897,2.0161290168762207,2.191720485687256,580,29.32593346,32.115570068359375,26.19974136352539,1022.231689453125,,1,62,32359,16123,buffered,,,,,,
4930,2026-08-07T15:37:14.000+01:00,1.8523844480514526,2.0937654972076416,2.2634453773498535,563,29.304569244384766,32.08721923828125,25.902189254760742,1022.1749267578125,0.427246094,1,61,32206,16093,live,940GZZLUWHM,West Ham,,,,
4931,2026-08-07T15:37:24.000+01:00,1.6538580656051636,1.8597139120101929,1.999066710472107,545,29.360647201538086,32.11585235595703,25.587854385375977,1022.1763305664062,0.014038086,1,66,32258,16063,live,940GZZLUWHM,West Ham,,,,
4932,2026-08-07T15:37:34.000+01:00,1.5731996297836304,1.7607084512710571,1.8828191757202148,540,29.363317489624023,32.144203186035156,25.42763328552246,1022.1611938476562,0.151367188,1,73,32224,16034,live,940GZZLUWHM,West Ham,,,,
4933,2026-08-07T15:37:45.000+01:00,1.5846494436264038,1.764854907989502,1.8769539594650269,536,29.317922592163086,32.142791748046875,25.218585968017578,1022.1727294921875,0.115356445,1,76,32289,16031,live,940GZZLUWHM,West Ham,,,,
4934,2026-08-07T15:37:54.000+01:00,1.5968929529190063,1.7716903686523438,1.8761048316955566,530,29.27786636352539,32.11585235595703,25.098039627075195,1022.178955078125,0.062255859,1,77,32325,16014,live,940GZZLUWHM,West Ham,,,,
4935,2026-08-07T15:38:04.000+01:00,1.379801630973816,1.5261057615280151,1.610377550125122,521,29.24582290649414,32.11614227294922,24.86762809753418,1022.1624755859375,0.164794922,1,76,32352,16016,live,940GZZLUWHM,West Ham,,,,
4936,2026-08-07T15:38:14.000+01:00,1.7246524095535278,1.9008408784866333,1.997773528,515,29.181734085083008,32.12861633300781,24.785228729248047,1022.1898193359375,0.2734375,1,78,32322,15981,live,940GZZLUWHM,West Ham,,,,
4937,2026-08-07T15:38:25.000+01:00,3.0280072689056396,3.3338429927825928,3.4996259212493896,511,29.20309829711914,32.121238708496094,24.756237030029297,1022.2040405273438,0.142211914,1,79,32283,15969,live,,,,,51.527732753505845,0.004501377
4938,2026-08-07T15:38:34.000+01:00,4.2299675941467285,4.655263423919678,4.8844122886657715,512,29.243152618408203,32.13598633,25.36659812927246,1022.2132568359375,0.092163086,1,88,32135,15952,live,,,,,51.527732753505845,0.004501377
4939,2026-08-07T15:38:44.000+01:00,4.429490566253662,4.875776290893555,5.1169047355651855,519,29.27786636352539,32.13683319091797,25.76333236694336,1022.2616577148438,0.484008789,1,127,31994,15990,live,,,,,51.5273704,0.004510217
4940,2026-08-07T15:38:54.000+01:00,4.633272647857666,5.105830192565918,5.365268707275391,538,29.293888092041016,32.16377258300781,25.944915771484375,1022.3303833007812,0.687255859,1,145,32015,16006,live,,,,,51.52609260860124,0.004881124
4941,2026-08-07T15:39:04.000+01:00,4.807659149169922,5.316364765167236,5.6086578369140625,566,29.37666893005371,32.17681121826172,26.150911331176758,1022.3206787109375,0.097045898,1,150,31982,16014,live,,,,,51.52441608993001,0.004774812
4942,2026-08-07T15:39:14.000+01:00,5.0211873054504395,5.570751667022705,5.898992538452148,577,29.37666893005371,32.19525146484375,26.27450942993164,1022.3490600585938,0.283813477,1,147,31962,16028,live,,,,,51.522452346263705,0.004586013
4943,2026-08-07T15:39:24.000+01:00,5.417701721191406,6.020467758178711,6.386958122253418,588,29.40871238708496,32.21991729736328,26.24094009399414,1022.3259887695312,0.230712891,1,137,31955,16013,live,,,,,51.520396909430325,0.004562207
4944,2026-08-07T15:39:34.000+01:00,5.315991401672363,5.918207645,6.291354179382324,597,29.440757751464844,32.23834228515625,26.356908798217773,1022.3234252929688,0.025634766,1,134,31938,16002,live,,,,,51.518315149474205,0.00511419
4945,2026-08-07T15:39:44.000+01:00,5.496084690093994,6.1221795082092285,6.512340068817139,609,29.494163513183594,32.25762176513672,26.419469833374023,1022.3142700195312,0.091552734,1,129,31912,16013,live,,,,,51.51653243640892,0.005742184
4946,2026-08-07T15:39:55.000+01:00,5.734922409057617,6.403849124908447,6.830609321594238,614,29.512855529785156,32.29052734,26.500343322753906,1022.2734985351562,0.407714844,1,126,31885,16001,live,,,,,51.51520761726709,0.006824325
4947,2026-08-07T15:40:04.000+01:00,7.032311916351318,7.940762519836426,8.574971199035645,619,29.571603775024414,32.318878173828125,26.553749084472656,1022.355469,0.819702148,1,128,31847,16005,live,,,,,51.51454994292527,0.007647827
4948,2026-08-07T15:40:14.000+01:00,6.726278305053711,7.707925796508789,8.456286430358887,623,29.592966079711914,32.348365783691406,26.63004493713379,1022.348876953125,0.065917969,1,130,31818,16000,live,,,,,51.514190098163056,0.008023456
4949,2026-08-07T15:40:24.000+01:00,6.583544731140137,7.638513088226318,8.489384651184082,632,29.635690689086914,32.38806152,26.773479461669922,1022.3560791015625,0.072021484,1,132,31767,15994,live,940GZZLUCGT,Canning Town,,,,
4950,2026-08-07T15:40:34.000+01:00,5.283865451812744,6.168915271759033,6.900031566619873,640,29.65171241760254,32.40196228027344,26.851301193237305,1022.3303833007812,0.256958008,1,131,31810,16025,live,940GZZLUCGT,Canning Town,,,,
4951,2026-08-07T15:40:44.000+01:00,3.5897421836853027,4.204876899719238,4.718997478485107,639,29.67307472229004,32.433143615722656,26.22110366821289,1022.3258056640625,0.045776367,1,122,31765,16026,live,940GZZLUCGT,Canning Town,,,,
4952,2026-08-07T15:40:54.000+01:00,2.705003499984741,3.1710379123687744,3.561601161956787,639,29.686426162719727,32.453277587890625,25.946441650390625,1022.3211059570312,0.04699707,1,119,31922,15989,live,940GZZLUCGT,Canning Town,,,,
4953,2026-08-07T15:41:04.000+01:00,2.595341444015503,3.0439579486846924,3.420542001724243,633,29.721141815185547,32.48786926269531,25.79537582397461,1022.325684,0.045776367,1,114,31985,15978,live,940GZZLUCGT,Canning Town,,,,
4954,2026-08-07T15:41:14.000+01:00,2.262531042098999,2.6529300212860107,2.980355978012085,623,29.758525848388672,32.51622772216797,25.654993057250977,1022.3279418945312,,1,100,32046,15968,buffered,,,,,,
4955,2026-08-07T15:41:24.000+01:00,2.4649462699890137,2.8731493949890137,3.2083377838134766,611,29.795909881591797,32.531822204589844,25.520713806152344,1022.319824,0.05859375,1,83,32179,15985,live,940GZZLUCGT,Canning Town,,,,
4956,2026-08-07T15:41:35.000+01:00,2.2935538291931152,2.658764123916626,2.952275514602661,589,29.811931610107422,32.55762481689453,25.250629425048828,1022.331787109375,0.119628906,1,68,32250,16000,live,940GZZLUCGT,Canning Town,,,,
4957,2026-08-07T15:41:44.000+01:00,2.117314100265503,2.4451539516448975,2.704408645629883,573,29.809261322021484,32.602989196777344,24.90272331237793,1022.3336791992188,0.018920898,1,64,32238,15990,live,940GZZLUCGT,Canning Town,,,,
4958,2026-08-07T15:41:54.000+01:00,2.0710511207580566,2.3836452960968018,2.6270716190338135,559,29.81727409362793,32.62226867675781,24.678415298461914,1022.3347778320312,0.010986328,1,71,32221,15959,live,940GZZLUCGT,Canning Town,,,,
4959,2026-08-07T15:42:04.000+01:00,2.110051393508911,2.423164129257202,2.6644246578216553,547,29.843976974487305,32.646087646484375,24.53498077392578,1022.3411865234375,,1,77,32240,15944,buffered,,,,,,
4960,2026-08-07T15:42:14.000+01:00,1.9553170204162598,2.240130662918091,2.4569873809814453,535,29.868009567260742,32.686920166015625,24.47547149658203,1022.3658447265625,,1,83,32105,15928,buffered,,,,,,
4961,2026-08-07T15:42:24.000+01:00,1.902641773223877,2.1699488162994385,2.3685972690582275,528,29.876020431518555,32.713287353515625,24.298465728759766,1022.3465576171875,,1,84,32290,15931,buffered,,,,,,
4962,2026-08-07T15:42:34.000+01:00,1.7538789510726929,1.989308476448059,2.1586217880249023,519,29.77187728881836,32.72888946533203,23.94750977,1022.3499755859375,,1,84,32245,15921,buffered,,,,,,
4963,2026-08-07T15:42:44.000+01:00,1.7052373886108398,1.9247145652770996,2.077483654022217,508,29.675745010375977,32.748451232910156,23.715572357177734,1022.3426513671875,0.078735352,1,85,32251,15876,live,940GZZLUCGT,Canning Town,,,,
4964,2026-08-07T15:42:54.000+01:00,1.7672020196914673,1.9857615232467651,2.1328985691070557,500,29.665063858032227,32.76177215576172,23.60875893,1022.330810546875,0.118408203,1,85,32247,15837,live,940GZZLUCGT,Canning Town,,,,
4965,2026-08-07T15:43:04.000+01:00,1.5635743141174316,1.749672770500183,1.870705246925354,494,29.625009536743164,32.770851135253906,23.51415252685547,1022.357422,0.266113281,1,85,32290,15832,live,940GZZLUCGT,Canning Town,,,,
4966,2026-08-07T15:43:15.000+01:00,2.2258358001708984,2.4821770191192627,2.6436843872070312,490,29.571603775024414,32.77368927001953,23.45006561279297,1022.371582,0.141601563,1,85,32260,15811,live,940GZZLUCGT,Canning Town,,,,
4967,2026-08-07T15:43:24.000+01:00,2.9826674461364746,3.316471815109253,3.5206997394561768,487,29.52887725830078,32.778228759765625,23.411916732788086,1022.380859,0.092773438,1,86,32247,15799,live,940GZZLUCGT,Canning Town,,,,
4968,2026-08-07T15:43:34.000+01:00,4.935057640075684,5.4950995445251465,5.842739105224609,485,29.52887725830078,32.790985107421875,23.51415252685547,1022.3912353515625,0.103759766,1,87,32210,15781,live,,,,,51.51427159904975,0.008545908
4969,2026-08-07T15:43:44.000+01:00,5.309789657592773,5.921068192,6.306057929992676,483,29.60898780822754,32.79920959472656,23.63622475,1022.4093627929688,0.181274414,1,90,32105,15772,live,,,,,51.51388766488325,0.00871571
4970,2026-08-07T15:43:54.000+01:00,5.174645424,5.776526451,6.159465312957764,483,29.63836097717285,32.81593322753906,23.752193450927734,1022.279297,1.30065918,1,93,32244,15778,live,,,,,51.512723367455585,0.0093672
4971,2026-08-07T15:44:04.000+01:00,5.600519657,6.277678966522217,6.724501609802246,484,29.702449798583984,32.82756042480469,23.900205612182617,1023.6378173828125,13.58520508,1,99,32098,15778,live,,,,,51.51114134834255,0.010221498887793515
4972,2026-08-07T15:44:14.000+01:00,11.536192893981934,13.064774513244629,14.153335571289062,495,29.747844696044922,32.84740447998047,24.04058837890625,1020.3311767578125,33.06640625,1,107,32126,15783,live,,,,,51.50946596519435,0.011296510297685669
4973,2026-08-07T15:44:24.000+01:00,17.41063690185547,20.50701141357422,23.14252471923828,507,29.774547576904297,32.87207794189453,24.063478469848633,1019.8114624023438,5.197143555,1,110,32115,15793,live,,,,,51.509148408624206,0.011549003553836626
4974,2026-08-07T15:44:34.000+01:00,21.75080680847168,27.515596389770508,33.19289779663086,507,29.81727409362793,32.895050048828125,24.165712356567383,1019.5374145507812,2.740478516,1,113,32104,15787,live,,,,,51.509148408624206,0.011549003553836626
4975,2026-08-07T15:44:44.000+01:00,22.314613342285156,29.959426879882812,37.960018157958984,507,29.88136100769043,32.923683166503906,24.151979446411133,1021.0382080078125,15.00793457,1,112,32092,15790,live,,,,,51.509148408624206,0.011549003553836626
4976,2026-08-07T15:44:55.000+01:00,20.86060905456543,29.19833755493164,38.175296783447266,508,29.937437057495117,32.94665527,24.280155181884766,1023.5111694335938,24.72961426,1,112,32070,15794,live,,,,,51.509148408624206,0.011549003553836626
4977,2026-08-07T15:45:04.000+01:00,20.769899368286133,29.146385192871094,38.178627014160156,510,29.982833862304688,32.98606872558594,24.46784210205078,1023.8208618164062,3.096923828,1,114,32052,15791,live,,,,,51.509148408624206,0.011549003553836626
4978,2026-08-07T15:45:14.000+01:00,21.285442352294922,29.843849182128906,39.067596435546875,511,30.025558471679688,33.025482177734375,24.567026138305664,1023.987793,,1,116,32019,15810,buffered,,,,,,
4979,2026-08-07T15:45:24.000+01:00,20.944570541381836,29.60802459716797,38.98849105834961,513,30.076295852661133,33.063758850097656,24.667734146118164,1023.8368530273438,0.159912109,1,120,31977,15811,live,,,,,51.500273818003585,0.003511213
4980,2026-08-07T15:45:34.000+01:00,21.689725875854492,30.75093650817871,40.577720642089844,513,30.116350173950195,33.10090637207031,24.722667694091797,1023.873291015625,0.364379883,1,124,31962,15827,live,940GZZLUNGW,North Greenwich,,,,
4981,2026-08-07T15:45:44.000+01:00,21.653234481811523,30.955368041992188,41.08773422241211,516,30.167085647583008,33.14683532714844,24.586862564086914,1023.818115234375,0.551757813,1,128,31865,15841,live,940GZZLUNGW,North Greenwich,,,,
4982,2026-08-07T15:45:54.000+01:00,17.254169464111328,25.041767120361328,33.587547302246094,519,30.24185562133789,33.18114471435547,24.46936798095703,1023.7547607421875,0.633544922,1,136,31843,15861,live,940GZZLUNGW,North Greenwich,,,,
4983,2026-08-07T15:46:04.000+01:00,15.610347747802734,21.924869537353516,28.73711395263672,520,30.29526138305664,33.233314514160156,24.39002037,1023.8518676757812,0.971069336,1,134,31833,15865,live,940GZZLUNGW,North Greenwich,,,,
4984,2026-08-07T15:46:14.000+01:00,16.454004287719727,22.380788803100586,28.644515991210938,521,30.35133934020996,33.275291442871094,24.33814049,1023.8262329101562,0.256347656,1,132,31811,15881,live,940GZZLUNGW,North Greenwich,,,,
4985,2026-08-07T15:46:24.000+01:00,13.995387077331543,18.802717208862305,23.836437225341797,521,30.38338279724121,33.31385040283203,24.35187339782715,1023.9168701171875,,1,129,31800,15890,buffered,,,,,,
4986,2026-08-07T15:46:34.000+01:00,11.60069751739502,15.440038681030273,19.429588317871094,521,30.458152770996094,33.35779571533203,24.37781334,1023.9191284179688,,1,126,31805,15901,buffered,,,,,,
4987,2026-08-07T15:46:44.000+01:00,9.979578971862793,13.120587348937988,16.34916114807129,522,30.500877380371094,33.398345947265625,24.293888092041016,1023.9951782226562,,1,125,31784,15915,buffered,,,,,,
4988,2026-08-07T15:46:54.000+01:00,9.125124931,11.831591606140137,14.575488090515137,522,30.522239685058594,33.443145751953125,24.36102867126465,1024.003662109375,,1,123,31774,15917,buffered,,,,,,
4989,2026-08-07T15:47:04.000+01:00,9.494760513305664,12.16938304901123,14.846529960632324,523,30.58365821838379,33.47888184,24.289310455322266,1024.042236328125,2.16003418,1,121,31762,15927,live,940GZZLUNGW,North Greenwich,,,,
4990,2026-08-07T15:47:14.000+01:00,18.728620529174805,23.941625595092773,29.143461227416992,526,30.61570167541504,33.53303527832031,24.136720657348633,1024.022949,0.192871094,1,120,31736,15934,live,940GZZLUNGW,North Greenwich,,,,
4995,2026-08-07T15:48:05.000+01:00,21.00118064880371,26.850608825683594,32.688507080078125,527,30.786602020263672,33.72698211669922,23.772029876708984,1023.9788208007812,0.44128418,1,116,31792,15924,live,940GZZLUNGW,North Greenwich,,,,
4998,2026-08-07T15:48:34.000+01:00,28.069257736206055,36.31108856201172,44.64659881591797,536,30.882734298706055,33.834442138671875,24.081789016723633,1024.044189453125,0.653686523,1,115,31687,15919,live,,,,,,
4999,2026-08-07T15:48:44.000+01:00,33.103519439697266,42.703426361083984,52.382896423339844,575,30.94415283203125,33.863365173339844,24.42358971,1023.9263916015625,1.177978516,1,117,31636,15928,live,,,,,,
5000,2026-08-07T15:48:55.000+01:00,35.204715728759766,45.15196228027344,55.11636734008789,636,30.968185424804688,33.899375915527344,24.763866424560547,1022.812255859375,11.14135742,1,127,31559,15957,live,,,,,,
5001,2026-08-07T15:49:04.000+01:00,35.747432708740234,47.14324951171875,58.88994216918945,697,31.00823974609375,33.924041748046875,25.069047927856445,1020.8255615234375,19.86694336,1,134,31515,15979,live,,,,,,
5002,2026-08-07T15:49:14.000+01:00,33.38845443725586,45.770896911621094,58.928653717041016,732,31.042953491210938,33.95977783203125,25.41695213317871,1020.2711181640625,5.544433594,1,143,31475,16002,live,,,,,,
5003,2026-08-07T15:49:24.000+01:00,31.324472427368164,43.35264205932617,56.21405792236328,745,31.072328567504883,33.99238586425781,25.535972595214844,1019.096435546875,11.74682617,1,141,31458,16022,live,,,,,,
5004,2026-08-07T15:49:34.000+01:00,29.50582504272461,40.410484313964844,51.99055099487305,767,31.099031448364258,34.026405334472656,25.73891830444336,1023.0393676757812,39.42932129,1,141,31422,16039,live,,,,,,
5005,2026-08-07T15:49:44.000+01:00,26.97974395751953,36.836524963378906,47.281463623046875,771,31.157777786254883,34.061561584472656,25.72060775756836,1021.809082,12.30285645,1,138,31414,16051,live,,,,,,
5006,2026-08-07T15:49:54.000+01:00,25.767513275146484,35.093387603759766,44.958343505859375,774,31.179140090942383,34.101829528808594,25.78316879272461,1024.34082,25.31738281,1,132,31395,16056,live,,,,,,
5007,2026-08-07T15:50:05.000+01:00,25.43755340576172,34.94004821777344,45.05092239379883,778,31.20584487915039,34.127349853515625,25.879301071166992,1024.3321533203125,0.086669922,1,130,31394,16055,live,,,,,51.503375888229705,-0.017441032
5008,2026-08-07T15:50:14.000+01:00,29.003507614135742,39.684688568115234,51.02003860473633,780,31.256580352783203,34.17328643798828,25.940338134765625,1024.239013671875,0.931396484,1,126,31405,16070,live,940GZZLUCYF,Canary Wharf,,,,
5009,2026-08-07T15:50:24.000+01:00,21.232229232788086,28.595495223999023,36.32025909423828,780,31.256580352783203,34.18803405761719,25.841154098510742,1024.244629,0.056152344,1,125,31429,16078,live,940GZZLUCYF,Canary Wharf,,,,
5010,2026-08-07T15:50:34.000+01:00,21.643308639526367,28.688915252685547,35.98454666137695,778,31.245899200439453,34.21553039550781,25.452049255371094,1024.205810546875,0.388183594,1,123,31502,16069,live,940GZZLUCYF,Canary Wharf,,,,
5012,2026-08-07T15:50:54.000+01:00,34.58640670776367,45.056087493896484,55.72209548950195,721,31.261920928955078,34.28556823730469,24.791332244873047,1024.195801,0.100097656,1,92,31721,16015,live,940GZZLUCYF,Canary Wharf,,,,
5013,2026-08-07T15:51:04.000+01:00,31.039260864257812,40.87990188598633,51.011226654052734,680,31.232547760009766,34.313926696777344,24.42206382751465,1024.0892333984375,1.065673828,1,79,31688,15989,live,940GZZLUCYF,Canary Wharf,,,,
5014,2026-08-07T15:51:14.000+01:00,25.624849319458008,34.129940032958984,42.97311019897461,654,31.026931762695312,34.263458251953125,24.264896392822266,1024.1234130859375,0.341796875,1,70,31795,15981,live,940GZZLUCYF,Canary Wharf,,,,
5016,2026-08-07T15:51:34.000+01:00,17.487565994262695,23.19748878479004,29.11384391784668,619,30.74654769897461,34.23027801513672,24.129091262817383,1024.1275634765625,0.041503906,1,68,31802,15928,live,940GZZLUCYF,Canary Wharf,,,,
5017,2026-08-07T15:51:45.000+01:00,15.16501235961914,19.867338180541992,24.68450927734375,598,30.786602020263672,34.22858428955078,24.06195068359375,1024.086669921875,0.408935547,1,76,31780,15915,live,,,,,51.50341165368476,-0.017570001
5019,2026-08-07T15:52:04.000+01:00,19.061246871948242,24.625085830688477,30.24403953552246,590,30.861371994018555,34.23566436767578,24.148927688598633,1024.0096435546875,0.770263672,1,89,31676,15909,live,,,,,51.50337885628821,-0.017457507
5024,2026-08-07T15:52:54.000+01:00,26.975502014160156,33.96532440185547,40.80552673339844,752,31.131074905395508,34.28642272949219,25.210956573486328,1021.3980712890625,26.11572266,1,125,31520,15977,live,940GZZLUCYF,Canary Wharf,,,,
5025,2026-08-07T15:53:04.000+01:00,25.818187713623047,32.63434600830078,39.33979797363281,762,31.163118362426758,34.28783416748047,25.256732940673828,1020.347656,10.50415039,1,121,31535,15990,live,,,,,,
5026,2026-08-07T15:53:14.000+01:00,24.658687591552734,31.085437774658203,37.385005950927734,780,31.173799514770508,34.31648254394531,25.34676170349121,1021.578125,12.3046875,1,119,31528,15998,live,,,,,,
5027,2026-08-07T15:53:25.000+01:00,25.469144821166992,31.986299514770508,38.34099197387695,778,31.240558624267578,34.34568786621094,25.232318878173828,1019.8189086914062,17.59216309,1,118,31539,16006,live,,,,,,
5028,2026-08-07T15:53:34.000+01:00,25.588401794433594,32.122684478759766,38.490299224853516,777,31.251239776611328,34.360145568847656,25.174333572387695,1017.5007934570312,23.18115234,1,118,31545,16006,live,,,,,,
5030,2026-08-07T15:53:54.000+01:00,23.691139221191406,29.62986183166504,35.385677337646484,748,31.309986114501953,34.39729309082031,25.152971267700195,1023.5169677734375,60.16174316,1,116,31545,16010,live,,,,,,
5031,2026-08-07T15:54:04.000+01:00,23.335058212280273,29.250694274902344,35.00320816040039,737,31.35805320739746,34.42961120605469,25.243000030517578,1023.8546752929688,3.377075195,1,115,31531,16013,live,,,,,,
5038,2026-08-07T15:55:14.000+01:00,30.79388999938965,37.991737365722656,44.817623138427734,615,30.882734298706055,34.268836975097656,23.9810791,1023.8189086914062,,1,71,31930,16015,live,940GZZLUCWR,Canada Water,,,,
5039,2026-08-07T15:55:24.000+01:00,27.26603889465332,33.954898834228516,40.39566421508789,605,30.70382308959961,34.124794006347656,23.97802734,1023.803223,0.156860352,1,71,31962,16003,live,940GZZLUCWR,Canada Water,,,,
5040,2026-08-07T15:55:34.000+01:00,25.308101654052734,31.588293075561523,37.65665817260742,585,30.511558532714844,34.07433319091797,23.913938522338867,1023.8621826171875,0.589599609,1,72,31973,15988,live,940GZZLUCWR,Canada Water,,,,
5043,2026-08-07T15:56:04.000+01:00,24.82806968688965,31.46035385131836,38.006134033203125,543,30.148393630981445,33.953529357910156,24.090944290161133,1023.7586059570312,1.035766602,1,85,31947,15933,live,940GZZLUCWR,Canada Water,,,,
5044,2026-08-07T15:56:14.000+01:00,22.822826385498047,28.98824691772461,35.09186553955078,534,29.945449829101562,33.823097229003906,24.150453567504883,1023.740478515625,0.181274414,1,86,31984,15928,live,940GZZLUCWR,Canada Water,,,,
5045,2026-08-07T15:56:24.000+01:00,20.51062584,25.97579002380371,31.36594009399414,518,29.705120086669922,33.41621398925781,24.31982994,1023.8072509765625,0.667724609,1,85,32045,15940,live,940GZZLUCWR,Canada Water,,,,
5046,2026-08-07T15:56:34.000+01:00,18.913124084472656,23.971858978271484,28.966373443603516,514,29.483482360839844,33.05553436279297,24.43579674,1023.788330078125,0.189208984,1,81,32103,15958,live,940GZZLUCWR,Canada Water,,,,
5047,2026-08-07T15:56:45.000+01:00,17.707117080688477,22.512537002563477,27.27565574645996,508,29.483482360839844,33.01924133300781,24.42816734313965,1023.843994140625,0.556640625,1,78,32120,15960,live,940GZZLUCWR,Canada Water,,,,
5048,2026-08-07T15:56:54.000+01:00,31.87989044189453,40.14247512817383,48.22874450683594,507,29.55290985107422,32.96904754638672,24.42816734313965,1023.639404296875,2.045898438,1,78,32127,15974,live,940GZZLUCWR,Canada Water,,,,
5049,2026-08-07T15:57:04.000+01:00,54.85877227783203,69.17848205566406,83.22092438,506,29.46746063232422,32.910926818847656,24.43732261657715,1023.683837890625,0.444335938,1,83,31992,15988,live,,,,,51.49803159833167,-0.049618996
5050,2026-08-07T15:57:14.000+01:00,51.94272232055664,65.53694915771484,78.87783051,507,29.53154754638672,32.88880920410156,24.699779510498047,1023.7655639648438,0.817260742,1,93,31927,15989,live,,,,,51.49803159833167,-0.049618996
5051,2026-08-07T15:57:24.000+01:00,53.91102981567383,68.89368438720703,83.83820343017578,510,29.614328384399414,32.86584473,24.89509391784668,1023.8065795898438,0.41015625,1,111,31930,16013,live,,,,,51.49803159833167,-0.049618996
5052,2026-08-07T15:57:34.000+01:00,53.635040283203125,69.22241973876953,84.94728851,514,29.699779510498047,32.85392761230469,25.070573806762695,1021.9684448242188,18.38134766,1,124,31784,16029,live,,,,,51.49803513801744,-0.049615658
5053,2026-08-07T15:57:44.000+01:00,54.67733383178711,70.54611206054688,86.54951477050781,532,29.785228729248047,32.863006591796875,25.37575340270996,1024.1353759765625,21.66931152,1,129,31825,16049,live,,,,,51.49803513801744,-0.049615658
5054,2026-08-07T15:57:54.000+01:00,53.45433807373047,68.46139526367188,83.46960449,539,29.822614669799805,32.86357116699219,25.441368103027344,1020.4869384765625,36.484375,1,125,31846,16069,live,,,,,,
5055,2026-08-07T15:58:04.000+01:00,47.56734085083008,60.708587646484375,73.79600524902344,558,29.884031295776367,32.88001251220703,25.487144470214844,1021.747802734375,12.60864258,1,122,31841,16079,live,,,,,,
5056,2026-08-07T15:58:14.000+01:00,38.56596755981445,48.66171646118164,58.56999588012695,572,29.91340446472168,32.90752410888672,25.597009658813477,1023.895263671875,21.47460938,1,119,31834,16083,live,,,,,,
5057,2026-08-07T15:58:25.000+01:00,35.66797637939453,44.803314208984375,53.713321685791016,582,29.96948242,32.915184020996094,25.633630752563477,1023.797119140625,0.981445313,1,117,31847,16091,live,,,,,51.49782858373468,-0.063682837
5058,2026-08-07T15:58:34.000+01:00,22.719308853149414,28.446754455566406,34.00712585449219,586,30.009536743164062,32.937294006347656,25.603113174438477,1023.7855224609375,0.115966797,1,116,31946,16086,live,940GZZLUBMY,Bermondsey,,,,
5059,2026-08-07T15:58:44.000+01:00,13.321887016296387,16.67459487915039,19.927865982055664,585,30.046920776367188,32.95232391357422,25.253681182861328,1023.7921142578125,0.065917969,1,109,32032,16079,live,940GZZLUBMY,Bermondsey,,,,
5060,2026-08-07T15:58:54.000+01:00,13.394943237304688,16.71843719482422,19.929697036743164,583,30.036239624023438,32.98577880859375,25.004959106445312,1023.7567749023438,0.353393555,1,94,32087,16035,live,940GZZLUBMY,Bermondsey,,,,
5061,2026-08-07T15:59:04.000+01:00,9.308135032653809,11.562925338745117,13.725641250610352,578,30.046920776367188,33.00336456298828,24.754711151123047,1023.6885375976562,0.682373047,1,83,32132,16011,live,940GZZLUBMY,Bermondsey,,,,
5062,2026-08-07T15:59:14.000+01:00,8.474698066711426,10.501001358032227,12.436630249023438,570,30.097658157348633,33.031715393066406,24.657052993774414,1023.6846313476562,0.0390625,1,79,32082,15984,live,940GZZLUBMY,Bermondsey,,,,
5063,2026-08-07T15:59:25.000+01:00,12.298968315124512,15.190031051635742,17.93671989440918,565,30.004196166992188,32.93927764892578,24.643320083618164,1023.6954956054688,0.108642578,1,82,32175,16004,live,940GZZLUBMY,Bermondsey,,,,
5064,2026-08-07T15:59:34.000+01:00,12.475574493408203,15.450407028198242,18.28967285,552,29.67307472229004,32.95800018310547,24.773021697998047,1023.751953,0.564575195,1,83,32091,16004,live,940GZZLUBMY,Bermondsey,,,,
5065,2026-08-07T15:59:44.000+01:00,12.156332015991211,15.033340454101562,17.772663116455078,547,29.68108558654785,32.97614288330078,24.693675994873047,1023.760986328125,0.090332031,1,87,32083,15977,live,940GZZLUBMY,Bermondsey,,,,
5066,2026-08-07T15:59:54.000+01:00,12.864158630371094,15.908756256103516,18.80767250061035,541,29.75051498413086,32.92652130126953,24.611276626586914,1023.7212524414062,0.397338867,1,87,32118,15977,live,940GZZLUBMY,Bermondsey,,,,
5067,2026-08-07T16:00:04.000+01:00,13.749749183654785,17.093965530395508,20.305644989013672,538,29.69710922241211,32.78588104248047,24.45716094970703,1023.7255249023438,0.042724609,1,86,32190,15978,live,940GZZLUBMY,Bermondsey,,,,
5068,2026-08-07T16:00:15.000+01:00,13.302458763122559,16.494159698486328,19.546381,536,29.64904213,32.65232849121094,24.46326446533203,1023.6978149414062,0.277099609,1,84,32200,15948,live,940GZZLUBMY,Bermondsey,,,,
5070,2026-08-07T16:00:34.000+01:00,14.140893936157227,17.399883270263672,20.476131439208984,524,29.66239356994629,32.721229553222656,24.50598907470703,1023.7516479492188,0.538330078,1,85,32166,15932,live,940GZZLUBMY,Bermondsey,,,,
5071,2026-08-07T16:00:44.000+01:00,24.21573257446289,29.848499298095703,35.18169021606445,523,29.68375587463379,32.72973633,24.637216567993164,1023.7120361328125,0.396118164,1,88,31975,15913,live,,,,,51.49782981233196,-0.063717719
5073,2026-08-07T16:01:04.000+01:00,26.526159286499023,32.57823181152344,38.27173614501953,525,29.774547576904297,32.78077697753906,24.91798210144043,1023.4745483398438,2.37487793,1,121,31969,15921,live,,,,,,
5074,2026-08-07T16:01:14.000+01:00,27.194995880126953,33.51393127441406,39.49467086791992,552,29.868009567260742,32.787017822265625,25.091936111450195,1022.0515747070312,14.22973633,1,138,31876,15909,live,,,,,,
5075,2026-08-07T16:01:24.000+01:00,26.08685874938965,32.63817215,38.99118423461914,568,29.929426193237305,32.82557678222656,25.209430694580078,1020.9274291992188,11.24145508,1,153,31788,15924,live,,,,,,
5076,2026-08-07T16:01:34.000+01:00,24.50866127,30.798480987548828,36.93671417236328,601,29.95880126953125,32.84740447998047,25.557334899902344,1019.5321655273438,13.95263672,1,161,31747,15916,live,,,,,,
5077,2026-08-07T16:01:44.000+01:00,23.937883377075195,30.08966064453125,36.095550537109375,625,30.009536743164062,32.879173278808594,25.964752197265625,1018.2000732421875,13.32092285,1,164,31667,15942,live,940GZZLUBMY,Bermondsey,,,,
5078,2026-08-07T16:01:55.000+01:00,23.546104431152344,29.46562957763672,35.207786560058594,652,30.052261352539062,32.91914367675781,26.381322860717773,1021.769287109375,35.69213867,1,168,31626,15961,live,,,,,,
5079,2026-08-07T16:02:04.000+01:00,24.080398559570312,30.143938064575195,36.02858352661133,665,30.08964729309082,32.94438934326172,26.523231506347656,1023.0275268554688,12.58239746,1,162,31604,15996,live,,,,,,
5080,2026-08-07T16:02:14.000+01:00,23.810457229614258,29.631603240966797,35.23094177246094,680,30.127031326293945,32.98804473876953,26.733806610107422,1022.6927490234375,3.34777832,1,153,31589,15994,live,,,,,,
5081,2026-08-07T16:02:24.000+01:00,30.575035095214844,37.70964431762695,44.47182846069336,695,30.18844985961914,33.018104553222656,26.733806610107422,1021.480712890625,12.12036133,1,146,31574,15999,live,,,,,,
5082,2026-08-07T16:02:34.000+01:00,35.65298080444336,43.49932098388672,50.78956223,702,30.207141876220703,33.04675293,26.782634735107422,1024.848388671875,33.67675781,1,136,31602,16011,live,,,,,,
5083,2026-08-07T16:02:44.000+01:00,38.10292434692383,46.72636413574219,54.816741943359375,712,30.239185333251953,33.09040832519531,26.857404708862305,1024.884033203125,0.356445313,1,133,31577,16003,live,,,,,,
5084,2026-08-07T16:02:54.000+01:00,37.44417953491211,46.03596496582031,54.13414383,726,30.29526138305664,33.10997772216797,26.889448165893555,1024.819091796875,0.649414063,1,126,31702,16006,live,940GZZLULNB,London Bridge,,,,
5085,2026-08-07T16:03:04.000+01:00,36.50969696044922,44.78856277,52.56077575683594,724,30.33264732,33.14826202392578,26.471351623535156,1024.850830078125,0.317382813,1,121,31771,16012,live,940GZZLULNB,London Bridge,,,,
5086,2026-08-07T16:03:14.000+01:00,35.23137283325195,42.78019332885742,49.72677230834961,720,30.359350204467773,33.18482971191406,26.23178482055664,1024.7947998046875,0.560302734,1,104,31802,15981,live,940GZZLULNB,London Bridge,,,,
5087,2026-08-07T16:03:24.000+01:00,34.318199157714844,41.54829025268555,48.160072326660156,704,30.39673424,33.22935485839844,25.957122802734375,1024.8443603515625,0.495605469,1,88,31841,15970,live,940GZZLULNB,London Bridge,,,,
5088,2026-08-07T16:03:35.000+01:00,34.76213836669922,42.584476470947266,49.908897399902344,676,30.37537193,33.244659423828125,25.77553939819336,1024.7130126953125,1.313476563,1,79,31886,15946,live,940GZZLULNB,London Bridge,,,,
5089,2026-08-07T16:03:44.000+01:00,37.69066619873047,46.68742752075195,55.27702713012695,646,30.410085678100586,33.287193298339844,25.635156631469727,1024.8245849609375,1.115722656,1,74,31878,15927,live,940GZZLULNB,London Bridge,,,,
5090,2026-08-07T16:03:54.000+01:00,38.71788787841797,48.93818283081055,58.99208450317383,635,30.447471618652344,33.31951904296875,25.535972595214844,1024.8209228515625,0.036621094,1,78,31857,15912,live,940GZZLULNB,London Bridge,,,,
5091,2026-08-07T16:04:04.000+01:00,55.57746887207031,70.00218963623047,84.12472534179688,629,30.48485565185547,33.34248352050781,25.462730407714844,1025.149414,3.284912109,1,83,31873,15906,live,940GZZLULNB,London Bridge,,,,
5092,2026-08-07T16:04:14.000+01:00,34.692771911621094,43.28473663330078,51.581947326660156,622,30.458152770996094,33.398345947265625,25.40474510192871,1025.335205078125,1.857910156,1,85,31879,15905,live,940GZZLULNB,London Bridge,,,,
5095,2026-08-07T16:04:44.000+01:00,44.08806228637695,55.019065856933594,65.57863617,596,30.279239654541016,33.467247009277344,25.195697784423828,1024.893555,4.416503906,1,91,31854,15868,live,940GZZLULNB,London Bridge,,,,
5096,2026-08-07T16:04:54.000+01:00,40.41441345214844,50.51512145996094,60.29605484008789,585,30.32997703552246,33.493621826171875,25.059890747070312,1024.4395751953125,4.539794922,1,91,31884,15859,live,940GZZLULNB,London Bridge,,,,
5097,2026-08-07T16:05:04.000+01:00,36.31669235229492,45.56041336,54.5598259,575,30.308612823486328,33.48029327392578,25.038528442382812,1024.837891,3.983154297,1,88,31932,15857,live,940GZZLULNB,London Bridge,,,,
5098,2026-08-07T16:05:15.000+01:00,32.12131881713867,40.96379852294922,49.761802673339844,566,30.345998764038086,33.487098693847656,25.023269653320312,1024.774169921875,0.637207031,1,86,31943,15851,live,940GZZLULNB,London Bridge,,,,
5099,2026-08-07T16:05:24.000+01:00,31.101545333862305,39.51748275756836,47.852821350097656,560,30.39406394958496,33.502403259277344,24.962234497070312,1024.759033203125,0.151367188,1,86,31890,15845,live,,,,,,
5100,2026-08-07T16:05:34.000+01:00,31.401670455932617,40.01264190673828,48.57154465,560,30.423437118530273,33.522254943847656,25.178911209106445,1024.5489501953125,2.100830078,1,91,31710,15832,live,,,,,,
5101,2026-08-07T16:05:44.000+01:00,31.84523582458496,40.28538131713867,48.597434997558594,562,30.468833923339844,33.53218078613281,25.479515075683594,1024.5430908203125,0.05859375,1,144,31528,15856,live,,,,,,
5102,2026-08-07T16:05:54.000+01:00,33.32733917236328,41.660892486572266,49.73182297,584,30.500877380371094,33.565643310546875,25.650415420532227,1024.466309,0.767822266,1,187,31524,15868,live,,,,,51.50527191000148,-0.08711268
5103,2026-08-07T16:06:04.000+01:00,33.67869186401367,41.613948822021484,49.15864181518555,615,30.530250549316406,33.584922790527344,25.77401351928711,1024.327148,1.391601563,1,219,31353,15878,live,,,,,51.50527191000148,-0.08711268
5104,2026-08-07T16:06:14.000+01:00,32.62272262573242,40.06117630004883,47.057464599609375,692,30.567636489868164,33.602500915527344,26.21805191040039,1023.4743041992188,8.528442383,1,229,31251,15886,live,,,,,51.50527191000148,-0.08711268
5105,2026-08-07T16:06:24.000+01:00,32.13408660888672,39.64440155029297,46.76634979248047,728,30.631723403930664,33.620079040527344,26.440834045410156,1022.569824,9.044799805,1,227,31343,15901,live,,,,,51.50527191000148,-0.08711268
5106,2026-08-07T16:06:34.000+01:00,32.489341735839844,40.97763442993164,49.30368423461914,757,30.674448013305664,33.64758301,26.62394142150879,1022.6109619140625,0.411376953,1,216,31342,15912,live,,,,,51.50527191000148,-0.08711268
5107,2026-08-07T16:06:44.000+01:00,33.05504227,42.21613693237305,51.347320556640625,796,30.674448013305664,33.679908752441406,26.744487762451172,1021.452637,11.58325195,1,199,31349,15926,live,,,,,,
5108,2026-08-07T16:06:55.000+01:00,32.992801666259766,42.468788146972656,52.00042724609375,805,30.719844818115234,33.71393585205078,26.915388107299805,1022.6444702148438,11.91833496,1,186,31341,15924,live,,,,,,
5109,2026-08-07T16:07:04.000+01:00,32.841087341308594,42.77135467529297,52.885189056396484,816,30.762569427490234,33.73633575439453,27.07866096496582,1024.6934814453125,20.4901123,1,172,31347,15938,live,,,,,,
5110,2026-08-07T16:07:14.000+01:00,33.74759292602539,43.79189682006836,53.98361587524414,826,30.794612884521484,33.769798278808594,27.11680793762207,1024.8243408203125,1.30859375,1,161,31340,15946,live,,,,,,
5111,2026-08-07T16:07:24.000+01:00,33.52905273,42.69091033935547,51.78879928588867,838,30.805294036865234,33.77972412109375,27.15800666809082,1024.702392578125,1.219482422,1,179,31187,15944,live,940GZZLUSWK,Southwark,,,,
5112,2026-08-07T16:07:34.000+01:00,35.41903305053711,44.458744049072266,53.266483306884766,844,30.81063461303711,33.81913757324219,27.011520385742188,1024.723388671875,0.209960938,1,156,31494,15944,live,940GZZLUSWK,Southwark,,,,
5113,2026-08-07T16:07:44.000+01:00,41.60300827026367,52.29081344604492,62.72411346435547,840,30.82398796081543,33.84606934,26.61326026916504,1024.666992,0.563964844,1,140,31430,15931,live,940GZZLUSWK,Southwark,,,,
5114,2026-08-07T16:07:54.000+01:00,52.391483306884766,66.62242889404297,80.73150634765625,803,30.81330680847168,33.83813477,26.485084533691406,1024.731201171875,0.642089844,1,127,31569,15892,live,940GZZLUSWK,Southwark,,,,
5115,2026-08-07T16:08:04.000+01:00,46.571102142333984,59.35776901245117,72.07131195,763,30.53826141357422,33.75873565673828,26.330968856811523,1024.528809,2.023925781,1,96,31623,15885,live,940GZZLUSWK,Southwark,,,,
5116,2026-08-07T16:08:14.000+01:00,40.39622497558594,51.05501174926758,61.53900909423828,734,30.42610740661621,33.715065002441406,26.138704299926758,1024.6614990234375,1.326904297,1,77,31621,15857,live,940GZZLUSWK,Southwark,,,,
5117,2026-08-07T16:08:24.000+01:00,33.18509292602539,41.82868576049805,50.29974365234375,705,30.378042221069336,33.70259094238281,25.900663375854492,1024.6893310546875,0.278320313,1,65,31628,15839,live,940GZZLUSWK,Southwark,,,,
5118,2026-08-07T16:08:35.000+01:00,32.76077651977539,41.424781799316406,49.95216751098633,680,30.447471618652344,33.71138000488281,25.908292770385742,1024.6905517578125,0.012207031,1,61,31611,15815,live,940GZZLUSWK,Southwark,,,,
5119,2026-08-07T16:08:44.000+01:00,31.6543026,39.93906021118164,48.06949996948242,660,30.48218536376953,33.73095703,25.70992660522461,1024.6859130859375,0.046386719,1,59,31624,15821,live,940GZZLUSWK,Southwark,,,,
5120,2026-08-07T16:08:54.000+01:00,31.149276733398438,38.92050552368164,46.44171905517578,655,30.532920837402344,33.74371337890625,25.72518539428711,1024.542236328125,1.436767578,1,57,31654,15811,live,940GZZLUSWK,Southwark,,,,
5121,2026-08-07T16:09:04.000+01:00,29.37353516,36.55044937133789,43.45264816,640,30.43678855895996,33.73491668701172,25.571069717407227,1024.591064453125,0.48828125,1,54,31702,15816,live,940GZZLUSWK,Southwark,,,,
5122,2026-08-07T16:09:14.000+01:00,30.668725967407227,38.04052734,45.09419631958008,626,30.42877769470215,33.72839355,25.523765563964844,1024.57373,0.173339844,1,49,31772,15800,live,940GZZLUSWK,Southwark,,,,
5123,2026-08-07T16:09:24.000+01:00,40.22526550292969,49.72008514404297,58.75282669067383,614,30.458152770996094,33.692100524902344,25.43068504333496,1024.6854248046875,1.116943359,1,48,31632,15796,live,940GZZLUSWK,Southwark,,,,
5124,2026-08-07T16:09:34.000+01:00,41.75230026245117,51.388771057128906,60.48929214477539,599,30.487525939941406,33.687286376953125,25.43373680114746,1024.692138671875,0.067138672,1,46,31791,15795,live,940GZZLUSWK,Southwark,,,,
5125,2026-08-07T16:09:45.000+01:00,45.04059600830078,55.67015075683594,65.78182983398438,591,30.54627227783203,33.69635772705078,25.464256286621094,1024.7652587890625,0.731201172,1,45,31734,15788,live,940GZZLUSWK,Southwark,,,,
5126,2026-08-07T16:09:54.000+01:00,47.05332946777344,58.328086853027344,69.10563659667969,578,30.57297706604004,33.697776794433594,25.41847801208496,1024.775634765625,0.103759766,1,46,31742,15792,live,940GZZLUSWK,Southwark,,,,
5127,2026-08-07T16:10:04.000+01:00,47.05677032470703,58.672813415527344,69.87926483154297,574,30.597009658813477,33.6932373,25.37117576599121,1024.662841796875,1.127929688,1,45,31761,15789,live,940GZZLUSWK,Southwark,,,,
5128,2026-08-07T16:10:14.000+01:00,46.14765548706055,58.16062927246094,69.93190765,574,30.639734268188477,33.68983459472656,25.41847801208496,1024.6544189453125,0.084228516,1,46,31766,15784,live,940GZZLUSWK,Southwark,,,,
5129,2026-08-07T16:10:25.000+01:00,39.85826873779297,50.136573791503906,60.181026458740234,573,30.650415420532227,33.68048095703125,25.32692527770996,1024.6644287109375,0.100097656,1,47,31756,15796,live,940GZZLUSWK,Southwark,,,,
5130,2026-08-07T16:10:34.000+01:00,33.97151184082031,42.54355239868164,50.86781692504883,573,30.661096572875977,33.692955017089844,25.261310577392578,1024.6820068359375,0.17578125,1,48,31736,15775,live,940GZZLUSWK,Southwark,,,,
5131,2026-08-07T16:10:44.000+01:00,33.54008102416992,41.708030700683594,49.55533981323242,572,30.687801361083984,33.66374969482422,25.255207061767578,1024.566162109375,1.158447266,1,51,31739,15777,live,940GZZLUSWK,Southwark,,,,
5132,2026-08-07T16:10:54.000+01:00,30.82439613342285,38.13405227661133,45.09833526611328,571,30.722515106201172,33.63256072998047,25.198749542236328,1024.576172,0.100097656,1,49,31803,15781,live,940GZZLUSWK,Southwark,,,,
5133,2026-08-07T16:11:04.000+01:00,29.14221954345703,35.70140075683594,41.843544006347656,570,30.722515106201172,33.622352600097656,25.078203201293945,1024.545898,0.302734375,1,46,31781,15779,live,940GZZLUSWK,Southwark,,,,
5134,2026-08-07T16:11:14.000+01:00,29.942058563232422,36.392784118652344,42.34076690673828,568,30.781261444091797,33.592010498046875,25.052261352539062,1024.5631103515625,0.172119141,1,45,31867,15780,live,940GZZLUSWK,Southwark,,,,
5135,2026-08-07T16:11:24.000+01:00,32.644004821777344,39.968414306640625,46.819759368896484,564,30.762569427490234,33.58605957,25.009536743164062,1024.6505126953125,0.874023438,1,44,31794,15781,live,940GZZLUSWK,Southwark,,,,
5136,2026-08-07T16:11:34.000+01:00,36.305301666259766,45.02481460571289,53.36589431762695,563,30.77859115600586,33.57556152,24.980545043945312,1024.6702880859375,0.197753906,1,47,31780,15775,live,940GZZLUSWK,Southwark,,,,
5137,2026-08-07T16:11:44.000+01:00,38.81114578,48.613677978515625,58.13552474975586,563,30.815977096557617,33.559120178222656,25.015640258789062,1024.7340087890625,0.637207031,1,47,31798,15767,live,940GZZLUSWK,Southwark,,,,
5138,2026-08-07T16:11:54.000+01:00,40.77299499511719,50.902347564697266,60.69340515136719,563,30.81330680847168,33.540977478027344,25.050735473632812,1024.9713134765625,2.373046875,1,47,31803,15766,live,940GZZLUSWK,Southwark,,,,
5139,2026-08-07T16:12:04.000+01:00,39.04182434082031,48.88674545288086,58.44524002075195,570,30.6771183,33.549476623535156,25.130083084106445,1024.81543,1.558837891,1,47,31820,15768,live,940GZZLUSWK,Southwark,,,,
5140,2026-08-07T16:12:15.000+01:00,39.811805725097656,50.549774169921875,61.175575256347656,570,30.61303139,33.522254943847656,25.259784698486328,1024.758301,0.571289063,1,47,31771,15764,live,940GZZLUSWK,Southwark,,,,
5141,2026-08-07T16:12:24.000+01:00,38.90765380859375,49.80531692504883,60.697261810302734,573,30.55695343017578,33.51403809,25.37880516052246,1024.6365966796875,1.217041016,1,53,31757,15762,live,940GZZLUSWK,Southwark,,,,
5142,2026-08-07T16:12:34.000+01:00,38.163143157958984,48.43581771850586,58.59566879272461,572,30.500877380371094,33.489646911621094,25.452049255371094,1024.6690673828125,0.324707031,1,57,31748,15761,live,,,,,51.50406024859389,-0.105577245
5149,2026-08-07T16:13:44.000+01:00,48.86103820800781,61.192726135253906,73.16869354248047,766,30.650415420532227,33.44456481933594,26.813154220581055,1025.444580078125,7.755126953,1,165,31427,15784,live,,,,,,
5150,2026-08-07T16:13:54.000+01:00,50.21971512,62.997352600097656,75.43590545654297,827,30.70382308959961,33.455345153808594,28.180360794067383,1025.317871,1.267089844,1,190,31393,15809,live,940GZZLUWLO,Waterloo,,,,
5151,2026-08-07T16:14:04.000+01:00,45.25942611694336,56.62229537963867,67.64025115966797,850,30.674448013305664,33.47093200683594,27.98657227,1025.3048095703125,0.130615234,1,181,31537,15907,live,940GZZLUWLO,Waterloo,,,,
5152,2026-08-07T16:14:14.000+01:00,42.825050354003906,53.14078903198242,63.01794434,850,30.706493377685547,33.483978271484375,27.56847572,1025.2943115234375,0.104980469,1,162,31578,15891,live,940GZZLUWLO,Waterloo,,,,
5153,2026-08-07T16:14:25.000+01:00,42.54291915893555,52.80992889404297,62.64619064331055,847,30.727855682373047,33.49333190917969,27.345693588256836,1025.219238,0.750732422,1,146,31633,15860,live,940GZZLUWLO,Waterloo,,,,
5154,2026-08-07T16:14:34.000+01:00,47.529510498046875,59.34012985229492,70.75710297,833,30.765239715576172,33.50382995605469,27.269397735595703,1025.0394287109375,1.798095703,1,137,31499,15845,live,940GZZLUWLO,Waterloo,,,,
5155,2026-08-07T16:14:44.000+01:00,50.54707717895508,64.10540008544922,77.50197601,793,30.783931732177734,33.520843505859375,27.190052032470703,1025.2017822265625,1.623535156,1,132,31558,15848,live,940GZZLUWLO,Waterloo,,,,
5156,2026-08-07T16:14:54.000+01:00,51.62660217285156,65.77358246,79.83236694335938,764,30.794612884521484,33.53813171386719,27.035934448242188,1025.1871337890625,0.146484375,1,125,31599,15852,live,940GZZLUWLO,Waterloo,,,,
5157,2026-08-07T16:15:04.000+01:00,51.714900970458984,65.96277618408203,80.14201354980469,755,30.82398796081543,33.54664611816406,26.996261596679688,1025.354248046875,1.671142578,1,123,31591,15840,live,940GZZLUWLO,Waterloo,,,,
5158,2026-08-07T16:15:14.000+01:00,50.93877029418945,65.63016510009766,80.42321014404297,702,30.821317672729492,33.527923583984375,26.837568283081055,1024.958251953125,3.959960938,1,121,31611,15856,live,940GZZLUWLO,Waterloo,,,,
5159,2026-08-07T16:15:24.000+01:00,49.82933807373047,64.54972839355469,79.45938110351562,694,30.783931732177734,33.497589111328125,26.62394142150879,1025.1636962890625,2.054443359,1,118,31656,15851,live,940GZZLUWLO,Waterloo,,,,
5160,2026-08-07T16:15:34.000+01:00,49.36257553100586,63.36920166015625,77.41507720947266,688,30.791942596435547,33.43549346923828,26.460670471191406,1025.203857421875,0.401611328,1,117,31653,15833,live,940GZZLUWLO,Waterloo,,,,
5161,2026-08-07T16:15:44.000+01:00,49.30865478515625,63.67527389526367,78.17771911621094,680,30.75722885131836,33.479156494140625,26.373693466186523,1025.2091064453125,0.052490234,1,116,31553,15826,live,,,,,,
5162,2026-08-07T16:15:54.000+01:00,49.816715240478516,64.18772888183594,78.65898895263672,676,30.786602020263672,33.50127410888672,26.399633407592773,1025.2640380859375,0.549316406,1,118,31538,15821,live,,,,,,
5163,2026-08-07T16:16:04.000+01:00,52.26518249511719,66.70890045166016,81.09468078613281,674,30.821317672729492,33.52820587158203,26.434728622436523,1025.0694580078125,1.945800781,1,127,31474,15821,live,,,,,,
5164,2026-08-07T16:16:14.000+01:00,57.80132293701172,72.13973236083984,85.99306488,675,30.831998825073242,33.54438018798828,26.544593811035156,1023.776123046875,12.93334961,1,132,31535,15826,live,,,,,,
5165,2026-08-07T16:16:24.000+01:00,61.285091400146484,76.17559814453125,90.47144317626953,675,30.874723434448242,33.57244873046875,26.63157081604004,1024.050293,2.741699219,1,140,31545,15840,live,,,,,,
5166,2026-08-07T16:16:35.000+01:00,60.50090408325195,75.52366638183594,90.04248047,675,30.901426315307617,33.58775329589844,26.66056251525879,1023.861328,1.889648438,1,144,31519,15844,live,,,,,,
5167,2026-08-07T16:16:44.000+01:00,59.59193801879883,74.65895844,89.29911804199219,676,30.906766891479492,33.60930633544922,26.65751075744629,1024.2198486328125,3.585205078,1,146,31528,15857,live,,,,,,
5168,2026-08-07T16:16:54.000+01:00,59.26634598,73.95101928710938,88.13390350341797,682,30.917448043823242,33.61554718017578,26.698711395263672,1025.146973,9.271240234,1,147,31529,15856,live,,,,,,
5169,2026-08-07T16:17:04.000+01:00,58.176116943359375,73.03742980957031,87.52120971679688,685,30.95483398,33.64701843261719,26.741436004638672,1025.122314453125,0.246582031,1,146,31526,15865,live,,,,,,
5170,2026-08-07T16:17:14.000+01:00,58.74232482910156,73.85047912597656,88.60372924804688,692,30.978866577148438,33.66148376464844,26.761272430419922,1024.7593994140625,3.629150391,1,146,31541,15876,live,940GZZLUWSM,Westminster,,,,
5171,2026-08-07T16:17:24.000+01:00,52.768272399902344,66.02270508,78.87665557861328,693,30.88807487487793,33.679908752441406,26.63004493713379,1024.748779296875,0.106201172,1,137,31599,15909,live,940GZZLUWSM,Westminster,,,,
5172,2026-08-07T16:17:34.000+01:00,50.008636474609375,62.03254318237305,73.53856658935547,690,30.86671257019043,33.70372772216797,26.56748390197754,1024.7484130859375,0.003662109,1,129,31592,15905,live,940GZZLUWSM,Westminster,,,,
5173,2026-08-07T16:17:44.000+01:00,54.416866302490234,68.20767974853516,81.61699676513672,689,30.770580291748047,33.58180236816406,26.428625106811523,1024.689453,0.589599609,1,126,31570,15924,live,940GZZLUWSM,Westminster,,,,
5174,2026-08-07T16:17:54.000+01:00,57.287471771240234,72.09824371,86.58269500732422,680,30.701152801513672,33.59711456298828,26.24856948852539,1024.538574,1.508789063,1,124,31771,15915,live,940GZZLUWSM,Westminster,,,,
5175,2026-08-07T16:18:04.000+01:00,54.89741134643555,68.99290466308594,82.75060272216797,674,30.655756,33.617530822753906,26.18906021118164,1024.5267333984375,0.118408203,1,119,31634,15920,live,940GZZLUWSM,Westminster,,,,
5176,2026-08-07T16:18:14.000+01:00,47.45547866821289,59.62939453,71.50853729248047,662,30.508888244628906,33.56110382080078,26.182954788208008,1024.5472412109375,0.205078125,1,106,31740,15954,live,940GZZLUWSM,Westminster,,,,
5177,2026-08-07T16:18:24.000+01:00,40.480018615722656,50.95674514770508,61.20576095581055,653,30.276569366455078,33.263946533203125,26.21805191040039,1024.572266,0.250244141,1,88,31780,15986,live,940GZZLUWSM,Westminster,,,,
5178,2026-08-07T16:18:34.000+01:00,35.13333511352539,44.785377502441406,54.38372802734375,646,30.13237190246582,33.22764587402344,26.20431900024414,1024.6519775390625,0.797119141,1,74,31813,16004,live,940GZZLUWSM,Westminster,,,,
5179,2026-08-07T16:18:45.000+01:00,30.38372039794922,39.270233154296875,48.24916458129883,646,30.049591064453125,33.08445739746094,26.169221878051758,1024.961669921875,3.096923828,1,63,31830,16017,live,940GZZLUWSM,Westminster,,,,
5180,2026-08-07T16:18:54.000+01:00,28.676610946655273,37.47744369506836,46.47199249267578,643,30.036239624023438,32.93843078613281,26.26077651977539,1025.3482666015625,3.865966797,1,55,31816,16034,live,940GZZLUWSM,Westminster,,,,
5181,2026-08-07T16:19:04.000+01:00,33.546226501464844,43.3094368,53.16226577758789,637,29.985504150390625,32.87293243408203,26.26382827758789,1025.2613525390625,0.869140625,1,53,31792,16045,live,940GZZLUWSM,Westminster,,,,
5182,2026-08-07T16:19:14.000+01:00,41.631141662597656,53.23986816,64.82915496826172,637,29.908063888549805,32.818199157714844,26.392004013061523,1025.249023,0.123291016,1,54,31774,16026,live,940GZZLUWSM,Westminster,,,,
5183,2026-08-07T16:19:24.000+01:00,45.45783615112305,57.54654312133789,69.46287536621094,634,29.90272331237793,32.81933594,26.478981018066406,1025.1307373046875,1.182861328,1,55,31756,16034,live,940GZZLUWSM,Westminster,,,,
5184,2026-08-07T16:19:34.000+01:00,46.50486373901367,58.47032928466797,70.15605163574219,632,29.93476676940918,32.86499023,26.491188049316406,1025.147949,0.172119141,1,60,31668,16039,live,940GZZLUWSM,Westminster,,,,
5185,2026-08-07T16:19:44.000+01:00,45.36433410644531,57.783531188964844,70.12218475341797,630,30.004196166992188,32.882286071777344,26.56595802307129,1025.0091552734375,1.387939453,1,64,31691,16021,live,,,,,,
5186,2026-08-07T16:19:54.000+01:00,45.33451461791992,58.608612060546875,72.02442169189453,638,30.036239624023438,32.91914367675781,27.325857162475586,1025.0135498046875,0.043945313,1,84,31400,16025,live,,,,,,
5187,2026-08-07T16:20:04.000+01:00,44.865516662597656,58.12186813354492,71.54924011230469,676,30.11100959777832,32.94182586669922,27.60967445373535,1025.0157470703125,0.021972656,1,138,31340,16067,live,,,,,,
5188,2026-08-07T16:20:14.000+01:00,44.79315185546875,57.37727737426758,69.96460723876953,721,30.17509651184082,32.982948303222656,27.692073822021484,1024.786133,2.296142578,1,183,31309,16077,live,,,,,,
5189,2026-08-07T16:20:25.000+01:00,45.84990692138672,57.81736373901367,69.55289459228516,781,30.23117446899414,33.02405548095703,27.870603561401367,1024.607422,1.787109375,1,221,31277,16072,live,,,,,,
5190,2026-08-07T16:20:34.000+01:00,49.058082580566406,61.69015884399414,74.02959442138672,817,30.225833892822266,33.08843231201172,28.32227135,1022.7138061523438,18.93615723,1,254,31215,16077,live,,,,,,
5191,2026-08-07T16:20:44.000+01:00,51.75943374633789,64.97341156,77.84938049316406,844,30.18844985961914,33.14343262,28.760204315185547,1021.166016,15.47790527,1,283,31177,16108,live,,,,,,
5192,2026-08-07T16:20:54.000+01:00,52.42362594604492,66.01976776123047,79.32830047607422,854,30.19913101196289,33.18029785,28.90516471862793,1022.412841796875,12.46826172,1,304,31185,16133,live,,,,,,
5193,2026-08-07T16:21:04.000+01:00,51.384910583496094,64.50777435302734,77.29623413085938,861,30.183107376098633,33.23814392089844,28.996719360351562,1021.6004638671875,8.123779297,1,312,31206,16142,live,,,,,,
5194,2026-08-07T16:21:14.000+01:00,50.06046676635742,62.649208068847656,74.86175537109375,870,30.201801300048828,33.27245330810547,29.063859939575195,1024.496582,28.96118164,1,310,31220,16150,live,940GZZLUMYB,Marylebone,,,,
5195,2026-08-07T16:21:25.000+01:00,51.49180603027344,63.87397766113281,75.72334289550781,880,30.276569366455078,33.30902862548828,29.077592849731445,1023.468017578125,10.28564453,1,309,31250,16159,live,940GZZLUMYB,Marylebone,,,,
5196,2026-08-07T16:21:34.000+01:00,51.36392593383789,63.10548782348633,74.15855407714844,892,30.345998764038086,33.329444885253906,29.008926391601562,1023.3914794921875,0.765380859,1,304,31226,16161,live,940GZZLUMYB,Marylebone,,,,
5197,2026-08-07T16:21:44.000+01:00,50.37747573852539,61.422122955322266,71.67013549804688,892,30.399404525756836,33.37254333496094,29.062332153320312,1023.8434448242188,4.51965332,1,307,31210,16165,live,940GZZLUMYB,Marylebone,,,,
5198,2026-08-07T16:21:54.000+01:00,49.358341217041016,60.23598098754883,70.34764099121094,895,30.455482482910156,33.405723571777344,29.32326316833496,1023.7764282226562,0.670166016,1,308,31186,16174,live,940GZZLUMYB,Marylebone,,,,
5199,2026-08-07T16:22:04.000+01:00,52.81771469116211,65.50678253173828,77.64625549316406,901,30.500877380371094,33.43945313,29.190509796142578,1023.5892944335938,1.871337891,1,296,31308,16200,live,940GZZLUGPK,Green Park,,,,
5200,2026-08-07T16:22:14.000+01:00,53.32345199584961,66.28754425048828,78.73629760742188,899,30.53559112548828,33.48426055908203,28.53284454345703,1023.794922,2.056274414,1,266,31428,16201,live,940GZZLUGPK,Green Park,,,,
5201,2026-08-07T16:22:24.000+01:00,51.920265197753906,64.18048095703125,75.84552764892578,886,30.543601989746094,33.52593994140625,28.05981445,1023.5003051757812,2.946166992,1,229,31487,16166,live,940GZZLUGPK,Green Park,,,,
5202,2026-08-07T16:22:34.000+01:00,52.25236892700195,65.09312438964844,77.46418762207031,860,30.54894256591797,33.566490173339844,27.827878952026367,1023.3529663085938,1.473388672,1,196,31551,16146,live,940GZZLUGPK,Green Park,,,,
5204,2026-08-07T16:22:54.000+01:00,50.60928726196289,63.546958923339844,76.15859985351562,814,30.618371963500977,33.64418029785156,27.61730385,1023.5535888671875,2.006225586,1,164,31612,16139,live,940GZZLUGPK,Green Park,,,,
5205,2026-08-07T16:23:04.000+01:00,46.07160949707031,58.33729553222656,70.43183135986328,795,30.642404556274414,33.680763244628906,27.48455047607422,1023.5865478515625,0.329589844,1,163,31546,16149,live,940GZZLUGPK,Green Park,,,,
5206,2026-08-07T16:23:14.000+01:00,41.71575164794922,53.35281753540039,64.97161102294922,773,30.671777725219727,33.700042724609375,27.199207305908203,1023.4222412109375,1.643066406,1,159,31567,16146,live,940GZZLUGPK,Green Park,,,,
5207,2026-08-07T16:23:24.000+01:00,39.35283279418945,51.120521545410156,63.07431411743164,756,30.6771183,33.68785095214844,27.06340217590332,1023.531738,1.094970703,1,153,31575,16123,live,940GZZLUGPK,Green Park,,,,
5208,2026-08-07T16:23:35.000+01:00,35.640743255615234,47.13218307495117,59.00682449,736,30.599679946899414,33.63142395019531,26.65445899963379,1023.498535,0.33203125,1,130,31731,16118,live,940GZZLUGPK,Green Park,,,,
5209,2026-08-07T16:23:44.000+01:00,32.30891418457031,42.910762786865234,53.907527923583984,714,30.631723403930664,33.656944274902344,26.326391220092773,1023.561767578125,0.632324219,1,104,31763,16083,live,940GZZLUGPK,Green Park,,,,
5210,2026-08-07T16:23:54.000+01:00,30.632356643676758,40.55006790161133,50.807708740234375,696,30.631723403930664,33.689552307128906,26.129549026489258,1023.7627563476562,2.009887695,1,89,31763,16061,live,940GZZLUGPK,Green Park,,,,
5211,2026-08-07T16:24:04.000+01:00,30.000537872314453,39.21187210083008,48.626930236816406,682,30.65842628479004,33.706565856933594,26.077669143676758,1023.7391357421875,0.236206055,1,79,31761,16036,live,940GZZLUGPK,Green Park,,,,
5212,2026-08-07T16:24:14.000+01:00,28.72994041442871,37.02217483520508,45.37333297729492,668,30.67978858947754,33.702308654785156,25.975433349609375,1023.7767333984375,0.375976563,1,70,31806,16039,live,940GZZLUGPK,Green Park,,,,
5213,2026-08-07T16:24:24.000+01:00,28.60029411315918,36.93193435668945,45.34199523925781,658,30.69314193725586,33.6932373,25.79079818725586,1023.7135009765625,0.632324219,1,63,31820,16033,live,940GZZLUGPK,Green Park,,,,
5214,2026-08-07T16:24:34.000+01:00,33.36274337768555,42.95941162109375,52.61607360839844,648,30.719844818115234,33.71989440917969,25.77859115600586,1023.7933349609375,0.798339844,1,59,31802,16015,live,940GZZLUGPK,Green Park,,,,
5215,2026-08-07T16:24:44.000+01:00,37.630802154541016,49.002349853515625,60.58243942260742,642,30.682458877563477,33.43492126464844,25.870145797729492,1023.6800537109375,1.1328125,1,66,31633,16020,live,940GZZLUGPK,Green Park,,,,
5216,2026-08-07T16:24:54.000+01:00,44.314491271972656,57.33281326293945,70.50070190429688,639,30.431447982788086,33.256568908691406,26.30502700805664,1023.6898193359375,0.09765625,1,71,31765,16040,live,940GZZLUGPK,Green Park,,,,
5217,2026-08-07T16:25:04.000+01:00,53.65333938598633,68.62803649902344,83.58119201660156,633,30.161745071411133,33.30449676513672,26.753643035888672,1024.049560546875,3.597412109,1,75,31678,16059,live,940GZZLUGPK,Green Park,,,,
5219,2026-08-07T16:25:24.000+01:00,71.08174133300781,88.81349182128906,105.97418212890625,628,29.830625534057617,33.35694885253906,27.032882690429688,1023.8336791992188,2.158813477,1,78,31708,16065,live,940GZZLUGPK,Green Park,,,,
5220,2026-08-07T16:25:34.000+01:00,73.68870544433594,91.49963379,108.57152557373047,629,29.88136100769043,33.37254333496094,27.008468627929688,1023.9224853515625,0.888061523,1,77,31695,16080,live,940GZZLUGPK,Green Park,,,,
5221,2026-08-07T16:25:45.000+01:00,73.14017486572266,91.28991699,108.8274917602539,629,29.85999870300293,33.36828613,27.06797981262207,1023.3853149414062,5.371704102,1,78,31697,16084,live,940GZZLUGPK,Green Park,,,,
5222,2026-08-07T16:25:54.000+01:00,71.95763397216797,89.43978881835938,106.22335052490234,628,29.85999870300293,33.40288543701172,27.12138557434082,1023.4657592773438,0.804443359,1,86,31577,16093,live,940GZZLUGPK,Green Park,,,,
5223,2026-08-07T16:26:04.000+01:00,68.28974914550781,85.14655303955078,101.40877532958984,628,29.865339279174805,33.39862823486328,27.16563606262207,1023.573486328125,1.077270508,1,93,31623,16107,live,,,,,,
5224,2026-08-07T16:26:14.000+01:00,60.110660552978516,75.433815,90.3585434,629,29.900053024291992,33.43095397949219,27.330434799194336,1023.648926,0.754394531,1,101,31469,16102,live,,,,,,
5225,2026-08-07T16:26:24.000+01:00,55.21784210205078,70.88007354736328,86.58472442626953,640,30.004196166992188,33.442298889160156,27.690547943115234,1023.6333618164062,0.155639648,1,110,31452,16113,live,,,,,,
5226,2026-08-07T16:26:34.000+01:00,51.49723815917969,66.12606048583984,80.80007172,665,30.062944412231445,33.480010986328125,28.197147369384766,1023.7002563476562,0.668945313,1,154,31158,16139,live,,,,,,
5227,2026-08-07T16:26:44.000+01:00,51.716026306152344,65.85990142822266,79.90830993652344,746,30.225833892822266,33.512046813964844,28.946365356445312,1022.8119506835938,8.883056641,1,223,31100,16158,live,,,,,,
5228,2026-08-07T16:26:54.000+01:00,52.662994384765625,66.32678985595703,79.70308685302734,794,30.29526138305664,33.54181671142578,29.149309158325195,1019.9852905273438,28.26660156,1,277,31057,16212,live,,,,,,
5229,2026-08-07T16:27:04.000+01:00,52.415924072265625,65.51713562011719,78.20386505126953,857,30.38605308532715,33.561668395996094,29.34920310974121,1018.6843872070312,13.0090332,1,312,31067,16229,live,,,,,,
5230,2026-08-07T16:27:14.000+01:00,52.78514862060547,65.65660095214844,78.02775573730469,888,30.423437118530273,33.59172821044922,29.626916885375977,1018.5613403320312,1.23046875,1,328,31070,16239,live,,,,,,
5231,2026-08-07T16:27:24.000+01:00,56.43564987182617,70.61119842529297,84.35842895507812,916,30.498207092285156,33.63709259033203,29.78408432006836,1019.642822265625,10.81481934,1,340,31049,16254,live,,,,,,
5232,2026-08-07T16:27:34.000+01:00,61.451087951660156,78.31681060791016,95.08440399169922,941,30.564966201782227,33.68217468261719,30.054168701171875,1022.2601318359375,26.1730957,1,349,31048,16265,live,,,,,,
5233,2026-08-07T16:27:44.000+01:00,67.43205261230469,86.22215270996094,104.97738647460938,956,30.629053115844727,33.728965759277344,30.162508010864258,1023.525146484375,12.65014648,1,353,31050,16282,live,,,,,,
5234,2026-08-07T16:27:55.000+01:00,70.03482055664062,88.86444091796875,107.48127746582031,962,30.719844818115234,33.76923370361328,30.22964859008789,1023.4784545898438,0.466918945,1,353,31162,16288,live,940GZZLUBND,Bond Street,,,,
5235,2026-08-07T16:28:04.000+01:00,81.25498199,102.51603698730469,123.37955474853516,965,30.75722885131836,33.78936004638672,30.171663284301758,1023.282958984375,1.954956055,1,335,31257,16290,live,940GZZLUBND,Bond Street,,,,
5236,2026-08-07T16:28:14.000+01:00,89.30763244628906,113.00125885009766,136.3417969,962,30.78927230834961,33.844085693359375,29.70779037475586,1023.2744750976562,0.084838867,1,307,31212,16267,live,940GZZLUBND,Bond Street,,,,
5237,2026-08-07T16:28:24.000+01:00,90.61237335205078,114.08175659179688,137.0460205078125,936,30.890745162963867,33.90703582763672,29.300373077392578,1023.0921630859375,1.823120117,1,290,31254,16227,live,940GZZLUBND,Bond Street,,,,
5238,2026-08-07T16:28:34.000+01:00,86.50348663330078,110.57401275634766,134.5911102294922,911,30.92011833190918,33.945884704589844,29.156938552856445,1023.2003784179688,1.08215332,1,275,31264,16198,live,940GZZLUBND,Bond Street,,,,
5239,2026-08-07T16:28:44.000+01:00,86.87636566,112.6271743774414,138.73013305664062,890,30.933469772338867,34.008262634277344,29.022659301757812,1023.2362670898438,0.358886719,1,268,31250,16188,live,940GZZLUBND,Bond Street,,,,
5240,2026-08-07T16:28:54.000+01:00,84.80282592773438,109.72514343261719,134.93618774414062,877,30.97619629,34.06269836425781,28.89143180847168,1023.416259765625,1.799926758,1,264,31250,16167,live,940GZZLUBND,Bond Street,,,,
5241,2026-08-07T16:29:04.000+01:00,72.72008514404297,93.66175842285156,114.74036407470703,857,31.02960205078125,34.101829528808594,28.636606216430664,1023.187988,2.282714844,1,247,31349,16148,live,940GZZLUBND,Bond Street,,,,
5242,2026-08-07T16:29:14.000+01:00,64.4214859,83.23455810546875,102.2362060546875,839,31.088350296020508,34.14776611328125,28.35584068,1023.491943359375,3.039550781,1,235,31351,16131,live,940GZZLUBND,Bond Street,,,,
5243,2026-08-07T16:29:24.000+01:00,94.63264465332031,123.04413604736328,151.93234252929688,813,31.12840461730957,34.209861755371094,28.093385696411133,1023.2310180664062,2.60925293,1,224,31341,16095,live,940GZZLUBND,Bond Street,,,,
5244,2026-08-07T16:29:34.000+01:00,125.32877349853516,162.37928771972656,199.91268920898438,802,31.056304931640625,34.23992156982422,28.096437454223633,1023.240723,0.097045898,1,222,31326,16095,live,940GZZLUBND,Bond Street,,,,
5245,2026-08-07T16:29:44.000+01:00,115.30723571777344,148.34349060058594,181.55323791503906,784,30.917448043823242,34.22064208984375,28.123903274536133,1022.9539794921875,2.867431641,1,221,31306,16086,live,940GZZLUBND,Bond Street,,,,
5246,2026-08-07T16:29:54.000+01:00,99.93753814697266,129.7260742,159.96255493164062,774,30.925458908081055,34.224327087402344,28.02319336,1023.2139282226562,2.599487305,1,217,31354,16069,live,940GZZLUBND,Bond Street,,,,
5247,2026-08-07T16:30:05.000+01:00,96.43962860107422,124.57593536376953,152.98753356933594,760,30.994888305664062,34.169883728027344,27.919431686401367,1023.3074340820312,0.935058594,1,214,31359,16062,live,,,,,,
5248,2026-08-07T16:30:14.000+01:00,98.65473175048828,127.66693115234375,157.01988220214844,753,31.000228881835938,34.1965332,27.924009323120117,1023.346191,0.387573242,1,215,31311,16062,live,,,,,,
5252,2026-08-07T16:30:54.000+01:00,70.97123718261719,91.98125457763672,113.27216339111328,738,31.152437210083008,34.308258056640625,27.45708465576172,1022.618652,7.275390625,1,197,31430,16020,live,,,,,,
5253,2026-08-07T16:31:04.000+01:00,67.44781494140625,87.24127960205078,107.25704956054688,733,31.200504302978516,34.34313965,27.431142807006836,1022.2847900390625,3.338623047,1,197,31384,16012,live,,,,,,
5254,2026-08-07T16:31:14.000+01:00,44.513118743896484,58.36838150024414,72.57432556152344,733,31.25925064086914,34.388221740722656,27.48149871826172,1021.9095458984375,3.752441406,1,196,31375,16006,live,,,,,51.51425642,-0.149038209
5255,2026-08-07T16:31:25.000+01:00,24.689212799072266,32.417720794677734,40.35197448730469,734,31.323339462280273,34.360145568847656,27.437246322631836,1021.7014770507812,2.080688477,1,198,31222,16012,live,,,,,51.51425642,-0.149038209
5265,2026-08-07T16:33:04.000+01:00,74.08950043,88.07261657714844,100.30229187011719,704,31.155107498168945,34.453147888183594,25.003433227539062,1022.1339721679688,4.324951172,1,180,31289,15764,live,940GZZLUBND,Bond Street,,,,
5266,2026-08-07T16:33:14.000+01:00,73.79576110839844,88.13525391,100.83428955078125,703,31.141756057739258,34.44237518310547,25.36202049255371,1022.130371,0.036010742,1,197,31193,15777,live,940GZZLUBND,Bond Street,,,,
5267,2026-08-07T16:33:24.000+01:00,79.20575714111328,94.44857788085938,107.8925781,704,31.203174591064453,34.45088195800781,26.005950927734375,1022.1489868164062,0.186157227,1,236,31066,15808,live,940GZZLUBND,Bond Street,,,,
5268,2026-08-07T16:33:34.000+01:00,81.69123077392578,97.23616790771484,110.88044738769531,706,31.219196319580078,34.48320770263672,26.24704360961914,1022.2536010742188,1.046142578,1,264,31124,15860,live,940GZZLUBND,Bond Street,,,,
5269,2026-08-07T16:33:44.000+01:00,65.88567352294922,78.51623535,89.63790893554688,709,31.256580352783203,34.496253967285156,26.356908798217773,1022.054199,1.994018555,1,279,31118,15885,live,940GZZLUBND,Bond Street,,,,
5270,2026-08-07T16:33:54.000+01:00,57.83683395385742,69.42234802246094,79.81149291992188,711,31.29129409790039,34.51410675048828,26.359960556030273,1021.9058837890625,1.483154297,1,283,31173,15895,live,940GZZLUBND,Bond Street,,,,
5271,2026-08-07T16:34:04.000+01:00,48.618736267089844,58.4064827,67.20110321044922,715,31.334020614624023,34.54530334472656,26.28519058227539,1021.8529052734375,0.529785156,1,276,31215,15896,live,940GZZLUBND,Bond Street,,,,
5272,2026-08-07T16:34:14.000+01:00,19.108285903930664,23.071256637573242,26.67380714416504,714,31.37140464782715,34.57677459716797,26.138704299926758,1021.6777954101562,1.751098633,1,257,31337,15894,live,940GZZLUBND,Bond Street,,,,
5273,2026-08-07T16:34:24.000+01:00,14.469688415527344,17.586986541748047,20.46131134033203,716,31.31799889,34.60229492,25.80147933959961,1021.7483520507812,0.705566406,1,230,31399,15876,live,940GZZLUBND,Bond Street,,,,
5274,2026-08-07T16:34:34.000+01:00,12.033997535705566,14.638680458068848,17.044410705566406,715,31.37140464782715,34.60399627685547,25.656518936157227,1021.7256469726562,0.227050781,1,215,31427,15837,live,940GZZLUBND,Bond Street,,,,
5275,2026-08-07T16:34:44.000+01:00,9.372295379638672,11.359822273254395,13.181833267211914,714,31.352712631225586,34.569969177246094,25.452049255371094,1021.6983032226562,0.2734375,1,213,31461,15826,live,940GZZLUBND,Bond Street,,,,
5279,2026-08-07T16:35:24.000+01:00,9.106146812438965,10.839239120483398,12.360541343688965,726,31.35004234313965,34.407501220703125,25.241474151611328,1021.7285766601562,0.302734375,1,197,31376,15784,live,,,,,51.51348163696379,-0.149173937
5280,2026-08-07T16:35:34.000+01:00,9.063029289245605,10.822487831115723,12.380062103271484,743,31.4034481,34.38311004638672,25.38490867614746,1021.5673217773438,1.612548828,1,194,31412,15787,live,,,,,51.51342698691752,-0.14919679
5281,2026-08-07T16:35:44.000+01:00,8.791046142578125,10.552759170532227,12.132820129394531,774,31.39009666442871,34.34654235839844,25.447471618652344,1021.606934,0.396118164,1,190,31430,15803,live,,,,,51.51342698691752,-0.14919679
5282,2026-08-07T16:35:54.000+01:00,8.128284454345703,9.777516365,11.264025688171387,791,31.387426376342773,34.34057617,25.37727928161621,1021.5393676757812,0.67565918,1,177,31483,15813,live,910GBONDST,Bond Street,,,,
5283,2026-08-07T16:36:04.000+01:00,7.0191450119018555,8.452343940734863,9.747346878051758,801,31.334020614624023,34.35021973,25.300983428955078,1021.5808715820312,0.415039063,1,163,31544,15814,live,910GBONDST,Bond Street,,,,
5284,2026-08-07T16:36:14.000+01:00,6.104580402374268,7.327940940856934,8.425162315368652,802,31.251239776611328,34.273094177246094,25.021743774414062,1021.5906982421875,0.098266602,1,138,31729,15808,live,,,,,51.51339523,-0.149190753
5285,2026-08-07T16:36:24.000+01:00,5.336343765258789,6.368272304534912,7.280288219451904,794,31.200504302978516,34.257789611816406,24.625009536743164,1021.653076171875,0.623779297,1,106,31941,15763,live,,,,,51.51339523,-0.149190753
5286,2026-08-07T16:36:34.000+01:00,4.296899318695068,5.091810226,5.780894756317139,768,31.235218048095703,34.27195739746094,24.214542388916016,1022.0263061523438,3.732299805,1,87,31843,15721,live,,,,,51.51339523,-0.149190753
5288,2026-08-07T16:36:54.000+01:00,3.8661320209503174,4.494722366333008,5.005793571472168,682,31.10704231262207,34.23027801513672,23.57518959,1022.4946899414062,4.683837891,1,59,31942,15659,live,,,,,51.513389778537444,-0.149187038
5289,2026-08-07T16:37:05.000+01:00,3.8036553859710693,4.380707740783691,4.831485271453857,634,31.131074905395508,34.218658447265625,23.50499725341797,1022.4902954101562,0.043945313,1,50,31940,15617,live,910GBONDST,Bond Street,,,,
5290,2026-08-07T16:37:14.000+01:00,4.078942775726318,4.656344890594482,5.087672233581543,621,31.0402832,34.18434143066406,23.433279037475586,1022.4937744140625,0.034790039,1,46,31901,15619,live,,,,,51.51338671388513,-0.14918617
5291,2026-08-07T16:37:24.000+01:00,4.027048587799072,4.574879169464111,4.972773551940918,613,31.0402832,34.15656280517578,23.55229949951172,1022.5259399414062,0.321655273,1,45,31885,15598,live,,,,,51.51338671388513,-0.14918617
5292,2026-08-07T16:37:34.000+01:00,4.338490962982178,4.904690265655518,5.303177833557129,611,31.024261474609375,34.11175537109375,23.48058319091797,1022.438720703125,0.872192383,1,45,31873,15610,live,,,,,51.51338671388513,-0.14918617
5293,2026-08-07T16:37:44.000+01:00,4.824528694152832,5.420465469360352,5.821226596832275,611,31.00823974609375,34.061004638671875,23.712520599365234,1022.4793701171875,0.406494141,1,49,31786,15602,live,,,,,51.51338671388513,-0.14918617
5294,2026-08-07T16:37:54.000+01:00,5.437448978424072,6.094064712524414,6.526841640472412,612,31.026931762695312,34.07093048095703,23.923093795776367,1022.426513671875,0.528564453,1,56,31762,15609,live,,,,,,
5295,2026-08-07T16:38:04.000+01:00,7.578395843505859,8.464612961,9.031405448913574,615,31.07499885559082,34.06865692138672,24.100099563598633,1022.378906,0.476074219,1,61,31719,15611,live,,,,,,
5296,2026-08-07T16:38:14.000+01:00,8.437275886535645,9.383077621459961,9.962736129760742,625,31.069658279418945,34.06525421142578,24.35034752,1022.4135131835938,0.346069336,1,74,31556,15627,live,910GBONDST,Bond Street,,,,
5298,2026-08-07T16:38:34.000+01:00,6.9057769775390625,7.660982131958008,8.111634254455566,810,31.115053176879883,34.077735900878906,24.942398071289062,1021.2681274414062,11.45385742,1,142,31280,15655,live,,,,,,
5299,2026-08-07T16:38:44.000+01:00,6.794703483581543,7.522577285766602,7.946887969970703,900,31.136415481567383,34.07148742675781,25.098039627075195,1020.9578857421875,3.102416992,1,154,31208,15665,live,,,,,,
5300,2026-08-07T16:38:54.000+01:00,6.014236927032471,6.646205902099609,7.006313323974609,991,31.155107498168945,34.080284118652344,25.287250518798828,1023.3171997070312,23.59313965,1,202,31109,15660,live,,,,,,
5301,2026-08-07T16:39:04.000+01:00,5.606163979,6.186748981,6.511730194091797,1081,31.168458938598633,34.09416961669922,25.447471618652344,1021.5624389648438,17.54760742,1,248,31057,15664,live,,,,,,
5302,2026-08-07T16:39:15.000+01:00,6.065808296203613,6.6795549392700195,7.013023376464844,1171,31.19516372680664,34.09729766845703,25.636682510375977,1020.9313354492188,6.311035156,1,281,31012,15669,live,,,,,,
5303,2026-08-07T16:39:24.000+01:00,6.688480377197266,7.360060691833496,7.721259593963623,1276,31.197834014892578,34.11231994628906,25.81063461303711,1020.2743530273438,6.569824219,1,305,30988,15671,live,910GBONDST,Bond Street,,,,
5304,2026-08-07T16:39:34.000+01:00,6.962585449,7.670940876,8.058577537536621,1364,31.21652603149414,34.119415283203125,25.955596923828125,1019.8369750976562,4.373779297,1,324,30954,15678,live,910GBONDST,Bond Street,,,,
5305,2026-08-07T16:39:44.000+01:00,6.640691757202148,7.3352952,7.7288994789123535,1456,31.213855743408203,34.13727569580078,26.144807815551758,1019.232666015625,6.04309082,1,337,30944,15675,live,,,,,,
5306,2026-08-07T16:39:54.000+01:00,6.585049629211426,7.283059597015381,7.684967517852783,1514,31.253910064697266,34.15711975097656,26.398107528686523,1018.263672,9.689941406,1,349,30829,15673,live,,,,,,
5307,2026-08-07T16:40:04.000+01:00,7.372622489929199,8.162569999694824,8.623179436,1569,31.285953521728516,34.169036865234375,26.68039894104004,1019.7485961914062,14.84924316,1,354,30962,15694,live,,,,,,
5308,2026-08-07T16:40:14.000+01:00,7.634218692779541,8.437440872192383,8.895839691,1624,31.285953521728516,34.187461853027344,27.11528205871582,1021.5767211914062,18.28125,1,360,30887,15700,live,,,,,,
5309,2026-08-07T16:40:24.000+01:00,8.001913070678711,8.864087104797363,9.370045662,1650,31.307315826416016,34.1973877,27.254138946533203,1021.8450927734375,2.68371582,1,367,30857,15720,live,,,,,,
5310,2026-08-07T16:40:34.000+01:00,8.256457328796387,9.164214134216309,9.709099769592285,1663,31.296634674072266,34.212982177734375,27.46013641357422,1022.0806274414062,2.35534668,1,374,30832,15723,live,,,,,51.516548369102104,-0.17804974
5311,2026-08-07T16:40:44.000+01:00,8.647912979125977,9.601345062,10.175376892089844,1671,31.334020614624023,34.23963928222656,27.701229095458984,1021.4569702148438,6.236572266,1,379,30820,15723,live,,,,,51.516548369102104,-0.17804974
5312,2026-08-07T16:40:54.000+01:00,9.378340721130371,10.43697738647461,11.090523719787598,1679,31.334020614624023,34.193702697753906,28.197147369384766,1021.5028686523438,0.458984375,1,363,31181,15752,live,910GPADTLL,Paddington,,,,
5313,2026-08-07T16:41:04.000+01:00,8.942491531,9.994331359863281,10.67082405090332,1623,31.331350326538086,34.220069885253906,27.351797103881836,1021.509521484375,0.06652832,1,288,31487,15784,live,910GPADTLL,Paddington,,,,
5314,2026-08-07T16:41:15.000+01:00,8.052328109741211,9.028961181640625,9.675201416015625,1473,31.32600975036621,34.23254395,26.785686492919922,1021.5159301757812,0.064086914,1,227,31577,15731,live,910GPADTLL,Paddington,,,,
5315,2026-08-07T16:41:24.000+01:00,7.055071830749512,7.885767936706543,8.420559883117676,1304,31.293964385986328,34.1973877,26.129549026489258,1021.5206909179688,0.047607422,1,198,31762,15713,live,910GPADTLL,Paddington,,,,
5316,2026-08-07T16:41:34.000+01:00,5.567920207977295,6.2000813484191895,6.592680931091309,1162,31.293964385986328,34.193702697753906,25.578699111938477,1021.5208740234375,0.001831055,1,147,31756,15673,live,910GPADTLL,Paddington,,,,
5317,2026-08-07T16:41:44.000+01:00,4.380977630615234,4.859550476074219,5.144782543182373,1036,31.283283233642578,34.19512176513672,25.061416625976562,1021.5147094726562,0.061645508,1,113,31827,15635,live,910GPADTLL,Paddington,,,,
5318,2026-08-07T16:41:54.000+01:00,3.896758556365967,4.305392265319824,4.5376667976379395,939,31.31799889,34.21411895751953,24.719615936279297,1021.501465,0.132446289,1,95,31781,15592,live,910GPADTLL,Paddington,,,,
5319,2026-08-07T16:42:04.000+01:00,3.5372445583343506,3.8979716300964355,4.095983028411865,839,31.299304962158203,34.224891662597656,24.91645622253418,1021.4718627929688,0.296020508,1,90,31673,15564,live,,,,,51.516548369102104,-0.17804974
5320,2026-08-07T16:42:15.000+01:00,3.3094470500946045,3.6388978958129883,3.814039945602417,802,31.32868003845215,34.24446105957031,25.064470291137695,1022.2039184570312,7.320556641,1,92,31637,15577,live,,,,,51.516548369102104,-0.17804974
5321,2026-08-07T16:42:24.000+01:00,3.0242669582366943,3.3252084255218506,3.485107898712158,783,31.334020614624023,34.25353240966797,25.36202049255371,1022.165283203125,0.386352539,1,97,31583,15579,live,,,,,51.51655798995653,-0.178065744
5322,2026-08-07T16:42:34.000+01:00,3.046928644180298,3.3522160053253174,3.515942096710205,771,31.34737205505371,34.260902404785156,25.575647354125977,1022.6769409179688,5.116577148,1,104,31548,15595,live,,,,,51.51648066908319,-0.177951115
5323,2026-08-07T16:42:44.000+01:00,2.9516658782958984,3.249525785446167,3.4107956886291504,766,31.35004234313965,34.26855469,25.77248764038086,1021.7518920898438,9.250488281,1,116,31471,15602,live,,,,,51.51648066908319,-0.177951115
5324,2026-08-07T16:42:54.000+01:00,3.660334825515747,4.029293537139893,4.228760242462158,759,31.37941551208496,34.29095458984375,25.876249313354492,1021.5693969726562,1.824951172,1,128,31455,15610,live,,,,,51.51648066908319,-0.177951115
5325,2026-08-07T16:43:04.000+01:00,3.688359498977661,4.052190780639648,4.243187427520752,756,31.376745223999023,34.30116271972656,25.996795654296875,1021.112793,4.566040039,1,138,31431,15616,live,910GPADTLL,Paddington,,,,
5326,2026-08-07T16:43:14.000+01:00,3.620894432067871,3.9773659706115723,4.1639814376831055,757,31.39276695251465,34.30003356933594,26.149385452270508,1020.859375,2.534179688,1,147,31373,15616,live,910GPADTLL,Paddington,,,,
5327,2026-08-07T16:43:24.000+01:00,3.365405321121216,3.69504714,3.8663859367370605,758,31.4034481,34.31053161621094,26.109712600708008,1020.6109619140625,2.484130859,1,150,31442,15620,live,910GPADTLL,Paddington,,,,
5328,2026-08-07T16:43:34.000+01:00,3.330211639404297,3.658094882965088,3.8297648429870605,758,31.41412925720215,34.31846618652344,26.123445510864258,1020.36084,2.501220703,1,156,31449,15617,live,910GPADTLL,Paddington,,,,
5329,2026-08-07T16:43:45.000+01:00,3.2643070220947266,3.5843470096588135,3.7509171962738037,759,31.41412925720215,34.33576202392578,26.068513870239258,1020.2125854492188,1.482543945,1,157,31438,15620,live,910GPADTLL,Paddington,,,,
5330,2026-08-07T16:43:54.000+01:00,3.2023203372955322,3.5144309997558594,3.675509214401245,765,31.42481041,34.34880828857422,25.973907470703125,1020.1057739257812,1.068115234,1,159,31426,15601,live,910GPADTLL,Paddington,,,,
5331,2026-08-07T16:44:04.000+01:00,3.0425684452056885,3.3376657962799072,3.488893508911133,771,31.440834045410156,34.34057617,25.889982223510742,1021.7469482421875,16.41174316,1,161,31421,15595,live,910GPADTLL,Paddington,,,,
5332,2026-08-07T16:44:14.000+01:00,3.202392816543579,3.5134310722351074,3.673156261444092,784,31.43816375732422,34.363258361816406,25.894559860229492,1021.6911010742188,0.55847168,1,161,31425,15598,live,910GPADTLL,Paddington,,,,
5333,2026-08-07T16:44:24.000+01:00,3.2489562034606934,3.562455654144287,3.7219111919403076,790,31.443504333496094,34.36949920654297,25.72823715209961,1021.8472900390625,1.561889648,1,162,31411,15586,live,910GPADTLL,Paddington,,,,
5334,2026-08-07T16:44:34.000+01:00,4.674045562744141,5.124556064605713,5.353325366973877,796,31.47020721435547,34.377159118652344,25.677881240844727,1022.3626708984375,5.153808594,1,161,31443,15571,live,910GBONDST,Bond Street,,,,
5335,2026-08-07T16:44:44.000+01:00,7.056212425231934,7.729833602905273,8.067029953,800,31.416799545288086,34.37517547607422,25.627527236938477,1022.4545288085938,0.918579102,1,151,31544,15571,live,910GBONDST,Bond Street,,,,
5336,2026-08-07T16:44:54.000+01:00,7.975729942321777,8.738517761230469,9.121395111083984,802,31.43282127380371,34.37886047363281,25.43373680114746,1022.418701171875,0.358276367,1,139,31559,15559,live,910GBONDST,Bond Street,,,,
5337,2026-08-07T16:45:04.000+01:00,7.137783050537109,7.836676597595215,8.199757576,801,31.43549156188965,34.389060974121094,25.271991729736328,1022.4082641601562,0.104370117,1,128,31646,15548,live,910GBONDST,Bond Street,,,,
5338,2026-08-07T16:45:14.000+01:00,6.068135738372803,6.680957794189453,7.013094902038574,796,31.430150985717773,34.38368225097656,25.171281814575195,1022.3635864257812,0.446777344,1,122,31551,15538,live,910GBONDST,Bond Street,,,,
5339,2026-08-07T16:45:24.000+01:00,6.249861717224121,6.8999738693237305,7.265872955322266,777,31.440834045410156,34.39190673828125,25.015640258789062,1022.3128051757812,0.5078125,1,116,31611,15525,live,910GBONDST,Bond Street,,,,
5340,2026-08-07T16:45:34.000+01:00,6.1468400955200195,6.7891435623168945,7.152666091918945,764,31.440834045410156,34.37998962402344,24.88288688659668,1022.4447021484375,1.318969727,1,109,31641,15517,live,910GBONDST,Bond Street,,,,
5341,2026-08-07T16:45:44.000+01:00,6.212178707122803,6.874523162841797,7.2585248947143555,744,31.42214012145996,34.38538360595703,24.762340545654297,1022.3856811523438,0.590209961,1,105,31655,15502,live,910GBONDST,Bond Street,,,,
5342,2026-08-07T16:45:55.000+01:00,6.524755477905273,7.212104320526123,7.604962348937988,723,31.42481041,34.39360046386719,24.728771209716797,1022.3925170898438,0.068359375,1,98,31673,15483,live,910GBONDST,Bond Street,,,,
5343,2026-08-07T16:46:04.000+01:00,6.584319114685059,7.266106605529785,7.647666931152344,712,31.416799545288086,34.40069580078125,24.745555877685547,1022.4221801757812,0.296630859,1,92,31715,15485,live,910GBONDST,Bond Street,,,,
5344,2026-08-07T16:46:14.000+01:00,5.661787033081055,6.244639873504639,6.568451881408691,700,31.42481041,34.39445495605469,24.631113052368164,1022.42041,0.017700195,1,85,31750,15482,live,910GBONDST,Bond Street,,,,
5345,2026-08-07T16:46:24.000+01:00,4.629346848,5.096281528,5.348934650421143,682,31.408788681030273,34.405235290527344,24.33203697,1022.436035,0.15625,1,78,31768,15479,live,910GBONDST,Bond Street,,,,
5346,2026-08-07T16:46:34.000+01:00,3.6980977058410645,4.059046745300293,4.245714188,668,31.408788681030273,34.411468505859375,24.124513626098633,1022.4213256835938,0.147094727,1,74,31764,15454,live,910GBONDST,Bond Street,,,,
5347,2026-08-07T16:46:44.000+01:00,3.5597102642059326,3.8949692249298096,4.059332370758057,653,31.41412925720215,34.412315368652344,23.98413086,1022.4254150390625,0.040893555,1,72,31798,15446,live,910GBONDST,Bond Street,,,,
5348,2026-08-07T16:46:54.000+01:00,3.4284491539001465,3.7459304332733154,3.897423505783081,636,31.43282127380371,34.420257568359375,23.94598388671875,1022.410400390625,0.150146484,1,71,31720,15426,live,910GBONDST,Bond Street,,,,
5349,2026-08-07T16:47:04.000+01:00,4.0918803215026855,4.466764450073242,4.6425018310546875,627,31.41412925720215,34.41033172607422,24.00854492,1022.3751831054688,0.352172852,1,72,31758,15420,live,910GBONDST,Bond Street,,,,
5350,2026-08-07T16:47:14.000+01:00,5.035333156585693,5.492490768432617,5.703514575958252,617,31.398107528686523,34.411468505859375,23.9810791,1022.3389892578125,0.361938477,1,69,31786,15432,live,910GBONDST,Bond Street,,,,
5351,2026-08-07T16:47:24.000+01:00,5.748877048492432,6.278259277,6.528542518615723,613,31.39009666442871,34.413169860839844,23.894102096557617,1022.4160766601562,0.770874023,1,67,31787,15425,live,910GBONDST,Bond Street,,,,
5352,2026-08-07T16:47:34.000+01:00,5.718050956726074,6.249309539794922,6.504180431365967,609,31.395437240600586,34.419403076171875,23.857481002807617,1022.3780517578125,0.380249023,1,67,31774,15421,live,910GBONDST,Bond Street,,,,
5353,2026-08-07T16:47:44.000+01:00,5.654297828674316,6.176911354064941,6.425518035888672,607,31.36873435974121,34.439537048339844,23.904783248901367,1022.3953857421875,0.173339844,1,67,31769,15415,live,,,,,51.51339384331435,-0.149183248
5354,2026-08-07T16:47:54.000+01:00,5.373416900634766,5.862276077270508,6.088733196258545,608,31.363393783569336,34.436134338378906,23.52178192138672,1022.3923950195312,0.029907227,1,69,31738,15418,live,,,,,51.51339384331435,-0.149183248
5355,2026-08-07T16:48:05.000+01:00,4.719056606292725,5.1419782638549805,5.332804203033447,615,31.374074935913086,34.42366027832031,23.306629180908203,1022.3690795898438,0.233154297,1,72,31704,15382,live,,,,,51.51339384331435,-0.149183248
5356,2026-08-07T16:48:14.000+01:00,4.610538959503174,5.020593643188477,5.203080654144287,631,31.323339462280273,34.40863800048828,23.062484741210938,1022.6204833984375,2.514038086,1,74,31700,15363,live,,,,,51.51339384331435,-0.149183248
5357,2026-08-07T16:48:24.000+01:00,5.209315776824951,5.663321495056152,5.857809543609619,648,31.334020614624023,34.40238952636719,23.10978889465332,1022.1652221679688,4.552612305,1,80,31686,15340,live,,,,,51.51339384331435,-0.149183248
5358,2026-08-07T16:48:34.000+01:00,5.427093505859375,5.878536224365234,6.0540666580200195,682,31.33936119,34.3782959,22.961776733398438,1022.3421630859375,1.76940918,1,83,31665,15349,live,,,,,51.51339384331435,-0.149183248
5359,2026-08-07T16:48:44.000+01:00,5.344623565673828,5.779348850250244,5.939815044403076,731,31.323339462280273,34.364967346191406,22.891584396362305,1021.7064208984375,6.357421875,1,84,31708,15341,live,910GBONDST,Bond Street,,,,
5361,2026-08-07T16:49:04.000+01:00,4.675311088562012,5.047124862670898,5.176846027374268,766,31.307315826416016,34.33518981933594,22.697795867919922,1021.1380615234375,5.68359375,1,85,31660,15318,live,,,,,,
5362,2026-08-07T16:49:14.000+01:00,4.715478420257568,5.093735218048096,5.228656292,785,31.288623809814453,34.32129669189453,22.716106414794922,1021.5387573242188,4.006958008,1,89,31628,15311,live,,,,,,
5363,2026-08-07T16:49:24.000+01:00,4.484515190124512,4.842012882232666,4.967517852783203,833,31.275272369384766,34.28954315185547,22.696269989013672,1021.2901000976562,2.486572266,1,92,31652,15313,live,,,,,,
5364,2026-08-07T16:49:34.000+01:00,4.2353410720825195,4.569127559661865,4.6828203201293945,862,31.253910064697266,34.25012969970703,22.58793067932129,1021.3543701171875,0.642700195,1,92,31670,15315,live,,,,,,
5365,2026-08-07T16:49:44.000+01:00,5.765291213989258,6.2216081619262695,6.378831386566162,875,31.243228912353516,34.20362854003906,22.473487854003906,1021.8115844726562,4.572143555,1,91,31653,15297,live,910GTOTCTRD,Tottenham Court Road,,,,
5366,2026-08-07T16:49:54.000+01:00,8.289805412,8.959617614746094,9.202888488769531,882,31.189823150634766,34.175559997558594,22.491798400878906,1021.832031,0.204467773,1,90,31676,15291,live,910GTOTCTRD,Tottenham Court Road,,,,
5367,2026-08-07T16:50:04.000+01:00,9.395995140075684,10.17896842956543,10.48460865020752,880,31.176469802856445,34.122528076171875,22.60166358947754,1021.8546142578125,0.225830078,1,88,31699,15288,live,910GTOTCTRD,Tottenham Court Road,,,,
5368,2026-08-07T16:50:15.000+01:00,9.369047164916992,10.14469051361084,10.443058013916016,874,31.152437210083008,34.08396911621094,22.68711280822754,1021.8605346679688,0.059204102,1,87,31677,15302,live,910GTOTCTRD,Tottenham Court Road,,,,
5369,2026-08-07T16:50:24.000+01:00,8.323676109313965,9.011398315429688,9.274746894836426,856,31.104372024536133,34.043418884277344,22.774089813232422,1021.871094,0.10559082,1,85,31760,15307,live,910GTOTCTRD,Tottenham Court Road,,,,
5370,2026-08-07T16:50:34.000+01:00,7.589418888092041,8.207857131958008,8.437134742736816,807,31.06431770324707,33.9909668,22.967880249023438,1021.8565673828125,0.145263672,1,96,31443,15307,live,910GTOTCTRD,Tottenham Court Road,,,,
5371,2026-08-07T16:50:44.000+01:00,7.851158142089844,8.484433174,8.713456153869629,783,31.026931762695312,33.9453125,23.047225952148438,1021.881591796875,0.250244141,1,116,31372,15324,live,910GTOTCTRD,Tottenham Court Road,,,,
5372,2026-08-07T16:50:54.000+01:00,8.662014961242676,9.371035576,9.636719703674316,762,31.005569458007812,33.89823913574219,23.11894416809082,1021.8455200195312,0.360717773,1,123,31377,15332,live,910GTOTCTRD,Tottenham Court Road,,,,
5373,2026-08-07T16:51:04.000+01:00,9.345424652,10.145936012268066,10.477282524108887,739,30.984207153320312,33.869606018066406,23.283740997314453,1021.820801,0.247192383,1,138,31381,15334,live,910GTOTCTRD,Tottenham Court Road,,,,
5374,2026-08-07T16:51:14.000+01:00,9.427042961120605,10.262903213500977,10.632802963256836,717,30.952163696289062,33.83387756347656,23.288318634033203,1021.765625,0.551757813,1,152,31382,15349,live,910GTOTCTRD,Tottenham Court Road,,,,
5375,2026-08-07T16:51:24.000+01:00,10.198179244995117,11.168667793273926,11.652138710021973,701,30.949493408203125,33.793052673339844,23.430227279663086,1021.830810546875,0.651855469,1,159,31398,15339,live,910GTOTCTRD,Tottenham Court Road,,,,
5376,2026-08-07T16:51:34.000+01:00,10.773199081420898,11.855596542358398,12.43823528289795,688,30.912107467651367,33.757598876953125,23.44853973388672,1021.884766,0.539550781,1,163,31413,15357,live,910GTOTCTRD,Tottenham Court Road,,,,
5377,2026-08-07T16:51:44.000+01:00,10.866103172302246,11.956313133239746,12.542064666748047,681,30.901426315307617,33.72187042236328,23.49279022216797,1021.8912353515625,0.064697266,1,162,31389,15351,live,910GTOTCTRD,Tottenham Court Road,,,,
5378,2026-08-07T16:51:54.000+01:00,10.364143371582031,11.410279273986816,11.976879119873047,671,30.890745162963867,33.68785095214844,23.59502601623535,1021.8388061523438,0.524291992,1,155,31542,15355,live,910GTOTCTRD,Tottenham Court Road,,,,
5379,2026-08-07T16:52:05.000+01:00,9.441105842590332,10.394481658935547,10.911133766174316,660,30.853361129760742,33.650421142578125,23.59502601623535,1021.8630981445312,0.242919922,1,151,31560,15362,live,910GTOTCTRD,Tottenham Court Road,,,,
5380,2026-08-07T16:52:14.000+01:00,9.284098625183105,10.247900009155273,10.78900433,647,30.805294036865234,33.63568115234375,23.697261810302734,1021.786376953125,0.767211914,1,150,31556,15362,live,910GTOTCTRD,Tottenham Court Road,,,,
5381,2026-08-07T16:52:24.000+01:00,8.854612350463867,9.797483444213867,10.343301773071289,637,30.786602020263672,33.60590362548828,23.709468841552734,1021.8582153320312,0.718383789,1,148,31581,15363,live,910GTOTCTRD,Tottenham Court Road,,,,
5382,2026-08-07T16:52:34.000+01:00,9.240800857543945,10.231021881103516,10.808476448059082,635,30.773250579833984,33.58691406,23.714046478271484,1021.7850952148438,0.731201172,1,142,31588,15365,live,910GTOTCTRD,Tottenham Court Road,,,,
5383,2026-08-07T16:52:44.000+01:00,9.044533729553223,10.019908905029297,10.592876434326172,636,30.762569427490234,33.565643310546875,23.810176849365234,1021.8499755859375,0.648803711,1,134,31548,15365,live,,,,,,
5384,2026-08-07T16:52:54.000+01:00,7.6227545738220215,8.447776794433594,8.934416770935059,637,30.71450424194336,33.537574768066406,23.855955123901367,1021.8624877929688,0.12512207,1,137,31238,15370,live,,,,,,
5385,2026-08-07T16:53:05.000+01:00,6.492607593536377,7.186046123504639,7.588883876800537,662,30.69314193725586,33.517723083496094,23.802547454833984,1021.8497924804688,0.126953125,1,183,31161,15366,live,,,,,,
5386,2026-08-07T16:53:14.000+01:00,5.977800369262695,6.602321147918701,6.955695629119873,713,30.653085708618164,33.489646911621094,23.52025604248047,1021.824219,0.255737305,1,211,31206,15358,live,,,,,,
5387,2026-08-07T16:53:24.000+01:00,6.214092254638672,6.852956295013428,7.207291603088379,785,30.655756,33.47490692138672,23.340200424194336,1021.8145141601562,0.097045898,1,219,31361,15331,live,,,,,,
5388,2026-08-07T16:53:34.000+01:00,7.373706340789795,8.126721382141113,8.540808678,849,30.61303139,33.45391845703125,23.262378692626953,1021.7945556640625,0.199584961,1,217,31347,15317,live,,,,,,
5389,2026-08-07T16:53:44.000+01:00,8.142084121704102,8.969103813171387,9.420729637145996,890,30.59433937072754,33.42528533935547,23.18455696105957,1021.8914794921875,0.969238281,1,212,31247,15306,live,,,,,,
5390,2026-08-07T16:53:54.000+01:00,7.727134704589844,8.495792388916016,8.904012680053711,940,30.540931701660156,33.401466369628906,23.07621955871582,1021.782715,1.087646484,1,208,31333,15295,live,,,,,,
5391,2026-08-07T16:54:04.000+01:00,7.548280715942383,8.281396865844727,8.657849311828613,942,30.540931701660156,33.39408874511719,23.025863647460938,1022.5189819335938,7.362670898,1,205,31315,15286,live,,,,,,
5392,2026-08-07T16:54:14.000+01:00,7.767274379730225,8.523645401000977,8.913515090942383,945,30.50354766845703,33.37566375732422,22.938888549804688,1020.3029174804688,22.16064453,1,206,31300,15277,live,,,,,,
5393,2026-08-07T16:54:24.000+01:00,7.5731353759765625,8.318174362182617,8.707823753356934,945,30.487525939941406,33.35807800292969,22.922101974487305,1019.2959594726562,10.06958008,1,211,31264,15263,live,,,,,,
5394,2026-08-07T16:54:34.000+01:00,6.757180690765381,7.424680709838867,7.775785446166992,949,30.458152770996094,33.342201232910156,22.946517944335938,1017.684326171875,16.11633301,1,218,31226,15265,live,,,,,,
5395,2026-08-07T16:54:44.000+01:00,5.353955268859863,5.874546051025391,6.142311096191406,965,30.431447982788086,33.33000946044922,23.007553100585938,1019.126953,14.42626953,1,231,31193,15254,live,,,,,,
5396,2026-08-07T16:54:55.000+01:00,4.980585575,5.457703590393066,5.697782039642334,1002,30.39406394958496,33.32604217529297,23.004501342773438,1019.3251342773438,1.981811523,1,242,31154,15258,live,,,,,,
5397,2026-08-07T16:55:04.000+01:00,5.000900745391846,5.483105182647705,5.728111267089844,1009,30.36202049255371,33.311302185058594,23.053329467773438,1019.781005859375,4.55871582,1,255,31131,15248,live,,,,,,
5398,2026-08-07T16:55:14.000+01:00,4.763443470001221,5.229114055633545,5.470487594604492,1020,30.32997703552246,33.28605651855469,23.08232307434082,1021.349365234375,15.68359375,1,270,31108,15249,live,,,,,,
5399,2026-08-07T16:55:24.000+01:00,4.822567462921143,5.294384479522705,5.539213657,1022,30.30594253540039,33.25968933105469,23.054855346679688,1023.1749877929688,18.25622559,1,282,31048,15255,live,,,,,,
5400,2026-08-07T16:55:34.000+01:00,5.2379984855651855,5.748338222503662,6.011589050292969,1029,30.289920806884766,33.25061798095703,23.030441284179688,1023.1885375976562,0.135498047,1,295,31037,15243,live,,,,,,
5401,2026-08-07T16:55:44.000+01:00,4.6937360763549805,5.146862030029297,5.377498626708984,1031,30.244525909423828,33.23558807373047,22.934309005737305,1023.215087890625,0.26550293,1,303,31007,15235,live,,,,,51.51981245,-0.104595068
5402,2026-08-07T16:55:54.000+01:00,13.69587230682373,15.01039981842041,15.673755645751953,1032,30.228504180908203,33.191070556640625,22.856489181518555,1023.6765747070312,4.614868164,1,320,30943,15224,live,910GFRNDXR,Farringdon,,,,
5403,2026-08-07T16:56:04.000+01:00,12.95169734954834,14.23174763,14.905516624450684,1031,30.17509651184082,33.17859649658203,23.212024688720703,1023.6652221679688,0.113525391,1,310,31189,15215,live,910GFRNDXR,Farringdon,,,,
5404,2026-08-07T16:56:14.000+01:00,12.787077903747559,14.08367634,14.790145874023438,1022,30.116350173950195,33.16242980957031,23.715572357177734,1023.692138671875,0.269165039,1,287,31210,15237,live,910GFRNDXR,Farringdon,,,,
5405,2026-08-07T16:56:24.000+01:00,12.281105995178223,13.54526138305664,14.247493743896484,1001,30.135042190551758,33.14372253417969,24.115358352661133,1023.699462890625,0.073242188,1,265,31273,15271,live,910GFRNDXR,Farringdon,,,,
5406,2026-08-07T16:56:34.000+01:00,13.206792831420898,14.620336532592773,15.443534851074219,972,30.11100959777832,33.13493347167969,24.298465728759766,1023.6358032226562,0.63659668,1,244,31307,15302,live,910GFRNDXR,Farringdon,,,,
5407,2026-08-07T16:56:44.000+01:00,13.428072929382324,14.942950248718262,15.877581596374512,931,30.084306716918945,33.10204315185547,24.49225616455078,1023.6648559570312,0.290527344,1,226,31317,15313,live,910GFRNDXR,Farringdon,,,,
5408,2026-08-07T16:56:54.000+01:00,14.211349487304688,15.957520484924316,17.126394271850586,904,30.092317581176758,33.07878875732422,24.644845962524414,1023.8406982421875,1.758422852,1,217,31243,15315,live,910GFRNDXR,Farringdon,,,,
5409,2026-08-07T16:57:05.000+01:00,15.736812591552734,17.804685592651367,19.267854690551758,872,30.08964729309082,33.09806823730469,24.753185272216797,1023.6502075195312,1.904907227,1,206,31414,15325,live,910GFRNDXR,Farringdon,,,,
5410,2026-08-07T16:57:14.000+01:00,16.287368774414062,18.534664154052734,20.183671951293945,856,30.049591064453125,33.07793426513672,24.92713737487793,1023.809814453125,1.596069336,1,199,31405,15333,live,910GFRNDXR,Farringdon,,,,
5411,2026-08-07T16:57:24.000+01:00,17.13262367248535,19.680339813232422,21.646034240722656,839,30.038909912109375,33.059226989746094,24.91035270690918,1023.6331787109375,1.766357422,1,196,31435,15334,live,910GFRNDXR,Farringdon,,,,
5412,2026-08-07T16:57:34.000+01:00,17.36966896057129,20.077762603759766,22.22799301147461,826,30.038909912109375,33.056663513183594,24.975967407226562,1023.677246,0.440673828,1,194,31434,15336,live,910GFRNDXR,Farringdon,,,,
5413,2026-08-07T16:57:44.000+01:00,17.00231934,19.815031051635742,22.12335777282715,815,30.052261352539062,33.00477600097656,25.021743774414062,1023.7181396484375,0.408935547,1,188,31474,15345,live,910GFRNDXR,Farringdon,,,,
5414,2026-08-07T16:57:54.000+01:00,16.773263931274414,19.600276947021484,21.94314193725586,811,30.020217895507812,32.93955993652344,25.152971267700195,1023.7557983398438,0.376586914,1,176,31484,15348,live,910GFRNDXR,Farringdon,,,,
5415,2026-08-07T16:58:04.000+01:00,16.822092056274414,19.624404907226562,21.932682037353516,806,30.025558471679688,32.900718688964844,25.230792999267578,1023.700439453125,0.553588867,1,162,31487,15360,live,910GFRNDXR,Farringdon,,,,
5416,2026-08-07T16:58:14.000+01:00,16.00029182434082,18.660593032836914,20.84967613220215,799,29.998855590820312,32.89362335205078,25.262836456298828,1023.6945190429688,0.059204102,1,157,31464,15367,live,910GFRNDXR,Farringdon,,,,
5417,2026-08-07T16:58:24.000+01:00,15.879956245422363,18.522445678710938,20.69782829284668,798,29.982833862304688,32.89958190917969,25.279621124267578,1023.8065795898438,1.120605469,1,156,31458,15358,live,910GFRNDXR,Farringdon,,,,
5418,2026-08-07T16:58:34.000+01:00,15.698934555053711,18.37695313,20.610084533691406,799,30.028228759765625,32.887672424316406,25.464256286621094,1023.6376342773438,1.689453125,1,153,31527,15365,live,910GFRNDXR,Farringdon,,,,
5419,2026-08-07T16:58:44.000+01:00,18.48837661743164,21.69822883605957,24.398561477661133,798,30.017547607421875,32.886260986328125,25.485618591308594,1023.6876831054688,0.500488281,1,151,31421,15380,live,910GFRNDXR,Farringdon,,,,
5420,2026-08-07T16:58:54.000+01:00,21.007143020629883,24.859134674072266,28.18493652,798,30.041580200195312,32.89447784423828,25.477989196777344,1023.681152,0.065307617,1,147,31514,15378,live,910GFRNDXR,Farringdon,,,,
5421,2026-08-07T16:59:04.000+01:00,15.617180824279785,18.53262710571289,21.07022476196289,804,30.041580200195312,32.893341064453125,25.583276748657227,1023.6846313476562,0.034790039,1,148,31400,15377,live,,,,,,
5422,2026-08-07T16:59:15.000+01:00,9.880413055419922,11.694914817810059,13.262642860412598,823,30.046920776367188,32.886260986328125,25.79232406616211,1023.680908203125,0.037231445,1,159,31198,15384,live,,,,,,
5423,2026-08-07T16:59:24.000+01:00,7.9691362380981445,9.384635925292969,10.58874225616455,881,30.06828498840332,32.879730224609375,25.911344528198242,1023.722412109375,0.415039063,1,198,31045,15395,live,,,,,,
5424,2026-08-07T16:59:34.000+01:00,7.463652134,8.729516983032227,9.781986236572266,971,30.097658157348633,32.87945556640625,26.20889663696289,1023.632080078125,0.903320313,1,253,30902,15403,live,,,,,,
5425,2026-08-07T16:59:44.000+01:00,7.679527282714844,8.929552078,9.946505546569824,1096,30.08964729309082,32.884552001953125,26.372167587280273,1023.2036743164062,4.284057617,1,299,30865,15426,live,,,,,,
5426,2026-08-07T16:59:54.000+01:00,7.913001537322998,9.155624389648438,10.146400451660156,1217,30.10032844543457,32.89079284667969,26.512550354003906,1023.391845703125,1.881713867,1,328,30868,15430,live,,,,,,
5427,2026-08-07T17:00:04.000+01:00,7.833593368530273,9.002397537231445,9.906086921691895,1299,30.119020462036133,32.89164733886719,26.58274269104004,1022.8959350585938,4.959106445,1,347,30852,15441,live,,,,,,
5428,2026-08-07T17:00:14.000+01:00,8.101675033569336,9.247448921203613,10.102810859680176,1377,30.14305305480957,32.89929199,26.768901824951172,1023.4514770507812,5.555419922,1,361,30806,15446,live,,,,,,
5429,2026-08-07T17:00:24.000+01:00,8.236195564,9.316853523254395,10.080615997314453,1433,30.135042190551758,32.887672424316406,26.840620040893555,1024.515137,10.63659668,1,369,30870,15457,live,,,,,,
5430,2026-08-07T17:00:34.000+01:00,8.142472267150879,9.141530037,9.809453964233398,1480,30.116350173950195,32.89588928222656,27.019149780273438,1024.9691162109375,4.539794922,1,376,30755,15455,live,,,,,,
5431,2026-08-07T17:00:44.000+01:00,8.462604522705078,9.478148460388184,10.143672943115234,1556,30.167085647583008,32.898162841796875,27.08476448059082,1025.2049560546875,2.358398438,1,386,30762,15465,live,,,,,,
5432,2026-08-07T17:00:54.000+01:00,8.221961021,9.214319229125977,9.868077278137207,1594,30.17509651184082,32.91291046142578,27.313650131225586,1025.075439453125,1.295166016,1,391,30754,15476,live,,,,,,
5443,2026-08-07T17:02:44.000+01:00,6.385694980621338,6.983997821807861,7.274934292,1954,30.183107376098633,32.94409942626953,31.355764389038086,1024.0294189453125,10.46020508,1,441,30541,15675,live,,,,,,
5444,2026-08-07T17:02:54.000+01:00,30.462060928344727,33.28164291381836,34.62607192993164,1967,30.169755935668945,32.930206298828125,31.50988006591797,1024.534668,5.052490234,1,441,30706,15716,live,910GLIVSTLL,Liverpool Street,,,,
5445,2026-08-07T17:03:05.000+01:00,31.79921531677246,35.00018310546875,36.72756576538086,1940,30.137712478637695,32.926231384277344,30.815595626831055,1024.412841796875,1.218261719,1,419,30846,15729,live,910GLIVSTLL,Liverpool Street,,,,
5446,2026-08-07T17:03:14.000+01:00,32.60429382324219,36.38557815551758,38.78450393676758,1820,30.156404495239258,32.93219757080078,30.457008361816406,1024.441895,0.290527344,1,402,30899,15677,live,910GLIVSTLL,Liverpool Street,,,,
5447,2026-08-07T17:03:24.000+01:00,30.258878707885742,34.26414108276367,37.11418151855469,1687,30.15373420715332,32.92085266113281,30.011444091796875,1024.4625244140625,0.206298828,1,382,30963,15662,live,910GLIVSTLL,Liverpool Street,,,,
5448,2026-08-07T17:03:34.000+01:00,28.272783279418945,32.3357048,35.40175247192383,1559,30.177766799926758,32.924537658691406,29.669641494750977,1024.4622802734375,0.002441406,1,362,31016,15630,live,910GLIVSTLL,Liverpool Street,,,,
5449,2026-08-07T17:03:44.000+01:00,25.466482162475586,29.22092056274414,32.101837158203125,1428,30.180437088012695,32.92254638671875,29.32631492614746,1024.463867,0.015869141,1,342,31092,15617,live,910GLIVSTLL,Liverpool Street,,,,
5450,2026-08-07T17:03:55.000+01:00,22.52873992919922,26.028764724731445,28.802045822143555,1328,30.15373420715332,32.92085266113281,28.960098266601562,1024.488281,0.244140625,1,318,31151,15588,live,910GLIVSTLL,Liverpool Street,,,,
5451,2026-08-07T17:04:04.000+01:00,21.386930465698242,24.983722686767578,27.961183547973633,1174,30.159074783325195,32.915184020996094,28.39551353,1024.4918212890625,0.035400391,1,294,31227,15564,live,910GLIVSTLL,Liverpool Street,,,,
5452,2026-08-07T17:04:14.000+01:00,22.120925903320312,25.960174560546875,29.189468383789062,1089,30.148393630981445,32.91999816894531,28.197147369384766,1024.516845703125,0.250244141,1,283,31251,15527,live,910GLIVSTLL,Liverpool Street,,,,
5453,2026-08-07T17:04:24.000+01:00,22.70168685913086,26.644479751586914,29.962017059326172,1024,30.16441535949707,32.91858673095703,27.98962402,1024.4827880859375,0.340576172,1,278,31273,15515,live,910GLIVSTLL,Liverpool Street,,,,
5454,2026-08-07T17:04:34.000+01:00,23.60602378845215,28.025175094604492,31.876359939575195,974,30.13237190246582,32.92566680908203,27.785152435302734,1024.454345703125,0.284423828,1,257,31313,15504,live,910GLIVSTLL,Liverpool Street,,,,
5455,2026-08-07T17:04:44.000+01:00,22.38340187072754,26.75156021118164,30.62696647644043,936,30.12169075012207,32.923683166503906,27.756160736083984,1024.4591064453125,0.047607422,1,234,31340,15492,live,910GLIVSTLL,Liverpool Street,,,,
5456,2026-08-07T17:04:54.000+01:00,22.18241310119629,26.439950942993164,30.19077491760254,906,30.119020462036133,32.926231384277344,27.695125579833984,1024.4508056640625,0.083007813,1,216,31350,15489,live,910GLIVSTLL,Liverpool Street,,,,
5457,2026-08-07T17:05:04.000+01:00,20.68547821044922,24.599626541137695,28.02682876586914,882,30.135042190551758,32.92736816,27.702754974365234,1024.4722900390625,0.21484375,1,207,31334,15484,live,910GLIVSTLL,Liverpool Street,,,,
5458,2026-08-07T17:05:14.000+01:00,20.496763229370117,24.231603622436523,27.446975708007812,870,30.129701614379883,32.92481994628906,27.63256264,1024.5020751953125,0.297851563,1,202,31338,15491,live,910GLIVSTLL,Liverpool Street,,,,
5459,2026-08-07T17:05:24.000+01:00,20.421388626098633,23.87561607,26.743574142456055,862,30.156404495239258,32.93530273,27.63714027404785,1024.512207,0.101318359,1,197,31364,15483,live,910GLIVSTLL,Liverpool Street,,,,
5460,2026-08-07T17:05:34.000+01:00,20.953542709350586,24.36366081237793,27.13770103,854,30.145723342895508,32.93530273,27.54863739013672,1024.510498046875,0.017089844,1,199,31309,15495,live,910GLIVSTLL,Liverpool Street,,,,
5461,2026-08-07T17:05:44.000+01:00,22.43977165222168,26.076068878173828,29.027128219604492,848,30.16441535949707,32.93843078613281,27.56542397,1024.4986572265625,0.118408203,1,201,31313,15476,live,910GLIVSTLL,Liverpool Street,,,,
5462,2026-08-07T17:05:55.000+01:00,25.25006103515625,29.18541145324707,32.309452056884766,847,30.167085647583008,32.94041442871094,27.49675750732422,1024.5010986328125,0.024414063,1,203,31305,15489,live,910GLIVSTLL,Liverpool Street,,,,
5463,2026-08-07T17:06:04.000+01:00,26.963871002197266,31.431224822998047,35.100406646728516,847,30.159074783325195,32.95515441894531,27.429616928100586,1024.52002,0.189208984,1,207,31289,15490,live,910GLIVSTLL,Liverpool Street,,,,
5464,2026-08-07T17:06:14.000+01:00,28.040035247802734,33.13500977,37.51563262939453,847,30.196460723876953,32.95203399658203,27.353322982788086,1024.4984130859375,0.216064453,1,207,31294,15483,live,910GLIVSTLL,Liverpool Street,,,,
5465,2026-08-07T17:06:24.000+01:00,28.301921844482422,33.67378234863281,38.383644104003906,847,30.204471588134766,32.96961975097656,27.275501251220703,1024.5074462890625,0.090332031,1,208,31297,15482,live,910GLIVSTLL,Liverpool Street,,,,
5466,2026-08-07T17:06:34.000+01:00,28.32800865,34.092342376708984,39.29384231567383,848,30.191120147705078,32.99116516113281,27.289234161376953,1024.5145263671875,0.070800781,1,210,31290,15477,live,910GLIVSTLL,Liverpool Street,,,,
5467,2026-08-07T17:06:44.000+01:00,26.411699295043945,32.03254318237305,37.19206619262695,848,30.215152740478516,32.987762451171875,27.316701889038086,1024.5648193359375,0.502929688,1,210,31285,15477,live,910GLIVSTLL,Liverpool Street,,,,
5468,2026-08-07T17:06:54.000+01:00,24.20547866821289,29.420637130737305,34.22944259643555,849,30.196460723876953,33.00648498535156,27.437246322631836,1024.6175537109375,0.52734375,1,213,31263,15478,live,910GLIVSTLL,Liverpool Street,,,,
5469,2026-08-07T17:07:04.000+01:00,23.307388305664062,28.194564819335938,32.65584945678711,854,30.239185333251953,33.01441955566406,27.46929168701172,1024.563720703125,0.538330078,1,221,31164,15483,live,910GLIVSTLL,Liverpool Street,,,,
5470,2026-08-07T17:07:14.000+01:00,22.2003231,26.733139038085938,30.828819274902344,870,30.249866485595703,33.025482177734375,27.57610511779785,1024.561523,0.021972656,1,225,31282,15495,live,910GLIVSTLL,Liverpool Street,,,,
5472,2026-08-07T17:07:34.000+01:00,22.408100128173828,27.477298736572266,32.232444763183594,887,30.287250518798828,33.04418945,27.55016326904297,1024.47998,0.815429688,1,232,31204,15497,live,910GLIVSTLL,Liverpool Street,,,,
5473,2026-08-07T17:07:44.000+01:00,22.415374755859375,27.669265747070312,32.65612030029297,888,30.287250518798828,33.057518005371094,27.406728744506836,1024.5064697265625,0.264892578,1,234,31197,15505,live,910GLIVSTLL,Liverpool Street,,,,
5474,2026-08-07T17:07:55.000+01:00,22.178064346313477,27.37456703186035,32.30641174316406,889,30.292591094970703,33.06999206542969,27.353322982788086,1024.4744873046875,0.319824219,1,234,31173,15492,live,910GLIVSTLL,Liverpool Street,,,,
5475,2026-08-07T17:08:04.000+01:00,21.938108444213867,26.941265106201172,31.647323608398438,888,30.33264732,33.09919738769531,27.246509552001953,1024.477783203125,0.032958984,1,235,31161,15492,live,910GLIVSTLL,Liverpool Street,,,,
5476,2026-08-07T17:08:14.000+01:00,21.36347198486328,26.196762084960938,30.730749130249023,886,30.30594253540039,33.111114501953125,27.209888458251953,1024.4710693359375,0.067138672,1,238,31143,15492,live,910GLIVSTLL,Liverpool Street,,,,
5477,2026-08-07T17:08:24.000+01:00,21.24154281616211,26.129169464111328,30.740283966064453,885,30.33264732,33.13549041748047,27.18242073059082,1024.5128173828125,0.417480469,1,245,31111,15483,live,910GLIVSTLL,Liverpool Street,,,,
5478,2026-08-07T17:08:34.000+01:00,19.927906036376953,24.586244583129883,29.00395965576172,886,30.359350204467773,33.15165710449219,27.309070587158203,1024.5128173828125,0,1,257,31095,15485,live,910GLIVSTLL,Liverpool Street,,,,
5479,2026-08-07T17:08:44.000+01:00,18.709861755371094,23.00233268737793,27.048004150390625,888,30.35400963,33.15818786621094,27.336538314819336,1024.511962890625,0.008544922,1,269,31098,15496,live,910GLIVSTLL,Liverpool Street,,,,
5480,2026-08-07T17:08:54.000+01:00,18.43798256,22.607940673828125,26.519197463989258,896,30.367361068725586,33.17150115966797,27.45098114013672,1024.513427734375,0.014648438,1,280,31056,15498,live,910GLIVSTLL,Liverpool Street,,,,
5481,2026-08-07T17:09:04.000+01:00,18.494657516479492,22.553325653076172,26.320547103881836,908,30.388723373413086,33.17604064941406,27.45708465576172,1024.5084228515625,0.050048828,1,291,31081,15508,live,910GLIVSTLL,Liverpool Street,,,,
5482,2026-08-07T17:09:14.000+01:00,18.533733367919922,22.528339385986328,26.212177276611328,929,30.399404525756836,33.208648681640625,27.48455047607422,1024.596923828125,0.885009766,1,295,31069,15507,live,910GLIVSTLL,Liverpool Street,,,,
5483,2026-08-07T17:09:24.000+01:00,17.83134651184082,21.58325768,25.012676239013672,948,30.41542625427246,33.216026306152344,27.53795623779297,1024.526367,0.705566406,1,297,31067,15504,live,910GLIVSTLL,Liverpool Street,,,,
5484,2026-08-07T17:09:34.000+01:00,17.458650588989258,21.09173583984375,24.39866828918457,971,30.42877769470215,33.22283172607422,27.65239906311035,1024.4757080078125,0.506591797,1,302,31044,15510,live,910GLIVSTLL,Liverpool Street,,,,
5485,2026-08-07T17:09:44.000+01:00,17.52428436279297,21.04326820373535,24.201984405517578,987,30.410085678100586,33.238990783691406,27.68139076,1024.587646484375,1.119384766,1,305,31025,15521,live,910GLIVSTLL,Liverpool Street,,,,
5486,2026-08-07T17:09:55.000+01:00,18.531484603881836,22.084209442138672,25.21257209777832,1008,30.434118270874023,33.25770568847656,27.759212493896484,1024.512451171875,0.751953125,1,309,31009,15518,live,910GLIVSTLL,Liverpool Street,,,,
5487,2026-08-07T17:10:04.000+01:00,18.916858673095703,22.413000106811523,25.442373275756836,1027,30.458152770996094,33.27386474609375,27.785152435302734,1024.4896240234375,0.228271484,1,314,31015,15526,live,910GLIVSTLL,Liverpool Street,,,,
5488,2026-08-07T17:10:14.000+01:00,18.79340171813965,22.039396286010742,24.763137817382812,1043,30.47417449951172,33.299102783203125,27.754634857177734,1024.4920654296875,0.024414063,1,316,31017,15534,live,910GLIVSTLL,Liverpool Street,,,,
5489,2026-08-07T17:10:24.000+01:00,18.310760498046875,21.33997917175293,23.82601547241211,1055,30.500877380371094,33.318946838378906,27.788204193115234,1024.5157470703125,0.236816406,1,315,31066,15530,live,910GLIVSTLL,Liverpool Street,,,,
5490,2026-08-07T17:10:34.000+01:00,17.933156967163086,20.846574783325195,23.214282989501953,1063,30.511558532714844,33.334266662597656,27.740901947021484,1024.508301,0.074462891,1,318,30984,15529,live,910GLIVSTLL,Liverpool Street,,,,
5491,2026-08-07T17:10:44.000+01:00,16.615795135498047,19.342239379882812,21.57002067565918,1073,30.51422882080078,33.35071563720703,27.800411224365234,1024.510498046875,0.021972656,1,318,31015,15527,live,910GLIVSTLL,Liverpool Street,,,,
5492,2026-08-07T17:10:54.000+01:00,15.994860649108887,18.736957550048828,21.029285430908203,1096,30.53826141357422,33.36347198486328,27.896543502807617,1024.528564453125,0.180664063,1,320,30997,15527,live,910GLIVSTLL,Liverpool Street,,,,
5493,2026-08-07T17:11:04.000+01:00,15.634915351867676,18.388479232788086,20.72123908996582,1112,30.53826141357422,33.38615417480469,28.081178665161133,1024.5272216796875,0.013427734,1,323,30991,15538,live,910GLIVSTLL,Liverpool Street,,,,
5494,2026-08-07T17:11:14.000+01:00,14.601289749145508,17.13397789001465,19.263681411743164,1124,30.551612854003906,33.39550781,28.32837486,1024.537353515625,0.101318359,1,325,30987,15553,live,910GLIVSTLL,Liverpool Street,,,,
5495,2026-08-07T17:11:24.000+01:00,13.871747970581055,16.306964874267578,18.366817474365234,1131,30.57297706604004,33.41535949707031,28.613718032836914,1024.5399169921875,0.025634766,1,329,30973,15564,live,910GLIVSTLL,Liverpool Street,,,,
5496,2026-08-07T17:11:34.000+01:00,14.033294677734375,16.61535072,18.848169326782227,1134,30.578317642211914,33.440879821777344,28.809032440185547,1024.687012,1.470947266,1,329,31012,15591,live,910GLIVSTLL,Liverpool Street,,,,
5497,2026-08-07T17:11:44.000+01:00,14.32496452331543,17.00225830078125,19.333763122558594,1136,30.59433937072754,33.45335388183594,28.82124137878418,1024.530029296875,1.569824219,1,320,31051,15604,live,910GLIVSTLL,Liverpool Street,,,,
5498,2026-08-07T17:11:55.000+01:00,14.334503173828125,17.05675697,19.44410514831543,1137,30.61570167541504,33.468101501464844,28.747997283935547,1024.5401611328125,0.101318359,1,312,31070,15613,live,910GLIVSTLL,Liverpool Street,,,,
5499,2026-08-07T17:12:04.000+01:00,13.153955459594727,15.64444637298584,17.825664520263672,1140,30.586328506469727,33.48369598388672,28.668649673461914,1024.563232421875,0.230712891,1,310,30971,15605,live,910GLIVSTLL,Liverpool Street,,,,
5500,2026-08-07T17:12:14.000+01:00,12.607274055480957,14.941537857055664,16.965803146362305,1144,30.63439369,33.48681641,28.564889907836914,1024.554199,0.090332031,1,309,31076,15595,live,910GLIVSTLL,Liverpool Street,,,,
5501,2026-08-07T17:12:24.000+01:00,13.08657169342041,15.486720085144043,17.559206008911133,1143,30.64507484436035,33.50609588623047,28.586252212524414,1024.549072265625,0.051269531,1,306,31086,15600,live,910GLIVSTLL,Liverpool Street,,,,
5502,2026-08-07T17:17:46.000+01:00,10.496880531311035,13.481499671936035,16.476043701171875,1211,30.6771183,32.63276672363281,28.622873306274414,1024.874267578125,,,,31151,0,buffered,,,,,,
5503,2026-08-07T17:17:56.000+01:00,10.117006301879883,12.868462562561035,15.597264289855957,1340,30.540931701660156,32.64750671386719,29.182878494262695,1024.1304931640625,,0,0,29569,16769,buffered,,,,,,
5504,2026-08-07T17:18:06.000+01:00,9.636165618896484,12.101346969604492,14.504916191101074,1445,30.434118270874023,32.66706848144531,29.532310485839844,1023.2593994140625,,0,0,30188,16632,buffered,,,,,,
5505,2026-08-07T17:18:16.000+01:00,9.361071586608887,11.607110023498535,13.754992485046387,1502,30.337987899780273,32.693153381347656,29.77035140991211,1021.8897094726562,,0,0,30450,16608,buffered,,,,,,
5506,2026-08-07T17:18:26.000+01:00,9.255744934082031,11.329825401306152,13.269094467163086,1512,30.260547637939453,32.714996337890625,29.947357177734375,1020.184814453125,,0,0,30603,16603,live,,,,,,
5507,2026-08-07T17:18:36.000+01:00,9.365944862365723,11.34057903289795,13.146841049194336,1514,30.217823028564453,32.731727600097656,30.22812271118164,1020.2958374023438,1.110229492,0,4,30701,16601,live,,,,,,
5508,2026-08-07T17:18:46.000+01:00,9.571626663208008,11.47720718383789,13.181774139404297,1515,30.172426223754883,32.773406982421875,30.363927841186523,1023.049072265625,27.53234863,1,30,30748,16611,live,,,,,,
5509,2026-08-07T17:18:56.000+01:00,9.715932846069336,11.572423934936523,13.204835891723633,1525,30.151063919067383,32.79949188232422,30.56992530822754,1023.2839965820312,2.349243164,1,50,30752,16618,live,,,,,,
5510,2026-08-07T17:19:06.000+01:00,9.449563026428223,11.194613456726074,12.70614242553711,1525,30.108339309692383,32.83152770996094,30.68284034729004,1023.1752319335938,1.087646484,1,66,30763,16630,live,,,,,,
5511,2026-08-07T17:19:16.000+01:00,9.202206612,10.83459758758545,12.222332954406738,1523,30.084306716918945,32.863853454589844,30.67978858947754,1023.1984252929688,0.231933594,1,79,30717,16622,live,,,,,,
5512,2026-08-07T17:19:26.000+01:00,8.917758942,10.427142143249512,11.680755615234375,1516,30.060272216796875,32.87803649902344,30.826276779174805,1023.141113,0.573120117,1,80,31040,16628,live,910GWCHAPXR,Whitechapel,,,,
5513,2026-08-07T17:19:36.000+01:00,6.165647983551025,7.175670146942139,8.000219345092773,1438,30.006866455078125,32.879730224609375,29.819181442260742,1023.1349487304688,0.061645508,1,54,31394,16639,live,910GWCHAPXR,Whitechapel,,,,
5514,2026-08-07T17:19:46.000+01:00,4.547555446624756,5.2724738121032715,5.855435371398926,1329,29.92408561706543,32.881439208984375,29.059280395507812,1023.17041,0.354614258,1,38,31550,16567,live,910GWCHAPXR,Whitechapel,,,,
5515,2026-08-07T17:19:56.000+01:00,4.0081892013549805,4.648521900177002,5.164093017578125,1224,29.886701583862305,32.899864196777344,28.650339126586914,1023.2916259765625,1.212158203,1,33,31570,16510,live,910GWCHAPXR,Whitechapel,,,,
5516,2026-08-07T17:20:06.000+01:00,3.5038254261016846,4.071191787719727,4.531454563140869,1131,29.88136100769043,32.93077087402344,28.38788414001465,1023.3504028320312,0.587768555,1,35,31562,16469,live,910GWCHAPXR,Whitechapel,,,,
5517,2026-08-07T17:20:16.000+01:00,3.4059383869171143,3.9751334190368652,4.444768905639648,1061,29.908063888549805,32.93927764892578,28.258182525634766,1023.3649291992188,0.145263672,1,42,31577,16439,live,910GWCHAPXR,Whitechapel,,,,
5518,2026-08-07T17:20:26.000+01:00,3.811469078063965,4.455503463745117,4.989943027496338,1004,29.918745040893555,32.95855712890625,28.130006790161133,1023.40625,0.413208008,1,53,31569,16432,live,910GWCHAPXR,Whitechapel,,,,
5519,2026-08-07T17:20:36.000+01:00,3.696404457092285,4.311533451080322,4.817941188812256,965,29.956130981445312,32.97783660888672,28.110170364379883,1023.2711181640625,1.351318359,1,65,31568,16409,live,910GWCHAPXR,Whitechapel,,,,
5520,2026-08-07T17:20:46.000+01:00,3.1748061180114746,3.707662343978882,4.148304462432861,938,29.974822998046875,33.00761413574219,27.95452880859375,1023.410645,1.395263672,1,73,31616,16401,live,910GWCHAPXR,Whitechapel,,,,
5521,2026-08-07T17:20:56.000+01:00,3.072434186935425,3.5848746299743652,4.007242202758789,910,29.988174438476562,33.014984130859375,27.913328170776367,1023.3982543945312,0.123901367,1,85,31484,16383,live,910GWCHAPXR,Whitechapel,,,,
5522,2026-08-07T17:21:06.000+01:00,3.626685143,4.226555347442627,4.718813419342041,885,29.956130981445312,33.04418945,27.858396530151367,1023.2415771484375,1.566772461,1,90,31571,16378,live,910GWCHAPXR,Whitechapel,,,,
5523,2026-08-07T17:21:16.000+01:00,3.4844141006469727,4.059953689575195,4.531896591186523,879,29.910734176635742,33.04730987548828,27.830930709838867,1023.4039916992188,1.624145508,1,95,31535,16360,live,910GWCHAPXR,Whitechapel,,,,
5524,2026-08-07T17:21:26.000+01:00,3.658231258392334,4.276039123535156,4.788573741912842,875,29.814603805541992,33.02207946777344,27.843137741088867,1023.3429565429688,0.610351563,1,98,31534,16356,live,910GWCHAPXR,Whitechapel,,,,
5525,2026-08-07T17:21:36.000+01:00,4.2000226974487305,4.927822589874268,5.539517402648926,868,29.814603805541992,33.03540039,27.795833587646484,1023.2556762695312,0.872802734,1,100,31521,16340,live,910GWCHAPXR,Whitechapel,,,,
5526,2026-08-07T17:21:46.000+01:00,4.708277702331543,5.543791770935059,6.254208564758301,864,29.79323959350586,33.041358947753906,27.696651458740234,1023.129638671875,1.260375977,1,105,31504,16332,live,910GWCHAPXR,Whitechapel,,,,
5527,2026-08-07T17:21:56.000+01:00,8.532951354980469,10.096960067749023,11.447065353393555,861,29.811931610107422,33.05213165283203,27.727169036865234,1023.177001953125,0.473632813,1,128,31136,16302,live,,,,,,
5528,2026-08-07T17:22:06.000+01:00,9.505924224853516,11.244842529296875,12.744586944580078,869,29.785228729248047,33.05015563964844,28.268863677978516,1023.2179565429688,0.409545898,1,254,30467,16307,live,,,,,,
5530,2026-08-07T17:22:26.000+01:00,7.514880180358887,8.860068321228027,10.00858211517334,978,29.88136100769043,33.08502960205078,28.772411346435547,1022.490478515625,7.274780273,1,341,30182,16340,live,,,,,,
5531,2026-08-07T17:22:36.000+01:00,6.664648532867432,7.805689334869385,8.758933067321777,1078,29.894712448120117,33.06800842285156,29.074541091918945,1023.7178955078125,12.27416992,1,338,30193,16354,live,,,,,51.520290631029084,-0.060717676
5532,2026-08-07T17:22:46.000+01:00,5.203564643859863,6.071744441986084,6.787450313568115,1218,29.940109252929688,33.06886291503906,29.37666893005371,1023.071533203125,6.463623047,1,307,30116,16360,live,,,,,51.520290631029084,-0.060717676
5533,2026-08-07T17:22:56.000+01:00,3.5906054973602295,4.182293891906738,4.666870594024658,1365,29.974822998046875,33.05950927734375,29.834440231323242,1022.2577514648438,8.137817383,1,254,30183,16374,live,910GWCHAPXR,Whitechapel,,,,
5534,2026-08-07T17:23:06.000+01:00,3.7132577896118164,4.312765121459961,4.798312187194824,1431,30.009536743164062,33.06744384765625,30.19760513305664,1021.1017456054688,11.56005859,1,207,30190,16401,live,910GWCHAPXR,Whitechapel,,,,
5535,2026-08-07T17:23:16.000+01:00,5.513023376464844,6.375919342041016,7.062619209289551,1482,30.046920776367188,33.077369689941406,30.63248634338379,1021.7655639648438,6.638183594,1,174,30205,16418,live,,,,,,
5537,2026-08-07T17:23:36.000+01:00,6.992609977722168,7.992777347564697,8.745182037353516,1530,30.10032844543457,33.08105469,31.18181037902832,1022.7467041015625,9.811401367,1,127,30229,16455,live,,,,,,
5538,2026-08-07T17:23:46.000+01:00,5.802185059,6.600603103637695,7.185332298278809,1540,30.12169075012207,33.084739685058594,31.288623809814453,1021.157715,15.88989258,1,116,30259,16466,live,,,,,,
5539,2026-08-07T17:23:56.000+01:00,6.054159164428711,6.863494873046875,7.443746566772461,1549,30.129701614379883,33.09947967529297,31.54192352294922,1021.141845703125,0.158691406,1,104,30288,16467,live,,,,,,
5540,2026-08-07T17:24:06.000+01:00,6.249170780181885,7.048289775848389,7.601603984832764,1554,30.129701614379883,33.10997772216797,32.04547119140625,1020.475830078125,6.66015625,1,96,30296,16472,live,,,,,,
5541,2026-08-07T17:24:16.000+01:00,6.789069175720215,7.621516704559326,8.177729606628418,1561,30.156404495239258,33.111114501953125,32.40863800048828,1021.7794799804688,13.03649902,1,92,30288,16491,live,,,,,,
5542,2026-08-07T17:24:26.000+01:00,7.5240798,8.425037384033203,9.014289855957031,1574,30.140382766723633,33.11225128173828,32.91523742675781,1024.081055,23.01574707,1,86,30451,16524,live,,,,,,
5543,2026-08-07T17:24:36.000+01:00,8.612236022949219,9.598959922790527,10.21743392944336,1589,30.15373420715332,33.11877441,33.33333206176758,1023.985107421875,0.959472656,1,84,30425,16531,live,,,,,,
5544,2026-08-07T17:24:46.000+01:00,8.973074913024902,9.957529067993164,10.547078132629395,1590,30.14305305480957,33.11139678955078,33.36690139770508,1023.3270263671875,6.580810547,1,83,30456,16549,live,,,,,,
5545,2026-08-07T17:24:56.000+01:00,8.298048019,9.210426330566406,9.758114815,1592,30.19913101196289,33.11848449707031,33.606468200683594,1023.7296142578125,4.025878906,1,82,30472,16545,live,,,,,,
5546,2026-08-07T17:25:06.000+01:00,8.04345417,8.918501853942871,9.437647819519043,1600,30.196460723876953,33.126991271972656,33.81399154663086,1024.0201416015625,2.905273438,1,83,30475,16570,live,,,,,,
5547,2026-08-07T17:25:16.000+01:00,8.432204246520996,9.316926002502441,9.820146560668945,1608,30.212482452392578,33.13067626953125,33.84756088256836,1023.7609252929688,2.592163086,1,83,30497,16569,live,,,,,,
5548,2026-08-07T17:25:26.000+01:00,8.330113410949707,9.180339813232422,9.647562026977539,1608,30.23117446899414,33.117347717285156,33.85824203491211,1023.9000854492188,1.391601563,1,82,30688,16582,live,910GCANWHRF,Canary Wharf,,,,
5550,2026-08-07T17:25:46.000+01:00,6.653356552124023,7.3312177658081055,7.702854156494141,1397,30.151063919067383,33.11139678955078,30.733196258544922,1023.9010009765625,0.009155273,1,56,31322,16487,live,910GCANWHRF,Canary Wharf,,,,
5551,2026-08-07T17:25:56.000+01:00,6.140867710113525,6.771824359893799,7.1215105056762695,1254,30.18577766418457,33.11054229736328,29.936674118041992,1023.9209594726562,0.199584961,1,41,31476,16388,live,910GCANWHRF,Canary Wharf,,,,
5552,2026-08-07T17:26:06.000+01:00,6.3709306716918945,7.034542560577393,7.408666610717773,1143,30.217823028564453,33.106285095214844,29.41481590270996,1023.9474487304688,0.264892578,1,36,31359,16334,live,910GCANWHRF,Canary Wharf,,,,
5553,2026-08-07T17:26:16.000+01:00,6.874666213989258,7.6019463539123535,8.019732475280762,994,30.191120147705078,33.107994079589844,28.775463104248047,1023.938232421875,0.092163086,1,36,31513,16298,live,910GCANWHRF,Canary Wharf,,,,
5554,2026-08-07T17:26:26.000+01:00,7.3312249183654785,8.111227989196777,8.562320709228516,925,30.16441535949707,33.10515594482422,28.264286041259766,1023.9795532226562,0.413208008,1,38,31575,16258,live,910GCANWHRF,Canary Wharf,,,,
5555,2026-08-07T17:26:36.000+01:00,7.175026893615723,7.9545722007751465,8.416375160217285,864,30.169755935668945,33.10657501220703,27.844663619995117,1024.014404296875,0.348510742,1,42,31636,16216,live,910GCANWHRF,Canary Wharf,,,,
5556,2026-08-07T17:26:46.000+01:00,7.114165782928467,7.883924484,8.337820053100586,806,30.180437088012695,33.107994079589844,27.56694984436035,1023.984619140625,0.297851563,1,46,31668,16187,live,910GCANWHRF,Canary Wharf,,,,
5557,2026-08-07T17:26:56.000+01:00,7.627307415008545,8.460797309875488,8.957754135131836,783,30.13237190246582,33.105445861816406,27.66155433654785,1024.0076904296875,0.230712891,1,50,31486,16163,live,910GCANWHRF,Canary Wharf,,,,
5558,2026-08-07T17:27:06.000+01:00,7.480820655822754,8.309116364,8.810125350952148,779,30.151063919067383,33.10430908203125,27.99725341796875,1023.993652,0.140380859,1,87,31314,16159,live,910GCANWHRF,Canary Wharf,,,,
5559,2026-08-07T17:27:16.000+01:00,7.287542819976807,8.113340377807617,8.625176429748535,781,30.161745071411133,33.096649169921875,28.33295249938965,1023.9998168945312,0.061645508,1,134,31209,16177,live,910GCANWHRF,Canary Wharf,,,,
5560,2026-08-07T17:27:26.000+01:00,8.078856468200684,9.043852806091309,9.673545837402344,802,30.18844985961914,33.11621094,28.590829849243164,1023.982177734375,0.176391602,1,159,31151,16195,live,910GCANWHRF,Canary Wharf,,,,
5561,2026-08-07T17:27:36.000+01:00,9.407239914,10.544443130493164,11.294694900512695,831,30.193790435791016,33.10968780517578,28.691539764404297,1023.9647827148438,0.173950195,1,172,31032,16204,live,,,,,51.505819389141436,-0.016985936
5562,2026-08-07T17:27:46.000+01:00,9.026701927185059,10.111452102661133,10.823240280151367,860,30.215152740478516,33.11535645,28.703746795654297,1023.395263671875,5.69519043,1,164,31184,16211,live,,,,,51.505819389141436,-0.016985936
5564,2026-08-07T17:28:06.000+01:00,7.739719867706299,8.624545097351074,9.177933692932129,928,30.25253677368164,33.11225128173828,28.740367889404297,1024.678711,12.83447266,1,145,31079,16207,live,,,,,51.50581551,-0.016958469
5565,2026-08-07T17:28:16.000+01:00,7.982040882110596,8.872498512268066,9.415457725524902,950,30.255207061767578,33.115081787109375,28.747997283935547,1023.8954467773438,7.832641602,1,131,31079,16199,live,,,,,51.50581551,-0.016958469
5566,2026-08-07T17:28:26.000+01:00,8.202168464660645,9.127904891967773,9.699318885803223,961,30.249866485595703,33.116783142089844,28.633554458618164,1023.7196655273438,1.7578125,1,121,31103,16194,live,,,,,51.50581551,-0.016958469
5567,2026-08-07T17:28:36.000+01:00,8.148400307,9.047556877,9.589432716369629,976,30.279239654541016,33.12925720214844,28.644235610961914,1022.4833374023438,12.36328125,1,114,31105,16187,live,,,,,51.50581551,-0.016958469
5568,2026-08-07T17:28:46.000+01:00,8.059104919433594,8.945631027,9.478079795837402,981,30.271228790283203,33.12641906738281,28.52216339111328,1022.4505615234375,0.327758789,1,106,31130,16178,live,,,,,,
5569,2026-08-07T17:28:56.000+01:00,8.707707405090332,9.700383186340332,10.319443702697754,982,30.279239654541016,33.123016357421875,28.574045181274414,1021.306641,11.43920898,1,103,31121,16172,live,,,,,,
5570,2026-08-07T17:29:06.000+01:00,8.602057456970215,9.629789352416992,10.30056381225586,989,30.281909942626953,33.12330627441406,28.55573272705078,1021.256591796875,0.500488281,1,103,31110,16163,live,,,,,,
5571,2026-08-07T17:29:16.000+01:00,8.563545227050781,9.625600814819336,10.342320442199707,998,30.276569366455078,33.11479949951172,28.616769790649414,1019.5407104492188,17.15881348,1,100,31200,16164,live,,,,,,
5572,2026-08-07T17:29:26.000+01:00,8.820219993591309,9.948858261108398,10.730756759643555,1016,30.281909942626953,33.119049072265625,28.615243911743164,1018.636719,9.039916992,1,101,31046,16163,live,,,,,,
5573,2026-08-07T17:29:36.000+01:00,8.431615829467773,9.524643898010254,10.289840698242188,1032,30.287250518798828,33.124725341796875,28.606088638305664,1018.489746,1.469726563,1,99,31240,16152,live,,,,,,
5574,2026-08-07T17:29:46.000+01:00,8.180850982666016,9.251930236816406,10.007647514343262,1052,30.292591094970703,33.11366271972656,28.642709732055664,1021.4141235351562,29.24377441,1,97,31186,16148,live,,,,,,
5575,2026-08-07T17:29:56.000+01:00,7.886362552642822,8.889274597167969,9.580553055,1061,30.287250518798828,33.119903564453125,28.625925064086914,1021.841309,4.271850586,1,96,31190,16144,live,,,,,51.509745373934244,0.02503478
5576,2026-08-07T17:30:06.000+01:00,8.704790115356445,9.773328781,10.487992286682129,1069,30.260547637939453,33.10118865966797,28.616769790649414,1021.763427734375,0.778808594,1,95,31206,16140,live,,,,,51.50992163526311,0.026893976847748413
5577,2026-08-07T17:30:16.000+01:00,9.225619316101074,10.332592010498047,11.057951927185059,1079,30.30594253540039,33.11479949951172,28.54962921142578,1021.6624755859375,1.009521484,1,95,31231,16130,live,,,,,51.50980748701088,0.027919508
5578,2026-08-07T17:30:26.000+01:00,8.764106750488281,9.788274765014648,10.442858695983887,1085,30.25253677368164,33.11195373535156,28.44129180908203,1021.5853881835938,0.770874023,1,94,31246,16132,live,,,,,51.509763747879106,0.028316626783008416
5579,2026-08-07T17:30:36.000+01:00,8.652223587036133,9.663694381713867,10.310397148132324,1087,30.247196197509766,33.11167907714844,28.35278893,1021.519531,0.658569336,1,94,31258,16110,live,910GCUSTMHS,Custom House,,,,
5580,2026-08-07T17:30:46.000+01:00,6.187063694000244,6.911039829,7.374352455,1085,30.24185562133789,33.105445861816406,28.088808059692383,1021.4981079101562,0.214233398,1,92,31495,16115,live,910GCUSTMHS,Custom House,,,,
5581,2026-08-07T17:30:56.000+01:00,4.072970390319824,4.542611598968506,4.838866233825684,1046,30.183107376098633,33.10345458984375,27.11223030090332,1021.4996948242188,0.015869141,1,77,31655,16096,live,910GCUSTMHS,Custom House,,,,
5582,2026-08-07T17:31:06.000+01:00,2.960714101791382,3.299391746520996,3.5113346576690674,956,30.12169075012207,33.07396697998047,26.61783790588379,1021.4901733398438,0.095214844,1,56,31942,16038,live,910GCUSTMHS,Custom House,,,,
5583,2026-08-07T17:31:16.000+01:00,2.5327136516571045,2.8197145462036133,2.9976015090942383,878,30.052261352539062,33.091835021972656,26.033416748046875,1021.4943237304688,0.041503906,1,45,31873,15993,live,910GCUSTMHS,Custom House,,,,
5584,2026-08-07T17:31:26.000+01:00,2.2203421592712402,2.467712163925171,2.618335008621216,773,30.10032844543457,33.090980529785156,25.76028060913086,1021.4932861328125,0.010375977,1,44,31954,15941,live,910GCUSTMHS,Custom House,,,,
5585,2026-08-07T17:31:36.000+01:00,1.9158166646957397,2.124938965,2.2494711875915527,714,30.08964729309082,33.07594299316406,25.270465850830078,1021.4813232421875,0.119628906,1,47,31985,15930,live,910GCUSTMHS,Custom House,,,,
5586,2026-08-07T17:31:46.000+01:00,2.0001416206359863,2.2137398719787598,2.3378078937530518,673,30.113679885864258,33.07594299316406,25.145341873168945,1021.486328,0.050048828,1,50,32038,15890,live,910GCUSTMHS,Custom House,,,,
5587,2026-08-07T17:31:56.000+01:00,4.158599376678467,4.588749885559082,4.829161167144775,642,30.116350173950195,33.070274353027344,25.023269653320312,1021.4849243164062,0.014038086,1,56,32037,15881,live,910GCUSTMHS,Custom House,,,,
5590,2026-08-07T17:32:26.000+01:00,3.441452980041504,3.9979817867279053,4.449124336242676,579,30.16441535949707,33.094947814941406,24.792858123779297,1021.4762573242188,0.086669922,1,69,31892,15875,live,,,,,51.50982797290656,0.028449189
5593,2026-08-07T17:32:56.000+01:00,3.2991299629211426,3.8625426292419434,4.332625389099121,688,30.25253677368164,33.103172302246094,25.74654769897461,1021.907958984375,4.317016602,1,230,31309,15887,live,,,,,51.50977497506341,0.027796233
5594,2026-08-07T17:33:06.000+01:00,3.3049046993255615,3.8593804836273193,4.317808151245117,858,30.260547637939453,33.12812805175781,26.24094009399414,1021.746337890625,1.616210938,1,258,31120,15904,live,,,,,51.50986830554484,0.026212041
5595,2026-08-07T17:33:16.000+01:00,3.288259983062744,3.8290657997131348,4.271505832672119,964,30.260547637939453,33.138336181640625,26.501869201660156,1022.3571166992188,6.107788086,1,277,30956,15934,live,,,,,51.509783686842326,0.023313706
5596,2026-08-07T17:33:26.000+01:00,4.036835193634033,4.695102214813232,5.231156826019287,1040,30.289920806884766,33.14768981933594,26.66514015197754,1023.3629760742188,10.05859375,1,278,30859,15936,live,,,,,51.50965356191814,0.019956049835658317
5597,2026-08-07T17:33:36.000+01:00,3.637362003326416,4.219326496124268,4.688295841217041,1113,30.300601959228516,33.151939392089844,26.764324188232422,1021.7236938476562,16.39282227,1,267,30784,15948,live,,,,,51.509581943106966,0.019042167
5598,2026-08-07T17:33:46.000+01:00,3.325394868850708,3.846867322921753,4.262314319610596,1142,30.316625595092773,33.157615661621094,26.811626434326172,1022.9205322265625,11.96838379,1,244,30729,15952,live,,,,,,
5599,2026-08-07T17:33:56.000+01:00,3.1320440769195557,3.6194229125976562,4.005970001220703,1188,30.33264732,33.170372009277344,26.832990646362305,1022.4307861328125,4.897460938,1,224,30669,15946,live,,,,,,
5600,2026-08-07T17:34:06.000+01:00,3.0534608364105225,3.523829698562622,3.894665002822876,1236,30.359350204467773,33.17689514160156,27.06340217590332,1021.4166259765625,10.14160156,1,211,30591,15937,live,,,,,,
5601,2026-08-07T17:34:16.000+01:00,3.2091798782348633,3.698746919631958,4.0824713706970215,1275,30.34065818786621,33.19390106201172,27.389944076538086,1021.4152221679688,0.014038086,1,199,30516,15948,live,,,,,,
5602,2026-08-07T17:34:26.000+01:00,3.5205209255218506,4.046333312988281,4.453138351,1291,30.367361068725586,33.195892333984375,27.66460609436035,1020.9483032226562,4.669189453,1,194,30446,15965,live,,,,,,
5603,2026-08-07T17:36:12.000+01:00,7.562185764312744,12.302522659301758,17.716833114624023,1103,31.46753692626953,32.82160186767578,25.069047927856445,1023.931152,,,,31737,0,buffered,,,,,,
5604,2026-08-07T17:36:22.000+01:00,7.613770961761475,11.91910457611084,16.782690048217773,1027,31.285953521728516,32.813385009765625,25.180437088012695,1023.9085693359375,,0,0,30424,17390,live,910GCANWHRF,Canary Wharf,,,,
5605,2026-08-07T17:36:32.000+01:00,7.709472179412842,11.708391189575195,16.17976951599121,960,31.088350296020508,32.785308837890625,25.32082176208496,1023.956787109375,0.482177734,0,0,31056,17160,live,910GCANWHRF,Canary Wharf,,,,
5606,2026-08-07T17:36:42.000+01:00,8.222846031188965,12.063755989074707,16.29935073852539,902,30.874723434448242,32.724632263183594,25.39711570739746,1023.8970336914062,0.59753418,0,0,31297,17083,live,910GCANWHRF,Canary Wharf,,,,
5607,2026-08-07T17:36:52.000+01:00,9.742016792297363,13.890472412109375,18.40302085876465,843,30.738536834716797,32.722084045410156,25.39101219177246,1023.8986206054688,0.015869141,0,0,31452,17026,live,910GCANWHRF,Canary Wharf,,,,
5608,2026-08-07T17:37:02.000+01:00,10.16266155,14.419455528259277,19.03783416748047,811,30.599679946899414,32.723785400390625,25.514610290527344,1023.8951416015625,0.034790039,0,4,31522,16979,live,910GCANWHRF,Canary Wharf,,,,
5609,2026-08-07T17:37:12.000+01:00,10.520066261291504,14.690622329711914,19.174741744995117,779,30.519569396972656,32.62652587890625,25.630578994750977,1023.8711547851562,0.239868164,1,27,31629,16970,live,910GCANWHRF,Canary Wharf,,,,
5610,2026-08-07T17:37:22.000+01:00,10.32175350189209,13.94214916229248,17.748798370361328,754,30.36469078063965,32.60185241699219,25.610742568969727,1023.9317016601562,0.60546875,1,40,31700,16949,live,910GCANWHRF,Canary Wharf,,,,
5611,2026-08-07T17:37:32.000+01:00,11.439302444458008,14.979538917541504,18.604646682739258,739,30.308612823486328,32.621131896972656,25.71755599975586,1023.9279174804688,0.037841797,1,48,31741,16912,live,910GCANWHRF,Canary Wharf,,,,
5612,2026-08-07T17:37:42.000+01:00,10.944986343383789,14.058774948120117,17.18336296081543,730,30.287250518798828,32.630210876464844,25.78774642944336,1023.894287109375,0.336303711,1,58,31674,16887,live,910GCANWHRF,Canary Wharf,,,,
5613,2026-08-07T17:37:52.000+01:00,10.863322257995605,13.820260047912598,16.753517150878906,713,30.212482452392578,32.64495086669922,25.909818649291992,1023.9097900390625,0.155029297,1,68,31787,16871,live,910GCANWHRF,Canary Wharf,,,,
5614,2026-08-07T17:38:02.000+01:00,11.837291717529297,14.883782386779785,17.859275817871094,704,30.183107376098633,32.66792297363281,26.050201416015625,1023.7691650390625,1.40625,1,75,31713,16854,live,,,,,,
5615,2026-08-07T18:04:45.000+01:00,30.994476318359375,40.124778747558594,49.36613464355469,1002,27.213703155517578,28.929611206054688,32.208744049072266,1021.2047119140625,,,,31158,0,buffered,,,,,,
5616,2026-08-07T18:04:55.000+01:00,25.738157272338867,33.70362473,41.860050201416016,996,27.09086799621582,28.952865600585938,32.304874420166016,1021.2530517578125,,0,0,30322,17480,live,,,,,51.514223392349834,-0.149049052
5617,2026-08-07T18:05:05.000+01:00,25.32029914855957,32.764060974121094,40.29466247558594,984,27.010757446289062,29.012413024902344,32.207218170166016,1021.3125,0.594482422,0,0,30757,17250,live,,,,,51.514268806753684,-0.149018089
5618,2026-08-07T18:05:15.000+01:00,36.44458008,47.05308151245117,57.759395599365234,967,26.968032836914062,29.056922912597656,32.47119903564453,1021.5109252929688,1.98425293,0,0,30942,17170,live,,,,,51.514194795056774,-0.14905604
5619,2026-08-07T18:05:25.000+01:00,54.73036193847656,70.91911315917969,87.32104492,948,26.927976608276367,29.116470336914062,32.76264572143555,1021.8595581054688,,0,0,31093,17155,buffered,,,,,,
5620,2026-08-07T18:05:35.000+01:00,55.061744689941406,72.98390961,91.54155731201172,931,26.933317184448242,29.18708038330078,32.97169494628906,1022.2817993164062,,0,5,31161,17155,buffered,,,,,,
5621,2026-08-07T18:05:45.000+01:00,56.24042510986328,75.18964385986328,94.95361328,921,26.933317184448242,29.258804321289062,33.13649368286133,1022.476074,,1,32,31210,17175,buffered,,,,,,
5622,2026-08-07T18:05:55.000+01:00,52.731929779052734,70.90196228027344,89.93965148925781,912,26.94934082,29.341049194335938,33.20058059692383,1022.5225219726562,10.1159668,1,48,31242,17172,live,940GZZLUBND,Bond Street,,,,
5623,2026-08-07T18:06:05.000+01:00,44.92957687,59.950408935546875,75.59189606,908,26.957351684570312,29.41022491455078,33.19295120239258,1022.7670288085938,2.445068359,1,58,31288,17179,live,940GZZLUBND,Bond Street,,,,
5624,2026-08-07T18:06:15.000+01:00,34.99552917480469,46.87594223022461,59.286319732666016,898,26.973373413085938,29.466087341308594,32.99916076660156,1022.761719,0.053100586,1,59,31403,17176,live,940GZZLUBND,Bond Street,,,,
5625,2026-08-07T18:06:25.000+01:00,42.10927200317383,56.357826232910156,71.23200225830078,876,27.029449462890625,29.538955688476562,32.81910324,1023.2508544921875,4.891357422,1,61,31381,17156,live,940GZZLUBND,Bond Street,,,,
5626,2026-08-07T18:06:35.000+01:00,46.47610092163086,62.19550323486328,78.60364532470703,863,27.10154914855957,29.616363525390625,32.67261887,1022.9046630859375,3.461914063,1,66,31413,17146,live,940GZZLUBND,Bond Street,,,,
5627,2026-08-07T18:06:45.000+01:00,48.949867248535156,64.47583008,80.46199798583984,853,27.15495491027832,29.682716369628906,32.69245529174805,1022.7528686523438,1.517944336,1,68,31467,17149,live,940GZZLUBND,Bond Street,,,,
5628,2026-08-07T18:06:55.000+01:00,48.93170166015625,63.954166412353516,79.30852508544922,837,27.184328079223633,29.75048065185547,32.53833770751953,1022.5281982421875,,1,69,31481,17147,buffered,,,,,,
5629,2026-08-07T18:07:05.000+01:00,49.03327178955078,65.05841827392578,81.66625977,818,27.256427764892578,29.811737060546875,32.43915557861328,1022.4688110351562,2.840576172,1,75,31463,17128,live,940GZZLUBND,Bond Street,,,,
5630,2026-08-07T18:07:15.000+01:00,54.44522476196289,71.63982391357422,89.32714844,813,27.30716323852539,29.885169982910156,32.44678497314453,1022.5667724609375,0.979614258,1,85,31433,17136,live,940GZZLUBND,Bond Street,,,,
5631,2026-08-07T18:07:25.000+01:00,58.97431945800781,78.27682495117188,98.28748321533203,809,27.34187889099121,29.95776367,32.56732940673828,1022.650391,0.836181641,1,92,31435,17130,live,940GZZLUBND,Bond Street,,,,
5632,2026-08-07T18:07:35.000+01:00,57.11561965942383,76.24842071533203,96.17999267578125,806,27.39795494,30.030349731445312,32.48188018798828,1022.6790771484375,0.286865234,1,91,31464,17136,live,940GZZLUBND,Bond Street,,,,
5633,2026-08-07T18:07:45.000+01:00,54.24433898925781,72.59819793701172,91.75775146484375,803,27.46204376220703,30.113433837890625,32.51850128173828,1022.7965698242188,1.174926758,1,114,31304,17141,live,940GZZLUBND,Bond Street,,,,
5634,2026-08-07T18:07:55.000+01:00,54.57316207885742,75.43885803222656,97.73313903808594,803,27.523460388183594,30.18488311767578,32.6268425,1022.8773193359375,0.807495117,1,115,31429,17144,live,940GZZLUBND,Bond Street,,,,
5635,2026-08-07T18:08:05.000+01:00,54.12098312,74.67816162109375,96.61717987060547,802,27.566186904907227,30.24896240234375,32.67719650268555,1022.840087890625,0.372314453,1,104,31416,17141,live,940GZZLUBND,Bond Street,,,,
5636,2026-08-07T18:08:15.000+01:00,55.519962310791016,75.64999389648438,96.95081329345703,803,27.6569767,30.315887451171875,32.70008469,1023.030762,1.906738281,1,104,31388,17135,live,940GZZLUBND,Bond Street,,,,
5637,2026-08-07T18:08:25.000+01:00,55.74967956542969,74.60659790039062,94.28993988,804,27.74776840209961,30.381385803222656,32.75043869018555,1022.8689575195312,1.618041992,1,110,31343,17145,live,940GZZLUBND,Bond Street,,,,
5638,2026-08-07T18:08:35.000+01:00,55.75223922729492,74.93746948242188,95.03347015,807,27.822538375854492,30.43639373779297,32.56275177001953,1022.8314819335938,0.374755859,1,111,31338,17143,live,940GZZLUBND,Bond Street,,,,
5639,2026-08-07T18:08:45.000+01:00,59.83200454711914,80.38790893554688,101.91265869140625,808,27.859922409057617,30.512672424316406,32.59174346923828,1022.9417724609375,1.102905273,1,113,31359,17125,live,940GZZLUBND,Bond Street,,,,
5640,2026-08-07T18:08:55.000+01:00,72.85026550292969,96.19191742,120.27896118164062,809,27.950714111328125,30.572776794433594,32.53681182861328,1023.13916,1.973876953,1,107,31389,17123,live,940GZZLUBND,Bond Street,,,,
5641,2026-08-07T18:09:05.000+01:00,81.30680084228516,107.36711120605469,134.26170349121094,810,28.025482177734375,30.628921508789062,32.58563995361328,1022.5695190429688,5.696411133,1,99,31403,17128,live,940GZZLUBND,Bond Street,,,,
5642,2026-08-07T18:09:15.000+01:00,83.63079071044922,115.06399536132812,148.54678344726562,811,28.078889846801758,30.707183837890625,32.48798370361328,1022.6433715820312,0.738525391,1,94,31411,17133,live,,,,,51.51426136026985,-0.149023391
5643,2026-08-07T18:09:25.000+01:00,77.55163574,109.89443969726562,144.96023559570312,812,28.116273880004883,30.754539489746094,32.368961334228516,1022.5493774414062,0.939941406,1,96,31324,17124,live,,,,,51.51426136026985,-0.149023391
5644,2026-08-07T18:09:35.000+01:00,66.47068024,97.02556610107422,130.64381408691406,814,28.177690505981445,30.80925750732422,32.65125656,1022.6824340820312,1.330566406,1,103,31361,17102,live,,,,,51.51426136026985,-0.149023391
5645,2026-08-07T18:09:45.000+01:00,65.28693389892578,93.63963317871094,124.57429504394531,829,28.263141632080078,30.87078857421875,32.92439270019531,1022.712402,0.299682617,1,127,31127,17123,live,,,,,51.51426136026985,-0.149023391
5646,2026-08-07T18:09:55.000+01:00,64.81278991699219,90.61376190185547,118.37401580810547,877,28.343252182006836,30.92778778076172,33.24635696411133,1023.4782104492188,7.658081055,1,155,31068,17129,live,,,,,51.51426136026985,-0.149023391
5647,2026-08-07T18:10:05.000+01:00,65.32707977294922,92.13939666748047,121.13422393798828,923,28.428701400756836,30.993850708007812,33.33943557739258,1026.4317626953125,29.53552246,1,179,30921,17140,live,,,,,51.51426136026985,-0.149023391
5648,2026-08-07T18:10:15.000+01:00,65.72051239013672,92.16529083251953,120.66952514648438,963,28.495460510253906,31.060195922851562,33.516441345214844,1026.875244140625,4.434814453,1,253,30356,17140,live,940GZZLUBND,Bond Street,,,,
5649,2026-08-07T18:10:25.000+01:00,64.42996215820312,88.89633942,115.0060806274414,1029,28.55687713623047,31.12909698486328,33.77126693725586,1028.189941,13.14697266,1,325,30088,17138,live,940GZZLUBND,Bond Street,,,,
5650,2026-08-07T18:10:35.000+01:00,64.51248168945312,88.70938110351562,114.47431182861328,1071,28.607614517211914,31.19007110595703,34.032196044921875,1025.332763671875,28.57177734,1,347,30038,17138,live,940GZZLUBND,Bond Street,,,,
5651,2026-08-07T18:10:45.000+01:00,64.79586791992188,87.13385009765625,110.54080200195312,1104,28.669031143188477,31.25499725341797,34.33279800415039,1020.9114990234375,44.21264648,1,323,30036,17140,live,940GZZLUBND,Bond Street,,,,
5652,2026-08-07T18:10:55.000+01:00,68.02334594726562,90.59629059,114.06551361083984,1203,28.72243881225586,31.320785522460938,34.73258590698242,1022.4595947265625,15.48095703,1,276,30061,17146,live,,,,,51.51426136026985,-0.149023391
5653,2026-08-07T18:11:05.000+01:00,72.06078338623047,95.14499664,118.96537780761719,1242,28.78652572631836,31.376075744628906,34.97520446777344,1023.0256958007812,5.661010742,1,219,30115,17165,live,,,,,51.51426136026985,-0.149023391
5654,2026-08-07T18:11:15.000+01:00,71.39919281,96.93061065673828,123.87604522705078,1268,28.877317428588867,31.447525024414062,35.18272781,1023.1182250976562,0.925292969,1,176,30111,17178,live,,,,,51.51426136026985,-0.149023391
5655,2026-08-07T18:11:25.000+01:00,63.98012924194336,89.22728729248047,116.35133361816406,1292,28.92805290222168,31.520118713378906,35.50926971435547,1023.1436767578125,0.254516602,1,139,30359,17186,live,940GZZLUGPK,Green Park,,,,
5656,2026-08-07T18:11:35.000+01:00,57.39718246459961,79.61656951904297,103.40899658203125,1296,28.97344970703125,31.580795288085938,34.81193161010742,1023.036376953125,,1,100,30470,17210,buffered,,,,,,
5657,2026-08-07T18:11:45.000+01:00,47.528865814208984,65.62993621826172,84.95684051513672,1284,29.053558349609375,31.641761779785156,34.15427017211914,1023.115966796875,0.277099609,1,91,30578,17173,live,940GZZLUGPK,Green Park,,,,
5658,2026-08-07T18:11:55.000+01:00,47.407623291015625,65.03691864013672,83.77934265136719,1229,29.12565803527832,31.711227416992188,33.574424743652344,1023.2318725585938,1.159057617,1,86,30684,17141,live,940GZZLUGPK,Green Park,,,,
5659,2026-08-07T18:12:05.000+01:00,23.961414337158203,32.95384216308594,42.52999496459961,1170,29.141679763793945,31.765670776367188,32.50019073486328,1022.649658203125,5.822143555,1,67,31128,17123,live,940GZZLUGPK,Green Park,,,,
5660,2026-08-07T18:12:15.000+01:00,26.056617736816406,35.653221130371094,45.837711334228516,1119,29.10429573059082,31.81415557861328,31.09941291809082,1022.8877563476562,2.380981445,1,43,31370,17062,live,940GZZLUGPK,Green Park,,,,
5661,2026-08-07T18:12:25.000+01:00,62.92683410644531,86.58371735,111.7841797,1045,29.077592849731445,31.892127990722656,31.223011016845703,1023.1428833007812,2.551269531,1,46,31033,16979,live,940GZZLUGPK,Green Park,,,,
5662,2026-08-07T18:12:35.000+01:00,59.05601883,80.94746398925781,104.20767211914062,1024,29.09361457824707,31.918785095214844,31.64568519592285,1023.0547485351562,0.881347656,1,60,31046,17002,live,940GZZLUGPK,Green Park,,,,
5663,2026-08-07T18:12:45.000+01:00,47.61976242,64.72100830078125,82.78414154052734,1005,29.032196044921875,31.949981689453125,30.989547729492188,1023.04834,0.064086914,1,56,31277,17023,live,940GZZLUGPK,Green Park,,,,
5664,2026-08-07T18:12:55.000+01:00,51.70823287963867,68.87720489501953,86.73005676269531,971,29.069581985473633,31.989112854003906,30.771343231201172,1022.798095703125,2.502441406,1,57,31188,16982,live,940GZZLUGPK,Green Park,,,,
5665,2026-08-07T18:13:05.000+01:00,55.56147766113281,73.11434173583984,91.17153168,949,29.144350051879883,32.04553223,30.753032684326172,1022.849609,0.515136719,1,59,31151,16975,live,940GZZLUGPK,Green Park,,,,
5666,2026-08-07T18:13:15.000+01:00,56.30968094,74.82653809,94.04180145263672,928,29.251163482666016,32.07842254638672,30.66452980041504,1022.9947509765625,1.451416016,1,61,31199,16979,live,940GZZLUGPK,Green Park,,,,
5667,2026-08-07T18:13:25.000+01:00,56.850563049316406,75.40452575683594,94.62738037109375,917,29.264514923095703,32.11811828613281,30.62790870666504,1023.0490112304688,0.542602539,1,63,31216,16988,live,940GZZLUGPK,Green Park,,,,
5668,2026-08-07T18:13:35.000+01:00,55.702362060546875,73.73307037353516,92.38093566894531,907,29.331274032592773,32.16632080078125,30.560768127441406,1023.182373046875,1.333618164,1,67,31179,16994,live,940GZZLUGPK,Green Park,,,,
5669,2026-08-07T18:13:45.000+01:00,53.8118782,71.37110900878906,89.56270599365234,900,29.382009506225586,32.20941925048828,30.481422424316406,1023.3154907226562,1.331176758,1,79,31172,16998,live,940GZZLUGPK,Green Park,,,,
5670,2026-08-07T18:13:55.000+01:00,53.542171478271484,71.22608184814453,89.59394073486328,895,29.42206382751465,32.252525329589844,30.377660751342773,1023.366699,0.512084961,1,88,31159,17002,live,940GZZLUGPK,Green Park,,,,
5671,2026-08-07T18:14:05.000+01:00,53.06346893310547,71.53098297,90.91875457763672,888,29.502174377441406,32.29760742,30.26779556274414,1023.3323364257812,0.34362793,1,91,31171,16988,live,940GZZLUGPK,Green Park,,,,
5672,2026-08-07T18:14:15.000+01:00,52.56169509887695,70.47224426269531,89.19594574,881,29.53955841064453,32.34893035888672,30.25101089477539,1023.294922,0.374145508,1,95,31163,16984,live,940GZZLUGPK,Green Park,,,,
5673,2026-08-07T18:14:25.000+01:00,51.071571350097656,67.23783874511719,83.87586975097656,877,29.57694435119629,32.39060974121094,30.147249221801758,1023.3626708984375,0.677490234,1,96,31197,16992,live,940GZZLUGPK,Green Park,,,,
5674,2026-08-07T18:14:35.000+01:00,51.553565979003906,66.37751770019531,81.29283142089844,873,29.64904213,32.44335174560547,30.064851760864258,1023.3272094726562,,1,91,31289,16989,buffered,,,,,,
5675,2026-08-07T18:14:45.000+01:00,52.57036209106445,67.75758361816406,83.05621337890625,871,29.689098358154297,32.47284698486328,29.970245361328125,1023.6239013671875,2.612304688,1,91,31224,16987,live,940GZZLUGPK,Green Park,,,,
5676,2026-08-07T18:14:55.000+01:00,53.800777435302734,69.80266571044922,86.03679656982422,863,29.726482391357422,32.52813720703125,29.840543746948242,1023.1141357421875,5.09765625,1,90,31247,16986,live,940GZZLUGPK,Green Park,,,,
5677,2026-08-07T18:15:05.000+01:00,53.73088073730469,69.87692260742188,86.29734039,861,29.777217864990234,32.56159210205078,29.78255844116211,1022.8876342773438,2.265014648,1,90,31277,16987,live,940GZZLUGPK,Green Park,,,,
5678,2026-08-07T18:15:15.000+01:00,53.29941940307617,69.50519561767578,86.03192138671875,860,29.809261322021484,32.599586486816406,29.681848526000977,1022.872314453125,0.153198242,1,91,31266,16993,live,940GZZLUGPK,Green Park,,,,
5679,2026-08-07T18:15:25.000+01:00,53.21474075317383,69.85152435302734,86.92635345458984,859,29.841306686401367,32.658851623535156,29.614709854125977,1022.871826171875,0.004882813,1,94,31220,17001,live,,,,,51.51426136026985,-0.149023391
5680,2026-08-07T18:15:35.000+01:00,59.79118728637695,78.49868774414062,97.70212555,856,29.851987838745117,32.69542694091797,29.510948181152344,1023.156738,2.849121094,1,102,31204,17002,live,,,,,51.51426136026985,-0.149023391
5681,2026-08-07T18:15:45.000+01:00,61.868675231933594,81.64476776123047,102.04180908203125,854,29.900053024291992,32.731727600097656,29.497215270996094,1023.2239990234375,0.672607422,1,107,31218,17000,live,,,,,51.51426136026985,-0.149023391
5682,2026-08-07T18:15:55.000+01:00,61.63086700439453,81.7886734,102.68287658691406,854,29.940109252929688,32.770851135253906,29.456016540527344,1024.0662841796875,8.422851563,1,104,31209,16992,live,,,,,51.51426136026985,-0.149023391
5683,2026-08-07T18:16:05.000+01:00,62.66376876831055,81.75820922851562,101.24065399169922,881,29.982833862304688,32.817359924316406,29.72762680053711,1024.006348,0.599365234,1,107,31155,16993,live,,,,,51.51426136026985,-0.149023391
5684,2026-08-07T18:16:15.000+01:00,63.09477996826172,82.27433013916016,101.8326644897461,936,30.030899047851562,32.863853454589844,30.522621154785156,1023.5098266601562,4.965209961,1,124,30993,16997,live,,,,,51.51426136026985,-0.149023391
5685,2026-08-07T18:16:25.000+01:00,62.079322814941406,82.01331329345703,102.59368133544922,1034,30.073625564575195,32.90497589111328,30.901044845581055,1023.1923217773438,3.175048828,1,134,31058,17044,live,,,,,51.51426136026985,-0.149023391
5686,2026-08-07T18:16:35.000+01:00,57.925411224365234,76.78103637695312,96.30556488,1146,30.177766799926758,32.94041442871094,31.59380531311035,1023.1389770507812,0.533447266,1,144,30913,17050,live,,,,,51.51426136026985,-0.149023391
5687,2026-08-07T18:16:45.000+01:00,54.205360412597656,71.56999969482422,89.48847198486328,1191,30.201801300048828,32.97727966308594,32.266727447509766,1022.3593139648438,7.796630859,1,148,30911,17085,live,,,,,51.51426136026985,-0.149023391
5688,2026-08-07T18:16:55.000+01:00,52.39088821411133,69.84159851074219,87.99941254,1247,30.236515045166016,33.03795623779297,32.62531661987305,1021.7153930664062,6.439208984,1,145,30895,17110,live,,,,,51.51426136026985,-0.149023391
5689,2026-08-07T18:17:05.000+01:00,51.363956451416016,67.79203796386719,84.73814392089844,1299,30.292591094970703,33.076515197753906,32.73670578,1021.3234252929688,3.919677734,1,141,30872,17111,live,,,,,51.51426136026985,-0.149023391
5690,2026-08-07T18:17:15.000+01:00,50.145912170410156,65.91852569580078,82.12844086,1315,30.32997703552246,33.127845764160156,32.88624572753906,1023.2031860351562,18.79760742,1,136,30864,17110,live,,,,,51.51426136026985,-0.149023391
5691,2026-08-07T18:17:25.000+01:00,49.907920837402344,64.45409393310547,79.1390152,1335,30.37270164489746,33.17689514160156,33.29060745239258,1023.209473,0.062866211,1,131,30824,17097,live,940GZZLUBND,Bond Street,,,,
5692,2026-08-07T18:17:35.000+01:00,41.35747146606445,53.129554748535156,64.94402313232422,1346,30.41542625427246,33.225669860839844,33.615623474121094,1023.2048950195312,0.045776367,1,128,30838,17105,live,940GZZLUWSM,Westminster,,,,
5693,2026-08-07T18:17:45.000+01:00,31.252378463745117,39.75535202026367,48.18923568725586,1337,30.43946075439453,33.26281738,32.09277344,1023.4187622070312,2.138671875,1,108,31080,17148,live,940GZZLUWSM,Westminster,,,,
5694,2026-08-07T18:17:55.000+01:00,29.08229637145996,36.91695022583008,44.66725540161133,1268,30.44213104248047,33.27471923828125,30.875104904174805,1023.5518798828125,1.331176758,1,102,31345,17089,live,940GZZLUWSM,Westminster,,,,
5695,2026-08-07T18:18:05.000+01:00,27.436809539794922,34.85869598388672,42.208866119384766,1182,30.47417449951172,33.31781768798828,30.324254989624023,1023.6013793945312,0.494995117,1,81,31320,17046,live,940GZZLUWSM,Westminster,,,,
5696,2026-08-07T18:18:15.000+01:00,27.10330581665039,34.447486877441406,41.72404479980469,1099,30.455482482910156,33.337669372558594,29.81155014038086,1023.5198974609375,0.814819336,1,68,31366,17047,live,940GZZLUWSM,Westminster,,,,
5697,2026-08-07T18:18:25.000+01:00,27.96515655517578,35.88229751586914,43.817054748535156,1025,30.498207092285156,33.38105010986328,29.39345359802246,1023.5006103515625,0.192871094,1,66,31343,17034,live,940GZZLUWSM,Westminster,,,,
5698,2026-08-07T18:18:35.000+01:00,30.89114761352539,39.51103973388672,48.118038177490234,989,30.530250549316406,33.407989501953125,29.283588409423828,1023.0613403320312,4.392700195,1,71,31330,17025,live,940GZZLUWSM,Westminster,,,,
5699,2026-08-07T18:18:45.000+01:00,33.74652862548828,43.11305618286133,52.452598571777344,964,30.50354766845703,33.438323974609375,29.083696365356445,1022.9659423828125,0.953979492,1,74,31317,17024,live,940GZZLUWSM,Westminster,,,,
5700,2026-08-07T18:18:55.000+01:00,38.697444915771484,49.65002441,60.6262207,946,30.50354766845703,33.46498107910156,29.065385818481445,1022.9944458007812,0.28503418,1,75,31304,17018,live,940GZZLUWSM,Westminster,,,,
5701,2026-08-07T18:19:05.000+01:00,38.550594329833984,50.22565460205078,62.12092971801758,931,30.53826141357422,33.470367431640625,29.015029907226562,1023.105712890625,1.112670898,1,76,31399,17040,live,940GZZLUWSM,Westminster,,,,
5702,2026-08-07T18:19:15.000+01:00,39.108524322509766,50.79431152,62.66276931762695,908,30.554283142089844,33.48198699951172,28.770885467529297,1023.2630615234375,1.573486328,1,73,31529,17067,live,,,,,51.51426136026985,-0.149023391
5703,2026-08-07T18:19:25.000+01:00,42.304569244384766,56.235206604003906,70.69551086425781,903,30.607690811157227,33.50892639160156,28.82429313659668,1023.3291625976562,0.661010742,1,74,31415,17072,live,,,,,51.51426136026985,-0.149023391
5704,2026-08-07T18:19:35.000+01:00,43.171199798583984,58.96071243286133,75.69581604003906,901,30.650415420532227,33.54777526855469,28.88227653503418,1023.57666,2.474975586,1,77,31331,17076,live,,,,,51.51426136026985,-0.149023391
5705,2026-08-07T18:19:45.000+01:00,43.6418457,59.830169677734375,77.03276062011719,897,30.682458877563477,33.59229278564453,28.88685417175293,1024.9781494140625,14.01489258,1,99,31199,17082,live,,,,,51.51426136026985,-0.149023391
5706,2026-08-07T18:19:55.000+01:00,46.65364456176758,62.781490325927734,79.6904068,899,30.722515106201172,33.611289978027344,28.992141723632812,1024.6253662109375,3.527832031,1,139,31110,17070,live,,,,,51.51426136026985,-0.149023391
5707,2026-08-07T18:20:05.000+01:00,45.863975524902344,61.30959701538086,77.41771697998047,918,30.786602020263672,33.648719787597656,29.43465232849121,1023.217529296875,14.07836914,1,173,30951,17053,live,,,,,51.51426136026985,-0.149023391
5708,2026-08-07T18:20:15.000+01:00,45.00261688232422,59.68291473388672,74.89093780517578,982,30.821317672729492,33.68529510498047,29.924467086791992,1024.045166015625,8.276367188,1,183,30932,17080,live,940GZZLUBND,Bond Street,,,,
5709,2026-08-07T18:20:25.000+01:00,45.00608825683594,59.23161315917969,73.86751556396484,1095,30.885404586791992,33.723297119140625,30.28610610961914,1024.444580078125,3.994140625,1,169,30954,17097,live,,,,,51.51426136026985,-0.149023391
5710,2026-08-07T18:20:35.000+01:00,45.726966857910156,59.39312744140625,73.27358246,1123,30.917448043823242,33.768943786621094,30.56839942932129,1024.172363,2.722167969,1,153,30943,17116,live,,,,,51.51426136026985,-0.149023391
5711,2026-08-07T18:20:45.000+01:00,44.708282470703125,56.96772384643555,69.15291595458984,1162,30.949493408203125,33.81402587890625,30.832380294799805,1024.6912841796875,5.189208984,1,141,30954,17117,live,,,,,,
5712,2026-08-07T18:20:55.000+01:00,45.502716064453125,57.840152740478516,70.06600952148438,1185,30.984207153320312,33.84465789794922,31.09483528137207,1024.910645,2.193603516,1,141,30749,17116,live,,,,,,
5713,2026-08-07T18:21:05.000+01:00,45.318443298339844,58.54616165161133,71.90480804,1206,31.0189209,33.852020263671875,31.17112922668457,1024.7032470703125,2.073974609,1,162,30813,17141,live,940GZZLUWLO,Waterloo,,,,
5714,2026-08-07T18:21:15.000+01:00,38.27299880981445,49.11096954345703,59.97370910644531,1214,31.013580322265625,33.893707275390625,30.888837814331055,1024.856201171875,1.529541016,1,126,31017,17182,live,940GZZLUWLO,Waterloo,,,,
5715,2026-08-07T18:21:25.000+01:00,37.25415802001953,47.528297424316406,57.75566482543945,1205,31.053634643554688,33.93595886230469,30.22201919555664,1024.973876953125,1.176757813,1,115,31096,17187,live,940GZZLUWLO,Waterloo,,,,
5716,2026-08-07T18:21:35.000+01:00,53.43843078613281,68.20388031,82.90943908691406,1164,31.093690872192383,33.96941375732422,29.78866195678711,1024.8922119140625,0.816650391,1,112,31110,17170,live,940GZZLUWLO,Waterloo,,,,
5717,2026-08-07T18:21:45.000+01:00,59.520301818847656,76.32730865478516,93.16055297851562,1080,31.155107498168945,34.003150939941406,29.31563377380371,1024.770751953125,1.214599609,1,102,31142,17156,live,940GZZLUWLO,Waterloo,,,,
5718,2026-08-07T18:21:55.000+01:00,59.60892868041992,77.46994018554688,95.62213134765625,1042,31.144426345825195,34.04540252685547,28.981460571289062,1024.7760009765625,0.052490234,1,93,31154,17116,live,940GZZLUWLO,Waterloo,,,,
5719,2026-08-07T18:22:05.000+01:00,60.79756546020508,79.01457214355469,97.52854156,1004,31.208515167236328,34.087371826171875,28.778514862060547,1024.731201171875,,1,90,31161,17087,buffered,,,,,,
5720,2026-08-07T18:22:15.000+01:00,61.445194244384766,81.02811431884766,101.21283721923828,963,31.21652603149414,34.12365723,28.51911163330078,1024.6287841796875,1.472167969,1,88,31183,17067,live,940GZZLUWLO,Waterloo,,,,
5721,2026-08-07T18:22:25.000+01:00,62.832000732421875,85.02483367919922,108.39119720458984,939,31.21652603149414,34.169883728027344,28.43366050720215,1024.696777,0.679931641,1,87,31189,17042,live,940GZZLUWLO,Waterloo,,,,
5722,2026-08-07T18:22:35.000+01:00,61.660160064697266,82.64357758,104.57383728027344,923,31.264591217041016,34.197669982910156,28.37415123,1024.9298095703125,2.330322266,1,88,31169,17021,live,,,,,,
5723,2026-08-07T18:22:45.000+01:00,61.921199798583984,81.43316650390625,101.49429321289062,909,31.30197525024414,34.23085021972656,28.36957359313965,1024.765625,1.641845703,1,89,31154,17002,live,,,,,,
5724,2026-08-07T18:22:55.000+01:00,61.68391799926758,80.02517700195312,98.63131713867188,896,31.32868003845215,34.258628845214844,28.39398765563965,1024.695556640625,0.700683594,1,89,31130,16993,live,,,,,,
5725,2026-08-07T18:23:05.000+01:00,57.74199676513672,73.87308502197266,89.98490905761719,896,31.331350326538086,34.29663086,28.653390884399414,1024.175293,5.202636719,1,91,31142,16988,live,,,,,,
5726,2026-08-07T18:23:15.000+01:00,53.889827728271484,68.64762878417969,83.31094360351562,896,31.363393783569336,34.335479736328125,28.697643280029297,1024.1092529296875,0.660400391,1,93,31068,17003,live,,,,,,
5727,2026-08-07T18:23:25.000+01:00,51.924983978271484,65.96709442138672,79.87243652,905,31.42481041,34.369781494140625,28.86701774597168,1023.79541,3.138427734,1,99,31069,16993,live,,,,,,
5728,2026-08-07T18:23:35.000+01:00,51.219146728515625,64.63367462158203,77.80086517333984,919,31.462196350097656,34.397857666015625,28.93263053894043,1024.0762939453125,2.808837891,1,103,31058,17003,live,,,,,,
5729,2026-08-07T18:23:45.000+01:00,51.19196319580078,63.791778564453125,75.93648529052734,933,31.49958038330078,34.45513153076172,29.059280395507812,1024.087646484375,0.113525391,1,106,31031,17006,live,,,,,,
5730,2026-08-07T18:23:55.000+01:00,22.00792694091797,27.094968795776367,31.901464462280273,947,31.515602111816406,34.45427703857422,28.796825408935547,1024.201416015625,1.137695313,1,102,31488,17100,live,940GZZLUSWK,Southwark,,,,
5731,2026-08-07T18:24:05.000+01:00,17.599014282226562,21.30495262145996,24.693349838256836,939,31.52361297607422,34.489158630371094,27.733272552490234,1024.141357421875,0.600585938,1,77,31595,17154,live,940GZZLUSWK,Southwark,,,,
5732,2026-08-07T18:24:15.000+01:00,17.807180404663086,21.46510124206543,24.778079986572266,892,31.54230499267578,34.49851989746094,27.10612678527832,1024.211669921875,0.703125,1,59,31714,17159,live,940GZZLUSWK,Southwark,,,,
5733,2026-08-07T18:24:25.000+01:00,28.819467544555664,34.93892288208008,40.551456451416016,847,31.43549156188965,34.51524353027344,26.366064071655273,1023.8512573242188,3.604125977,1,50,31718,17195,live,940GZZLUSWK,Southwark,,,,
5734,2026-08-07T18:24:35.000+01:00,25.746713638305664,31.281370162963867,36.38056945800781,797,31.42214012145996,34.52319336,25.935758590698242,1023.9412231445312,0.899658203,1,54,31685,17185,live,940GZZLUSWK,Southwark,,,,
5735,2026-08-07T18:24:45.000+01:00,27.83997917175293,33.58362961,38.79438781738281,766,31.44617462158203,34.544166564941406,25.70077133178711,1024.0372314453125,,1,62,31660,17196,buffered,,,,,,
5736,2026-08-07T18:24:55.000+01:00,25.87822723388672,30.800201416015625,35.11948776245117,728,31.43282127380371,34.52319336,25.282672882080078,1024.020751953125,0.795288086,1,61,31895,17234,live,940GZZLUSWK,Southwark,,,,
5737,2026-08-07T18:25:05.000+01:00,24.17773438,28.52093505859375,32.23530578613281,691,31.272602081298828,34.545875549316406,24.948501586914062,1024.164551,1.437988281,1,60,31793,17251,live,940GZZLUSWK,Southwark,,,,
5738,2026-08-07T18:25:15.000+01:00,29.02819824,34.34072494506836,38.92351150512695,683,31.240558624267578,34.56487274169922,25.024795532226562,1023.9767456054688,1.878051758,1,67,31776,17259,live,,,,,51.50406195203604,-0.10561206
5739,2026-08-07T18:25:25.000+01:00,33.327484130859375,39.69665527,45.297454833984375,682,31.26993179321289,34.57365417480469,25.43678855895996,1024.042236328125,0.654907227,1,117,31267,17264,live,,,,,51.50406195203604,-0.10561206
5740,2026-08-07T18:25:35.000+01:00,43.399723052978516,51.80500411987305,59.238338470458984,696,31.307315826416016,34.590667724609375,25.951019287109375,1024.245117,2.028808594,1,221,30772,17280,live,,,,,51.50406195203604,-0.10561206
5741,2026-08-07T18:25:45.000+01:00,42.876251220703125,51.53181838989258,59.31770324707031,756,31.3607235,34.602577209472656,26.62394142150879,1024.194580078125,0.505371094,1,309,30546,17290,live,,,,,51.50406195203604,-0.10561206
5742,2026-08-07T18:25:55.000+01:00,41.81739807128906,50.31285858154297,57.97391891479492,832,31.41412925720215,34.61817169189453,27.18699836730957,1022.662353515625,15.32226563,1,333,30507,17310,live,,,,,51.50406195203604,-0.10561206
5743,2026-08-07T18:26:05.000+01:00,40.412445068359375,48.811126708984375,56.45201110839844,882,31.462196350097656,34.629234313964844,27.53795623779297,1024.0279541015625,13.65600586,1,321,30441,17327,live,,,,,51.50406195203604,-0.10561206
5744,2026-08-07T18:26:15.000+01:00,38.69190979003906,47.21896743774414,55.14560317993164,955,31.49156951904297,34.64142608642578,27.910276412963867,1023.4763793945312,5.51574707,1,290,30406,17328,live,,,,,51.50406195203604,-0.10561206
5745,2026-08-07T18:26:25.000+01:00,37.046165466308594,45.36949920654297,53.158870697021484,987,31.53429412841797,34.6751709,28.181886672973633,1025.214355,17.37976074,1,249,30432,17331,live,,,,,51.50406195203604,-0.10561206
5746,2026-08-07T18:26:35.000+01:00,36.72230148,45.236690521240234,53.28968811035156,1028,31.550315856933594,34.69416046142578,28.51758575439453,1024.284668,9.296875,1,220,30358,17329,live,,,,,51.50406195203604,-0.10561206
5747,2026-08-07T18:26:45.000+01:00,37.01750946044922,46.03010177612305,54.68824005126953,1058,31.593042373657227,34.717987060546875,28.798351287841797,1022.8626708984375,14.2199707,1,184,30370,17337,live,,,,,51.50406195203604,-0.10561206
5748,2026-08-07T18:26:55.000+01:00,36.678672790527344,45.82014083862305,54.66481399536133,1094,31.66514015197754,34.73442840576172,29.159990310668945,1023.6187744140625,7.561035156,1,159,30382,17338,live,,,,,51.50406195203604,-0.10561206
5749,2026-08-07T18:27:05.000+01:00,37.39726638793945,46.563392639160156,55.38715744018555,1108,31.659799575805664,34.76477051,29.32478904724121,1022.8212280273438,7.975463867,1,143,30378,17356,live,,,,,51.50406195203604,-0.10561206
5750,2026-08-07T18:27:15.000+01:00,39.823753356933594,49.32075881958008,58.385250091552734,1120,31.705196380615234,34.78717041015625,29.35835838317871,1023.9312744140625,11.10046387,1,137,30352,17335,live,940GZZLUSWK,Southwark,,,,
5751,2026-08-07T18:27:25.000+01:00,39.52835464477539,48.82521438598633,57.65939712524414,1134,31.739910125732422,34.813255310058594,29.468223571777344,1023.7993774414062,1.318969727,1,135,30317,17320,live,,,,,,
5752,2026-08-07T18:27:35.000+01:00,35.18200684,43.44218444824219,51.28683853149414,1137,31.739910125732422,34.765052795410156,29.456016540527344,1023.799072265625,0.003051758,1,132,30695,17313,live,940GZZLULNB,London Bridge,,,,
5753,2026-08-07T18:27:45.000+01:00,24.36825942993164,30.125656127929688,35.60453414916992,1124,31.528953552246094,34.788299560546875,28.32227135,1023.7763061523438,,1,91,31021,17276,buffered,,,,,,
5754,2026-08-07T18:27:55.000+01:00,22.60777473449707,27.804676055908203,32.70596694946289,1085,31.54230499267578,34.80559539794922,27.745479583740234,1023.7656860351562,0.333862305,1,63,31041,17136,live,940GZZLULNB,London Bridge,,,,
5755,2026-08-07T18:28:05.000+01:00,22.818655014038086,28.121265411376953,33.14024734,1036,31.56633949279785,34.83253479003906,27.280078887939453,1023.8111572265625,0.454711914,1,54,31047,17060,live,940GZZLULNB,London Bridge,,,,
5756,2026-08-07T18:28:15.000+01:00,23.156967163085938,28.47476577758789,33.48840332,988,31.585031509399414,34.85295867919922,27.08323860168457,1023.8472900390625,0.361328125,1,62,30900,16995,live,940GZZLULNB,London Bridge,,,,
5757,2026-08-07T18:28:25.000+01:00,24.657373428344727,30.20153236,35.391395568847656,951,31.585031509399414,34.878753662109375,26.866559982299805,1024.0977783203125,,1,70,30982,16953,buffered,,,,,,
5758,2026-08-07T18:28:35.000+01:00,22.768667221069336,28.03833770751953,33.01951599121094,918,31.54230499267578,34.88499450683594,26.538490295410156,1023.9298706054688,,1,78,30992,16897,buffered,,,,,,
5759,2026-08-07T18:28:45.000+01:00,21.373210906982422,26.61321449279785,31.657907485961914,901,31.440834045410156,34.88330078,26.26688003540039,1024.0079345703125,,1,72,31100,16843,buffered,,,,,,
5760,2026-08-07T18:28:55.000+01:00,33.51636505126953,41.730892181396484,49.63848114013672,878,31.37140464782715,34.887542724609375,26.016632080078125,1024.104248046875,,1,68,31113,16793,live,,,,,,
5761,2026-08-07T18:29:05.000+01:00,41.357669830322266,51.48625946044922,61.23410415649414,868,31.419469833374023,34.90625762939453,26.346227645874023,1024.0784912109375,0.257568359,1,74,31083,16764,live,,,,,,
5762,2026-08-07T18:29:15.000+01:00,43.38505172729492,54.204654693603516,64.67493438720703,870,31.47821807861328,34.91589355,26.852827072143555,1024.222656,,1,81,31084,16789,buffered,,,,,,
5763,2026-08-07T18:29:25.000+01:00,44.554542541503906,55.34238052368164,65.68820953,894,31.53429412841797,34.92951202392578,27.214466094970703,1026.20166,21.23168945,1,86,31080,16829,live,,,,,,
5764,2026-08-07T18:29:35.000+01:00,44.93380355834961,55.571598052978516,65.70135498046875,931,31.560997009277344,34.95021057128906,27.44487762451172,1025.933105,2.685546875,1,90,31064,16859,live,,,,,,
5765,2026-08-07T18:29:45.000+01:00,45.558345794677734,56.36924743652344,66.67156982421875,964,31.625085830688477,34.96636962890625,27.50286102294922,1025.520751953125,4.123535156,1,92,31051,16881,live,,,,,,
5766,2026-08-07T18:29:55.000+01:00,45.615203857421875,56.239097595214844,66.30213928222656,988,31.66246986,34.981964111328125,27.54100799560547,1024.327637,11.93115234,1,93,31047,16884,live,,,,,,
5767,2026-08-07T18:30:05.000+01:00,45.670387268066406,56.60367202758789,67.05175781,997,31.705196380615234,35.00181579589844,27.748531341552734,1028.812988,44.85351563,1,94,31064,16887,live,,,,,,
5768,2026-08-07T18:30:15.000+01:00,44.978126525878906,55.82485580444336,66.21412658691406,1012,31.755931854248047,35.01202392578125,27.818723678588867,1023.4888305664062,53.24157715,1,95,31022,16892,live,,,,,,
5769,2026-08-07T18:30:25.000+01:00,43.844242095947266,54.606510162353516,64.97151184082031,1018,31.801326751708984,35.039527893066406,27.843137741088867,1022.1033325195312,13.85498047,1,95,31017,16892,live,,,,,,
5770,2026-08-07T18:30:35.000+01:00,41.94826126098633,52.70771408081055,63.20616531,1018,31.83070182800293,35.060508728027344,27.861448287963867,1023.8765869140625,17.73254395,1,96,31017,16884,live,,,,,,
5771,2026-08-07T18:30:45.000+01:00,38.10457992553711,48.239952087402344,58.231380462646484,1019,31.87342643737793,35.10077667236328,27.97283935546875,1024.646973,7.703857422,1,96,31010,16875,live,,,,,,
5772,2026-08-07T18:30:55.000+01:00,37.864810943603516,48.33749008178711,58.77039719,1020,31.886777877807617,35.125450134277344,28.105592727661133,1023.251708984375,13.95263672,1,96,31010,16868,live,,,,,,
5773,2026-08-07T18:31:05.000+01:00,38.531455993652344,49.26422119140625,59.97600555419922,1022,31.91615104675293,35.14472961425781,28.236820220947266,1022.893066,3.586425781,1,97,30982,16867,live,,,,,,
5774,2026-08-07T18:31:15.000+01:00,39.08568572998047,49.60024642944336,59.997596740722656,1027,31.98291016,35.17393493652344,28.288700103759766,1023.07959,1.865234375,1,97,30985,16861,live,,,,,,
5775,2026-08-07T18:31:25.000+01:00,38.30791091918945,48.48419189453125,58.51236343383789,1037,31.990921020507812,35.16825866699219,28.45349884033203,1023.210938,1.313476563,1,97,30992,16858,live,940GZZLUBMY,Bermondsey,,,,
5776,2026-08-07T18:31:35.000+01:00,34.79904556274414,44.32170486450195,53.781524658203125,1029,31.771953582763672,34.64000701904297,27.94842529296875,1022.8035888671875,4.073486328,1,86,31381,16865,live,940GZZLUBMY,Bermondsey,,,,
5777,2026-08-07T18:31:45.000+01:00,39.886741638183594,51.28255844116211,62.730159759521484,1023,30.906766891479492,34.688209533691406,27.734798431396484,1022.993408203125,1.898193359,1,69,31319,16798,live,940GZZLUBMY,Bermondsey,,,,
5778,2026-08-07T18:31:55.000+01:00,42.926124572753906,55.90485382080078,69.12327575683594,963,30.78927230834961,34.66127014160156,27.11223030090332,1022.939453,0.539550781,1,64,31355,16682,live,940GZZLUBMY,Bermondsey,,,,
5779,2026-08-07T18:32:05.000+01:00,45.13819122314453,58.14683914,71.24304962158203,897,30.72518539428711,34.64453887939453,26.775005340576172,1022.849609,0.8984375,1,65,31361,16624,live,940GZZLUBMY,Bermondsey,,,,
5780,2026-08-07T18:32:15.000+01:00,58.40036392211914,75.49435424804688,92.76938629,860,30.500877380371094,34.592369079589844,26.694133758544922,1022.8995361328125,,1,70,31370,16574,buffered,,,,,,
5781,2026-08-07T18:32:25.000+01:00,52.21664810180664,68.45063781738281,85.09107971191406,836,30.356679916381836,34.48944854736328,26.59037208557129,1022.9497680664062,,1,72,31403,16543,buffered,,,,,,
5782,2026-08-07T18:32:35.000+01:00,46.93153762817383,60.67234420776367,74.55963134765625,815,30.37537193,34.47838592529297,26.465248107910156,1023.0494384765625,1.998291016,1,74,31437,16515,live,940GZZLUBMY,Bermondsey,,,,
5783,2026-08-07T18:32:45.000+01:00,43.511741638183594,55.833465576171875,68.18341064453125,801,30.300601959228516,34.39246368408203,26.356908798217773,1023.158203,1.087646484,1,78,31393,16492,live,,,,,51.497830622095854,-0.063750625
5784,2026-08-07T18:32:55.000+01:00,40.27936935424805,52.42170715332031,64.77964782714844,790,30.311283111572266,34.37573242,26.781108856201172,1023.3440551757812,1.858520508,1,87,31202,16472,live,,,,,51.497830622095854,-0.063750625
5785,2026-08-07T18:33:05.000+01:00,39.29606246948242,51.44917678833008,63.89171219,791,30.41809654,34.37120056152344,27.025253295898438,1024.764404296875,14.20349121,1,110,31138,16489,live,,,,,51.497830622095854,-0.063750625
5786,2026-08-07T18:33:15.000+01:00,39.81428909301758,51.72216033935547,63.81887435913086,792,30.52490997314453,34.386512756347656,27.214466094970703,1023.530029296875,12.34375,1,132,31083,16505,live,,,,,51.497830622095854,-0.063750625
5787,2026-08-07T18:33:25.000+01:00,39.832000732421875,51.248016357421875,62.72497559,802,30.61303139,34.38368225097656,27.313650131225586,1022.0491943359375,14.80834961,1,137,31066,16514,live,,,,,51.497830622095854,-0.063750625
5788,2026-08-07T18:33:35.000+01:00,39.573448181152344,50.761497497558594,61.970481872558594,823,30.727855682373047,34.379425048828125,27.50438690185547,1023.7031860351562,16.53991699,1,152,30975,16519,live,,,,,,
5789,2026-08-07T18:33:45.000+01:00,41.58735275268555,53.29035568237305,65.00135040283203,840,30.794612884521484,34.38481903076172,27.696651458740234,1023.6085205078125,0.946655273,1,147,30999,16532,live,,,,,,
5790,2026-08-07T18:33:55.000+01:00,43.680755615234375,55.28474426269531,66.7199707,860,30.864042282104492,34.398712158203125,27.788204193115234,1022.4779663085938,11.30554199,1,138,31013,16546,live,,,,,,
5791,2026-08-07T18:34:05.000+01:00,44.45609664916992,55.575870513916016,66.34621429,868,30.941482543945312,34.40692901611328,27.804988861083984,1023.0042724609375,5.263061523,1,130,30998,16544,live,,,,,,
5792,2026-08-07T18:34:15.000+01:00,44.20827102661133,55.007442474365234,65.39253997802734,884,31.002899169921875,34.437843322753906,27.858396530151367,1022.7636108398438,2.406616211,1,125,30981,16541,live,,,,,51.49803065770954,-0.049620599
5793,2026-08-07T18:34:25.000+01:00,43.07079315185547,54.16170883178711,64.99584961,891,31.08568000793457,34.42451477050781,28.00030517578125,1022.9556884765625,1.920776367,1,123,31061,16546,live,940GZZLUCWR,Canada Water,,,,
5794,2026-08-07T18:34:35.000+01:00,26.939096450805664,34.84096145629883,42.83063888549805,893,31.05096435546875,34.42564392089844,27.53948211669922,1023.0711059570312,1.154174805,1,108,31446,16545,live,940GZZLUCWR,Canada Water,,,,
5795,2026-08-07T18:34:45.000+01:00,27.59967803955078,35.653038024902344,43.785484313964844,881,31.104372024536133,34.43727111816406,26.788738250732422,1023.0697631835938,0.013427734,1,76,31535,16498,live,940GZZLUCWR,Canada Water,,,,
5796,2026-08-07T18:34:55.000+01:00,26.23272705078125,33.726016998291016,41.25297164916992,851,31.120393753051758,34.45967102050781,26.344701766967773,1022.9701538085938,0.99609375,1,61,31573,16437,live,940GZZLUCWR,Canada Water,,,,
5797,2026-08-07T18:35:05.000+01:00,21.676597595214844,27.58392333984375,33.445823669433594,802,31.168458938598633,34.485191345214844,26.088350296020508,1023.0449829101562,0.748291016,1,56,31626,16396,live,940GZZLUCWR,Canada Water,,,,
5798,2026-08-07T18:35:15.000+01:00,40.18905258178711,50.48220443725586,60.521427154541016,753,31.203174591064453,34.495399475097656,25.70534896850586,1022.947998046875,0.969848633,1,56,31596,16375,live,940GZZLUCWR,Canada Water,,,,
5799,2026-08-07T18:35:25.000+01:00,48.87924575805664,60.485816955566406,71.54868317,726,31.141756057739258,34.531410217285156,25.461204528808594,1022.9414672851562,0.065307617,1,64,31603,16336,live,940GZZLUCWR,Canada Water,,,,
5800,2026-08-07T18:35:35.000+01:00,44.85948944091797,55.328922271728516,65.25234222,708,31.163118362426758,34.55125427246094,25.307086944580078,1022.8922119140625,0.492553711,1,75,31574,16306,live,940GZZLUCWR,Canada Water,,,,
5801,2026-08-07T18:35:45.000+01:00,35.65194320678711,44.50117111206055,53.05255126953125,693,31.176469802856445,34.564300537109375,25.163652420043945,1022.7926025390625,0.99609375,1,80,31598,16289,live,940GZZLUCWR,Canada Water,,,,
5802,2026-08-07T18:35:55.000+01:00,28.807754516601562,36.05814743041992,43.09360885620117,682,31.16044807434082,34.55976104736328,25.088884353637695,1022.8972778320312,1.04675293,1,81,31644,16273,live,940GZZLUCWR,Canada Water,,,,
5803,2026-08-07T18:36:05.000+01:00,17.908246994018555,22.343997955322266,26.627756118774414,674,31.06431770324707,34.54615020751953,24.84016227722168,1022.7862548828125,1.110229492,1,77,31714,16275,live,,,,,51.498028736922464,-0.049620121
5804,2026-08-07T18:36:15.000+01:00,17.737037658691406,22.043102264404297,26.176149368286133,664,31.042953491210938,34.55040740966797,24.771495819091797,1022.938965,1.527099609,1,79,31667,16247,live,,,,,51.498028736922464,-0.049620121
5805,2026-08-07T18:36:25.000+01:00,23.402263641357422,28.781259536743164,33.854129791259766,647,31.080339431762695,34.55522918701172,24.786754608154297,1024.9288330078125,,1,84,31624,16223,buffered,,,,,,
5806,2026-08-07T18:36:35.000+01:00,25.865346908569336,31.562908172607422,36.85837936401367,636,31.147096633911133,34.57110595703125,24.85999870300293,1025.348633,,1,86,31552,16224,buffered,,,,,,
5807,2026-08-07T18:36:45.000+01:00,25.520416259765625,30.93380355834961,35.89686584472656,623,31.19516372680664,34.57508087158203,25.070573806762695,1024.866699,19.27734375,1,101,31416,16219,live,,,,,,
5808,2026-08-07T18:36:55.000+01:00,26.56206512451172,32.35054016113281,37.709991455078125,625,31.221866607666016,34.590667724609375,25.217060089111328,1024.003418,8.6328125,1,127,31443,16241,live,,,,,,
5809,2026-08-07T18:37:05.000+01:00,26.918012619018555,32.72617721557617,38.08467483520508,636,31.243228912353516,34.59123992919922,25.43221092224121,1023.2645263671875,7.388916016,1,132,31380,16237,live,,,,,,
5810,2026-08-07T18:37:15.000+01:00,29.175926208496094,35.438602447509766,41.20545959472656,658,31.272602081298828,34.629234313964844,25.517662048339844,1028.753173828125,54.88647461,1,133,31380,16247,live,,,,,,
5811,2026-08-07T18:37:25.000+01:00,32.18648147583008,39.49042892456055,46.34910583496094,680,31.285953521728516,34.632354736328125,25.578699111938477,1022.5150756835938,62.38098145,1,128,31372,16249,live,,,,,,
5812,2026-08-07T18:37:35.000+01:00,35.1229248,43.05308151245117,50.48701095581055,696,31.33669090270996,34.653907775878906,25.590906143188477,1020.8292846679688,16.85791016,1,124,31369,16245,live,,,,,,
5813,2026-08-07T18:37:45.000+01:00,37.25816727,45.48102951049805,53.12874984741211,713,31.37140464782715,34.666099548339844,25.626001358032227,1022.0988159179688,12.6953125,1,122,31355,16240,live,,,,,,
5814,2026-08-07T18:37:55.000+01:00,36.30155563354492,44.12635803222656,51.34265137,723,31.41412925720215,34.678855895996094,25.72213363647461,1022.6135864257812,5.147705078,1,120,31314,16243,live,,,,,,
5815,2026-08-07T18:38:05.000+01:00,35.277618408203125,42.69153976,49.465152740478516,725,31.44617462158203,34.69445037841797,25.76638412475586,1023.1182861328125,5.04699707,1,127,31195,16245,live,,,,,,
5816,2026-08-07T18:38:15.000+01:00,37.16600418,45.359527587890625,52.97700119018555,741,31.48889923095703,34.72081756591797,25.850309371948242,1023.175293,0.570068359,1,148,31099,16234,live,,,,,,
5817,2026-08-07T18:38:25.000+01:00,43.233734130859375,52.98942565917969,62.13282012939453,756,31.518272399902344,34.73583984,25.964752197265625,1023.2583618164062,0.830688477,1,158,31074,16238,live,,,,,51.50348894,-0.017830867
5818,2026-08-07T18:38:35.000+01:00,46.965389251708984,58.284034729003906,69.12313842773438,766,31.56900978088379,34.74889373779297,26.022735595703125,1023.289306640625,0.309448242,1,162,31044,16241,live,940GZZLUCYF,Canary Wharf,,,,
5819,2026-08-07T18:38:45.000+01:00,45.83826446533203,56.33824539,66.22935485839844,769,31.526283264160156,34.761085510253906,25.487144470214844,1023.3206787109375,0.313720703,1,127,31446,16254,live,940GZZLUCYF,Canary Wharf,,,,
5820,2026-08-07T18:38:55.000+01:00,39.82619094848633,48.50220489501953,56.53416824,765,31.528953552246094,34.78093719482422,25.120927810668945,1023.2798461914062,0.408325195,1,113,31512,16201,live,940GZZLUCYF,Canary Wharf,,,,
5821,2026-08-07T18:39:05.000+01:00,39.83895492553711,48.31572723388672,56.09623718261719,748,31.560997009277344,34.77781677246094,24.985122680664062,1023.287598,0.077514648,1,90,31522,16172,live,940GZZLUCYF,Canary Wharf,,,,
5822,2026-08-07T18:39:15.000+01:00,37.62565231323242,45.692501068115234,53.117488861083984,725,31.59838295,34.80702209472656,24.89051628112793,1023.270751953125,0.168457031,1,78,31542,16157,live,940GZZLUCYF,Canary Wharf,,,,
5823,2026-08-07T18:39:25.000+01:00,34.76234055,42.24176025390625,49.13496780395508,705,31.603723526000977,34.82630157470703,24.721141815185547,1023.2718505859375,,1,75,31543,16140,buffered,,,,,,
5824,2026-08-07T18:39:35.000+01:00,33.88478088378906,41.09046936035156,47.702884674072266,691,31.625085830688477,34.84303283691406,24.570077896118164,1023.2527465820312,0.180053711,1,78,31545,16129,live,940GZZLUCYF,Canary Wharf,,,,
5825,2026-08-07T18:39:45.000+01:00,34.33905029296875,41.45143127441406,47.91370391845703,678,31.670480728149414,34.86060333251953,24.48462677001953,1023.242919921875,0.098266602,1,80,31558,16108,live,940GZZLUCYF,Canary Wharf,,,,
5826,2026-08-07T18:39:55.000+01:00,33.955352783203125,41.009498596191406,47.42626190185547,669,31.67582130432129,34.87194824,24.37476158,1023.2755737304688,0.326538086,1,84,31564,16096,live,940GZZLUCYF,Canary Wharf,,,,
5827,2026-08-07T18:40:05.000+01:00,51.758644104003906,63.82255554199219,75.25244903564453,655,31.681161880493164,34.82318115234375,24.34882164001465,1023.2466430664062,0.289306641,1,85,31632,16088,live,940GZZLUCYF,Canary Wharf,,,,
5828,2026-08-07T18:40:15.000+01:00,61.67441940307617,76.7795639,91.31716156,636,31.585031509399414,34.49171447753906,24.240482330322266,1023.1676025390625,0.790405273,1,82,31602,16091,live,940GZZLUCYF,Canary Wharf,,,,
5829,2026-08-07T18:40:25.000+01:00,59.15786361694336,74.26084899902344,88.97756958007812,633,31.37941551208496,34.45343780517578,24.219120025634766,1023.2190551757812,0.514526367,1,79,31683,16074,live,940GZZLUCYF,Canary Wharf,,,,
5830,2026-08-07T18:40:35.000+01:00,49.93703079223633,64.10200500488281,78.30547332763672,628,31.3607235,34.391334533691406,24.129091262817383,1023.260498046875,0.414428711,1,78,31674,16039,live,940GZZLUCYF,Canary Wharf,,,,
5831,2026-08-07T18:40:45.000+01:00,41.90104293823242,53.66462326049805,65.42911529541016,626,31.37941551208496,34.38481903076172,24.3228817,1023.255859,0.046386719,1,147,30899,16019,live,,,,,51.50348474,-0.017812812
5832,2026-08-07T18:40:55.000+01:00,40.03150939941406,50.683677673339844,61.185726165771484,632,31.408788681030273,34.38935089111328,24.963760375976562,1023.2508544921875,0.050048828,1,241,30835,16024,live,,,,,51.50348474,-0.017812812
5833,2026-08-07T18:41:05.000+01:00,41.59238815307617,52.547603607177734,63.317928314208984,671,31.430150985717773,34.39105224609375,25.450523376464844,1023.228271484375,0.225830078,1,261,30813,16063,live,,,,,51.50348474,-0.017812812
5834,2026-08-07T18:41:15.000+01:00,40.58707809448242,50.96697998046875,61.086524963378906,716,31.47821807861328,34.39643859863281,25.75722885131836,1024.159668,9.313964844,1,247,30792,16083,live,,,,,51.503402996868154,-0.017523496
5835,2026-08-07T18:41:25.000+01:00,42.26207733154297,52.51020050048828,62.34300613,772,31.52094268798828,34.407501220703125,26.033416748046875,1022.7455444335938,14.14123535,1,224,30727,16100,live,,,,,51.503402996868154,-0.017523496
5836,2026-08-07T18:41:35.000+01:00,42.724449157714844,52.73681641,62.23977279663086,791,31.518272399902344,34.413734436035156,26.28519058227539,1021.569824,11.75720215,1,213,30640,16123,live,,,,,51.503402996868154,-0.017523496
5837,2026-08-07T18:41:45.000+01:00,40.971839904785156,50.33836364746094,59.155845642089844,802,31.536964416503906,34.4486084,26.366064071655273,1021.5842895507812,0.14465332,1,200,30583,16132,live,940GZZLUCYF,Canary Wharf,,,,
5838,2026-08-07T18:41:55.000+01:00,38.36708450317383,47.039710998535156,55.17285156,817,31.54230499267578,34.484336853027344,26.495765686035156,1020.4032592773438,,1,174,30682,16124,buffered,,,,,,
5839,2026-08-07T18:42:05.000+01:00,35.38213348388672,43.442970275878906,51.02249526977539,817,31.571680068969727,34.494544982910156,26.434728622436523,1020.1515502929688,14.32739258,1,152,30680,16123,live,,,,,,
5840,2026-08-07T18:42:15.000+01:00,34.44769287109375,42.472957611083984,50.07527542114258,824,31.59838295,34.51354217529297,26.491188049316406,1023.0513305664062,28.99780273,1,138,30729,16124,live,,,,,,
5841,2026-08-07T18:42:25.000+01:00,34.05805969238281,41.995750427246094,49.51609420776367,834,31.61974525,34.528289794921875,26.453041076660156,1023.7804565429688,7.291259766,1,135,30760,16122,live,,,,,,
5842,2026-08-07T18:42:35.000+01:00,34.855281829833984,42.80911636352539,50.29215621948242,838,31.67315101623535,34.53679656982422,26.475929260253906,1022.910645,8.698120117,1,128,30748,16111,live,,,,,,
5843,2026-08-07T18:42:45.000+01:00,34.68880081176758,42.69945526123047,50.26597213745117,841,31.71053695678711,34.57054138183594,26.59342384338379,1022.3424072265625,5.682373047,1,119,30732,16104,live,,,,,,
5844,2026-08-07T18:42:55.000+01:00,37.31343460083008,45.57775115966797,53.273590087890625,845,31.718547821044922,34.608245849609375,26.771953582763672,1022.7760009765625,4.3359375,1,116,30694,16109,live,,,,,,
5845,2026-08-07T18:43:05.000+01:00,40.057193756103516,48.789894104003906,56.87646484,850,31.745250701904297,34.637733459472656,26.892499923706055,1022.7144775390625,0.615234375,1,117,30651,16115,live,,,,,,
5846,2026-08-07T18:43:15.000+01:00,41.13296127319336,50.31938552856445,58.89875030517578,861,31.755931854248047,34.659576416015625,26.996261596679688,1022.8253784179688,1.109008789,1,117,30604,16119,live,,,,,51.500269465792265,0.003498255
5847,2026-08-07T18:43:25.000+01:00,40.096961975097656,49.603607177734375,58.660484313964844,879,31.798656463623047,34.69728088378906,27.13359260559082,1022.8404541015625,0.150756836,1,119,30500,16127,live,940GZZLUNGW,North Greenwich,,,,
5848,2026-08-07T18:43:35.000+01:00,16.155349731445312,20.19338035583496,24.103679656982422,887,31.809337615966797,34.693031311035156,26.890974044799805,1022.8485107421875,0.080566406,1,113,30971,16168,live,940GZZLUNGW,North Greenwich,,,,
5849,2026-08-07T18:43:45.000+01:00,9.707336426,12.17672061920166,14.580434799194336,881,31.771953582763672,34.62327575683594,25.983062744140625,1022.9015502929688,0.530395508,1,78,31202,16202,live,940GZZLUNGW,North Greenwich,,,,
5850,2026-08-07T18:43:55.000+01:00,7.352108478546143,9.154564857,10.889826774597168,863,31.80666732788086,34.65758514404297,25.40169334411621,1022.8890380859375,0.12512207,1,54,31366,16191,live,940GZZLUNGW,North Greenwich,,,,
5851,2026-08-07T18:44:05.000+01:00,6.251712322235107,7.737147808074951,9.153284072875977,831,31.793315887451172,34.70011901855469,24.986648559570312,1022.8116455078125,0.773925781,1,44,31378,16200,live,940GZZLUNGW,North Greenwich,,,,
5852,2026-08-07T18:44:15.000+01:00,5.7109808921813965,7.0234150886535645,8.261084557,793,31.809337615966797,34.70068359,24.608224868774414,1022.817871,0.062255859,1,40,31537,16223,live,940GZZLUNGW,North Greenwich,,,,
5853,2026-08-07T18:44:25.000+01:00,6.117370128631592,7.465911865234375,8.719618797302246,765,31.846723556518555,34.738685607910156,24.176393508911133,1022.8643798828125,0.465087891,1,37,31588,16239,live,940GZZLUNGW,North Greenwich,,,,
5854,2026-08-07T18:44:35.000+01:00,8.414502143859863,10.133373260498047,11.686768531799316,737,31.814680099487305,34.750022888183594,23.851377487182617,1022.7638549804688,1.005249023,1,39,31630,16256,live,940GZZLUNGW,North Greenwich,,,,
5855,2026-08-07T18:44:45.000+01:00,6.496645927429199,7.790408611297607,8.947831153869629,711,31.77462387084961,34.79057312011719,23.60112953186035,1022.7142944335938,0.495605469,1,47,31616,16254,live,940GZZLUNGW,North Greenwich,,,,
5856,2026-08-07T18:44:55.000+01:00,6.124302864074707,7.330911636352539,8.405644416809082,683,31.782634735107422,34.80531311035156,23.430227279663086,1022.7695922851562,0.552978516,1,57,31624,16268,live,940GZZLUNGW,North Greenwich,,,,
5857,2026-08-07T18:45:05.000+01:00,5.401880741119385,6.440877914428711,7.357048034667969,670,31.761272430419922,34.83367156982422,23.219654083251953,1022.8375244140625,0.679321289,1,67,31633,16290,live,940GZZLUNGW,North Greenwich,,,,
5858,2026-08-07T18:45:15.000+01:00,5.061925888061523,6.020436763763428,6.85996151,664,31.779964447021484,34.84132385253906,23.237964630126953,1022.894531,0.570068359,1,79,31606,16291,live,940GZZLUNGW,North Greenwich,,,,
5859,2026-08-07T18:45:25.000+01:00,6.065269947052002,7.169256210327148,8.119213104248047,657,31.771953582763672,34.85578918457031,23.18303108215332,1022.9064331054688,0.119018555,1,86,31544,16314,live,940GZZLUNGW,North Greenwich,,,,
5860,2026-08-07T18:45:35.000+01:00,6.297870159,7.3852996826171875,8.297628402709961,646,31.79598617553711,34.85295867919922,23.16929817199707,1022.892822265625,0.136108398,1,90,31580,16337,live,940GZZLUNGW,North Greenwich,,,,
5861,2026-08-07T18:45:45.000+01:00,5.795485973358154,6.790398120880127,7.6226935386657715,643,31.812007904052734,34.877906799316406,23.11741828918457,1022.942626953125,0.498046875,1,90,31589,16354,live,940GZZLUNGW,North Greenwich,,,,
5862,2026-08-07T18:45:55.000+01:00,5.923237323760986,6.951041221618652,7.815463542938232,632,31.801326751708984,34.88726043701172,23.024337768554688,1022.9697875976562,0.271606445,1,91,31582,16368,live,940GZZLUNGW,North Greenwich,,,,
5863,2026-08-07T18:46:05.000+01:00,5.596996307373047,6.556437015533447,7.358471870422363,627,31.798656463623047,34.892372131347656,22.957199096679688,1022.9996948242188,0.299072266,1,92,31559,16374,live,940GZZLUNGW,North Greenwich,,,,
5864,2026-08-07T18:46:15.000+01:00,5.200223445892334,6.076057434082031,6.801628589630127,623,31.793315887451172,34.90455627441406,22.887006759643555,1023.0127563476562,0.130615234,1,92,31607,16389,live,940GZZLUNGW,North Greenwich,,,,
5865,2026-08-07T18:46:25.000+01:00,4.710304260253906,5.4933929443359375,6.137741565704346,617,31.803997039794922,34.89775085449219,22.836652755737305,1022.983154296875,0.296020508,1,91,31683,16399,live,940GZZLUNGW,North Greenwich,,,,
5866,2026-08-07T18:46:35.000+01:00,4.744887828826904,5.508896827697754,6.1267547607421875,616,31.809337615966797,34.873374938964844,22.729839324951172,1022.9932250976562,0.100708008,1,88,31690,16423,live,940GZZLUNGW,North Greenwich,,,,
5867,2026-08-07T18:46:45.000+01:00,5.040712356567383,5.840529441833496,6.482038497924805,611,31.809337615966797,34.86344909667969,22.746623992919922,1022.9638061523438,0.294189453,1,84,31792,16425,live,940GZZLUNGW,North Greenwich,,,,
5868,2026-08-07T18:46:55.000+01:00,5.219577312469482,6.023604869842529,6.657484531402588,608,31.79598617553711,34.80702209472656,22.62760353088379,1023.0030517578125,0.392456055,1,85,31688,16440,live,940GZZLUNGW,North Greenwich,,,,
5869,2026-08-07T18:47:05.000+01:00,4.936756134033203,5.666714668273926,6.227891445159912,605,31.812007904052734,34.788299560546875,22.529945373535156,1023.0332641601562,0.302124023,1,82,31774,16446,live,940GZZLUNGW,North Greenwich,,,,
5870,2026-08-07T18:47:15.000+01:00,5.340373516082764,6.092915058135986,6.653326511383057,600,31.798656463623047,34.770721435546875,22.415502548217773,1023.0166625976562,0.166015625,1,83,31766,16454,live,940GZZLUNGW,North Greenwich,,,,
5871,2026-08-07T18:47:25.000+01:00,5.8535356521606445,6.645443916320801,7.218278884887695,594,31.85206413269043,34.76731872558594,22.407873153686523,1023.0298461914062,0.131835938,1,85,31758,16455,live,940GZZLUNGW,North Greenwich,,,,
5872,2026-08-07T18:47:35.000+01:00,6.441195487976074,7.278423309326172,7.865782260894775,590,31.825361251831055,34.72223663330078,22.357519149780273,1023.016357421875,0.134887695,1,85,31759,16470,live,940GZZLUNGW,North Greenwich,,,,
5873,2026-08-07T18:47:45.000+01:00,19.235809326171875,21.67205047607422,23.34560775756836,586,31.803997039794922,34.717132568359375,22.25986099243164,1023.003418,0.129394531,1,87,31748,16460,live,940GZZLUNGW,North Greenwich,,,,
5874,2026-08-07T18:47:55.000+01:00,19.703073501586914,22.217823028564453,23.956340789794922,581,31.812007904052734,34.72620391845703,22.26138687133789,1022.9071044921875,0.963134766,1,88,31769,16440,live,940GZZLUNGW,North Greenwich,,,,
5875,2026-08-07T18:48:05.000+01:00,28.91415786743164,32.986663818359375,36.01842498779297,576,31.798656463623047,34.70948028564453,22.20798110961914,1022.9222412109375,0.151367188,1,88,31781,16440,live,940GZZLUNGW,North Greenwich,,,,
5876,2026-08-07T18:48:15.000+01:00,24.6739502,28.379812240600586,31.256919860839844,573,31.809337615966797,34.72563934326172,22.24155044555664,1022.887451171875,0.347900391,1,89,31771,16419,live,940GZZLUNGW,North Greenwich,,,,
5877,2026-08-07T18:48:25.000+01:00,24.479347229003906,28.336284637451172,31.41742515563965,572,31.801326751708984,34.74236297607422,22.20950698852539,1022.9035034179688,0.160522461,1,90,31747,16411,live,940GZZLUNGW,North Greenwich,,,,
5878,2026-08-07T18:48:35.000+01:00,26.13665008544922,30.715229034423828,34.58403778076172,573,31.798656463623047,34.75456237792969,22.65964698791504,1022.9321899414062,0.286865234,1,93,31590,16392,live,,,,,51.500269465792265,0.003498255
5879,2026-08-07T18:48:45.000+01:00,25.39853858947754,30.404138565063477,34.86322784423828,576,31.817350387573242,34.75909423828125,22.932783126831055,1023.064941,1.327514648,1,118,31594,16410,live,,,,,51.50026986755092,0.003506315
5880,2026-08-07T18:48:55.000+01:00,23.277135848999023,28.543752670288086,33.484352111816406,590,31.838712692260742,34.772987365722656,23.06553840637207,1023.1182861328125,0.533447266,1,140,31497,16417,live,,,,,51.50026986755092,0.003506315
5881,2026-08-07T18:49:05.000+01:00,24.31631088256836,30.276235580444336,36.01354217529297,601,31.892118453979492,34.78462219238281,23.12047004699707,1023.3328247070312,,1,157,31438,16400,buffered,,,,,,
5882,2026-08-07T18:49:15.000+01:00,24.58997344970703,31.042999267578125,37.380577087402344,616,31.889448165893555,34.795387268066406,23.372243881225586,1023.8560180664062,7.377319336,1,170,31340,16390,live,,,,,,
5883,2026-08-07T18:49:25.000+01:00,25.91270637512207,32.95292663574219,39.93329620361328,641,31.878767013549805,34.822044372558594,23.62859535217285,1023.084716796875,7.713012695,1,187,31259,16377,live,,,,,,
5884,2026-08-07T18:49:35.000+01:00,27.371906280517578,34.782108306884766,42.12227249145508,695,31.91615104675293,34.82743835449219,23.99938965,1022.6994018554688,3.853149414,1,205,31160,16371,live,,,,,,
5885,2026-08-07T18:49:45.000+01:00,29.776290893554688,38.035911560058594,46.27043533325195,747,31.92683219909668,34.84983825683594,24.267948150634766,1021.6090087890625,10.90393066,1,219,31058,16369,live,,,,,,
5886,2026-08-07T18:49:55.000+01:00,31.29473876953125,39.95072937011719,48.57395553588867,785,31.958877563476562,34.86316680908203,24.54871368408203,1020.5814819335938,10.27526855,1,237,30945,16364,live,,,,,,
5887,2026-08-07T18:50:05.000+01:00,31.233701705932617,39.61231994628906,47.89118194580078,820,32.00427246,34.882728576660156,24.785228729248047,1019.5223388671875,10.59143066,1,251,30855,16354,live,,,,,,
5888,2026-08-07T18:50:15.000+01:00,30.52461814880371,38.09006881713867,45.39764404296875,849,32.00427246,34.90313720703125,25.067522048950195,1021.4078979492188,18.85559082,1,261,30745,16351,live,,,,,,
5889,2026-08-07T18:50:25.000+01:00,30.482728958129883,37.64593505859375,44.450740814208984,881,32.030975341796875,34.93206787109375,25.224689483642578,1021.4639892578125,0.560913086,1,266,30744,16337,live,,,,,,
5890,2026-08-07T18:50:35.000+01:00,31.91437339782715,38.978965759277344,45.55632781982422,920,32.04432678222656,34.94652557373047,25.43373680114746,1021.3707275390625,0.932617188,1,264,30646,16320,live,,,,,,
5891,2026-08-07T18:50:45.000+01:00,31.053651809692383,37.901668548583984,44.26889419555664,941,32.09773254394531,34.97431182861328,25.532920837402344,1021.4024047851562,0.316772461,1,260,30613,16293,live,,,,,,
5892,2026-08-07T18:50:55.000+01:00,31.734886169433594,38.61663818359375,44.97706223,956,32.11909484863281,35.00464630126953,25.79384994506836,1021.4295043945312,0.270996094,1,247,30586,16290,live,,,,,,
5893,2026-08-07T18:51:05.000+01:00,32.74757004,40.480369567871094,47.83775329589844,963,32.12176513671875,35.027618408203125,25.902189254760742,1021.4269409179688,0.025634766,1,233,30581,16280,live,940GZZLUCGT,Canning Town,,,,
5894,2026-08-07T18:51:15.000+01:00,14.920184135437012,18.611845016479492,22.175851821899414,963,32.13512039,35.01061248779297,26.033416748046875,1021.4469604492188,0.200195313,1,171,31194,16278,live,940GZZLUCGT,Canning Town,,,,
5895,2026-08-07T18:51:25.000+01:00,7.585804462432861,9.490688324,11.337861061096191,952,32.12977981567383,35.042083740234375,25.35896873474121,1021.4598388671875,0.12878418,1,139,31366,16263,live,940GZZLUCGT,Canning Town,,,,
5896,2026-08-07T18:51:35.000+01:00,5.570012569,6.956392765045166,8.297228813171387,916,32.16983413696289,35.07043457,24.82337760925293,1021.4737548828125,0.139160156,1,91,31400,16185,live,940GZZLUCGT,Canning Town,,,,
5897,2026-08-07T18:51:45.000+01:00,5.271347999572754,6.526772975921631,7.724518775939941,862,32.18852615356445,35.10163116455078,24.53040313720703,1021.4664306640625,0.073242188,1,62,31443,16126,live,940GZZLUCGT,Canning Town,,,,
5898,2026-08-07T18:51:55.000+01:00,5.8460540771484375,7.194673061,8.468080520629883,798,32.21255874633789,35.11665344238281,24.293888092041016,1021.462646484375,0.037841797,1,45,31439,16073,live,940GZZLUCGT,Canning Town,,,,
5899,2026-08-07T18:52:05.000+01:00,6.1135759353637695,7.522784233093262,8.853052139282227,760,32.24193192,35.13877868652344,24.119935989379883,1021.468994140625,0.063476563,1,36,31520,16044,live,940GZZLUCGT,Canning Town,,,,
5900,2026-08-07T18:52:15.000+01:00,6.21626091,7.709624290466309,9.138292313,712,32.26596450805664,35.160606384277344,23.924619674682617,1021.5119018554688,0.429077148,1,32,31408,16018,live,940GZZLUCGT,Canning Town,,,,
5901,2026-08-07T18:52:25.000+01:00,5.245356559753418,6.525216579437256,7.755568504333496,686,32.28465652,35.18726348876953,23.67437171936035,1021.4034423828125,1.084594727,1,31,31529,15984,live,940GZZLUCGT,Canning Town,,,,
5902,2026-08-07T18:52:35.000+01:00,4.466069221496582,5.539280891418457,6.566090106964111,661,32.22056961,35.204551696777344,23.254749298095703,1021.4115600585938,0.081176758,1,26,31655,15958,live,940GZZLUCGT,Canning Town,,,,
5903,2026-08-07T18:52:45.000+01:00,19.363840103149414,23.845096588134766,28.08089256286621,639,32.19386672973633,35.23291016,22.922101974487305,1021.4169311523438,0.053710938,1,22,31712,15905,live,,,,,,
5904,2026-08-07T18:52:55.000+01:00,27.4785099,34.02679443359375,40.275447845458984,618,32.17250442504883,35.24424743652344,22.920576095581055,1021.442138671875,0.252075195,1,23,31586,15870,live,,,,,,
5905,2026-08-07T18:53:05.000+01:00,26.61428451538086,33.52170181274414,40.28438186645508,613,32.21522903442383,35.266929626464844,22.958724975585938,1021.4752197265625,0.330810547,1,36,31411,15854,live,,,,,51.51410847052842,0.007837701
5906,2026-08-07T18:53:15.000+01:00,24.38660430908203,31.02393341064453,37.60795593261719,609,32.249942779541016,35.27685547,23.08232307434082,1021.4375,0.377197266,1,55,31389,15852,live,,,,,51.51507296,0.006860548
5907,2026-08-07T18:53:25.000+01:00,22.282625198364258,28.24544334411621,34.133331298828125,609,32.26596450805664,35.29756164550781,23.298999786376953,1021.3792724609375,0.582275391,1,72,31315,15854,live,,,,,51.51660250405014,0.00564598
5908,2026-08-07T18:53:35.000+01:00,19.789087295532227,25.075159072875977,30.29224395751953,609,32.25528335571289,35.30237579345703,23.54467010498047,1021.3604125976562,0.188598633,1,93,31209,15859,live,,,,,51.518264691852075,0.004742395
5909,2026-08-07T18:53:45.000+01:00,17.76535415649414,22.689870834350586,27.598546981811523,611,32.31937026977539,35.33073425292969,23.66826820373535,1021.4436645507812,0.832519531,1,98,31225,15870,live,,,,,51.520206312069924,0.004438574
5910,2026-08-07T18:53:55.000+01:00,17.61477279663086,22.45013427734375,27.257577896118164,617,32.335391998291016,35.34831237792969,23.790340423583984,1021.418701171875,0.249633789,1,123,31069,15872,live,,,,,51.52208156520425,0.004311818
5911,2026-08-07T18:54:05.000+01:00,17.074007034301758,21.502117156982422,25.83654213,634,32.32738113,35.36419677734375,23.854429244995117,1021.4593505859375,0.406494141,1,151,31104,15873,live,,,,,51.523768389103054,0.004555349
5912,2026-08-07T18:54:15.000+01:00,15.889920234680176,19.84850502,23.678083419799805,648,32.38880157470703,35.38262176513672,23.857481002807617,1021.5028686523438,0.435180664,1,167,31099,15871,live,,,,,51.52528100726938,0.004745082
5913,2026-08-07T18:54:25.000+01:00,15.445319175720215,19.05080223083496,22.46850014,657,32.386131286621094,35.39935302734375,23.94750977,1021.4666137695312,0.362548828,1,177,31096,15861,live,,,,,51.52639051,0.004730137
5914,2026-08-07T18:54:35.000+01:00,14.445937156677246,17.70981216430664,20.77016258239746,662,32.40215301513672,35.41466522216797,23.95513916015625,1021.452637,0.139770508,1,179,31104,15858,live,,,,,51.526996936352404,0.004716239
5915,2026-08-07T18:54:45.000+01:00,13.70101547241211,16.70905113220215,19.501523971557617,669,32.42084503173828,35.44727325439453,23.837644577026367,1021.4544677734375,0.018310547,1,178,31119,15856,live,,,,,51.52718209334005,0.004714778
5916,2026-08-07T18:54:55.000+01:00,12.542072296142578,15.20682430267334,17.65138053894043,670,32.45555877685547,35.45861816,23.825437545776367,1021.3184204101562,1.360473633,1,170,31256,15832,live,,,,,51.527249232474375,0.004655545
5917,2026-08-07T18:55:05.000+01:00,8.231220245361328,9.933547019958496,11.47938346862793,671,32.44220733642578,35.47137451171875,23.52178192138672,1021.314453,0.039672852,1,139,31482,15834,live,940GZZLUWHM,West Ham,,,,
5918,2026-08-07T18:55:15.000+01:00,5.568046569824219,6.704504489898682,7.731219769,670,32.44487762451172,35.482994079589844,23.12809944152832,1021.312744140625,,1,119,31708,15796,buffered,,,,,,
5919,2026-08-07T18:55:25.000+01:00,5.006025314331055,6.029312610626221,6.9543280601501465,663,32.42351531982422,35.47534942626953,22.67337989807129,1021.3067016601562,,1,82,31724,15756,buffered,,,,,,
5920,2026-08-07T18:55:35.000+01:00,5.146440029144287,6.229085922241211,7.218596935272217,640,32.43419647216797,35.50398254394531,22.333105087280273,1021.1358642578125,,1,59,31607,15704,buffered,,,,,,
5921,2026-08-07T18:55:45.000+01:00,5.006699562072754,6.072896480560303,7.051820278167725,616,32.450218200683594,35.504554748535156,22.146944046020508,1020.7477416992188,,1,47,31612,15670,buffered,,,,,,
5922,2026-08-07T18:55:55.000+01:00,4.346032143,5.267388820648193,6.111922264099121,610,32.44487762451172,35.51476287841797,22.113374710083008,1020.654541015625,,1,42,31586,15641,buffered,,,,,,
5923,2026-08-07T18:56:05.000+01:00,4.147169589996338,5.003857135772705,5.781440258026123,607,32.471580505371094,35.53376007080078,22.177461624145508,1020.6556396484375,,1,41,31541,15625,buffered,,,,,,
5924,2026-08-07T18:56:15.000+01:00,4.240348815917969,5.106561660766602,5.8893914222717285,609,32.418174743652344,35.543968200683594,22.450599670410156,1020.6626586914062,,1,48,31405,15619,buffered,,,,,,
5925,2026-08-07T18:56:25.000+01:00,4.717597484588623,5.703941345214844,6.6033430099487305,613,32.43152618408203,35.510223388671875,22.59556007385254,1020.6595458984375,,1,71,31232,15633,buffered,,,,,,
5926,2026-08-07T18:56:35.000+01:00,5.179675579071045,6.269070625305176,7.264667510986328,637,32.436866760253906,35.53120422363281,22.920576095581055,1020.6688232421875,,1,94,31141,15638,buffered,,,,,,
5927,2026-08-07T18:56:45.000+01:00,5.032614707946777,6.110958576202393,7.103285312652588,684,32.43152618408203,35.53404235839844,23.215076446533203,1020.6614990234375,,1,121,31040,15652,buffered,,,,,,
5928,2026-08-07T18:56:55.000+01:00,4.873952865600586,5.984923362731934,7.029741287231445,739,32.426185607910156,35.550201416015625,23.48668670654297,1020.664551,,1,172,30987,15664,buffered,,,,,,
5929,2026-08-07T18:57:05.000+01:00,4.884954452514648,5.991685390472412,7.030376911,797,32.41016387939453,35.54737091064453,23.788814544677734,1020.7619018554688,,1,212,30996,15677,buffered,,,,,,
5930,2026-08-07T18:57:15.000+01:00,5.352837085723877,6.53137207,7.626546859741211,825,32.375450134277344,35.54594421386719,23.99023438,1021.2489013671875,,1,234,30971,15700,buffered,,,,,,
5931,2026-08-07T18:57:25.000+01:00,6.505894184112549,7.824182510375977,9.011775970458984,833,32.24460220336914,35.51702880859375,23.47142791748047,1021.3087768554688,,1,202,31318,15711,buffered,,,,,,
5932,2026-08-07T18:57:35.000+01:00,7.981748104095459,9.369364738464355,10.537495613098145,827,32.10841369628906,35.462303161621094,22.963302612304688,1021.3388061523438,,1,146,31570,15675,buffered,,,,,,
5933,2026-08-07T18:57:45.000+01:00,10.038714408874512,11.504014015197754,12.62120246887207,795,32.11909484863281,35.45634460449219,22.56962013244629,1021.332031,,1,130,31646,15610,buffered,,,,,,
5934,2026-08-07T18:57:55.000+01:00,10.88453483581543,12.196955680847168,13.060794830322266,747,32.04699707,35.45237731933594,22.180513381958008,1021.3330688476562,,1,91,31704,15576,buffered,,,,,,
5935,2026-08-07T18:58:05.000+01:00,11.013653755187988,12.121038436889648,12.71772575378418,708,31.985580444335938,35.39368438720703,21.968414306640625,1021.3373413085938,,1,64,31756,15554,buffered,,,,,,
5936,2026-08-07T18:58:15.000+01:00,10.517876625061035,11.42340374,11.80208683013916,667,31.966888427734375,35.385169982910156,21.892118453979492,1021.3402099609375,,1,46,31752,15521,buffered,,,,,,
5937,2026-08-07T18:58:25.000+01:00,8.929919242858887,9.612979888916016,9.826660156,636,31.990921020507812,35.37609863,21.69680404663086,1021.3412475585938,,1,36,31743,15504,buffered,,,,,,
5938,2026-08-07T18:58:35.000+01:00,7.778748035430908,8.241513252,8.261359214782715,612,31.937515258789062,35.365325927734375,21.568628311157227,1021.3130493164062,,1,30,31755,15481,buffered,,,,,,
5939,2026-08-07T18:58:45.000+01:00,7.930869102478027,8.388767242,8.391505241394043,593,31.793315887451172,35.33357238769531,21.631189346313477,1021.2393798828125,,1,27,31690,15472,buffered,,,,,,
5940,2026-08-07T18:58:55.000+01:00,8.004948616027832,8.465164184570312,8.465462684631348,594,31.697185516357422,35.30946350097656,21.873807907104492,1020.864501953125,,1,33,31457,15450,buffered,,,,,,
5941,2026-08-07T18:59:05.000+01:00,7.311343193054199,7.731489658355713,7.731520175933838,594,31.750591278076172,35.277427673339844,22.088960647583008,1020.6596069335938,,1,44,31408,15456,buffered,,,,,,
5942,2026-08-07T18:59:15.000+01:00,6.450193881988525,6.820836067199707,6.820840358734131,599,31.68650245666504,35.263526916503906,22.719158172607422,1020.6736450195312,,1,72,31170,15462,buffered,,,,,,
5943,2026-08-07T18:59:25.000+01:00,5.588914394378662,5.910065650939941,5.910069465637207,638,31.64377784729004,35.254173278808594,23.392080307006836,1020.6800537109375,,1,98,30999,15500,buffered,,,,,,
5944,2026-08-07T18:59:35.000+01:00,5.284776210784912,5.588450908660889,5.588454246520996,707,31.60906410217285,35.23915100097656,23.865110397338867,1020.6766967773438,,1,158,30963,15534,buffered,,,,,,
5945,2026-08-07T18:59:45.000+01:00,5.071355343,5.362766265869141,5.362769603729248,750,31.582361221313477,35.22383117675781,24.142824172973633,1020.683105,,1,192,31017,15573,buffered,,,,,,
5946,2026-08-07T18:59:55.000+01:00,4.513852596282959,4.773228168487549,4.773231029510498,774,31.593042373657227,35.13593292236328,24.205387115478516,1020.6702270507812,,1,193,31193,15596,live,,,,,51.52779360817494,0.004388566
5947,2026-08-07T19:00:05.000+01:00,4.417697906494141,4.673530101776123,4.676023960113525,779,31.60906410217285,35.09226989746094,23.95513916015625,1020.6787719726562,0.085449219,1,160,31321,15601,live,,,,,51.52769407901596,0.004443046
5948,2026-08-07T19:00:15.000+01:00,4.453369617462158,4.7121782302856445,4.715836524963379,780,31.657129287719727,35.07525634765625,23.698787689208984,1020.6693725585938,0.093994141,1,136,31330,15583,live,,,,,51.52757136080864,0.00463007
5949,2026-08-07T19:00:25.000+01:00,4.190031051635742,4.431092262268066,4.431461811065674,779,31.66514015197754,35.05143737792969,23.56756019592285,1020.675048828125,0.056762695,1,129,31338,15563,live,,,,,51.527419711659554,0.004551185
5950,2026-08-07T19:00:35.000+01:00,4.253466606140137,4.521313667297363,4.550783157348633,779,31.702526092529297,35.04576873779297,23.60265541,1020.893066,2.180175781,1,128,31249,15544,live,940GZZLUWHM,West Ham,,,,
5951,2026-08-07T19:00:45.000+01:00,4.091113090515137,4.367650985717773,4.4197797775268555,779,31.702526092529297,35.02392578,23.54314422607422,1021.3138427734375,4.207763672,1,128,31522,15559,live,940GZZLUWHM,West Ham,,,,
5952,2026-08-07T19:00:55.000+01:00,4.031491756439209,4.319725036621094,4.390867233276367,765,31.56900978088379,35.00267028808594,22.990768432617188,1021.3152465820312,0.014038086,1,103,31725,15556,live,940GZZLUWHM,West Ham,,,,
5953,2026-08-07T19:01:05.000+01:00,3.894235849380493,4.179932117462158,4.257802486419678,735,31.507591247558594,34.99443817138672,22.58793067932129,1021.3208618164062,0.056152344,1,71,31786,15501,live,940GZZLUWHM,West Ham,,,,
5954,2026-08-07T19:01:15.000+01:00,3.621307373046875,3.8891522884368896,3.9642951488494873,701,31.515602111816406,34.97941589355469,22.407873153686523,1021.3218994140625,0.010375977,1,50,31787,15459,live,940GZZLUWHM,West Ham,,,,
5955,2026-08-07T19:01:25.000+01:00,3.5859901905059814,3.8499059677124023,3.9226596355438232,682,31.57702065,34.96580505371094,22.29953384399414,1021.3189697265625,0.029296875,1,38,31784,15433,live,940GZZLUWHM,West Ham,,,,
5958,2026-08-07T19:01:55.000+01:00,3.5484731197357178,3.819438934326172,3.9037692546844482,643,31.62241554260254,34.936317443847656,22.081331253051758,1021.3179931640625,0.009765625,1,23,31790,15411,live,940GZZLUWHM,West Ham,,,,
5960,2026-08-07T19:02:15.000+01:00,3.393667697906494,3.6634106636047363,3.7573883533477783,617,31.66246986,34.946807861328125,21.922636032104492,1021.318848,0.008544922,1,19,31815,15393,live,940GZZLUWHM,West Ham,,,,
5961,2026-08-07T19:02:25.000+01:00,4.972119331359863,5.3632731437683105,5.495867729187012,603,31.670480728149414,34.93688201904297,21.847867965698242,1021.317138671875,0.017089844,1,18,31904,15385,live,940GZZLUWHM,West Ham,,,,
5962,2026-08-07T19:02:35.000+01:00,3.9669957160949707,4.279580593109131,4.386004925,573,31.697185516357422,34.909942626953125,21.76089096069336,1021.3095092773438,0.076293945,1,16,31941,15386,live,940GZZLUWHM,West Ham,,,,
5963,2026-08-07T19:02:45.000+01:00,3.2399463653564453,3.4979958534240723,3.5883774757385254,565,31.67315101623535,34.902862548828125,21.519798278808594,1021.3130493164062,0.035400391,1,14,31945,15380,live,940GZZLUWHM,West Ham,,,,
5964,2026-08-07T19:02:55.000+01:00,3.4858615398406982,3.7644169330596924,3.8628132343292236,550,31.705196380615234,34.902008056640625,21.475547790527344,1021.2999877929688,0.130615234,1,13,31941,15348,live,940GZZLUWHM,West Ham,,,,
5965,2026-08-07T19:03:05.000+01:00,6.960248947143555,7.5391693115234375,7.764217853546143,547,31.678491592407227,34.89690399169922,21.454185485839844,1021.318848,0.188598633,1,14,31858,15360,live,,,,,51.52706909878075,0.004050547
5968,2026-08-07T19:03:35.000+01:00,3.3416874408721924,3.6288347244262695,3.748453378677368,534,31.691844940185547,34.89860534667969,21.467918395996094,1021.3220825195312,0.032348633,1,18,31811,15345,live,,,,,51.52722019920742,0.004187989
5969,2026-08-07T19:03:45.000+01:00,3.2570791244506836,3.5340793132781982,3.6470510959625244,529,31.713207244873047,34.89520263671875,21.441978454589844,1021.3200073242188,0.020751953,1,19,31820,15346,live,,,,,51.527030153282425,0.004128568
5970,2026-08-07T19:03:55.000+01:00,3.7230451107025146,4.038604259490967,4.166394233703613,526,31.734569549560547,34.88584899902344,21.469444274902344,1021.318359,0.016479492,1,18,31896,15341,live,,,,,51.52686478201276,0.004101036
5973,2026-08-07T19:04:25.000+01:00,3.0467495918273926,3.298335313796997,3.394547462463379,518,31.755931854248047,34.89350128173828,21.264972686767578,1021.3163452148438,0.020141602,1,12,32015,15351,live,,,,,51.52715208419028,0.004000126
5974,2026-08-07T19:04:35.000+01:00,3.209172487258911,3.475898027420044,3.5794107913970947,516,31.77462387084961,34.88471221923828,21.248188018798828,1021.3209228515625,0.045776367,1,12,32006,15335,live,,,,,51.52706382,0.004068058
5978,2026-08-07T19:05:15.000+01:00,20.182537078857422,21.929658889770508,22.66828155517578,509,31.798656463623047,34.89746856689453,21.309223175048828,1021.2991333007812,0.217895508,1,12,31940,15334,live,,,,,51.52717389665315,0.004191363
5983,2026-08-07T19:06:05.000+01:00,11.853403091430664,13.478384971618652,14.665242195129395,533,31.854734420776367,34.92894744873047,22.178987503051758,1021.48877,1.896362305,1,49,31359,15391,live,,,,,51.52958727843467,0.003933734
5984,2026-08-07T19:06:15.000+01:00,12.394002914428711,14.210521697998047,15.59916877746582,548,31.892118453979492,34.93914794921875,22.392614364624023,1021.4246826171875,0.640869141,1,54,31261,15409,live,,,,,51.52969713462391,0.003882098
5985,2026-08-07T19:06:25.000+01:00,12.034078598022461,13.82684612,15.211628913879395,571,31.897459030151367,34.94085693359375,22.504005432128906,1021.4346923828125,0.100097656,1,71,31184,15424,live,,,,,51.52972149888085,0.004035991
5986,2026-08-07T19:06:35.000+01:00,12.707531929016113,14.601191520690918,16.06418228149414,591,31.902799606323242,34.96410369873047,22.769512176513672,1021.275391,1.593017578,1,106,31110,15430,live,,,,,51.53024180432207,0.004209728
5987,2026-08-07T19:06:45.000+01:00,12.558375358581543,14.406322479248047,15.822608947753906,606,31.910810470581055,34.97686767578125,22.948043823242188,1021.2097778320312,0.65612793,1,138,31038,15450,live,,,,,51.531425858704836,0.004163727
5988,2026-08-07T19:06:55.000+01:00,11.713469505310059,13.468155860900879,14.828222274780273,640,31.937515258789062,34.989051818847656,23.07927131652832,1021.123535,0.862426758,1,168,30945,15460,live,,,,,51.53255888,0.003467831
5989,2026-08-07T19:07:05.000+01:00,11.851451873779297,13.662190437316895,15.082765579223633,654,31.964218139648438,35.00947570800781,23.285266876220703,1021.059326171875,0.642089844,1,206,30838,15475,live,,,,,51.53365359907165,0.002533947
5990,2026-08-07T19:07:15.000+01:00,11.901200294494629,13.716344833374023,15.138869285583496,684,31.980239868164062,35.03442383,23.46532440185547,1021.107422,0.480957031,1,238,30835,15490,live,,,,,51.53471721882519,0.00225147
5991,2026-08-07T19:07:25.000+01:00,11.681550979614258,13.43455696105957,14.794816017150879,702,31.985580444335938,35.05540466308594,23.746089935302734,1021.0786743164062,0.287475586,1,271,30682,15495,live,,,,,51.53534567006753,0.001905439
5992,2026-08-07T19:07:35.000+01:00,11.049398422241211,12.689046859741211,13.952441215515137,720,32.01762390136719,35.074974060058594,24.121461868286133,1021.026123046875,0.525512695,1,295,30675,15515,live,,,,,51.53548453491056,0.001813182
5995,2026-08-07T19:08:05.000+01:00,10.346708297729492,11.909894943237305,13.127915382385254,772,32.08705139160156,35.12345886230469,24.33661460876465,1021.064941,0.388183594,1,336,30641,15558,live,,,,,51.536700832305065,0.00070053
5996,2026-08-07T19:08:15.000+01:00,10.064820289611816,11.645288467407227,12.905405044555664,783,32.09773254394531,35.15180969238281,24.39307213,1021.1652221679688,1.002807617,1,341,30629,15553,live,,,,,51.53740277542185,1.94222E-05
5997,2026-08-07T19:08:25.000+01:00,10.314215660095215,12.035606384277344,13.454911231994629,796,32.12977981567383,35.18414306640625,24.49988555908203,1021.223388671875,0.581665039,1,344,30634,15558,live,,,,,51.538044102624916,-0.000777327
5998,2026-08-07T19:08:35.000+01:00,10.614447593688965,12.456398963928223,14.005605697631836,808,32.14847183227539,35.19916534423828,24.620431900024414,1021.198974609375,0.244140625,1,347,30578,15567,live,,,,,51.53872926761333,-0.00161957
5999,2026-08-07T19:08:45.000+01:00,10.374890327453613,12.251402854919434,13.86137866973877,816,32.18852615356445,35.237159729003906,24.704357147216797,1021.1546630859375,0.443115234,1,358,30528,15572,live,,,,,51.53932803214104,-0.002038018
6000,2026-08-07T19:08:55.000+01:00,10.062332153320312,11.977662086486816,13.659031867980957,817,32.22591018676758,35.255027770996094,24.658578872680664,1021.108642578125,0.460205078,1,364,30581,15569,live,,,,,51.539789122863525,-0.002418408
6001,2026-08-07T19:09:05.000+01:00,10.04836368560791,12.014106750488281,13.75987720489502,826,32.23392105102539,35.29046630859375,24.780651092529297,1021.0596313476562,0.490112305,1,372,30450,15574,live,,,,,51.53989889,-0.002488007
6002,2026-08-07T19:09:15.000+01:00,10.315397262573242,12.373626708984375,14.216397285461426,841,32.26329422,35.31797790527344,24.93629264831543,1021.026855,0.327758789,1,360,30850,15597,live,940GZZLUSTD,Stratford,,,,
6003,2026-08-07T19:09:25.000+01:00,5.878697395324707,7.046945095062256,8.091188430786133,829,32.12710952758789,35.20909118652344,23.56908607,1021.043212890625,0.163574219,1,266,31523,15633,live,940GZZLUSTD,Stratford,,,,
6004,2026-08-07T19:09:35.000+01:00,3.7333593368530273,4.458647727966309,5.100905895233154,784,31.99359130859375,35.055694580078125,22.742046356201172,1021.0415649414062,0.016479492,1,179,31769,15554,live,940GZZLUSTD,Stratford,,,,
6005,2026-08-07T19:09:45.000+01:00,3.1367499828338623,3.717456340789795,4.221015930175781,724,31.956207275390625,34.98083496,22.23544692993164,1021.04541,0.038452148,1,150,31856,15503,live,940GZZLUSTD,Stratford,,,,
6006,2026-08-07T19:09:55.000+01:00,2.5702707767486572,3.0193259716033936,3.398273468017578,674,31.90546989440918,34.89605712890625,21.837186813354492,1021.035888671875,0.095214844,1,102,31923,15484,live,940GZZLUSTD,Stratford,,,,
6007,2026-08-07T19:10:05.000+01:00,2.258019208908081,2.633862018585205,2.943310499191284,632,31.90546989440918,34.75853729248047,21.577783584594727,1021.0538940429688,0.180053711,1,70,31967,15466,live,940GZZLUSTD,Stratford,,,,
6008,2026-08-07T19:10:15.000+01:00,2.340019702911377,2.709439277648926,3.004885673522949,609,31.83070182800293,34.70239258,21.39467430114746,1021.0547485351562,0.008544922,1,49,32028,15455,live,940GZZLUSTD,Stratford,,,,
6009,2026-08-07T19:10:25.000+01:00,2.4492549896240234,2.8183658123016357,3.1055307388305664,588,31.798656463623047,34.65843963623047,21.243610382080078,1021.0377197265625,0.170288086,1,36,32036,15432,live,940GZZLUSTD,Stratford,,,,
6010,2026-08-07T19:10:35.000+01:00,2.508924961090088,2.871173858642578,3.145399570465088,580,31.787975311279297,34.666664123535156,21.120012283325195,1021.0303955078125,0.073242188,1,28,32078,15424,live,940GZZLUSTD,Stratford,,,,
6011,2026-08-07T19:10:45.000+01:00,2.6109824180603027,2.973414659500122,3.2404966354370117,564,31.779964447021484,34.65843963623047,20.92622184753418,1021.029297,0.010986328,1,23,31972,15420,live,940GZZLUSTD,Stratford,,,,