sequence_number,timestamp,pm1,pm25,pm10,co2,temperature,humidity,pressure,pressure_change_pa_per_sec,nox,tvoc,voc_raw,nox_raw,source_flag,station_id,station_name,line_id,line_name,gps_lat,gps_lng
4382,2026-07-10T02:19:53.000+01:00,1.7117706537246704,1.825594186782837,1.8450373411178589,655.0,26.941329956054688,52.42237091064453,1016.103515625,,1.0,94.0,30801,16952,buffered,,,,,,
4383,2026-07-10T02:20:03.000+01:00,1.7225170135498047,1.823161005973816,1.8252546787261963,638.0,26.984054565429688,52.321659088134766,1016.1091918945312,,1.0,96.0,30802,16948,buffered,,,,,,
4384,2026-07-10T02:20:13.000+01:00,716.31005859375,757.9275512695312,758.5021362304688,758.0,30.073625564575195,50.33798599243164,1013.5632934570312,,,,30260,0,buffered,,,,,,
4385,2026-07-10T02:20:23.000+01:00,120.52986145019531,127.80452728271484,128.24314880371094,753.0,29.908063888549805,50.81864547729492,1013.5285034179688,,0.0,0.0,28855,17660,live,,,,,,
4386,2026-07-10T02:20:33.000+01:00,18.42180061340332,19.48607063293457,19.49325942993164,751.0,29.83863639831543,51.27641677856445,1013.5485229492188,,0.0,0.0,29620,17502,buffered,,,,,,
4387,2026-07-10T02:20:43.000+01:00,7.262890815734863,7.680473327636719,7.680779457092285,748.0,29.83863639831543,51.688411712646484,1013.5505981445312,,0.0,0.0,29952,17467,live,,,,,,
4388,2026-07-10T02:20:53.000+01:00,7.476702690124512,7.906355381011963,7.906389236450195,746.0,29.795909881591797,52.233158111572266,1013.5455322265625,0.0506591796875,0.0,0.0,30098,17453,live,,,,,,
4389,2026-07-10T02:21:03.000+01:00,7.295635223388672,7.714858531951904,7.714862823486328,743.0,29.787899017333984,52.8496208190918,1013.5446166992188,0.0091552734375,0.0,3.0,30154,17443,live,,,,,,
4390,2026-07-10T02:21:13.000+01:00,7.175466537475586,7.587784767150879,7.587789058685303,740.0,29.787899017333984,53.14412307739258,1013.5415649414062,0.030517578125,1.0,28.0,30278,17451,live,,,,,,
4391,2026-07-10T02:21:23.000+01:00,7.179203033447266,7.59173583984375,7.591740131378174,739.0,29.830625534057617,53.427940368652344,1013.5388793945312,0.02685546875,1.0,38.0,30364,17446,live,,,,,,
4392,2026-07-10T02:21:33.000+01:00,6.881955146789551,7.277407646179199,7.277411937713623,735.0,29.854658126831055,53.421836853027344,1013.5184326171875,0.2044677734375,1.0,45.0,30416,17438,live,,,,,,
4393,2026-07-10T02:21:43.000+01:00,6.158261299133301,6.512128829956055,6.51213264465332,731.0,29.884031295776367,53.539329528808594,1013.5170288085938,0.0140380859375,1.0,51.0,30439,17427,live,,,,,,
4394,2026-07-10T02:21:53.000+01:00,6.159072399139404,6.512986183166504,6.5129899978637695,730.0,29.969482421875,54.69291305541992,1013.5164794921875,0.0054931640625,1.0,60.0,30424,17417,live,,,,,,
4395,2026-07-10T02:22:03.000+01:00,5.667593955993652,5.9932661056518555,5.993269920349121,730.0,30.041580200195312,55.19340896606445,1013.54736328125,0.308837890625,1.0,70.0,30435,17439,live,,,,,,
4396,2026-07-10T02:22:13.000+01:00,5.12564754486084,5.420178413391113,5.420181751251221,729.0,30.070955276489258,54.83939743041992,1013.5493774414062,0.0201416015625,1.0,76.0,30474,17446,live,,,,,,
4397,2026-07-10T02:22:23.000+01:00,5.0191569328308105,5.307568550109863,5.307571887969971,728.0,30.127031326293945,53.933013916015625,1013.546630859375,0.0274658203125,1.0,73.0,30540,17435,live,,,,,,
4398,2026-07-10T02:22:33.000+01:00,5.370551109313965,5.679154396057129,5.6791582107543945,723.0,30.169755935668945,53.20973587036133,1013.5401611328125,0.064697265625,1.0,73.0,30555,17403,live,,,,,,
4399,2026-07-10T02:22:43.000+01:00,5.656327247619629,5.98135232925415,5.981356143951416,719.0,30.225833892822266,52.60547637939453,1013.5382080078125,0.01953125,1.0,75.0,30555,17373,live,,,,,,
4400,2026-07-10T02:22:53.000+01:00,5.597489833831787,5.919134140014648,5.919137477874756,710.0,30.292591094970703,52.175174713134766,1013.536376953125,0.018310546875,1.0,80.0,30557,17353,live,,,,,,
4401,2026-07-10T02:23:03.000+01:00,5.637060642242432,5.9609785079956055,5.960981845855713,704.0,30.32997703552246,51.773860931396484,1013.5367431640625,0.003662109375,1.0,84.0,30559,17339,live,,,,,,
4402,2026-07-10T02:23:13.000+01:00,5.6486005783081055,5.97318172454834,5.973185062408447,703.0,30.412755966186523,51.43511199951172,1013.5409545898438,0.0421142578125,1.0,86.0,30572,17323,live,,,,,,
4403,2026-07-10T02:23:23.000+01:00,5.540276527404785,5.858633041381836,5.858636856079102,696.0,30.45014190673828,51.07041931152344,1013.5330200195312,0.079345703125,1.0,92.0,30546,17306,live,,,,,,
4404,2026-07-10T02:23:33.000+01:00,5.6555914878845215,5.980574131011963,5.9805779457092285,692.0,30.52758026123047,50.84763717651367,1013.5255737304688,0.074462890625,1.0,96.0,30556,17285,live,,,,,,
4405,2026-07-10T02:23:43.000+01:00,5.779129505157471,6.111210823059082,6.111214637756348,682.0,30.6130313873291,50.449378967285156,1013.5242919921875,0.0128173828125,1.0,98.0,30526,17280,live,,,,,,
4406,2026-07-10T02:23:53.000+01:00,5.892735958099365,6.2313456535339355,6.231349468231201,676.0,30.682458877563477,50.18844985961914,1013.5220947265625,0.02197265625,1.0,99.0,30558,17264,live,,,,,,
4407,2026-07-10T02:24:03.000+01:00,5.825465202331543,6.1602091789245605,6.160212993621826,672.0,30.738536834716797,49.979400634765625,1013.5253295898438,0.0323486328125,1.0,100.0,30541,17255,live,,,,,,
4408,2026-07-10T02:24:13.000+01:00,5.8055419921875,6.13914155960083,6.1391448974609375,672.0,30.78927230834961,49.77340316772461,1013.525146484375,0.0018310546875,1.0,100.0,30540,17246,live,,,,,,
4409,2026-07-10T02:24:23.000+01:00,5.3097124099731445,5.6148200035095215,5.614823818206787,667.0,30.837339401245117,49.575035095214844,1013.5045166015625,0.206298828125,1.0,101.0,30544,17229,live,,,,,,
4410,2026-07-10T02:24:33.000+01:00,5.243586540222168,5.544894218444824,5.544897556304932,667.0,30.917448043823242,49.457542419433594,1013.5059204101562,,1.0,107.0,30470,17214,buffered,,,,,,
4411,2026-07-10T02:24:43.000+01:00,5.447860240936279,5.760906219482422,5.760909557342529,670.0,30.98687744140625,49.23933792114258,1013.50390625,0.006103515625,1.0,115.0,30455,17209,live,,,,,,
4412,2026-07-10T02:24:53.000+01:00,5.133367538452148,5.428342342376709,5.428345680236816,674.0,31.048294067382812,49.12489318847656,1013.5001831054688,0.0372314453125,1.0,115.0,30470,17202,live,,,,,,
4413,2026-07-10T02:25:03.000+01:00,4.742274284362793,5.01477575302124,5.0147786140441895,677.0,31.123064041137695,48.85480880737305,1013.5014038085938,0.01220703125,1.0,109.0,30509,17186,live,,,,,,
4414,2026-07-10T02:25:13.000+01:00,4.657414436340332,4.925039291381836,4.925042629241943,677.0,31.16044807434082,48.62287139892578,1013.5062255859375,0.0482177734375,1.0,108.0,30475,17180,live,,,,,,
4415,2026-07-10T02:25:23.000+01:00,4.620477676391602,4.885980606079102,4.885983467102051,679.0,31.26993179321289,48.322269439697266,1013.5046997070312,0.0152587890625,1.0,106.0,30455,17164,live,,,,,,
4416,2026-07-10T02:25:33.000+01:00,4.8321075439453125,5.109771251678467,5.109774589538574,682.0,31.307315826416016,48.140689849853516,1013.5008544921875,0.0384521484375,1.0,110.0,30407,17146,live,,,,,,
4417,2026-07-10T02:25:43.000+01:00,4.989266872406006,5.275960922241211,5.275964260101318,686.0,31.3820858001709,48.139163970947266,1013.5028686523438,0.0201416015625,1.0,116.0,30372,17136,live,,,,,,
4418,2026-07-10T02:25:53.000+01:00,4.985213756561279,5.271675109863281,5.271678447723389,687.0,31.44884490966797,48.11016845703125,1013.5036010742188,0.00732421875,1.0,117.0,30408,17125,live,,,,,,
4419,2026-07-10T02:26:03.000+01:00,4.769795894622803,5.04387903213501,5.043881893157959,687.0,31.47821807861328,48.00640869140625,1013.4990844726562,,1.0,108.0,30443,17130,buffered,,,,,,
4420,2026-07-10T02:26:13.000+01:00,4.9410905838012695,5.225016117095947,5.225019454956055,687.0,31.558326721191406,47.8858642578125,1013.499755859375,,1.0,102.0,30450,17122,buffered,,,,,,
4421,2026-07-10T02:26:23.000+01:00,5.46560001373291,5.779665470123291,5.779668807983398,687.0,31.603723526000977,47.769893646240234,1013.4949340820312,,1.0,99.0,30455,17120,buffered,,,,,,
4422,2026-07-10T02:26:33.000+01:00,5.701871395111084,6.029513359069824,6.029516696929932,687.0,31.62241554260254,47.59899139404297,1013.49462890625,,1.0,97.0,30457,17106,buffered,,,,,,
4423,2026-07-10T02:26:43.000+01:00,5.307018280029297,5.611970901489258,5.611974239349365,685.0,31.657129287719727,47.46318817138672,1013.4925537109375,,1.0,96.0,30458,17095,live,,,,,,
4424,2026-07-10T02:26:53.000+01:00,5.331164360046387,5.637505054473877,5.637508392333984,681.0,31.68650245666504,47.3304328918457,1013.4880981445312,0.0445556640625,1.0,98.0,30434,17088,live,,,,,,
4425,2026-07-10T02:27:03.000+01:00,5.501685619354248,5.817824363708496,5.817828178405762,676.0,31.747920989990234,47.07713317871094,1013.490234375,,1.0,97.0,30466,17082,buffered,,,,,,
4426,2026-07-10T02:27:13.000+01:00,5.340964317321777,5.647867679595947,5.647871017456055,675.0,31.761272430419922,46.92301940917969,1013.48779296875,,1.0,96.0,30474,17073,buffered,,,,,,
4427,2026-07-10T02:27:23.000+01:00,5.335659980773926,5.642258644104004,5.642261981964111,674.0,31.803997039794922,46.75059127807617,1013.484130859375,,1.0,96.0,30473,17057,buffered,,,,,,
4428,2026-07-10T02:27:33.000+01:00,5.560744762420654,5.880277633666992,5.8802809715271,670.0,31.777294158935547,46.588844299316406,1013.4774169921875,,1.0,97.0,30483,17053,buffered,,,,,,
4429,2026-07-10T02:27:43.000+01:00,5.286442756652832,5.590213298797607,5.590216636657715,668.0,31.83070182800293,46.478981018066406,1013.4776000976562,,1.0,97.0,30474,17041,buffered,,,,,,
4430,2026-07-10T02:27:53.000+01:00,5.231668472290039,5.532291889190674,5.532295227050781,666.0,31.84138298034668,46.32638931274414,1013.4826049804688,,1.0,99.0,30476,17029,buffered,,,,,,
4431,2026-07-10T02:28:03.000+01:00,5.061378002166748,5.352215766906738,5.352219104766846,665.0,31.865415573120117,46.17990493774414,1013.4786987304688,,1.0,102.0,30440,17020,buffered,,,,,,
4432,2026-07-10T02:28:13.000+01:00,5.627568244934082,5.9509406089782715,5.950944423675537,666.0,31.865415573120117,46.097503662109375,1013.4866333007812,,1.0,105.0,30446,17010,live,,,,,,
4433,2026-07-10T02:28:23.000+01:00,5.893780708312988,6.232450485229492,6.232454299926758,667.0,31.902799606323242,45.981536865234375,1013.4721069335938,0.145263671875,1.0,103.0,30451,16997,live,,,,,,
4434,2026-07-10T02:28:33.000+01:00,5.402184009552002,5.7126054763793945,5.712608814239502,668.0,31.918821334838867,45.981536865234375,1013.4689331054688,0.03173828125,1.0,101.0,30460,16995,live,,,,,,
4435,2026-07-10T02:28:43.000+01:00,5.017899990081787,5.306239604949951,5.306242942810059,669.0,31.92683219909668,45.81368637084961,1013.4646606445312,0.042724609375,1.0,100.0,30476,16989,live,,,,,,
4436,2026-07-10T02:28:53.000+01:00,5.113863945007324,5.407717704772949,5.407721042633057,669.0,31.948196411132812,45.71755599975586,1013.46044921875,0.0421142578125,1.0,98.0,30473,16978,live,,,,,,
4437,2026-07-10T02:29:03.000+01:00,5.290925979614258,5.594954013824463,5.5949578285217285,669.0,31.98291015625,45.64583969116211,1013.454345703125,0.06103515625,1.0,97.0,30473,16975,live,,,,,,
4438,2026-07-10T02:29:13.000+01:00,5.190493106842041,5.488749980926514,5.488753318786621,668.0,31.980239868164062,45.63515853881836,1013.455810546875,0.0146484375,1.0,97.0,30486,16962,live,,,,,,
4439,2026-07-10T02:29:23.000+01:00,5.003957271575928,5.2914958000183105,5.291499137878418,667.0,31.990921020507812,45.531394958496094,1013.4562377929688,0.0042724609375,1.0,96.0,30484,16957,live,,,,,,
4440,2026-07-10T02:29:33.000+01:00,4.9085516929626465,5.19060754776001,5.190610885620117,667.0,32.009613037109375,45.465782165527344,1013.449951171875,0.0628662109375,1.0,97.0,30480,16953,live,,,,,,
4441,2026-07-10T02:29:43.000+01:00,5.0611348152160645,5.351958751678467,5.351961612701416,666.0,32.01762390136719,45.35133743286133,1013.4375,0.12451171875,1.0,97.0,30495,16941,live,,,,,,
4442,2026-07-10T02:29:53.000+01:00,4.694779396057129,4.9645514488220215,4.964554786682129,665.0,32.0469970703125,45.30556106567383,1013.4421997070312,0.0469970703125,1.0,97.0,30498,16939,live,,,,,,
4443,2026-07-10T02:30:03.000+01:00,4.560783386230469,4.8228559494018555,4.822858810424805,664.0,32.02830505371094,45.25825881958008,1013.4432983398438,0.010986328125,1.0,97.0,30510,16936,live,,,,,,
4444,2026-07-10T02:30:13.000+01:00,4.694510459899902,4.964267253875732,4.964270114898682,664.0,32.08171081542969,45.17586135864258,1013.4351806640625,0.0811767578125,1.0,98.0,30491,16919,live,,,,,,
4445,2026-07-10T02:30:23.000+01:00,4.830166816711426,5.1077189445495605,5.10772180557251,663.0,32.10841369628906,45.14229202270508,1013.4388427734375,0.03662109375,1.0,98.0,30519,16919,live,,,,,,
4446,2026-07-10T02:30:33.000+01:00,4.8719563484191895,5.151909828186035,5.151913166046143,664.0,32.10841369628906,45.10719299316406,1013.435546875,0.032958984375,1.0,99.0,30472,16918,live,,,,,,
4447,2026-07-10T02:30:43.000+01:00,4.84067964553833,5.118835926055908,5.118838787078857,662.0,32.12443542480469,45.05531311035156,1013.43505859375,0.0048828125,1.0,99.0,30503,16912,live,,,,,,
4448,2026-07-10T02:30:53.000+01:00,5.16505765914917,5.461853504180908,5.461856842041016,661.0,32.1351203918457,44.96376037597656,1013.4317016601562,0.0335693359375,1.0,98.0,30501,16908,live,,,,,,
4449,2026-07-10T02:31:03.000+01:00,4.672485828399658,4.940977096557617,4.940980434417725,662.0,32.17250442504883,44.89814758300781,1013.4325561523438,0.008544921875,1.0,100.0,30491,16898,live,,,,,,
4450,2026-07-10T02:31:13.000+01:00,4.68573522567749,4.9549880027771,4.954990863800049,661.0,32.175174713134766,44.7867546081543,1013.4268188476562,0.057373046875,1.0,101.0,30492,16896,live,,,,,,
4451,2026-07-10T02:31:23.000+01:00,4.6497650146484375,4.916950702667236,4.916954040527344,660.0,32.18051528930664,44.7959098815918,1013.4268188476562,0.0,1.0,101.0,30487,16885,live,,,,,,
4452,2026-07-10T02:31:33.000+01:00,4.961522102355957,5.246621608734131,5.246624946594238,660.0,32.16983413696289,44.6952018737793,1013.4255981445312,0.01220703125,1.0,100.0,30504,16878,live,,,,,,
4453,2026-07-10T02:31:43.000+01:00,5.010238170623779,5.298137187957764,5.298140525817871,659.0,32.21255874633789,44.61737823486328,1013.4271240234375,0.0152587890625,1.0,98.0,30519,16882,live,,,,,,
4454,2026-07-10T02:31:53.000+01:00,4.972044944763184,5.257749557495117,5.257752895355225,658.0,32.21255874633789,44.59449005126953,1013.4273681640625,0.00244140625,1.0,98.0,30492,16875,live,,,,,,
4455,2026-07-10T02:32:03.000+01:00,4.858432769775391,5.137609004974365,5.1376118659973145,656.0,32.23659133911133,44.46326446533203,1013.412353515625,0.150146484375,1.0,97.0,30520,16864,live,,,,,,
4454,2026-07-10T09:24:12.000+01:00,4.972044944763184,5.257749557495117,5.257752895355225,658.0,32.21255874633789,44.59449005126953,1013.4273681640625,,1.0,98.0,30492,16875,buffered,,,,,,
4455,2026-07-10T09:24:22.000+01:00,4.858432769775391,5.137609004974365,5.1376118659973145,656.0,32.23659133911133,44.46326446533203,1013.412353515625,,1.0,97.0,30520,16864,buffered,,,,,,
4456,2026-07-10T09:24:32.000+01:00,8.915053367614746,9.427328109741211,9.427330017089844,628.0,29.22446060180664,51.686885833740234,1014.3076782226562,,,,30363,0,buffered,,,,,,
4457,2026-07-10T09:24:42.000+01:00,8.701939582824707,9.201969146728516,9.201970100402832,622.0,29.10429573059082,52.1141357421875,1014.305908203125,,0.0,0.0,28785,17466,buffered,,,,,,
4458,2026-07-10T09:24:52.000+01:00,8.694134712219238,9.193716049194336,9.193717002868652,621.0,29.03753662109375,52.47730255126953,1014.2996215820312,,0.0,0.0,29619,17377,buffered,,,,,,
4459,2026-07-10T09:25:02.000+01:00,8.244900703430176,8.718667984008789,8.718668937683105,620.0,28.997482299804688,52.78400802612305,1014.3057250976562,,0.0,0.0,29963,17382,buffered,,,,,,
4460,2026-07-10T09:25:12.000+01:00,8.256752014160156,8.731200218200684,8.731201171875,618.0,28.914701461791992,53.00221252441406,1014.3175659179688,,0.0,0.0,30152,17392,buffered,,,,,,
4461,2026-07-10T09:25:22.000+01:00,8.660971641540527,9.158647537231445,9.158648490905762,617.0,28.90669059753418,53.15938186645508,1014.3213500976562,,0.0,4.0,30241,17398,buffered,,,,,,
4462,2026-07-10T09:25:32.000+01:00,9.15617561340332,9.682306289672852,9.682308197021484,614.0,28.86396598815918,53.24483108520508,1014.3214721679688,,1.0,29.0,30305,17401,buffered,,,,,,
4463,2026-07-10T09:25:42.000+01:00,9.229619026184082,9.759970664978027,9.759971618652344,614.0,28.887998580932617,53.33485794067383,1014.3165893554688,,1.0,45.0,30339,17398,buffered,,,,,,
4464,2026-07-10T09:25:52.000+01:00,8.860139846801758,9.36925983428955,9.369261741638184,613.0,28.882658004760742,53.35011672973633,1014.3128662109375,,1.0,55.0,30356,17403,buffered,,,,,,
4465,2026-07-10T09:26:02.000+01:00,8.690564155578613,9.189940452575684,9.18994140625,612.0,28.887998580932617,53.32112503051758,1014.306640625,,1.0,61.0,30430,17401,buffered,,,,,,
4466,2026-07-10T09:26:12.000+01:00,8.479117393493652,8.96634292602539,8.966343879699707,612.0,28.912031173706055,53.24177932739258,1014.2940063476562,,1.0,68.0,30380,17387,buffered,,,,,,
4467,2026-07-10T09:26:22.000+01:00,8.8925199508667,9.4035005569458,9.403502464294434,612.0,28.949417114257812,53.17158889770508,1014.302734375,,1.0,73.0,30433,17381,buffered,,,,,,
4468,2026-07-10T09:26:32.000+01:00,9.792659759521484,10.355364799499512,10.355366706848145,610.0,28.95208740234375,53.08003234863281,1014.3181762695312,,1.0,77.0,30447,17379,buffered,,,,,,
4469,2026-07-10T09:26:42.000+01:00,9.077444076538086,9.599051475524902,9.599052429199219,610.0,28.997482299804688,53.00068664550781,1014.310546875,,1.0,81.0,30443,17362,buffered,,,,,,
4470,2026-07-10T09:26:52.000+01:00,8.88620376586914,9.396821975708008,9.396822929382324,609.0,29.024185180664062,52.92134094238281,1014.3114013671875,,1.0,85.0,30454,17363,buffered,,,,,,
4471,2026-07-10T09:27:02.000+01:00,9.102313041687012,9.625348091125488,9.625349998474121,609.0,29.053558349609375,52.72297286987305,1014.3167114257812,,1.0,88.0,30467,17356,buffered,,,,,,
4472,2026-07-10T09:27:12.000+01:00,8.970187187194824,9.485630989074707,9.48563289642334,609.0,29.096284866333008,52.6573600769043,1014.319091796875,,1.0,91.0,30466,17338,buffered,,,,,,
4473,2026-07-10T09:27:22.000+01:00,9.564070701599121,10.113639831542969,10.113641738891602,608.0,29.133668899536133,52.58106231689453,1014.3135986328125,,1.0,93.0,30465,17324,buffered,,,,,,
4474,2026-07-10T09:27:32.000+01:00,9.80585765838623,10.369319915771484,10.369321823120117,608.0,29.149690628051758,52.38880157470703,1014.317138671875,,1.0,95.0,30445,17323,buffered,,,,,,
4475,2026-07-10T09:27:42.000+01:00,9.23314094543457,9.763694763183594,9.76369571685791,609.0,29.221790313720703,52.280460357666016,1014.316162109375,,1.0,95.0,30493,17304,buffered,,,,,,
4476,2026-07-10T09:27:52.000+01:00,8.678192138671875,9.176856994628906,9.176858901977539,608.0,29.25650405883789,52.191959381103516,1014.3134155273438,,1.0,96.0,30444,17303,buffered,,,,,,
4477,2026-07-10T09:28:02.000+01:00,8.285003662109375,8.761075019836426,8.761075973510742,607.0,29.29922866821289,52.03936767578125,1014.3152465820312,,1.0,95.0,30493,17290,buffered,,,,,,
4478,2026-07-10T09:28:12.000+01:00,8.765026092529297,9.268680572509766,9.268681526184082,608.0,29.285877227783203,51.940185546875,1014.3130493164062,,1.0,92.0,30510,17279,buffered,,,,,,
4479,2026-07-10T09:28:22.000+01:00,8.94377613067627,9.45770263671875,9.457703590393066,608.0,29.317922592163086,52.210269927978516,1014.3174438476562,,1.0,103.0,30403,17258,buffered,,,,,,
4480,2026-07-10T09:28:32.000+01:00,8.748560905456543,9.251270294189453,9.25127124786377,611.0,29.384679794311523,52.7428092956543,1014.302978515625,,1.0,146.0,30253,17265,buffered,,,,,,
4481,2026-07-10T09:28:42.000+01:00,8.494222640991211,8.982316017150879,8.982317924499512,617.0,29.4327449798584,52.53223419189453,1014.30517578125,,1.0,130.0,30364,17289,buffered,,,,,,
4482,2026-07-10T09:28:52.000+01:00,7.9428558349609375,8.399267196655273,8.39926815032959,626.0,29.414052963256836,52.248416900634766,1014.2976684570312,,1.0,112.0,30435,17276,buffered,,,,,,
4483,2026-07-10T09:29:02.000+01:00,8.066939353942871,8.53048038482666,8.530481338500977,632.0,29.470130920410156,52.01495361328125,1014.2935180664062,,1.0,102.0,30428,17259,buffered,,,,,,
4484,2026-07-10T09:29:12.000+01:00,8.273337364196777,8.748739242553711,8.748740196228027,637.0,29.46479034423828,51.840999603271484,1014.2924194335938,,1.0,98.0,30422,17247,buffered,,,,,,
4485,2026-07-10T09:29:22.000+01:00,8.66448974609375,9.162367820739746,9.162368774414062,637.0,29.515525817871094,51.638057708740234,1014.2891235351562,,1.0,97.0,30422,17234,buffered,,,,,,
4486,2026-07-10T09:29:32.000+01:00,9.216939926147461,9.746562004089355,9.746563911437988,638.0,29.51819610595703,51.48241424560547,1014.2904663085938,,1.0,99.0,30415,17221,buffered,,,,,,
4487,2026-07-10T09:29:42.000+01:00,9.100276947021484,9.623196601867676,9.623197555541992,637.0,29.547569274902344,51.29472732543945,1014.2855224609375,,1.0,104.0,30366,17202,buffered,,,,,,
4488,2026-07-10T09:29:52.000+01:00,8.702737808227539,9.202813148498535,9.202814102172852,637.0,29.600976943969727,51.15434646606445,1014.2776489257812,,1.0,105.0,30385,17187,buffered,,,,,,
4489,2026-07-10T09:30:02.000+01:00,8.80516242980957,9.311123847961426,9.311124801635742,636.0,29.611658096313477,51.01548767089844,1014.2760009765625,,1.0,105.0,30389,17185,buffered,,,,,,
4490,2026-07-10T09:30:12.000+01:00,9.184768676757812,9.712542533874512,9.712544441223145,635.0,29.61966896057129,50.97276306152344,1014.2734985351562,,1.0,103.0,30381,17168,buffered,,,,,,
4491,2026-07-10T09:30:22.000+01:00,8.832711219787598,9.340254783630371,9.340256690979004,635.0,29.646371841430664,50.85526657104492,1014.2720947265625,,1.0,103.0,30381,17154,buffered,,,,,,
4492,2026-07-10T09:30:32.000+01:00,8.199450492858887,8.67060661315918,8.670607566833496,634.0,29.689098358154297,50.76676559448242,1014.264404296875,,1.0,102.0,30405,17153,buffered,,,,,,
4493,2026-07-10T09:30:42.000+01:00,8.082862854003906,8.547319412231445,8.547320365905762,633.0,29.710460662841797,50.67216110229492,1014.2627563476562,,1.0,99.0,30410,17146,buffered,,,,,,
4494,2026-07-10T09:30:52.000+01:00,8.04236125946045,8.50448989868164,8.504491806030273,633.0,29.742504119873047,50.572975158691406,1014.2692260742188,,1.0,98.0,30402,17134,buffered,,,,,,
4495,2026-07-10T09:31:02.000+01:00,8.35201358795166,8.83193588256836,8.831937789916992,632.0,29.745174407958984,50.486000061035156,1014.269287109375,,1.0,101.0,30350,17134,buffered,,,,,,
4496,2026-07-10T09:31:12.000+01:00,8.888647079467773,9.399404525756836,9.399406433105469,632.0,29.766536712646484,50.418861389160156,1014.2672119140625,,1.0,101.0,30420,17120,buffered,,,,,,
4497,2026-07-10T09:31:22.000+01:00,8.46728229522705,8.953828811645508,8.953829765319824,632.0,29.811931610107422,50.33646011352539,1014.259521484375,,1.0,103.0,30381,17112,buffered,,,,,,
4498,2026-07-10T09:31:32.000+01:00,8.12691879272461,8.593907356262207,8.593908309936523,632.0,29.833295822143555,50.28915786743164,1014.2549438476562,,1.0,103.0,30390,17108,buffered,,,,,,
4499,2026-07-10T09:31:42.000+01:00,7.733947277069092,8.178354263305664,8.17835521697998,631.0,29.854658126831055,50.18082046508789,1014.2601318359375,,1.0,102.0,30381,17102,buffered,,,,,,
4500,2026-07-10T09:31:52.000+01:00,7.736827373504639,8.181400299072266,8.181401252746582,631.0,29.85999870300293,50.086212158203125,1014.255126953125,,1.0,101.0,30386,17100,buffered,,,,,,
4501,2026-07-10T09:32:02.000+01:00,7.5351972579956055,7.968183517456055,7.968184947967529,630.0,29.894712448120117,50.101470947265625,1014.2525024414062,,1.0,100.0,30389,17081,buffered,,,,,,
4502,2026-07-10T09:32:12.000+01:00,7.221487522125244,7.636447906494141,7.636448860168457,629.0,29.90272331237793,50.019073486328125,1014.2449951171875,,1.0,100.0,30383,17092,buffered,,,,,,
4503,2026-07-10T09:32:22.000+01:00,7.591456413269043,8.02767562866211,8.027676582336426,629.0,29.918745040893555,49.941253662109375,1014.243408203125,,1.0,99.0,30389,17085,buffered,,,,,,
4504,2026-07-10T09:32:32.000+01:00,7.459592342376709,7.888234615325928,7.888235569000244,629.0,29.953460693359375,49.84969711303711,1014.2454833984375,,1.0,100.0,30376,17072,buffered,,,,,,
4505,2026-07-10T09:32:42.000+01:00,7.47802734375,7.907728672027588,7.907729625701904,629.0,29.972152709960938,49.83596420288086,1014.248046875,,1.0,102.0,30375,17068,buffered,,,,,,
4506,2026-07-10T09:32:52.000+01:00,8.058314323425293,8.52135944366455,8.521361351013184,629.0,29.985504150390625,49.74593734741211,1014.2468872070312,,1.0,102.0,30376,17066,buffered,,,,,,
4507,2026-07-10T09:33:02.000+01:00,7.9570698738098145,8.414298057556152,8.414299011230469,629.0,30.006866455078125,49.66659164428711,1014.2384643554688,,1.0,104.0,30369,17058,buffered,,,,,,
4508,2026-07-10T09:33:12.000+01:00,7.818714141845703,8.26799201965332,8.267993927001953,629.0,30.038909912109375,49.616233825683594,1014.2357788085938,,1.0,102.0,30359,17050,buffered,,,,,,
4509,2026-07-10T09:33:22.000+01:00,8.051340103149414,8.513984680175781,8.513986587524414,629.0,30.052261352539062,49.552146911621094,1014.2416381835938,,1.0,102.0,30371,17051,buffered,,,,,,
4510,2026-07-10T09:33:32.000+01:00,8.301210403442383,8.778212547302246,8.778214454650879,629.0,30.073625564575195,49.512474060058594,1014.2474975585938,,1.0,103.0,30368,17044,buffered,,,,,,
4511,2026-07-10T09:33:42.000+01:00,8.318307876586914,8.796293258666992,8.796295166015625,630.0,30.07896614074707,49.465171813964844,1014.2425537109375,,1.0,103.0,30355,17043,buffered,,,,,,
4512,2026-07-10T09:33:52.000+01:00,8.214012145996094,8.686004638671875,8.686006546020508,629.0,30.11100959777832,49.381248474121094,1014.2374877929688,,1.0,101.0,30366,17035,buffered,,,,,,
4513,2026-07-10T09:34:02.000+01:00,8.086896896362305,8.55158519744873,8.551586151123047,630.0,30.10032844543457,49.30037307739258,1014.2408447265625,,1.0,104.0,30342,17033,buffered,,,,,,
4514,2026-07-10T09:34:12.000+01:00,9.145840644836426,9.671378135681152,9.671380043029785,631.0,30.140382766723633,49.26680374145508,1014.24267578125,,1.0,101.0,30379,17020,buffered,,,,,,
4515,2026-07-10T09:34:22.000+01:00,8.57366943359375,9.066328048706055,9.066329956054688,631.0,30.167085647583008,49.19966506958008,1014.2438354492188,,1.0,98.0,30408,17024,buffered,,,,,,
4516,2026-07-10T09:34:32.000+01:00,8.852487564086914,9.361167907714844,9.36116886138916,631.0,30.140382766723633,49.13710403442383,1014.2457885742188,,1.0,94.0,30407,17024,buffered,,,,,,
4517,2026-07-10T09:34:42.000+01:00,9.181212425231934,9.708781242370605,9.708783149719238,630.0,30.16441535949707,49.08979797363281,1014.2404174804688,,1.0,91.0,30435,17011,buffered,,,,,,
4518,2026-07-10T09:34:52.000+01:00,8.493996620178223,8.982076644897461,8.982078552246094,630.0,30.16441535949707,49.02418518066406,1014.2386474609375,,1.0,90.0,30433,17013,buffered,,,,,,
4519,2026-07-10T09:35:02.000+01:00,8.32071304321289,8.798836708068848,8.798837661743164,630.0,30.201801300048828,48.91432189941406,1014.235107421875,,1.0,93.0,30415,17001,buffered,,,,,,
4520,2026-07-10T09:35:12.000+01:00,7.629161357879639,8.067546844482422,8.067548751831055,630.0,30.257877349853516,48.91584777832031,1014.23095703125,,1.0,96.0,30410,17000,buffered,,,,,,
4521,2026-07-10T09:35:22.000+01:00,7.365556716918945,7.788795471191406,7.788796424865723,630.0,30.255207061767578,48.7342643737793,1014.2388916015625,,1.0,97.0,30417,17002,buffered,,,,,,
4522,2026-07-10T09:35:32.000+01:00,7.449676036834717,7.877748489379883,7.877749443054199,629.0,30.265888214111328,48.7952995300293,1014.230712890625,,1.0,100.0,30401,16989,buffered,,,,,,
4523,2026-07-10T09:35:42.000+01:00,7.575521945953369,8.010825157165527,8.010826110839844,629.0,30.26321792602539,48.74494552612305,1014.2290649414062,,1.0,99.0,30423,16992,buffered,,,,,,
4524,2026-07-10T09:35:52.000+01:00,7.396896839141846,7.821936130523682,7.821937561035156,629.0,30.271228790283203,48.68391036987305,1014.2312622070312,,1.0,99.0,30414,16991,live,,,,,,
4525,2026-07-10T09:36:02.000+01:00,7.189938545227051,7.603085994720459,7.603086948394775,629.0,30.279239654541016,48.66865158081055,1014.2377319335938,0.064697265625,1.0,100.0,30407,16988,live,,,,,,
4526,2026-07-10T09:36:12.000+01:00,7.618391036987305,8.056158065795898,8.056159019470215,630.0,30.260547637939453,48.60913848876953,1014.2546997070312,0.169677734375,1.0,99.0,30444,16980,live,,,,,,
4527,2026-07-10T09:36:22.000+01:00,7.728290557861328,8.172372817993164,8.17237377166748,631.0,30.30594253540039,48.51758575439453,1014.2599487304688,0.052490234375,1.0,98.0,30403,16971,live,,,,,,
4528,2026-07-10T09:36:32.000+01:00,7.4193034172058105,7.845630168914795,7.8456315994262695,631.0,30.303272247314453,48.45960235595703,1014.25830078125,0.0164794921875,1.0,97.0,30446,16971,live,,,,,,
4544,2026-07-10T09:39:12.000+01:00,6.07820463180542,6.427469253540039,6.4274702072143555,635.0,30.508888244628906,47.89349365234375,1014.2913208007812,0.3302001953125,1.0,125.0,30249,16899,live,,,,,,
4545,2026-07-10T09:39:22.000+01:00,6.283414840698242,6.644471645355225,6.644472599029541,636.0,30.522239685058594,48.0689697265625,1014.2940673828125,0.0274658203125,1.0,126.0,30272,16888,live,,,,,,
4546,2026-07-10T09:39:32.000+01:00,6.125796318054199,6.4777960777282715,6.477797031402588,635.0,30.543601989746094,48.00335693359375,1014.2991333007812,0.0506591796875,1.0,120.0,30256,16892,live,,,,,,
4547,2026-07-10T09:39:42.000+01:00,6.776597023010254,7.165992736816406,7.165994167327881,635.0,30.586328506469727,47.913330078125,1014.3060302734375,0.0689697265625,1.0,114.0,30256,16885,live,,,,,,
4576,2026-07-10T09:44:32.000+01:00,6.567683219909668,6.945074558258057,6.945075511932373,656.0,30.826658248901367,47.00389099121094,1014.304443359375,0.015869140625,1.0,104.0,30015,16717,live,,,,,,
4577,2026-07-10T09:44:42.000+01:00,6.90052604675293,7.2970428466796875,7.297044277191162,0.0,30.815977096557617,47.38994598388672,1014.3050537109375,0.006103515625,1.0,105.0,29895,16704,live,,,,,,
4578,2026-07-10T09:44:52.000+01:00,7.334007740020752,7.755433559417725,7.755434513092041,657.0,30.842679977416992,47.61425018310547,1014.3223266601562,0.1727294921875,1.0,104.0,30035,16720,live,,,,,,
4579,2026-07-10T09:45:02.000+01:00,7.3456549644470215,7.767749786376953,7.7677507400512695,658.0,30.848020553588867,47.38536834716797,1014.3370971679688,0.147705078125,1.0,104.0,30034,16729,live,,,,,,
4580,2026-07-10T09:45:12.000+01:00,7.297308921813965,7.716626167297363,7.71662712097168,661.0,30.88807487487793,47.1656379699707,1014.349365234375,0.1226806640625,1.0,103.0,30051,16717,live,,,,,,
4645,2026-07-10T09:56:02.000+01:00,7.942607402801514,8.399003982543945,8.399005889892578,679.0,31.253910064697266,45.76485824584961,1014.3516235351562,0.0225830078125,1.0,85.0,29091,16606,live,,,,,,
4646,2026-07-10T09:56:12.000+01:00,7.7924933433532715,8.240263938903809,8.240265846252441,680.0,31.28061294555664,45.954071044921875,1014.3517456054688,0.001220703125,1.0,87.0,29081,16607,live,,,,,,
4647,2026-07-10T09:56:22.000+01:00,7.643341064453125,8.082541465759277,8.08254337310791,686.0,31.288623809814453,45.920501708984375,1014.3545532226562,0.028076171875,1.0,88.0,29109,16617,live,,,,,,
4707,2026-07-10T10:06:22.000+01:00,6.6197333335876465,7.000115871429443,7.00011682510376,684.0,31.430150985717773,45.05073547363281,1014.3671264648438,0.125732421875,1.0,95.0,29489,16552,live,,,,,,
4708,2026-07-10T10:06:32.000+01:00,6.478551864624023,6.850821495056152,6.850822448730469,684.0,31.43549156188965,45.03700256347656,1014.3607788085938,0.0634765625,1.0,95.0,29444,16548,live,,,,,,
4709,2026-07-10T10:06:42.000+01:00,6.627500057220459,7.008328437805176,7.00832986831665,684.0,31.46753692626953,45.05226135253906,1014.36328125,0.0250244140625,1.0,95.0,29464,16552,live,,,,,,
4710,2026-07-10T10:06:52.000+01:00,7.006592273712158,7.409204483032227,7.409205436706543,684.0,31.451515197753906,45.02021789550781,1014.3734130859375,0.101318359375,1.0,95.0,29443,16557,live,,,,,,
4711,2026-07-10T10:07:02.000+01:00,7.028231620788574,7.432086944580078,7.4320878982543945,685.0,31.472877502441406,45.17891311645508,1014.369873046875,0.035400390625,1.0,96.0,29443,16552,live,,,,,,
4712,2026-07-10T10:07:12.000+01:00,6.982687950134277,7.383925914764404,7.383927345275879,686.0,31.48889923095703,45.12550735473633,1014.3707275390625,0.008544921875,1.0,96.0,29486,16563,live,,,,,,
4713,2026-07-10T10:07:22.000+01:00,7.01744270324707,7.42067813873291,7.420679092407227,686.0,31.48889923095703,45.10719299316406,1014.3685913085938,0.0213623046875,1.0,95.0,29505,16555,live,,,,,,
4755,2026-07-10T10:14:22.000+01:00,8.069244384765625,8.532918930053711,8.532919883728027,980.0,31.844053268432617,46.35995864868164,1014.3851318359375,0.1654052734375,1.0,65.0,29546,16558,live,,,,,,
4756,2026-07-10T10:14:32.000+01:00,8.025296211242676,8.486444473266602,8.486445426940918,933.0,31.865415573120117,46.19821548461914,1014.3810424804688,0.0408935546875,1.0,72.0,29539,16559,live,,,,,,
4757,2026-07-10T10:14:42.000+01:00,7.721863269805908,8.165575981140137,8.165576934814453,903.0,31.90546989440918,45.934234619140625,1014.37841796875,0.0262451171875,1.0,76.0,29534,16558,live,,,,,,
4758,2026-07-10T10:14:52.000+01:00,7.976339340209961,8.434675216674805,8.434676170349121,881.0,31.932172775268555,45.77096176147461,1014.3779907226562,0.0042724609375,1.0,79.0,29534,16552,live,,,,,,
4759,2026-07-10T10:15:02.000+01:00,7.925708293914795,8.381134033203125,8.381135940551758,859.0,31.964218139648438,45.600059509277344,1014.3643188476562,0.13671875,1.0,81.0,29515,16546,live,,,,,,
4760,2026-07-10T10:15:12.000+01:00,8.01126766204834,8.471610069274902,8.471611022949219,837.0,32.00694274902344,45.535972595214844,1014.3753662109375,0.1104736328125,1.0,82.0,29545,16546,live,,,,,,
4761,2026-07-10T10:15:22.000+01:00,7.995694160461426,8.455141067504883,8.455142974853516,818.0,32.03898620605469,45.496299743652344,1014.3750610351562,0.0030517578125,1.0,82.0,29545,16541,live,,,,,,
4762,2026-07-10T10:15:32.000+01:00,7.6629533767700195,8.103281021118164,8.10328197479248,806.0,32.04432678222656,45.375755310058594,1014.3751831054688,0.001220703125,1.0,80.0,29592,16544,live,,,,,,
4763,2026-07-10T10:15:42.000+01:00,7.462169647216797,7.890959739685059,7.890961170196533,802.0,32.084381103515625,45.26741409301758,1014.3746337890625,0.0054931640625,1.0,78.0,29578,16540,live,,,,,,
4764,2026-07-10T10:15:52.000+01:00,7.586370468139648,8.022297859191895,8.022298812866211,800.0,32.12977981567383,45.26283645629883,1014.3853149414062,0.1068115234375,1.0,75.0,29612,16534,live,,,,,,
4765,2026-07-10T10:16:02.000+01:00,7.450089454650879,7.878185272216797,7.8781867027282715,798.0,32.1351203918457,45.20943069458008,1014.3922729492188,0.069580078125,1.0,71.0,29629,16541,live,,,,,,
4766,2026-07-10T10:16:12.000+01:00,7.193084239959717,7.606412410736084,7.6064133644104,793.0,32.1564826965332,45.10719299316406,1014.3775634765625,0.1470947265625,1.0,66.0,29657,16537,live,,,,,,
4767,2026-07-10T10:16:22.000+01:00,7.273679733276367,7.691638946533203,7.691640377044678,789.0,32.16716384887695,45.08735656738281,1014.3773193359375,0.00244140625,1.0,62.0,29645,16538,live,,,,,,
4768,2026-07-10T10:16:32.000+01:00,7.327572822570801,7.748628616333008,7.748629570007324,787.0,32.196537017822266,44.97138977050781,1014.3914794921875,0.1416015625,1.0,60.0,29616,16532,live,,,,,,
4769,2026-07-10T10:16:42.000+01:00,7.5807600021362305,8.016365051269531,8.016366004943848,786.0,32.21522903442383,44.91188049316406,1014.3900146484375,0.0146484375,1.0,59.0,29662,16531,live,,,,,,
4770,2026-07-10T10:16:52.000+01:00,6.988279819488525,7.3898396492004395,7.389840602874756,785.0,32.23659133911133,44.92256164550781,1014.39111328125,0.010986328125,1.0,56.0,29674,16532,live,,,,,,
4771,2026-07-10T10:17:02.000+01:00,6.867470741271973,7.262088298797607,7.262089252471924,783.0,32.249942779541016,44.7775993347168,1014.3916625976562,0.0054931640625,1.0,52.0,29704,16533,live,,,,,,
4772,2026-07-10T10:17:12.000+01:00,6.787694454193115,7.177728176116943,7.17772912979126,778.0,32.27664566040039,44.70588302612305,1014.3922119140625,0.0054931640625,1.0,49.0,29727,16534,live,,,,,,
4773,2026-07-10T10:17:22.000+01:00,7.126407623291016,7.535904407501221,7.535905838012695,776.0,32.28732681274414,44.6494255065918,1014.3934936523438,0.0128173828125,1.0,45.0,29754,16529,live,,,,,,
4774,2026-07-10T10:17:32.000+01:00,7.364569664001465,7.7877516746521,7.787753105163574,770.0,32.30868911743164,44.69367599487305,1014.3843994140625,0.0909423828125,1.0,43.0,29742,16530,live,,,,,,
4775,2026-07-10T10:17:42.000+01:00,6.513469219207764,6.887745380401611,6.887746334075928,767.0,32.33005142211914,44.6402702331543,1014.3865356445312,0.0213623046875,1.0,40.0,29773,16537,live,,,,,,
4776,2026-07-10T10:17:52.000+01:00,6.331261157989502,6.695067405700684,6.695068359375,763.0,32.34340286254883,44.58991241455078,1014.3863525390625,0.0018310546875,1.0,36.0,29823,16532,live,,,,,,
4777,2026-07-10T10:18:02.000+01:00,6.549375534057617,6.92571496963501,6.925715923309326,760.0,32.35408401489258,44.46479034423828,1014.38134765625,0.050048828125,1.0,32.0,29851,16532,live,,,,,,
4778,2026-07-10T10:18:12.000+01:00,7.234221458435059,7.649913311004639,7.649914264678955,755.0,32.3701057434082,44.41291046142578,1014.38427734375,0.029296875,1.0,29.0,29889,16528,live,,,,,,
4779,2026-07-10T10:18:22.000+01:00,6.930027961730957,7.328240394592285,7.328241348266602,751.0,32.386131286621094,44.304569244384766,1014.3750610351562,0.0921630859375,1.0,26.0,29909,16530,live,,,,,,
4787,2026-07-10T10:19:42.000+01:00,6.8235697746276855,7.215664863586426,7.2156662940979,684.0,32.48493194580078,43.55535125732422,1014.3216552734375,0.5340576171875,1.0,22.0,29875,16503,live,,,,,,
4790,2026-07-10T10:20:12.000+01:00,12.024500846862793,12.71545124053955,12.715453147888184,684.0,32.500953674316406,44.316776275634766,1014.262451171875,0.592041015625,1.0,24.0,29933,16526,live,,,,,,
4791,2026-07-10T10:20:22.000+01:00,9.400835037231445,9.941024780273438,9.941025733947754,681.0,32.51964569091797,44.58380889892578,1014.2521362304688,0.1031494140625,1.0,22.0,30044,16535,live,,,,,,
4792,2026-07-10T10:20:32.000+01:00,7.415232181549072,7.841324806213379,7.8413262367248535,676.0,32.52765655517578,45.77401351928711,1014.2613525390625,0.0921630859375,1.0,19.0,29950,16538,live,,,,,,
4793,2026-07-10T10:20:42.000+01:00,6.822208881378174,7.2142252922058105,7.214226722717285,675.0,32.54901885986328,48.148319244384766,1016.4790649414062,22.1771240234375,1.0,22.0,29816,16583,live,,,,,,
4794,2026-07-10T10:20:52.000+01:00,7.194748878479004,7.608172416687012,7.608173370361328,677.0,32.62378692626953,49.991607666015625,1016.7991333007812,3.20068359375,1.0,29.0,29758,16674,live,,,,,,
4795,2026-07-10T10:21:02.000+01:00,7.5355377197265625,7.968543529510498,7.968544960021973,679.0,32.647823333740234,50.21286392211914,1016.838623046875,0.3948974609375,1.0,26.0,30038,16758,live,,,,,,
4796,2026-07-10T10:21:12.000+01:00,7.7804365158081055,8.227514266967773,8.227516174316406,679.0,32.621116638183594,48.46570587158203,1016.9146728515625,0.760498046875,1.0,21.0,30049,16771,live,,,,,,
4797,2026-07-10T10:21:22.000+01:00,7.856478691101074,8.307927131652832,8.307928085327148,669.0,32.589073181152344,47.2205696105957,1016.9666137695312,0.5194091796875,1.0,17.0,30225,16707,live,,,,,,
4798,2026-07-10T10:21:32.000+01:00,8.672660827636719,9.171008110046387,9.171009063720703,659.0,32.38079071044922,45.998321533203125,1016.9261474609375,0.4046630859375,1.0,12.0,30505,16662,live,,,,,,
4799,2026-07-10T10:21:42.000+01:00,8.830845832824707,9.338282585144043,9.338284492492676,630.0,32.3060188293457,44.8447380065918,1016.9511108398438,0.2496337890625,1.0,8.0,30617,16608,live,,,,,,
4800,2026-07-10T10:21:52.000+01:00,9.199612617492676,9.728239059448242,9.728240966796875,616.0,32.271305084228516,44.0299072265625,1016.9173583984375,0.3375244140625,1.0,6.0,30656,16546,live,,,,,,
4801,2026-07-10T10:22:02.000+01:00,9.278247833251953,9.811392784118652,9.811394691467285,601.0,32.324710845947266,43.57976531982422,1016.9353637695312,0.1800537109375,1.0,4.0,30692,16521,live,,,,,,
4802,2026-07-10T10:22:12.000+01:00,9.040935516357422,9.560443878173828,9.560445785522461,583.0,32.383460998535156,43.40734100341797,1016.970947265625,0.3558349609375,1.0,3.0,30695,16518,live,,,,,,
4803,2026-07-10T10:22:22.000+01:00,8.830163955688477,9.33756160736084,9.337563514709473,568.0,32.42351531982422,42.73441696166992,1017.0042114257812,0.3326416015625,1.0,3.0,30755,16529,live,,,,,,
4804,2026-07-10T10:22:32.000+01:00,8.324377059936523,8.802711486816406,8.802712440490723,559.0,32.47692108154297,42.429237365722656,1017.0359497070312,0.3173828125,1.0,3.0,30803,16516,live,,,,,,
4805,2026-07-10T10:22:42.000+01:00,8.698208808898926,9.198023796081543,9.198025703430176,552.0,32.35408401489258,42.014190673828125,1017.0125732421875,0.2337646484375,1.0,2.0,30896,16509,live,,,,,,
4806,2026-07-10T10:22:52.000+01:00,9.981465339660645,10.555018424987793,10.555020332336426,537.0,32.19119644165039,41.70290756225586,1016.9849853515625,0.27587890625,1.0,2.0,30950,16477,live,,,,,,
4807,2026-07-10T10:23:02.000+01:00,10.356843948364258,10.951967239379883,10.951969146728516,525.0,32.09773254394531,41.501487731933594,1017.005859375,0.208740234375,1.0,2.0,30984,16447,live,,,,,,
4808,2026-07-10T10:23:12.000+01:00,10.855722427368164,11.479512214660645,11.479514122009277,515.0,31.771953582763672,41.75936508178711,1017.027099609375,0.21240234375,1.0,2.0,31053,16425,live,,,,,,
4809,2026-07-10T10:23:22.000+01:00,10.622382164001465,11.232763290405273,11.232765197753906,508.0,31.60906410217285,41.68764877319336,1017.0999145507812,0.7281494140625,1.0,2.0,31057,16402,live,,,,,,
4810,2026-07-10T10:23:32.000+01:00,9.941730499267578,10.513001441955566,10.5130033493042,505.0,31.558326721191406,42.012664794921875,1017.1427612304688,0.428466796875,1.0,2.0,31030,16399,live,,,,,,
4811,2026-07-10T10:23:42.000+01:00,10.433735847473145,11.03327751159668,11.033279418945312,499.0,31.518272399902344,42.34988784790039,1017.26953125,1.2677001953125,1.0,2.0,31079,16422,live,,,,,,
4812,2026-07-10T10:23:52.000+01:00,10.403685569763184,11.001501083374023,11.001502990722656,494.0,31.26993179321289,42.525367736816406,1017.3604125976562,0.9088134765625,1.0,2.0,31151,16446,live,,,,,,
4813,2026-07-10T10:24:02.000+01:00,10.119029998779297,10.700488090515137,10.70048999786377,480.0,30.850690841674805,42.74662399291992,1017.4716186523438,1.112060546875,1.0,2.0,31205,16426,live,,,,,,
4814,2026-07-10T10:24:12.000+01:00,9.69912052154541,10.256449699401855,10.256451606750488,476.0,30.607690811157227,42.94346618652344,1017.5294799804688,0.57861328125,1.0,2.0,31239,16386,live,,,,,,
4815,2026-07-10T10:24:22.000+01:00,8.995148658752441,9.5120267868042,9.512028694152832,476.0,30.511558532714844,43.06248474121094,1017.5680541992188,0.3857421875,1.0,2.0,31256,16373,live,,,,,,
4816,2026-07-10T10:24:32.000+01:00,9.275518417358398,9.808506965637207,9.80850887298584,476.0,30.50621795654297,43.04417419433594,1017.611083984375,0.4302978515625,1.0,2.0,31250,16365,live,,,,,,
4817,2026-07-10T10:24:42.000+01:00,9.765917778015137,10.327085494995117,10.32708740234375,477.0,30.629053115844727,42.94956970214844,1017.6375732421875,0.264892578125,1.0,2.0,31252,16365,live,,,,,,
4818,2026-07-10T10:24:52.000+01:00,9.890403747558594,10.458724021911621,10.458725929260254,477.0,30.687801361083984,42.93278503417969,1017.671630859375,0.340576171875,1.0,2.0,31256,16383,live,,,,,,
4819,2026-07-10T10:25:02.000+01:00,9.777949333190918,10.339808464050293,10.339810371398926,477.0,30.65842628479004,42.94194030761719,1017.6602172851562,0.1141357421875,1.0,2.0,31277,16394,live,,,,,,
4820,2026-07-10T10:25:12.000+01:00,9.830339431762695,10.395208358764648,10.395210266113281,477.0,30.64774513244629,42.80155563354492,1017.58984375,0.7037353515625,1.0,2.0,31270,16393,live,,,,,,
4821,2026-07-10T10:25:22.000+01:00,9.824317932128906,10.388840675354004,10.388842582702637,481.0,30.749217987060547,42.99992370605469,1017.612548828125,0.22705078125,1.0,3.0,31255,16387,live,,,,,,
4822,2026-07-10T10:25:32.000+01:00,9.761358261108398,10.322263717651367,10.322265625,487.0,30.807964324951172,43.00144958496094,1017.6956787109375,0.831298828125,1.0,3.0,31264,16412,live,,,,,,
4823,2026-07-10T10:25:42.000+01:00,9.86525821685791,10.432134628295898,10.432135581970215,495.0,30.906766891479492,42.63676071166992,1017.6910400390625,0.04638671875,1.0,3.0,31254,16413,live,,,,,,
4824,2026-07-10T10:25:52.000+01:00,9.132113456726074,9.656861305236816,9.65686321258545,498.0,31.002899169921875,42.75425338745117,1017.7006225585938,0.0958251953125,1.0,3.0,31194,16407,live,,,,,,
4825,2026-07-10T10:26:02.000+01:00,57.88214111328125,61.20815658569336,61.208168029785156,502.0,31.042953491210938,42.85648727416992,1017.5381469726562,1.624755859375,1.0,4.0,31178,16416,live,,,,,,
4826,2026-07-10T10:26:12.000+01:00,14.995645523071289,15.857322692871094,15.857325553894043,503.0,31.002899169921875,42.74204635620117,1017.6975708007812,1.59423828125,1.0,4.0,31184,16438,live,,,,,,
4828,2026-07-10T10:26:32.000+01:00,13.540183067321777,14.31822681427002,14.318228721618652,508.0,31.133745193481445,43.984130859375,1017.6956787109375,0.0189208984375,1.0,5.0,31068,16442,live,,,,,,
4829,2026-07-10T10:26:42.000+01:00,13.297562599182129,14.061664581298828,14.061667442321777,513.0,31.184480667114258,45.03395080566406,1017.666259765625,0.294189453125,1.0,6.0,30931,16505,live,940GZZLUSTD,Stratford,,,,
4830,2026-07-10T10:26:52.000+01:00,13.286989212036133,14.050484657287598,14.05048656463623,517.0,31.267261505126953,45.09956359863281,1017.6981201171875,0.318603515625,1.0,7.0,30907,16554,live,940GZZLUSTD,Stratford,,,,
4831,2026-07-10T10:27:02.000+01:00,13.659074783325195,14.443950653076172,14.443952560424805,550.0,31.312658309936523,44.96528625488281,1017.70166015625,0.035400390625,1.0,8.0,30875,16570,live,940GZZLUSTD,Stratford,,,,
4832,2026-07-10T10:27:12.000+01:00,12.560466766357422,13.282214164733887,13.28221607208252,625.0,31.39276695251465,45.12855911254883,1017.7210693359375,0.194091796875,1.0,9.0,30807,16572,live,940GZZLUSTD,Stratford,,,,
4833,2026-07-10T10:27:22.000+01:00,12.276527404785156,12.981959342956543,12.981961250305176,693.0,31.536964416503906,45.85488510131836,1017.7420043945312,0.2093505859375,1.0,9.0,30791,16587,live,940GZZLUSTD,Stratford,,,,
4834,2026-07-10T10:27:32.000+01:00,12.381912231445312,13.093400001525879,13.093401908874512,722.0,31.64377784729004,46.31723403930664,1017.769287109375,0.2728271484375,1.0,10.0,30769,16634,live,940GZZLUSTD,Stratford,,,,
4835,2026-07-10T10:27:42.000+01:00,12.574031829833984,13.296558380126953,13.296561241149902,729.0,31.761272430419922,46.82230758666992,1017.7345581054688,0.3472900390625,1.0,11.0,30713,16657,live,940GZZLUSTD,Stratford,,,,
4836,2026-07-10T10:27:52.000+01:00,16.980384826660156,17.95611000061035,17.956111907958984,732.0,31.85206413269043,46.89707946777344,1017.757080078125,0.2252197265625,1.0,12.0,30656,16689,live,940GZZLUSTD,Stratford,,,,
4837,2026-07-10T10:28:02.000+01:00,17.39054298400879,18.47300910949707,18.577600479125977,732.0,31.974899291992188,46.67887496948242,1017.7329711914062,0.2410888671875,1.0,13.0,30606,16691,live,940GZZLUSTD,Stratford,,,,
4838,2026-07-10T10:28:12.000+01:00,16.252426147460938,17.499361038208008,17.892995834350586,731.0,32.084381103515625,46.567481994628906,1017.677978515625,0.5499267578125,1.0,14.0,30583,16686,live,940GZZLUSTD,Stratford,,,,
4839,2026-07-10T10:28:22.000+01:00,14.07636833190918,15.100956916809082,15.372230529785156,731.0,32.164493560791016,45.897613525390625,1017.6932983398438,0.1531982421875,1.0,14.0,30781,16701,live,940GZZLUSTD,Stratford,,,,
4840,2026-07-10T10:28:32.000+01:00,12.721046447753906,13.472835540771484,13.49901008605957,730.0,32.21255874633789,44.6280632019043,1017.7028198242188,0.09521484375,1.0,13.0,30874,16688,live,940GZZLUSTD,Stratford,,,,
4841,2026-07-10T10:28:42.000+01:00,12.40113639831543,13.115904808044434,13.118642807006836,723.0,32.281986236572266,43.869686126708984,1017.8487548828125,1.4593505859375,1.0,13.0,30873,16645,live,940GZZLUSTD,Stratford,,,,
4843,2026-07-10T10:29:02.000+01:00,12.09324836730957,12.788172721862793,12.788204193115234,684.0,32.44487762451172,43.2639045715332,1018.347412109375,4.986572265625,1.0,12.0,30895,16624,live,940GZZLUSTD,Stratford,,,,
4844,2026-07-10T10:29:12.000+01:00,11.584826469421387,12.250515937805176,12.250523567199707,673.0,32.47425079345703,42.88853454589844,1018.3482666015625,0.008544921875,1.0,12.0,30891,16624,live,940GZZLUSTD,Stratford,,,,
4845,2026-07-10T10:29:22.000+01:00,10.537474632263184,11.142980575561523,11.142987251281738,659.0,32.48760223388672,42.65049362182617,1018.320068359375,0.281982421875,1.0,12.0,30911,16610,live,940GZZLUSTD,Stratford,,,,
4846,2026-07-10T10:29:32.000+01:00,10.22042465209961,10.807713508605957,10.807719230651855,652.0,32.50896453857422,42.404823303222656,1018.3077392578125,0.123291015625,1.0,11.0,30922,16603,live,940GZZLUSTD,Stratford,,,,
4847,2026-07-10T10:29:42.000+01:00,10.289887428283691,10.881166458129883,10.881173133850098,648.0,32.52765655517578,42.26291275024414,1018.3004760742188,0.0726318359375,1.0,11.0,30897,16597,live,940GZZLUSTD,Stratford,,,,
4848,2026-07-10T10:29:52.000+01:00,10.817768096923828,11.439380645751953,11.439388275146484,646.0,32.578392028808594,42.26749038696289,1018.25390625,0.4656982421875,1.0,11.0,30895,16590,live,940GZZLUSTD,Stratford,,,,
4849,2026-07-10T10:30:02.000+01:00,10.669046401977539,11.282113075256348,11.282119750976562,647.0,32.55970001220703,42.31784439086914,1018.2132568359375,0.406494140625,1.0,11.0,30898,16596,live,940GZZLUSTD,Stratford,,,,
4850,2026-07-10T10:30:12.000+01:00,10.089248657226562,10.668998718261719,10.669005393981934,647.0,32.57305145263672,42.446022033691406,1017.9461669921875,2.6708984375,1.0,11.0,30866,16582,live,940GZZLUSTD,Stratford,,,,
4851,2026-07-10T10:30:22.000+01:00,10.663905143737793,11.276676177978516,11.27668285369873,651.0,32.578392028808594,42.67185592651367,1017.7192993164062,2.2686767578125,1.0,12.0,30912,16589,live,940GZZLUSTD,Stratford,,,,
4852,2026-07-10T10:30:32.000+01:00,10.831788063049316,11.454205513000488,11.45421314239502,657.0,32.578392028808594,42.32547378540039,1017.7198486328125,0.0054931640625,1.0,12.0,30940,16601,live,940GZZLUSTD,Stratford,,,,
4853,2026-07-10T10:30:42.000+01:00,12.162775993347168,12.861676216125488,12.86168384552002,660.0,32.61577606201172,42.059967041015625,1017.72216796875,0.023193359375,1.0,12.0,30919,16574,live,940GZZLUSTD,Stratford,,,,
4854,2026-07-10T10:30:52.000+01:00,12.623738288879395,13.349125862121582,13.349133491516113,712.0,32.64248275756836,42.29800796508789,1017.7036743164062,0.1849365234375,1.0,12.0,30902,16563,live,940GZZLUSTD,Stratford,,,,
4855,2026-07-10T10:31:02.000+01:00,10.759771347045898,11.378050804138184,11.378058433532715,746.0,32.546348571777344,41.956207275390625,1017.6988525390625,0.0482177734375,1.0,12.0,30960,16572,live,940GZZLUSTD,Stratford,,,,
4856,2026-07-10T10:31:12.000+01:00,9.646919250488281,10.201251983642578,10.201257705688477,750.0,32.492942810058594,41.63576889038086,1017.7182006835938,0.1934814453125,1.0,11.0,30989,16539,live,940GZZLUSTD,Stratford,,,,
4857,2026-07-10T10:31:22.000+01:00,8.96392822265625,9.479015350341797,9.479021072387695,748.0,32.52765655517578,41.32600784301758,1017.7400512695312,0.218505859375,1.0,11.0,30977,16520,live,940GZZLUSTD,Stratford,,,,
4858,2026-07-10T10:31:32.000+01:00,9.47220516204834,10.016499519348145,10.016505241394043,733.0,32.522315979003906,41.35042190551758,1017.7299194335938,0.101318359375,1.0,11.0,30954,16498,live,940GZZLUSTD,Stratford,,,,
4859,2026-07-10T10:31:42.000+01:00,9.894673347473145,10.463242530822754,10.463249206542969,714.0,32.51697540283203,41.28786087036133,1017.693359375,0.3656005859375,1.0,11.0,30970,16497,live,940GZZLUSTD,Stratford,,,,
4860,2026-07-10T10:31:52.000+01:00,15.419204711914062,16.305227279663086,16.30523681640625,686.0,32.53833770751953,41.25581741333008,1017.6773681640625,0.159912109375,1.0,12.0,30939,16488,live,940GZZLUSTD,Stratford,,,,
4861,2026-07-10T10:32:02.000+01:00,19.826091766357422,20.995677947998047,21.033836364746094,676.0,32.54901885986328,41.533531188964844,1017.6788330078125,0.0146484375,1.0,12.0,30880,16483,live,,,,,,
4862,2026-07-10T10:32:12.000+01:00,19.379650115966797,20.52712631225586,20.56973648071289,669.0,32.578392028808594,41.70443344116211,1017.6710815429688,0.0775146484375,1.0,12.0,30837,16493,live,,,,,,
4863,2026-07-10T10:32:22.000+01:00,18.337356567382812,19.400630950927734,19.412683486938477,666.0,32.61577606201172,42.429237365722656,1017.7330322265625,0.6195068359375,1.0,13.0,30729,16493,live,,,,,,
4864,2026-07-10T10:32:32.000+01:00,17.347122192382812,18.344894409179688,18.346118927001953,673.0,32.66384506225586,43.62401580810547,1017.8192749023438,0.8624267578125,1.0,13.0,30703,16524,live,,,,,,
4865,2026-07-10T10:32:42.000+01:00,16.51869010925293,17.467979431152344,17.46810531616211,688.0,32.66384506225586,44.354923248291016,1018.6560668945312,8.367919921875,1.0,13.0,30698,16563,live,,,,,,
4866,2026-07-10T10:32:52.000+01:00,16.14354133605957,17.071189880371094,17.071208953857422,694.0,32.70389938354492,44.48157501220703,1022.3641357421875,37.0806884765625,1.0,14.0,30767,16598,live,,,,,,
4867,2026-07-10T10:33:02.000+01:00,15.898386001586914,16.811941146850586,16.811952590942383,695.0,32.701229095458984,43.837642669677734,1022.8556518554688,4.9151611328125,1.0,14.0,30835,16605,live,,,,,,
4868,2026-07-10T10:33:12.000+01:00,15.906688690185547,16.824264526367188,16.82872772216797,696.0,32.69855880737305,43.10826110839844,1019.3417358398438,35.13916015625,1.0,14.0,30844,16576,live,,,,,,
4869,2026-07-10T10:33:22.000+01:00,15.374130249023438,16.28182601928711,16.312353134155273,689.0,32.711910247802734,42.607765197753906,1020.727294921875,13.8555908203125,1.0,14.0,30855,16548,live,,,,,,
4870,2026-07-10T10:33:32.000+01:00,15.99480152130127,16.951416015625,16.99860191345215,673.0,32.73861312866211,42.35751724243164,1023.48291015625,27.55615234375,1.0,14.0,30857,16528,live,,,,,,
4871,2026-07-10T10:33:42.000+01:00,27.32223892211914,29.04915428161621,29.246488571166992,658.0,32.754634857177734,42.12710952758789,1018.77734375,47.0556640625,1.0,14.0,30848,16525,live,,,,,,
4872,2026-07-10T10:33:52.000+01:00,34.602455139160156,37.05754089355469,37.64447784423828,651.0,32.79201889038086,41.937896728515625,1015.6263427734375,31.510009765625,1.0,14.0,30853,16509,live,,,,,,
4873,2026-07-10T10:34:02.000+01:00,42.773651123046875,46.439613342285156,47.9587516784668,635.0,32.80537033081055,41.890594482421875,1020.9804077148438,53.5406494140625,1.0,14.0,30818,16501,live,,,,,,
4874,2026-07-10T10:34:12.000+01:00,51.13788986206055,56.57527160644531,59.71750259399414,636.0,32.83474349975586,41.76546859741211,1019.4341430664062,15.462646484375,1.0,15.0,30818,16499,live,,,,,,
4875,2026-07-10T10:34:22.000+01:00,58.52813720703125,65.830078125,70.78291320800781,633.0,32.85610580444336,41.65865707397461,1016.9033813476562,25.3076171875,1.0,15.0,30690,16499,live,,,,,,
4876,2026-07-10T10:34:32.000+01:00,69.74018096923828,79.74067687988281,87.27668762207031,630.0,32.86411666870117,41.908905029296875,1018.894775390625,19.9139404296875,1.0,15.0,30734,16496,live,,,,,,
4877,2026-07-10T10:34:42.000+01:00,82.4823989868164,96.11974334716797,107.30818939208984,621.0,32.89082336425781,41.997406005859375,1018.1548461914062,7.3992919921875,1.0,15.0,30751,16507,live,,,,,,
4878,2026-07-10T10:34:52.000+01:00,85.8343505859375,101.05567932128906,113.99369049072266,617.0,32.91218566894531,42.121002197265625,1016.6558837890625,14.9896240234375,1.0,15.0,30738,16508,live,,,,,,
4879,2026-07-10T10:35:02.000+01:00,82.51799774169922,97.4124984741211,110.17918395996094,617.0,32.90684509277344,42.28427505493164,1017.4635009765625,8.076171875,1.0,15.0,30726,16514,live,,,,,,
4880,2026-07-10T10:35:12.000+01:00,82.39422607421875,98.51818084716797,112.83975982666016,618.0,32.94956970214844,42.444496154785156,1017.537353515625,0.738525390625,1.0,16.0,30704,16528,live,,,,,,
4881,2026-07-10T10:35:22.000+01:00,81.9467544555664,100.15365600585938,117.12675476074219,632.0,32.9896240234375,42.65049362182617,1017.7515869140625,2.142333984375,1.0,16.0,30691,16534,live,940GZZLUMED,Mile End,,,,
4882,2026-07-10T10:35:32.000+01:00,85.12347412109375,104.6190414428711,122.98306274414062,648.0,32.994964599609375,42.575721740722656,1017.9232177734375,1.71630859375,1.0,16.0,30730,16544,live,940GZZLUMED,Mile End,,,,
4883,2026-07-10T10:35:42.000+01:00,86.35899353027344,106.44306945800781,125.45781707763672,653.0,33.0323486328125,42.558937072753906,1017.9877319335938,0.6451416015625,1.0,16.0,30706,16542,live,940GZZLUMED,Mile End,,,,
4884,2026-07-10T10:35:52.000+01:00,85.51612091064453,104.23005676269531,121.58282470703125,657.0,33.0750732421875,42.624549865722656,1018.038818359375,0.5108642578125,1.0,16.0,30701,16542,live,940GZZLUMED,Mile End,,,,
4885,2026-07-10T10:36:02.000+01:00,81.35067749023438,97.21939086914062,111.29542541503906,657.0,33.10444641113281,42.514686584472656,1018.0097045898438,0.2911376953125,1.0,16.0,30739,16554,live,940GZZLUMED,Mile End,,,,
4886,2026-07-10T10:36:12.000+01:00,82.51083374023438,98.08451843261719,111.70575714111328,655.0,33.15518569946289,42.36209487915039,1017.90869140625,1.0101318359375,1.0,16.0,30726,16557,live,940GZZLUMED,Mile End,,,,
4887,2026-07-10T10:36:22.000+01:00,86.48863220214844,102.94302368164062,117.38428497314453,651.0,33.19524002075195,42.35446548461914,1017.868896484375,0.39794921875,1.0,16.0,30711,16561,live,940GZZLUMED,Mile End,,,,
4888,2026-07-10T10:36:32.000+01:00,89.97333526611328,107.42546081542969,122.8695297241211,650.0,33.192569732666016,42.394142150878906,1018.0342407226562,1.6534423828125,1.0,17.0,30689,16558,live,940GZZLUMED,Mile End,,,,
4889,2026-07-10T10:36:42.000+01:00,88.63541412353516,107.26348876953125,124.28291320800781,645.0,33.203250885009766,42.24765396118164,1018.1141967773438,0.799560546875,1.0,17.0,30699,16562,live,940GZZLUMED,Mile End,,,,
4890,2026-07-10T10:36:52.000+01:00,85.950439453125,105.07106018066406,122.90385437011719,644.0,33.224613189697266,42.32394790649414,1017.8950805664062,2.191162109375,1.0,17.0,30682,16554,live,940GZZLUMED,Mile End,,,,
4891,2026-07-10T10:37:02.000+01:00,78.54304504394531,95.32699584960938,110.75676727294922,640.0,33.28335952758789,42.33310317993164,1017.9443969726562,0.4931640625,1.0,17.0,30691,16556,live,940GZZLUMED,Mile End,,,,
4892,2026-07-10T10:37:12.000+01:00,75.2100830078125,91.34838104248047,106.20710754394531,638.0,33.30739212036133,42.26596450805664,1017.84765625,0.9674072265625,1.0,17.0,30667,16565,live,940GZZLUMED,Mile End,,,,
4893,2026-07-10T10:37:22.000+01:00,76.63346099853516,93.16802978515625,108.42220306396484,637.0,33.34744644165039,42.23086929321289,1017.6317138671875,2.159423828125,1.0,17.0,30692,16570,live,940GZZLUMED,Mile End,,,,
4894,2026-07-10T10:37:32.000+01:00,80.26588439941406,96.4070053100586,110.9039535522461,636.0,33.40619659423828,42.14694595336914,1017.8380737304688,2.0635986328125,1.0,17.0,30672,16572,live,940GZZLUMED,Mile End,,,,
4895,2026-07-10T10:37:42.000+01:00,83.79364776611328,100.87936401367188,116.30919647216797,635.0,33.44091033935547,41.886016845703125,1017.6771240234375,1.6094970703125,1.0,17.0,30713,16571,live,940GZZLUMED,Mile End,,,,
4896,2026-07-10T10:37:52.000+01:00,90.88461303710938,109.193359375,125.64875793457031,634.0,33.46227264404297,41.84176254272461,1017.9673461914062,2.9022216796875,1.0,17.0,30650,16559,live,940GZZLUMED,Mile End,,,,
4897,2026-07-10T10:38:02.000+01:00,92.7796630859375,110.67594146728516,126.4757308959961,634.0,33.488975524902344,42.29953384399414,1017.9495849609375,0.1776123046875,1.0,18.0,30662,16561,live,940GZZLUMED,Mile End,,,,
4898,2026-07-10T10:38:12.000+01:00,88.17131042480469,105.22654724121094,120.30174255371094,633.0,33.51567840576172,42.522315979003906,1018.2240600585938,2.7447509765625,1.0,18.0,30633,16584,live,940GZZLUMED,Mile End,,,,
4899,2026-07-10T10:38:22.000+01:00,84.66156005859375,102.05055236816406,117.7990493774414,636.0,33.53704071044922,42.94651794433594,1018.345703125,1.2164306640625,1.0,18.0,30589,16583,live,,,,,,
4900,2026-07-10T10:38:32.000+01:00,83.37342834472656,100.82437896728516,116.74382019042969,645.0,33.58777618408203,43.923095703125,1023.0966186523438,47.5091552734375,1.0,18.0,30519,16597,live,,,,,,
4901,2026-07-10T10:38:42.000+01:00,81.91448974609375,97.66815948486328,111.55880737304688,649.0,33.593116760253906,44.0604248046875,1020.9984130859375,20.9820556640625,1.0,18.0,30547,16641,live,,,,,,
4902,2026-07-10T10:38:52.000+01:00,82.72648620605469,97.68355560302734,110.51383209228516,653.0,33.539710998535156,43.793392181396484,1018.6932983398438,23.0511474609375,1.0,19.0,30517,16638,live,,,,,,
4903,2026-07-10T10:39:02.000+01:00,84.16012573242188,99.18733215332031,112.00223541259766,655.0,33.550392150878906,43.697261810302734,1018.0985107421875,5.9478759765625,1.0,19.0,30532,16630,live,,,,,,
4904,2026-07-10T10:39:12.000+01:00,85.25572204589844,100.93761444091797,114.49658966064453,668.0,33.539710998535156,43.56145477294922,1019.2821655273438,11.8365478515625,1.0,20.0,30489,16625,live,,,,,,
4905,2026-07-10T10:39:22.000+01:00,86.71776580810547,102.93250274658203,117.05584716796875,698.0,33.56641387939453,43.60875701904297,1017.8450927734375,14.3707275390625,1.0,20.0,30494,16620,live,,,,,,
4906,2026-07-10T10:39:32.000+01:00,87.4520263671875,103.4017333984375,117.13880920410156,702.0,33.542381286621094,43.700313568115234,1018.2383422851562,3.9324951171875,1.0,21.0,30475,16619,live,,,,,,
4907,2026-07-10T10:39:42.000+01:00,91.26959991455078,107.50727081298828,121.33057403564453,704.0,33.582435607910156,43.60265350341797,1017.60400390625,6.3433837890625,1.0,22.0,30479,16618,live,,,,,,
4908,2026-07-10T10:39:52.000+01:00,93.62168884277344,109.47733306884766,122.65029907226562,713.0,33.603797912597656,43.50194549560547,1016.3474731445312,12.5653076171875,1.0,22.0,30486,16619,live,,,,,,
4909,2026-07-10T10:40:02.000+01:00,96.13525390625,112.76677703857422,126.73374938964844,712.0,33.6305046081543,43.40581512451172,1018.894775390625,25.4730224609375,1.0,23.0,30485,16605,live,,,,,,
4910,2026-07-10T10:40:12.000+01:00,98.22309112548828,116.23731231689453,131.79208374023438,711.0,33.66788864135742,43.3737678527832,1018.7263793945312,1.6839599609375,1.0,23.0,30485,16615,live,,,,,,
4911,2026-07-10T10:40:22.000+01:00,108.1175765991211,129.253173828125,148.0180206298828,710.0,33.707942962646484,43.11283874511719,1018.904541015625,1.7816162109375,1.0,24.0,30510,16615,live,940GZZLUBLG,Bethnal Green,,,,
4912,2026-07-10T10:40:32.000+01:00,115.6574478149414,138.42758178710938,158.7029571533203,709.0,33.74265670776367,42.83207321166992,1018.9337768554688,0.2923583984375,1.0,24.0,30534,16619,live,940GZZLUBLG,Bethnal Green,,,,
4913,2026-07-10T10:40:42.000+01:00,119.98271942138672,143.22357177734375,163.77833557128906,708.0,33.7373161315918,42.519264221191406,1018.9483642578125,0.1458740234375,1.0,24.0,30577,16610,live,940GZZLUBLG,Bethnal Green,,,,
4914,2026-07-10T10:40:52.000+01:00,123.70989227294922,149.39109802246094,172.74517822265625,704.0,33.750667572021484,42.33768081665039,1018.7670288085938,1.8133544921875,1.0,24.0,30598,16606,live,940GZZLUBLG,Bethnal Green,,,,
4915,2026-07-10T10:41:02.000+01:00,122.51626586914062,150.76699829101562,177.43838500976562,687.0,33.74532699584961,41.998931884765625,1018.76123046875,0.0579833984375,1.0,24.0,30580,16600,live,940GZZLUBLG,Bethnal Green,,,,
4916,2026-07-10T10:41:12.000+01:00,122.94325256347656,151.6074981689453,178.7679443359375,683.0,33.62783432006836,41.957733154296875,1018.7452392578125,0.159912109375,1.0,24.0,30598,16590,live,940GZZLUBLG,Bethnal Green,,,,
4917,2026-07-10T10:41:22.000+01:00,122.73893737792969,150.3629150390625,176.23004150390625,674.0,33.52635955810547,42.021820068359375,1018.6397094726562,1.0552978515625,1.0,24.0,30643,16580,live,940GZZLUBLG,Bethnal Green,,,,
4918,2026-07-10T10:41:32.000+01:00,116.9388427734375,142.074951171875,165.23281860351562,664.0,33.488975524902344,41.931793212890625,1018.6023559570312,0.37353515625,1.0,24.0,30654,16584,live,940GZZLUBLG,Bethnal Green,,,,
4919,2026-07-10T10:41:42.000+01:00,111.83756256103516,135.49163818359375,157.15452575683594,625.0,33.44892120361328,42.024871826171875,1018.5025024414062,0.99853515625,1.0,24.0,30677,16581,live,940GZZLUBLG,Bethnal Green,,,,
4920,2026-07-10T10:41:52.000+01:00,104.31073760986328,126.06383514404297,145.88018798828125,614.0,33.39551544189453,42.041656494140625,1018.2242431640625,2.7825927734375,1.0,24.0,30700,16590,live,940GZZLUBLG,Bethnal Green,,,,
4921,2026-07-10T10:42:02.000+01:00,93.19792938232422,111.8525390625,128.57565307617188,612.0,33.38483428955078,41.957733154296875,1018.1681518554688,0.5609130859375,1.0,24.0,30713,16592,live,940GZZLUBLG,Bethnal Green,,,,
4922,2026-07-10T10:42:12.000+01:00,90.75015258789062,108.27964782714844,123.76487731933594,613.0,33.411537170410156,41.927215576171875,1018.0646362304688,1.03515625,1.0,24.0,30668,16583,live,940GZZLUBLG,Bethnal Green,,,,
4923,2026-07-10T10:42:22.000+01:00,91.40846252441406,107.95746612548828,122.16219329833984,614.0,33.475624084472656,42.508583068847656,1018.3086547851562,2.440185546875,1.0,24.0,30610,16581,live,940GZZLUBLG,Bethnal Green,,,,
4924,2026-07-10T10:42:32.000+01:00,59.11387252807617,69.20310974121094,77.6185073852539,632.0,33.521018981933594,43.59044647216797,1018.0784301757812,2.30224609375,1.0,24.0,30596,16603,live,940GZZLUBLG,Bethnal Green,,,,
4925,2026-07-10T10:42:42.000+01:00,35.585121154785156,41.26932144165039,45.84568405151367,665.0,33.57976531982422,44.48157501220703,1018.2606811523438,1.822509765625,1.0,24.0,30535,16649,live,940GZZLUBLG,Bethnal Green,,,,
4926,2026-07-10T10:42:52.000+01:00,31.38871192932129,36.03312683105469,39.60523223876953,678.0,33.61981964111328,44.45716094970703,1018.4662475585938,2.0556640625,1.0,25.0,30561,16683,live,940GZZLUBLG,Bethnal Green,,,,
4927,2026-07-10T10:43:02.000+01:00,28.02683448791504,31.834716796875,34.597843170166016,688.0,33.63584518432617,44.229801177978516,1018.4617309570312,0.045166015625,1.0,25.0,30565,16690,live,940GZZLUBLG,Bethnal Green,,,,
4928,2026-07-10T10:43:12.000+01:00,25.985082626342773,29.33749008178711,31.67540740966797,702.0,33.6732292175293,44.1214599609375,1018.3789672851562,0.82763671875,1.0,25.0,30555,16675,live,,,,,,
4929,2026-07-10T10:43:22.000+01:00,24.219741821289062,27.179443359375,29.151103973388672,724.0,33.72129440307617,44.02532958984375,1019.3434448242188,9.644775390625,1.0,25.0,30649,16676,live,,,,,,
4930,2026-07-10T10:43:32.000+01:00,26.457820892333984,29.582258224487305,31.599367141723633,730.0,33.67055892944336,43.22270584106445,1020.8409423828125,14.9749755859375,1.0,25.0,30723,16677,live,,,,,,
4931,2026-07-10T10:43:42.000+01:00,39.02833938598633,43.50487518310547,46.313880920410156,731.0,33.62516403198242,42.67185592651367,1020.3709106445312,4.7003173828125,1.0,25.0,30704,16643,live,,,,,,
4932,2026-07-10T10:43:52.000+01:00,59.097469329833984,66.10459899902344,70.64559173583984,729.0,33.58777618408203,42.389564514160156,1020.781982421875,4.1107177734375,1.0,25.0,30687,16626,live,,,,,,
4933,2026-07-10T10:44:02.000+01:00,64.73200988769531,73.14253997802734,79.04112243652344,729.0,33.50499725341797,42.33157730102539,1020.8998413085938,1.1785888671875,1.0,25.0,30673,16614,live,,,,,,
4934,2026-07-10T10:44:12.000+01:00,69.13627624511719,78.68390655517578,85.69410705566406,727.0,33.411537170410156,42.471961975097656,1020.5084228515625,3.9141845703125,1.0,25.0,30656,16604,live,,,,,,
4935,2026-07-10T10:44:22.000+01:00,69.54570007324219,79.29239654541016,86.5233154296875,717.0,33.32341384887695,42.577247619628906,1020.2698974609375,2.38525390625,1.0,25.0,30641,16615,live,,,,,,
4936,2026-07-10T10:44:32.000+01:00,73.0202407836914,83.83000183105469,92.14659881591797,719.0,33.21660232543945,42.77103805541992,1020.502685546875,2.327880859375,1.0,25.0,30640,16618,live,,,,,,
4937,2026-07-10T10:44:42.000+01:00,74.79744720458984,85.88714599609375,94.4273452758789,718.0,33.13649368286133,43.04112243652344,1023.9180297851562,34.1534423828125,1.0,25.0,30617,16624,live,,,,,,
4938,2026-07-10T10:44:52.000+01:00,78.2571792602539,90.39102935791016,99.99419403076172,713.0,33.101776123046875,43.11894226074219,1016.6826782226562,72.353515625,1.0,25.0,30601,16628,live,,,,,,
4939,2026-07-10T10:45:02.000+01:00,80.67040252685547,93.97364044189453,104.87289428710938,709.0,33.080413818359375,43.1540412902832,1016.5379638671875,1.4471435546875,1.0,25.0,30596,16628,live,,,,,,
4940,2026-07-10T10:45:12.000+01:00,83.17924499511719,97.04134368896484,108.46207427978516,710.0,33.08575439453125,43.41191864013672,1018.4949340820312,19.5697021484375,1.0,25.0,30548,16634,live,940GZZLUBLG,Bethnal Green,,,,
4941,2026-07-10T10:45:22.000+01:00,86.3380126953125,100.94252014160156,113.06853485107422,711.0,33.139163970947266,43.39208221435547,1018.5133666992188,0.184326171875,1.0,25.0,30565,16647,live,940GZZLUBLG,Bethnal Green,,,,
4942,2026-07-10T10:45:32.000+01:00,86.6968994140625,102.11555480957031,115.23938751220703,714.0,33.16586685180664,43.43328094482422,1018.7371826171875,2.2381591796875,1.0,25.0,30452,16650,live,940GZZLUBLG,Bethnal Green,,,,
4943,2026-07-10T10:45:42.000+01:00,84.5908432006836,99.89547729492188,113.02813720703125,726.0,33.19524002075195,43.49889373779297,1019.39306640625,6.558837890625,1.0,26.0,30533,16658,live,,,,,,
4944,2026-07-10T10:45:52.000+01:00,84.39501190185547,100.096923828125,113.74325561523438,745.0,33.2700080871582,43.54161834716797,1019.3385009765625,0.545654296875,1.0,26.0,30531,16662,live,940GZZLULVT,Liverpool Street,,,,
4945,2026-07-10T10:46:02.000+01:00,82.33393096923828,98.20225524902344,112.20677185058594,750.0,33.32341384887695,43.49431610107422,1019.3521728515625,0.13671875,1.0,26.0,30566,16675,live,940GZZLULVT,Liverpool Street,,,,
4946,2026-07-10T10:46:12.000+01:00,77.35737609863281,91.33053588867188,103.31156921386719,755.0,33.379493713378906,43.08689880371094,1019.434814453125,0.826416015625,1.0,26.0,30555,16679,live,940GZZLULVT,Liverpool Street,,,,
4947,2026-07-10T10:46:22.000+01:00,75.70761108398438,89.08721923828125,100.44108581542969,755.0,33.432899475097656,42.90989685058594,1019.4456787109375,0.108642578125,1.0,26.0,30530,16671,live,940GZZLULVT,Liverpool Street,,,,
4948,2026-07-10T10:46:32.000+01:00,73.59306335449219,86.39632415771484,97.17826843261719,754.0,33.486305236816406,42.97703552246094,1019.345947265625,0.997314453125,1.0,26.0,30500,16679,live,940GZZLULVT,Liverpool Street,,,,
4949,2026-07-10T10:46:42.000+01:00,71.5416259765625,84.85292053222656,96.42190551757812,755.0,33.563743591308594,43.1418342590332,1019.35546875,0.09521484375,1.0,27.0,30482,16688,live,940GZZLULVT,Liverpool Street,,,,
4950,2026-07-10T10:46:52.000+01:00,72.47743225097656,86.41284942626953,98.6989974975586,755.0,33.582435607910156,42.95109558105469,1019.2940673828125,0.614013671875,1.0,27.0,30440,16697,live,940GZZLULVT,Liverpool Street,,,,
4951,2026-07-10T10:47:02.000+01:00,73.09579467773438,87.43951416015625,100.1944351196289,754.0,33.60913848876953,42.84428024291992,1019.4110717773438,1.1700439453125,1.0,28.0,30484,16689,live,940GZZLULVT,Liverpool Street,,,,
4952,2026-07-10T10:47:12.000+01:00,71.38883972167969,85.6780014038086,98.48762512207031,754.0,33.675899505615234,42.68101119995117,1019.396240234375,0.1483154296875,1.0,28.0,30503,16700,live,940GZZLULVT,Liverpool Street,,,,
4953,2026-07-10T10:47:22.000+01:00,59.058475494384766,70.7029800415039,81.0780258178711,752.0,33.69993209838867,42.458229064941406,1019.32470703125,0.71533203125,1.0,28.0,30530,16706,live,940GZZLULVT,Liverpool Street,,,,
4954,2026-07-10T10:47:32.000+01:00,47.49274826049805,56.32839584350586,64.00714874267578,748.0,33.72396469116211,42.24612808227539,1019.343994140625,0.19287109375,1.0,28.0,30488,16702,live,940GZZLULVT,Liverpool Street,,,,
4955,2026-07-10T10:47:42.000+01:00,51.02485275268555,59.83017349243164,67.2155990600586,740.0,33.74265670776367,41.940948486328125,1019.1669311523438,1.7706298828125,1.0,28.0,30516,16702,live,940GZZLULVT,Liverpool Street,,,,
4956,2026-07-10T10:47:52.000+01:00,38.774810791015625,45.29556655883789,50.69338607788086,727.0,33.79873275756836,41.65560531616211,1019.3464965820312,1.795654296875,1.0,29.0,30497,16688,live,940GZZLULVT,Liverpool Street,,,,
4957,2026-07-10T10:48:02.000+01:00,32.111392974853516,37.28315353393555,41.466156005859375,719.0,33.81742477416992,41.565574645996094,1019.714599609375,3.6810302734375,1.0,29.0,30471,16685,live,940GZZLULVT,Liverpool Street,,,,
4958,2026-07-10T10:48:12.000+01:00,59.66796875,69.26296997070312,77.01683807373047,708.0,33.7586784362793,41.445030212402344,1019.2954711914062,4.1912841796875,1.0,29.0,30495,16692,live,940GZZLULVT,Liverpool Street,,,,
4959,2026-07-10T10:48:22.000+01:00,63.427452087402344,73.55152130126953,81.69905090332031,703.0,33.73197555541992,41.448081970214844,1019.3849487304688,0.894775390625,1.0,29.0,30507,16686,live,940GZZLULVT,Liverpool Street,,,,
4960,2026-07-10T10:48:32.000+01:00,71.9935531616211,83.60645294189453,93.00714874267578,696.0,33.7373161315918,41.429771423339844,1019.3546752929688,0.302734375,1.0,29.0,30462,16678,live,940GZZLULVT,Liverpool Street,,,,
4961,2026-07-10T10:48:42.000+01:00,81.57988739013672,95.37142944335938,106.81900787353516,695.0,33.7800407409668,41.928741455078125,1019.3973999023438,0.42724609375,1.0,30.0,30422,16677,live,940GZZLULVT,Liverpool Street,,,,
4962,2026-07-10T10:48:52.000+01:00,82.50711822509766,95.9903793334961,106.9832763671875,700.0,33.83077621459961,42.458229064941406,1019.3494262695312,0.479736328125,1.0,30.0,30321,16693,live,940GZZLULVT,Liverpool Street,,,,
4963,2026-07-10T10:49:02.000+01:00,80.38965606689453,93.54985809326172,104.28953552246094,727.0,33.87884521484375,42.77408981323242,1019.4721069335938,1.226806640625,1.0,31.0,30332,16713,live,,,,,,
4964,2026-07-10T10:49:12.000+01:00,77.2276611328125,90.61360168457031,101.86559295654297,759.0,33.916229248046875,43.23491287231445,1019.5496826171875,0.7757568359375,1.0,32.0,30345,16720,live,,,,,,
4965,2026-07-10T10:49:22.000+01:00,75.66130065917969,89.12229919433594,100.58187866210938,813.0,33.95361328125,43.646907806396484,1019.4573974609375,0.9228515625,1.0,33.0,30302,16732,live,,,,,,
4966,2026-07-10T10:49:32.000+01:00,73.61985778808594,87.3674087524414,99.33480072021484,875.0,34.01502990722656,44.10162353515625,1019.7227172851562,2.6531982421875,1.0,34.0,30282,16750,live,,,,,,
4967,2026-07-10T10:49:42.000+01:00,71.52825927734375,85.47196960449219,97.83714294433594,901.0,34.06309509277344,44.235904693603516,1019.0780639648438,6.446533203125,1.0,36.0,30286,16775,live,,,,,,
4968,2026-07-10T10:49:52.000+01:00,73.12737274169922,87.29873657226562,99.83460998535156,915.0,34.1031494140625,44.43122100830078,1018.994140625,0.8392333984375,1.0,37.0,30277,16773,live,,,,,,
4969,2026-07-10T10:50:02.000+01:00,75.96395874023438,90.72750091552734,103.80307006835938,931.0,34.13786697387695,44.51361846923828,1018.72314453125,2.7099609375,1.0,38.0,30261,16769,live,940GZZLUBLG,Bethnal Green,,,,
4970,2026-07-10T10:50:12.000+01:00,73.98359680175781,87.97779083251953,100.22904968261719,957.0,34.18059158325195,44.71503829956055,1019.1490478515625,4.259033203125,1.0,39.0,30198,16777,live,,,,,,
4971,2026-07-10T10:50:22.000+01:00,74.37743377685547,87.74565124511719,99.18131256103516,1014.0,34.231327056884766,44.83405685424805,1019.3753662109375,2.26318359375,1.0,41.0,30183,16778,live,,,,,,
4972,2026-07-10T10:50:32.000+01:00,75.6039810180664,88.8132553100586,99.96041107177734,1054.0,34.26604080200195,44.7074089050293,1019.1974487304688,1.7791748046875,1.0,42.0,30242,16788,live,,,,,,
4973,2026-07-10T10:50:42.000+01:00,76.58317565917969,89.61089324951172,100.45902252197266,1065.0,34.25802993774414,44.353397369384766,1019.2628784179688,0.654296875,1.0,42.0,30317,16783,live,940GZZLUBNK,Bank,,,,
4974,2026-07-10T10:50:52.000+01:00,79.4398193359375,93.8187255859375,106.15948486328125,1064.0,34.26604080200195,43.682003021240234,1019.2505493164062,0.123291015625,1.0,43.0,30177,16763,live,940GZZLUBNK,Bank,,,,
4975,2026-07-10T10:51:02.000+01:00,80.8953628540039,98.20856475830078,114.13385772705078,1062.0,34.33546829223633,43.45311737060547,1019.198974609375,0.5157470703125,1.0,43.0,30248,16734,live,940GZZLUBNK,Bank,,,,
4976,2026-07-10T10:51:12.000+01:00,80.5469741821289,100.48091125488281,119.72683715820312,1041.0,34.38353729248047,43.38445281982422,1019.1846923828125,0.142822265625,1.0,43.0,30313,16726,live,940GZZLUBNK,Bank,,,,
4977,2026-07-10T10:51:22.000+01:00,79.77315521240234,99.49588012695312,118.53211212158203,1009.0,34.33546829223633,42.85953903198242,1019.0381469726562,1.4654541015625,1.0,43.0,30353,16736,live,940GZZLUBNK,Bank,,,,
4978,2026-07-10T10:51:32.000+01:00,82.1419906616211,102.13704681396484,121.34457397460938,979.0,34.33546829223633,42.441444396972656,1019.153076171875,1.1492919921875,1.0,42.0,30353,16709,live,940GZZLUBNK,Bank,,,,
4979,2026-07-10T10:51:42.000+01:00,86.09486389160156,104.89735412597656,122.31967163085938,957.0,34.388877868652344,42.29037857055664,1019.1278686523438,0.2520751953125,1.0,42.0,30338,16695,live,940GZZLUBNK,Bank,,,,
4980,2026-07-10T10:51:52.000+01:00,88.873046875,107.10572814941406,123.61080932617188,919.0,34.40489959716797,42.15457534790039,1019.1502075195312,0.223388671875,1.0,42.0,30342,16695,live,940GZZLUBNK,Bank,,,,
4981,2026-07-10T10:52:02.000+01:00,88.52082061767578,107.395751953125,124.73390197753906,893.0,34.460975646972656,42.066070556640625,1019.2349853515625,0.8477783203125,1.0,41.0,30363,16688,live,940GZZLUBNK,Bank,,,,
4982,2026-07-10T10:52:12.000+01:00,86.85759735107422,106.24020385742188,124.33688354492188,859.0,34.49835968017578,41.944000244140625,1019.2039794921875,0.31005859375,1.0,41.0,30359,16688,live,940GZZLUBNK,Bank,,,,
4983,2026-07-10T10:52:22.000+01:00,85.4120864868164,104.3749771118164,122.04834747314453,845.0,34.546424865722656,42.001983642578125,1019.3234252929688,1.1944580078125,1.0,41.0,30361,16691,live,940GZZLUBNK,Bank,,,,
4984,2026-07-10T10:52:32.000+01:00,84.15396118164062,102.61946105957031,119.7582778930664,834.0,34.567787170410156,42.014190673828125,1019.3297729492188,0.0634765625,1.0,41.0,30367,16700,live,940GZZLUBNK,Bank,,,,
4985,2026-07-10T10:52:42.000+01:00,82.79962158203125,100.24883270263672,116.20758056640625,825.0,34.61585235595703,41.939422607421875,1019.3729858398438,0.43212890625,1.0,41.0,30323,16699,live,940GZZLUBNK,Bank,,,,
4986,2026-07-10T10:52:52.000+01:00,84.37246704101562,100.72420501708984,115.18927764892578,809.0,34.671932220458984,42.058441162109375,1019.563232421875,1.9024658203125,1.0,41.0,30306,16701,live,940GZZLUBNK,Bank,,,,
4987,2026-07-10T10:53:02.000+01:00,83.45491027832031,99.54452514648438,113.7463150024414,803.0,34.7013053894043,42.081329345703125,1019.7382202148438,1.7498779296875,1.0,41.0,30297,16709,live,940GZZLUBNK,Bank,,,,
4988,2026-07-10T10:53:12.000+01:00,84.52851104736328,101.4529800415039,116.62696838378906,800.0,34.639888763427734,41.989776611328125,1019.2600708007812,4.781494140625,1.0,41.0,30322,16711,live,940GZZLUBNK,Bank,,,,
4989,2026-07-10T10:53:22.000+01:00,86.15036010742188,103.49942779541016,119.09013366699219,797.0,34.60784149169922,41.68307113647461,1019.3197631835938,0.596923828125,1.0,41.0,30337,16702,live,940GZZLUBNK,Bank,,,,
4990,2026-07-10T10:53:32.000+01:00,87.3781509399414,106.26073455810547,123.69105529785156,794.0,34.6585807800293,41.947052001953125,1019.3323364257812,0.125732421875,1.0,41.0,30291,16690,live,,,,,,
4991,2026-07-10T10:53:42.000+01:00,86.12960815429688,104.32176971435547,120.97412109375,794.0,34.68795394897461,42.29037857055664,1019.5722045898438,2.398681640625,1.0,41.0,30259,16697,live,,,,,,
4992,2026-07-10T10:53:52.000+01:00,85.68980407714844,102.38268280029297,117.18157196044922,803.0,34.73868942260742,42.606239318847656,1019.5083618164062,0.638427734375,1.0,41.0,30209,16705,live,,,,,,
4993,2026-07-10T10:54:02.000+01:00,85.30475616455078,102.48408508300781,117.92247009277344,830.0,34.789424896240234,42.94194030761719,1019.7730712890625,2.6470947265625,1.0,42.0,30200,16724,live,,,,,,
4994,2026-07-10T10:54:12.000+01:00,86.67770385742188,104.08830261230469,119.71829223632812,854.0,34.82680892944336,43.41649627685547,1020.1612548828125,3.8818359375,1.0,43.0,30169,16741,live,,,,,,
4995,2026-07-10T10:54:22.000+01:00,85.15271759033203,102.66020202636719,118.52220153808594,882.0,34.86953353881836,43.9322509765625,1020.02392578125,1.373291015625,1.0,44.0,30168,16746,live,,,,,,
4996,2026-07-10T10:54:32.000+01:00,83.8270492553711,101.24440002441406,117.0888442993164,904.0,34.901580810546875,44.242008209228516,1019.7988891601562,2.2503662109375,1.0,45.0,30148,16767,live,,,,,,
4997,2026-07-10T10:54:42.000+01:00,84.44158935546875,101.32528686523438,116.45428466796875,968.0,34.954986572265625,43.813228607177734,1018.9776611328125,8.2122802734375,1.0,46.0,30145,16776,live,,,,,,
4998,2026-07-10T10:54:52.000+01:00,83.35501861572266,100.33673858642578,115.66751861572266,966.0,34.965667724609375,43.62248992919922,1019.33349609375,3.558349609375,1.0,47.0,30139,16760,live,,,,,,
4999,2026-07-10T10:55:02.000+01:00,84.94314575195312,101.72412872314453,116.68775177001953,967.0,35.0457763671875,43.54772186279297,1018.8365478515625,4.969482421875,1.0,48.0,30114,16750,live,,,,,,
5000,2026-07-10T10:55:12.000+01:00,85.53721618652344,102.7080078125,118.11884307861328,967.0,35.04844665527344,43.18303298950195,1019.0903930664062,2.5384521484375,1.0,48.0,30253,16756,live,940GZZLUSPU,St. Paul's,,,,
5001,2026-07-10T10:55:22.000+01:00,83.47110748291016,100.22383117675781,115.25826263427734,966.0,35.03242492675781,42.22781753540039,1019.22412109375,1.3372802734375,1.0,48.0,30253,16751,live,940GZZLUSPU,St. Paul's,,,,
5002,2026-07-10T10:55:32.000+01:00,82.71377563476562,99.771728515625,115.24467468261719,940.0,35.05912780761719,41.77462387084961,1018.8795166015625,3.446044921875,1.0,47.0,30312,16719,live,940GZZLUSPU,St. Paul's,,,,
5007,2026-07-10T10:56:22.000+01:00,100.07689666748047,122.60508728027344,143.7020263671875,807.0,34.65591049194336,40.39063262939453,1018.8267822265625,0.52734375,1.0,45.0,30379,16668,live,940GZZLUSPU,St. Paul's,,,,
5008,2026-07-10T10:56:32.000+01:00,96.01383209228516,116.6478271484375,135.65647888183594,772.0,34.559776306152344,40.39521026611328,1019.2374267578125,4.1064453125,1.0,45.0,30386,16655,live,940GZZLUSPU,St. Paul's,,,,
5009,2026-07-10T10:56:42.000+01:00,92.2505111694336,111.55150604248047,129.15586853027344,766.0,34.503700256347656,40.357059478759766,1019.6668090820312,4.2938232421875,1.0,45.0,30399,16660,live,940GZZLUSPU,St. Paul's,,,,
5010,2026-07-10T10:56:52.000+01:00,87.38743591308594,105.7955551147461,122.6285629272461,756.0,34.49034881591797,40.41657257080078,1019.9151611328125,2.4835205078125,1.0,44.0,30419,16666,live,940GZZLUSPU,St. Paul's,,,,
5014,2026-07-10T10:57:32.000+01:00,69.95484924316406,84.38876342773438,97.4840316772461,713.0,34.581138610839844,40.169376373291016,1019.7968139648438,1.1834716796875,1.0,43.0,30460,16700,live,940GZZLUSPU,St. Paul's,,,,
5015,2026-07-10T10:57:42.000+01:00,73.62765502929688,87.98773956298828,100.72480773925781,697.0,34.58647918701172,40.06103515625,1018.97802734375,8.1878662109375,1.0,43.0,30428,16707,live,940GZZLUSPU,St. Paul's,,,,
5016,2026-07-10T10:57:52.000+01:00,74.7131576538086,89.89705657958984,103.59160614013672,697.0,34.54108428955078,40.273136138916016,1019.1412353515625,1.632080078125,1.0,43.0,30410,16702,live,940GZZLUSPU,St. Paul's,,,,
5017,2026-07-10T10:58:02.000+01:00,77.12397003173828,94.28235626220703,110.2854995727539,698.0,34.591819763183594,40.55847930908203,1019.1021118164062,0.3912353515625,1.0,43.0,30381,16701,live,940GZZLUSPU,St. Paul's,,,,
5018,2026-07-10T10:58:12.000+01:00,79.27960968017578,97.22535705566406,114.06278991699219,702.0,34.59716033935547,40.95979309082031,1019.3690795898438,2.669677734375,1.0,43.0,30315,16716,live,,,,,,
5019,2026-07-10T10:58:22.000+01:00,80.66851806640625,98.36028289794922,114.77799224853516,718.0,34.6372184753418,41.05134582519531,1024.0452880859375,46.7620849609375,1.0,43.0,30288,16719,live,,,,,,
5020,2026-07-10T10:58:32.000+01:00,82.2795639038086,99.6305160522461,115.50328063964844,740.0,34.599830627441406,41.31990432739258,1021.6296997070312,24.1558837890625,1.0,43.0,30285,16725,live,,,,,,
5021,2026-07-10T10:58:42.000+01:00,82.28946685791016,98.86746215820312,113.76756286621094,758.0,34.6372184753418,41.412986755371094,1020.778076171875,8.5162353515625,1.0,43.0,30232,16723,live,,,,,,
5022,2026-07-10T10:58:52.000+01:00,83.77132415771484,99.80521392822266,113.91403198242188,782.0,34.64789962768555,41.382469177246094,1021.2653198242188,4.8724365234375,1.0,43.0,30272,16732,live,,,,,,
5023,2026-07-10T10:59:02.000+01:00,82.73251342773438,98.46100616455078,112.26090240478516,800.0,34.6799430847168,41.477073669433594,1017.7970581054688,34.6826171875,1.0,43.0,30266,16729,live,,,,,,
5024,2026-07-10T10:59:12.000+01:00,91.78910827636719,110.83831787109375,128.15940856933594,807.0,34.69863510131836,41.440452575683594,1016.7052612304688,10.91796875,1.0,43.0,30257,16724,live,,,,,,
5025,2026-07-10T10:59:22.000+01:00,96.72940063476562,117.58961486816406,136.8310089111328,809.0,34.736019134521484,41.406883239746094,1018.1329956054688,14.27734375,1.0,43.0,30216,16720,live,,,,,,
5026,2026-07-10T10:59:32.000+01:00,99.82418823242188,121.05207824707031,140.5321807861328,822.0,34.78408432006836,41.539634704589844,1018.74169921875,6.0870361328125,1.0,43.0,30236,16714,live,,,,,,
5027,2026-07-10T10:59:42.000+01:00,107.49654388427734,130.3114013671875,151.23268127441406,827.0,34.82680892944336,41.518272399902344,1019.0036010742188,2.6190185546875,1.0,43.0,30314,16738,live,940GZZLUCHL,Chancery Lane,,,,
5028,2026-07-10T10:59:52.000+01:00,112.78651428222656,137.1871337890625,159.72019958496094,826.0,34.7867546081543,41.11543273925781,1019.12255859375,1.1895751953125,1.0,43.0,30311,16733,live,940GZZLUCHL,Chancery Lane,,,,
5029,2026-07-10T11:00:02.000+01:00,113.27484130859375,137.43768310546875,159.63645935058594,826.0,34.714656829833984,41.01014709472656,1018.540771484375,5.81787109375,1.0,43.0,30305,16717,live,940GZZLUCHL,Chancery Lane,,,,
5030,2026-07-10T11:00:12.000+01:00,113.29113006591797,136.65777587890625,157.8542022705078,822.0,34.75471115112305,40.92469787597656,1017.41796875,11.22802734375,1.0,43.0,30286,16703,live,940GZZLUCHL,Chancery Lane,,,,
5031,2026-07-10T11:00:22.000+01:00,76.24498748779297,91.39839935302734,104.94390106201172,797.0,34.66659164428711,40.6317253112793,1018.014404296875,5.96435546875,1.0,43.0,30421,16721,live,940GZZLUCHL,Chancery Lane,,,,
5032,2026-07-10T11:00:32.000+01:00,78.41621398925781,92.5079116821289,104.56147766113281,781.0,34.55443572998047,40.41809844970703,1018.9779663085938,9.6356201171875,1.0,43.0,30396,16708,live,940GZZLUCHL,Chancery Lane,,,,
5033,2026-07-10T11:00:42.000+01:00,81.6950454711914,95.47958374023438,106.91000366210938,769.0,34.485008239746094,40.218204498291016,1018.94921875,0.2874755859375,1.0,42.0,30394,16700,live,940GZZLUCHL,Chancery Lane,,,,
5034,2026-07-10T11:00:52.000+01:00,78.93640899658203,92.13899230957031,103.0369873046875,761.0,34.517051696777344,40.0762939453125,1019.005615234375,0.56396484375,1.0,42.0,30425,16693,live,940GZZLUCHL,Chancery Lane,,,,
5035,2026-07-10T11:01:02.000+01:00,76.88526153564453,90.06787109375,101.08895111083984,746.0,34.51972198486328,39.850460052490234,1019.5322875976562,5.2667236328125,1.0,42.0,30461,16692,live,940GZZLUCHL,Chancery Lane,,,,
5036,2026-07-10T11:01:12.000+01:00,77.0671615600586,90.67674255371094,102.2215576171875,734.0,34.527732849121094,39.629207611083984,1019.1654052734375,3.6688232421875,1.0,42.0,30441,16696,live,940GZZLUCHL,Chancery Lane,,,,
5037,2026-07-10T11:01:22.000+01:00,76.67970275878906,90.22588348388672,101.71895599365234,721.0,34.538414001464844,39.40642547607422,1019.2308349609375,0.654296875,1.0,42.0,30481,16694,live,940GZZLUCHL,Chancery Lane,,,,
5038,2026-07-10T11:01:32.000+01:00,76.08378601074219,89.9203109741211,101.8215560913086,702.0,34.59449005126953,39.16838455200195,1019.0897827148438,1.4105224609375,1.0,41.0,30500,16684,live,940GZZLUCHL,Chancery Lane,,,,
5039,2026-07-10T11:01:42.000+01:00,108.68453979492188,133.662109375,157.21702575683594,694.0,34.59449005126953,39.3469123840332,1019.116455078125,0.2667236328125,1.0,41.0,30430,16687,live,940GZZLUCHL,Chancery Lane,,,,
5040,2026-07-10T11:01:52.000+01:00,111.08392333984375,142.32550048828125,173.5836944580078,686.0,34.567787170410156,39.53612518310547,1019.3309326171875,2.144775390625,1.0,41.0,30387,16688,live,940GZZLUCHL,Chancery Lane,,,,
5041,2026-07-10T11:02:02.000+01:00,108.15493774414062,138.10292053222656,167.94613647460938,687.0,34.482337951660156,39.748226165771484,1018.6219482421875,7.08984375,1.0,41.0,30379,16694,live,940GZZLUCHL,Chancery Lane,,,,
5042,2026-07-10T11:02:12.000+01:00,110.87066650390625,138.53387451171875,165.3079071044922,688.0,34.514381408691406,39.795528411865234,1018.8135375976562,1.9158935546875,1.0,41.0,30371,16697,live,940GZZLUCHL,Chancery Lane,,,,
5043,2026-07-10T11:02:22.000+01:00,113.90001678466797,139.9890899658203,164.56480407714844,689.0,34.52239227294922,39.9267578125,1018.74169921875,0.7183837890625,1.0,41.0,30313,16686,live,940GZZLUCHL,Chancery Lane,,,,
5044,2026-07-10T11:02:32.000+01:00,112.7105941772461,138.02452087402344,161.71148681640625,690.0,34.59716033935547,40.144962310791016,1018.9884643554688,2.4676513671875,1.0,41.0,30295,16687,live,,,,,,
5045,2026-07-10T11:02:42.000+01:00,111.07491302490234,135.50360107421875,158.19561767578125,718.0,34.61852264404297,40.59662628173828,1020.2638549804688,12.75390625,1.0,41.0,30282,16690,live,,,,,,
5046,2026-07-10T11:02:52.000+01:00,109.4530258178711,131.7838592529297,151.9551239013672,734.0,34.66659164428711,40.85908126831055,1018.4453735351562,18.184814453125,1.0,41.0,30281,16708,live,,,,,,
5047,2026-07-10T11:03:02.000+01:00,106.83805847167969,128.6106414794922,148.26890563964844,738.0,34.68795394897461,41.03456115722656,1018.9385375976562,4.931640625,1.0,41.0,30270,16713,live,,,,,,
5048,2026-07-10T11:03:12.000+01:00,106.07009887695312,128.1230926513672,148.18942260742188,750.0,34.75204086303711,40.97047424316406,1018.80126953125,1.3726806640625,1.0,41.0,30258,16716,live,,,,,,
5049,2026-07-10T11:03:22.000+01:00,106.20536804199219,127.42862701416016,146.44183349609375,760.0,34.8081169128418,40.94148254394531,1018.7838134765625,0.174560546875,1.0,41.0,30300,16724,live,940GZZLUHBN,Holborn,,,,
5050,2026-07-10T11:03:32.000+01:00,100.35560607910156,120.3844985961914,138.3185272216797,770.0,34.82680892944336,40.94453430175781,1018.7535400390625,0.302734375,1.0,41.0,30350,16733,live,940GZZLUHBN,Holborn,,,,
5051,2026-07-10T11:03:42.000+01:00,95.57351684570312,114.85289764404297,132.19000244140625,773.0,34.86953353881836,40.73395919799805,1018.7859497070312,0.3240966796875,1.0,41.0,30372,16740,live,940GZZLUHBN,Holborn,,,,
5052,2026-07-10T11:03:52.000+01:00,93.63025665283203,112.77972412109375,130.0938720703125,774.0,34.912261962890625,40.48981475830078,1018.8450927734375,0.5914306640625,1.0,41.0,30354,16741,live,940GZZLUHBN,Holborn,,,,
5053,2026-07-10T11:04:02.000+01:00,94.38145446777344,113.5489273071289,130.83143615722656,772.0,34.9603271484375,40.55237579345703,1018.4124145507812,4.3267822265625,1.0,41.0,30356,16744,live,940GZZLUHBN,Holborn,,,,
5054,2026-07-10T11:04:12.000+01:00,93.68959045410156,113.08616638183594,130.70675659179688,770.0,34.8294792175293,40.180057525634766,1018.19921875,2.1319580078125,1.0,41.0,30388,16759,live,940GZZLUHBN,Holborn,,,,
5055,2026-07-10T11:04:22.000+01:00,95.38252258300781,114.99813842773438,132.77186584472656,767.0,34.682613372802734,40.134281158447266,1018.5822143554688,3.8299560546875,1.0,41.0,30425,16737,live,940GZZLUHBN,Holborn,,,,
5056,2026-07-10T11:04:32.000+01:00,93.2119140625,111.7658462524414,128.36135864257812,757.0,34.66659164428711,39.809261322021484,1018.40478515625,1.7742919921875,1.0,41.0,30520,16736,live,940GZZLUHBN,Holborn,,,,
5057,2026-07-10T11:04:42.000+01:00,83.68961334228516,99.6771469116211,113.73360443115234,739.0,34.69062423706055,39.46440887451172,1018.2305297851562,1.7425537109375,1.0,40.0,30540,16737,live,940GZZLUHBN,Holborn,,,,
5058,2026-07-10T11:04:52.000+01:00,76.72813415527344,91.76469421386719,105.12834167480469,723.0,34.69596481323242,39.07835388183594,1018.6052856445312,3.74755859375,1.0,40.0,30592,16742,live,940GZZLUHBN,Holborn,,,,
5059,2026-07-10T11:05:02.000+01:00,69.38239288330078,82.4100570678711,93.77841186523438,717.0,34.66392135620117,38.84794235229492,1019.16650390625,5.6121826171875,1.0,39.0,30608,16738,live,940GZZLUHBN,Holborn,,,,
5060,2026-07-10T11:05:12.000+01:00,65.93472290039062,78.63299560546875,89.83625793457031,708.0,34.7013053894043,38.72282028198242,1019.5421142578125,3.756103515625,1.0,38.0,30597,16738,live,940GZZLUHBN,Holborn,,,,
5061,2026-07-10T11:05:22.000+01:00,78.60781860351562,94.528076171875,108.86711883544922,699.0,34.68528366088867,38.65568161010742,1019.064697265625,4.774169921875,1.0,37.0,30544,16744,live,940GZZLUHBN,Holborn,,,,
5062,2026-07-10T11:05:32.000+01:00,95.90989685058594,118.6213607788086,140.24981689453125,695.0,34.65591049194336,38.82352828979492,1018.7706298828125,2.940673828125,1.0,37.0,30480,16730,live,940GZZLUHBN,Holborn,,,,
5063,2026-07-10T11:05:42.000+01:00,102.3128662109375,128.88314819335938,154.90121459960938,690.0,34.66659164428711,38.96849060058594,1018.734375,0.362548828125,1.0,37.0,30472,16729,live,940GZZLUHBN,Holborn,,,,
5064,2026-07-10T11:05:52.000+01:00,105.54900360107422,131.5778045654297,156.68113708496094,690.0,34.714656829833984,39.41710662841797,1018.7578735351562,0.2349853515625,1.0,37.0,30426,16727,live,940GZZLUHBN,Holborn,,,,
5065,2026-07-10T11:06:02.000+01:00,107.58674621582031,133.7805938720703,158.9442596435547,690.0,34.714656829833984,40.0030517578125,1018.8330688476562,0.751953125,1.0,37.0,30391,16736,live,,,,,,
5066,2026-07-10T11:06:12.000+01:00,109.33472442626953,133.65167236328125,156.3289031982422,695.0,34.757381439208984,40.308231353759766,1019.3110961914062,4.7802734375,1.0,37.0,30299,16753,live,,,,,,
5067,2026-07-10T11:06:22.000+01:00,109.6735610961914,131.817138671875,151.7370147705078,711.0,34.79743576049805,40.48218536376953,1018.5164184570312,7.94677734375,1.0,37.0,30340,16763,live,,,,,,
5068,2026-07-10T11:06:32.000+01:00,105.13164520263672,125.47913360595703,143.46871948242188,776.0,34.81879806518555,41.14442825317383,1017.9302978515625,5.8612060546875,1.0,37.0,30309,16760,live,,,,,,
5069,2026-07-10T11:06:42.000+01:00,101.96954345703125,122.10799407958984,140.0631866455078,817.0,34.853511810302734,41.21614456176758,1019.269287109375,13.389892578125,1.0,37.0,30326,16782,live,,,,,,
5070,2026-07-10T11:06:52.000+01:00,101.54232788085938,121.2894515991211,138.78346252441406,826.0,34.86953353881836,41.08033752441406,1018.1929931640625,10.762939453125,1.0,37.0,30339,16789,live,,,,,,
5071,2026-07-10T11:07:02.000+01:00,101.05793762207031,120.96773529052734,138.7012939453125,835.0,34.890899658203125,40.95674133300781,1018.48291015625,2.899169921875,1.0,37.0,30364,16779,live,,,,,,
5072,2026-07-10T11:07:12.000+01:00,98.89260864257812,118.78005981445312,136.64198303222656,836.0,34.922943115234375,40.8453483581543,1018.5159301757812,0.3302001953125,1.0,37.0,30352,16774,live,,,,,,
5073,2026-07-10T11:07:22.000+01:00,100.36121368408203,121.98757934570312,141.92994689941406,836.0,34.93095397949219,40.8026237487793,1018.2313842773438,2.845458984375,1.0,37.0,30376,16780,live,940GZZLUTCR,Tottenham Court Road,,,,
5074,2026-07-10T11:07:32.000+01:00,105.08287048339844,128.92491149902344,151.31219482421875,834.0,34.874874114990234,40.53711700439453,1018.3764038085938,1.4501953125,1.0,37.0,30381,16777,live,940GZZLUTCR,Tottenham Court Road,,,,
5075,2026-07-10T11:07:42.000+01:00,112.41166687011719,137.92701721191406,161.8888397216797,833.0,34.9176025390625,40.39215850830078,1018.4581298828125,0.8172607421875,1.0,37.0,30358,16760,live,940GZZLUTCR,Tottenham Court Road,,,,
5076,2026-07-10T11:07:52.000+01:00,123.39266967773438,150.03419494628906,174.61874389648438,826.0,34.95231628417969,40.245670318603516,1018.5053100585938,0.4718017578125,1.0,37.0,30356,16750,live,940GZZLUTCR,Tottenham Court Road,,,,
5077,2026-07-10T11:08:02.000+01:00,120.92729949951172,147.87469482421875,173.02197265625,796.0,34.965667724609375,40.141910552978516,1017.688720703125,8.1658935546875,1.0,37.0,30373,16752,live,940GZZLUTCR,Tottenham Court Road,,,,
5078,2026-07-10T11:08:12.000+01:00,116.23271179199219,140.83230590820312,163.3665313720703,787.0,34.92561340332031,40.054931640625,1017.978759765625,2.900390625,1.0,37.0,30369,16756,live,940GZZLUTCR,Tottenham Court Road,,,,
5079,2026-07-10T11:08:22.000+01:00,117.17411804199219,142.0217742919922,164.79991149902344,789.0,34.58380889892578,40.149539947509766,1018.113525390625,1.34765625,1.0,37.0,30416,16746,live,940GZZLUTCR,Tottenham Court Road,,,,
5081,2026-07-10T11:08:42.000+01:00,114.73037719726562,140.0753631591797,163.65545654296875,783.0,34.35149002075195,40.221256256103516,1018.4129638671875,2.994384765625,1.0,37.0,30438,16714,live,940GZZLUTCR,Tottenham Court Road,,,,
5082,2026-07-10T11:08:52.000+01:00,112.8130874633789,138.39044189453125,162.40127563476562,777.0,34.388877868652344,40.1129150390625,1018.4332275390625,0.20263671875,1.0,37.0,30444,16719,live,,,,,,
5083,2026-07-10T11:09:02.000+01:00,113.21483612060547,139.0783233642578,163.419921875,774.0,34.463645935058594,39.9786376953125,1018.638916015625,2.056884765625,1.0,37.0,30441,16716,live,,,,,,
5084,2026-07-10T11:09:12.000+01:00,110.59651947021484,134.98944091796875,157.6710662841797,773.0,34.517051696777344,39.867244720458984,1018.39013671875,2.48779296875,1.0,37.0,30463,16722,live,,,,,,
5085,2026-07-10T11:09:22.000+01:00,103.59845733642578,126.5545654296875,147.93508911132812,766.0,34.538414001464844,39.784847259521484,1018.5237426757812,1.3360595703125,1.0,37.0,30494,16723,live,940GZZLUTCR,Tottenham Court Road,,,,
5086,2026-07-10T11:09:32.000+01:00,100.253662109375,123.13249969482422,144.65756225585938,762.0,34.55176544189453,39.642940521240234,1019.0396118164062,5.15869140625,1.0,37.0,30489,16732,live,940GZZLUTCR,Tottenham Court Road,,,,
5087,2026-07-10T11:09:42.000+01:00,97.88758087158203,120.92402648925781,142.81822204589844,757.0,34.514381408691406,39.653621673583984,1018.898681640625,1.4093017578125,1.0,37.0,30456,16725,live,940GZZLUTCR,Tottenham Court Road,,,,
5088,2026-07-10T11:09:52.000+01:00,94.91539764404297,116.36019897460938,136.46774291992188,756.0,34.44495391845703,39.95880126953125,1018.4193115234375,4.793701171875,1.0,37.0,30496,16732,live,940GZZLUTCR,Tottenham Court Road,,,,
5089,2026-07-10T11:10:02.000+01:00,90.8984603881836,110.13541412353516,127.75695037841797,746.0,34.41558074951172,39.884033203125,1018.496337890625,0.770263671875,1.0,37.0,30483,16740,live,940GZZLUTCR,Tottenham Court Road,,,,
5090,2026-07-10T11:10:12.000+01:00,93.59003448486328,112.7100601196289,129.99012756347656,743.0,34.41558074951172,39.89013671875,1018.3004150390625,1.959228515625,1.0,36.0,30417,16733,live,940GZZLUTCR,Tottenham Court Road,,,,
5091,2026-07-10T11:10:22.000+01:00,101.27889251708984,122.19173431396484,141.1706085205078,743.0,34.45830535888672,40.01678466796875,1018.8225708007812,5.2215576171875,1.0,37.0,30391,16720,live,,,,,,
5092,2026-07-10T11:10:32.000+01:00,110.05196380615234,132.55921936035156,152.90902709960938,741.0,34.55176544189453,40.173954010009766,1019.685791015625,8.6322021484375,1.0,37.0,30371,16732,live,,,,,,
5093,2026-07-10T11:10:42.000+01:00,115.70198822021484,138.33152770996094,158.42689514160156,740.0,34.581138610839844,40.343326568603516,1020.2698974609375,5.841064453125,1.0,37.0,30346,16739,live,,,,,,
5094,2026-07-10T11:10:52.000+01:00,116.50456237792969,138.7320098876953,158.26377868652344,740.0,34.63454818725586,40.39826202392578,1019.6328125,6.370849609375,1.0,37.0,30327,16742,live,,,,,,
5095,2026-07-10T11:11:02.000+01:00,114.58242797851562,135.25120544433594,152.96189880371094,742.0,34.68528366088867,40.42267608642578,1017.8927612304688,17.4005126953125,1.0,37.0,30283,16749,live,,,,,,
5096,2026-07-10T11:11:12.000+01:00,115.93048095703125,136.19969177246094,153.31057739257812,746.0,34.714656829833984,40.54016876220703,1018.7039184570312,8.111572265625,1.0,37.0,30231,16756,live,,,,,,
5097,2026-07-10T11:11:22.000+01:00,116.06893157958984,136.8041229248047,154.4908905029297,755.0,34.76005172729492,40.56458282470703,1018.56298828125,1.4093017578125,1.0,38.0,30254,16755,live,940GZZLUOXC,Oxford Circus,,,,
5098,2026-07-10T11:11:32.000+01:00,119.5365982055664,142.9662322998047,163.7906036376953,758.0,34.68795394897461,40.38605499267578,1018.5884399414062,0.2545166015625,1.0,38.0,30300,16757,live,940GZZLUOXC,Oxford Circus,,,,
5099,2026-07-10T11:11:42.000+01:00,123.44210815429688,147.81935119628906,169.5531005859375,761.0,34.621192932128906,40.224308013916016,1018.3040771484375,2.8436279296875,1.0,38.0,30338,16736,live,940GZZLUOXC,Oxford Circus,,,,
5100,2026-07-10T11:11:52.000+01:00,120.41661071777344,143.54270935058594,163.92176818847656,762.0,34.54375457763672,40.221256256103516,1018.2318115234375,0.72265625,1.0,38.0,30261,16721,live,940GZZLUOXC,Oxford Circus,,,,
5101,2026-07-10T11:12:02.000+01:00,120.30598449707031,142.6072998046875,161.95729064941406,768.0,34.46898651123047,40.61341094970703,1018.2462768554688,0.1446533203125,1.0,39.0,30191,16709,live,940GZZLUOXC,Oxford Circus,,,,
5102,2026-07-10T11:12:12.000+01:00,120.6734848022461,142.87646484375,162.07620239257812,770.0,34.41558074951172,40.7843132019043,1017.9327392578125,3.1353759765625,1.0,40.0,30244,16717,live,940GZZLUOXC,Oxford Circus,,,,
5103,2026-07-10T11:12:22.000+01:00,118.44029235839844,141.58966064453125,162.14083862304688,770.0,34.45830535888672,40.74921798706055,1018.591796875,6.590576171875,1.0,40.0,30261,16709,live,940GZZLUOXC,Oxford Circus,,,,
5104,2026-07-10T11:12:32.000+01:00,117.16886138916016,140.72122192382812,161.87098693847656,774.0,34.559776306152344,41.00251770019531,1018.62841796875,0.3662109375,1.0,40.0,30244,16704,live,940GZZLUOXC,Oxford Circus,,,,
5105,2026-07-10T11:12:42.000+01:00,118.66045379638672,143.18658447265625,165.45301818847656,776.0,34.6372184753418,41.21004104614258,1018.5350952148438,0.9332275390625,1.0,41.0,30216,16720,live,940GZZLUOXC,Oxford Circus,,,,
5106,2026-07-10T11:12:52.000+01:00,118.63294219970703,142.82720947265625,164.6783447265625,780.0,34.63187789916992,41.30311965942383,1018.48828125,0.4681396484375,1.0,41.0,30245,16727,live,940GZZLUOXC,Oxford Circus,,,,
5107,2026-07-10T11:13:02.000+01:00,117.00154113769531,141.31866455078125,163.44216918945312,788.0,34.71732711791992,41.13069534301758,1018.3829956054688,1.0528564453125,1.0,42.0,30242,16728,live,940GZZLUOXC,Oxford Circus,,,,
5108,2026-07-10T11:13:12.000+01:00,115.33927917480469,140.22450256347656,163.18246459960938,791.0,34.77607345581055,41.03303527832031,1018.4298706054688,0.46875,1.0,42.0,30220,16720,live,940GZZLUOXC,Oxford Circus,,,,
5109,2026-07-10T11:13:22.000+01:00,113.12969207763672,137.02777099609375,158.9040985107422,807.0,34.896240234375,41.28023147583008,1018.3934326171875,0.3643798828125,1.0,42.0,30184,16716,live,940GZZLUOXC,Oxford Circus,,,,
5110,2026-07-10T11:13:32.000+01:00,113.03691101074219,135.2579803466797,155.03228759765625,834.0,34.94964599609375,41.434349060058594,1018.1666259765625,2.26806640625,1.0,43.0,30182,16734,live,940GZZLUOXC,Oxford Circus,,,,
5111,2026-07-10T11:13:42.000+01:00,112.67577362060547,133.77017211914062,152.1538543701172,854.0,34.99504089355469,41.71053695678711,1018.247802734375,0.811767578125,1.0,44.0,30166,16729,live,940GZZLUOXC,Oxford Circus,,,,
5112,2026-07-10T11:13:52.000+01:00,111.17259216308594,131.16018676757812,148.2607421875,864.0,35.072479248046875,42.110321044921875,1018.3309936523438,0.8319091796875,1.0,45.0,30150,16752,live,940GZZLUOXC,Oxford Circus,,,,
5113,2026-07-10T11:14:02.000+01:00,113.96215057373047,135.31979370117188,153.9415283203125,875.0,35.12588882446289,42.522315979003906,1018.5621337890625,2.3114013671875,1.0,46.0,30123,16765,live,940GZZLUOXC,Oxford Circus,,,,
5114,2026-07-10T11:14:12.000+01:00,114.17974853515625,136.21060180664062,155.6631317138672,939.0,35.1979866027832,42.88395690917969,1018.4631958007812,0.9893798828125,1.0,47.0,30080,16788,live,940GZZLUOXC,Oxford Circus,,,,
5115,2026-07-10T11:14:22.000+01:00,114.39388275146484,137.0896759033203,157.36289978027344,1007.0,35.25406265258789,42.98008728027344,1018.3900146484375,0.7318115234375,1.0,49.0,30081,16801,live,940GZZLUOXC,Oxford Circus,,,,
5116,2026-07-10T11:14:32.000+01:00,112.096923828125,136.22096252441406,158.45606994628906,1051.0,35.2834358215332,42.96940612792969,1018.3742065429688,0.1580810546875,1.0,50.0,30070,16806,live,940GZZLUOXC,Oxford Circus,,,,
5117,2026-07-10T11:14:42.000+01:00,111.9554214477539,137.0537567138672,160.524169921875,1082.0,35.344852447509766,42.92973327636719,1018.3431396484375,0.3106689453125,1.0,52.0,30075,16802,live,940GZZLUOXC,Oxford Circus,,,,
5118,2026-07-10T11:14:52.000+01:00,111.71878814697266,137.1751708984375,161.1129150390625,1098.0,35.403602600097656,42.97856140136719,1018.320556640625,0.225830078125,1.0,53.0,30039,16800,live,940GZZLUOXC,Oxford Circus,,,,
5119,2026-07-10T11:15:02.000+01:00,112.23992156982422,138.9217071533203,164.36268615722656,1099.0,35.489051818847656,42.87785339355469,1018.3796997070312,0.5914306640625,1.0,54.0,30035,16802,live,940GZZLUOXC,Oxford Circus,,,,
5120,2026-07-10T11:15:12.000+01:00,108.94969940185547,135.04666137695312,159.98997497558594,1097.0,35.510414123535156,42.82444381713867,1018.4015502929688,0.218505859375,1.0,56.0,30034,16807,live,940GZZLUOXC,Oxford Circus,,,,
5121,2026-07-10T11:15:22.000+01:00,108.7077865600586,134.05950927734375,158.08323669433594,1097.0,35.553138732910156,43.1509895324707,1018.4266357421875,0.2508544921875,1.0,57.0,30000,16797,live,940GZZLUOXC,Oxford Circus,,,,
5123,2026-07-10T11:15:42.000+01:00,109.26429748535156,134.5750732421875,158.50709533691406,1100.0,35.617225646972656,42.76188278198242,1018.485595703125,0.589599609375,1.0,60.0,29989,16810,live,940GZZLUOXC,Oxford Circus,,,,
5124,2026-07-10T11:15:52.000+01:00,108.78984832763672,134.36264038085938,158.65841674804688,1101.0,35.657283782958984,42.540626525878906,1018.4075927734375,0.780029296875,1.0,61.0,29984,16791,live,940GZZLUOXC,Oxford Circus,,,,
5125,2026-07-10T11:16:02.000+01:00,111.80858612060547,137.57838439941406,161.90374755859375,1102.0,35.71603012084961,42.35904312133789,1018.4757690429688,0.6817626953125,1.0,62.0,29971,16779,live,940GZZLUOXC,Oxford Circus,,,,
5126,2026-07-10T11:16:12.000+01:00,112.63468933105469,138.74244689941406,163.43312072753906,1100.0,35.732051849365234,42.28427505493164,1018.5054931640625,0.2972412109375,1.0,63.0,29975,16776,live,940GZZLUOXC,Oxford Circus,,,,
5127,2026-07-10T11:16:22.000+01:00,112.02175903320312,137.49656677246094,161.43560791015625,1100.0,35.764095306396484,42.14999771118164,1018.491943359375,0.135498046875,1.0,64.0,29950,16767,live,940GZZLUOXC,Oxford Circus,,,,
5128,2026-07-10T11:16:32.000+01:00,108.94367218017578,135.33563232421875,160.6503448486328,1102.0,35.79079818725586,42.075225830078125,1018.4724731445312,0.1947021484375,1.0,65.0,29922,16765,live,940GZZLUOXC,Oxford Circus,,,,
5129,2026-07-10T11:16:42.000+01:00,105.44456481933594,132.9302215576172,159.87301635742188,1145.0,35.80414962768555,42.24002456665039,1018.4522705078125,0.2020263671875,1.0,66.0,29953,16763,live,940GZZLUOXC,Oxford Circus,,,,
5130,2026-07-10T11:16:52.000+01:00,101.90572357177734,126.88597869873047,150.93409729003906,1208.0,35.849544525146484,42.29953384399414,1018.5057983398438,0.5352783203125,1.0,67.0,29949,16763,live,940GZZLUOXC,Oxford Circus,,,,
5131,2026-07-10T11:17:02.000+01:00,102.57171630859375,126.72848510742188,149.6929931640625,1233.0,35.87892150878906,42.375831604003906,1018.6969604492188,1.91162109375,1.0,67.0,29966,16772,live,940GZZLUOXC,Oxford Circus,,,,
5132,2026-07-10T11:17:12.000+01:00,102.6019515991211,126.9778823852539,150.2157745361328,1240.0,35.89494323730469,42.28732681274414,1018.751953125,0.5499267578125,1.0,66.0,29971,16776,live,940GZZLUOXC,Oxford Circus,,,,
5133,2026-07-10T11:17:22.000+01:00,100.79464721679688,127.00243377685547,152.6743927001953,1239.0,35.92431640625,42.012664794921875,1018.66552734375,0.8642578125,1.0,67.0,29822,16777,live,940GZZLUOXC,Oxford Circus,,,,
5134,2026-07-10T11:17:32.000+01:00,97.07278442382812,123.33509826660156,149.3445281982422,1223.0,35.93232727050781,41.469444274902344,1018.3590698242188,3.0645751953125,1.0,71.0,29875,16769,live,940GZZLUOXC,Oxford Circus,,,,
5135,2026-07-10T11:17:42.000+01:00,98.54344177246094,124.32524871826172,149.6241912841797,1170.0,35.876251220703125,40.97657775878906,1018.45166015625,0.9259033203125,1.0,69.0,29994,16737,live,940GZZLUOXC,Oxford Circus,,,,
5136,2026-07-10T11:17:52.000+01:00,101.23809814453125,126.94239807128906,151.9491729736328,1157.0,35.88960266113281,40.7812614440918,1018.4971923828125,0.455322265625,1.0,67.0,30014,16718,live,940GZZLUOXC,Oxford Circus,,,,
5137,2026-07-10T11:18:02.000+01:00,101.59837341308594,125.8758316040039,149.06240844726562,1148.0,35.89494323730469,40.7171745300293,1018.5377197265625,0.4052734375,1.0,66.0,30018,16713,live,940GZZLUOXC,Oxford Circus,,,,
5138,2026-07-10T11:18:12.000+01:00,100.02576446533203,123.53597259521484,145.8714141845703,1132.0,35.93766784667969,40.75226974487305,1018.5536499023438,0.1593017578125,1.0,65.0,30015,16708,live,940GZZLUOXC,Oxford Circus,,,,
5139,2026-07-10T11:18:22.000+01:00,98.41569519042969,120.29315185546875,140.6918182373047,1113.0,35.95903015136719,40.7721061706543,1018.3802490234375,1.7340087890625,1.0,65.0,29979,16706,live,940GZZLUOXC,Oxford Circus,,,,
5140,2026-07-10T11:18:32.000+01:00,99.46595001220703,121.07915496826172,141.06968688964844,1094.0,35.97505187988281,41.05439758300781,1018.2139892578125,1.66259765625,1.0,65.0,30006,16709,live,940GZZLUOXC,Oxford Circus,,,,
5141,2026-07-10T11:18:42.000+01:00,101.08090209960938,122.99874877929688,143.25563049316406,1087.0,36.02845764160156,41.06050109863281,1018.2576293945312,0.4364013671875,1.0,64.0,30003,16724,live,940GZZLUOXC,Oxford Circus,,,,
5142,2026-07-10T11:18:52.000+01:00,101.44344329833984,123.06251525878906,142.91749572753906,1082.0,36.03913879394531,40.98573303222656,1018.5673217773438,3.096923828125,1.0,64.0,30017,16725,live,940GZZLUOXC,Oxford Circus,,,,
5143,2026-07-10T11:19:02.000+01:00,101.31401062011719,122.88169860839844,142.68145751953125,1073.0,36.068511962890625,41.10017395019531,1018.5780639648438,0.107421875,1.0,64.0,30009,16722,live,940GZZLUOXC,Oxford Circus,,,,
5144,2026-07-10T11:19:12.000+01:00,91.38643646240234,110.83456420898438,128.6864013671875,1071.0,36.089874267578125,41.34889602661133,1018.5586547851562,0.194091796875,1.0,64.0,29996,16729,live,940GZZLUOXC,Oxford Circus,,,,
5145,2026-07-10T11:19:22.000+01:00,78.16412353515625,94.2197265625,108.7610092163086,1063.0,36.10589599609375,41.19630813598633,1018.4783325195312,0.80322265625,1.0,64.0,30000,16732,live,940GZZLUOXC,Oxford Circus,,,,
5146,2026-07-10T11:19:32.000+01:00,73.61927032470703,88.73313903808594,102.41865539550781,1044.0,36.14328384399414,41.05897521972656,1018.5974731445312,1.19140625,1.0,63.0,30014,16730,live,940GZZLUOXC,Oxford Circus,,,,
5147,2026-07-10T11:19:42.000+01:00,71.5293197631836,85.69207000732422,98.33262634277344,1030.0,36.13260269165039,40.8331413269043,1018.5889282226562,0.08544921875,1.0,63.0,30023,16726,live,940GZZLUOXC,Oxford Circus,,,,
5148,2026-07-10T11:19:52.000+01:00,69.33592987060547,81.95846557617188,92.82075500488281,1014.0,36.13527297973633,40.74311447143555,1018.57080078125,0.1812744140625,1.0,63.0,30009,16715,live,940GZZLUOXC,Oxford Circus,,,,
5149,2026-07-10T11:20:02.000+01:00,70.85541534423828,83.78433990478516,94.922119140625,1002.0,36.1619758605957,40.6622428894043,1018.4906005859375,0.802001953125,1.0,63.0,30031,16715,live,940GZZLUOXC,Oxford Circus,,,,
5150,2026-07-10T11:20:12.000+01:00,82.84563446044922,99.27105712890625,113.93911743164062,977.0,36.19401931762695,40.45777130126953,1018.530029296875,0.394287109375,1.0,63.0,30010,16716,live,940GZZLUOXC,Oxford Circus,,,,
5151,2026-07-10T11:20:22.000+01:00,88.3010025024414,106.081298828125,122.05884552001953,968.0,36.18867874145508,40.325016021728516,1018.4765625,0.53466796875,1.0,63.0,29998,16706,live,940GZZLUOXC,Oxford Circus,,,,
5152,2026-07-10T11:20:32.000+01:00,92.22755432128906,110.49720001220703,126.80636596679688,954.0,36.223392486572266,40.363162994384766,1018.389404296875,0.87158203125,1.0,63.0,29985,16705,live,940GZZLUOXC,Oxford Circus,,,,
5153,2026-07-10T11:20:42.000+01:00,98.57880401611328,118.22496032714844,135.80612182617188,948.0,36.25810623168945,40.45166778564453,1018.44921875,0.59814453125,1.0,63.0,29977,16707,live,940GZZLUOXC,Oxford Circus,,,,
5154,2026-07-10T11:20:52.000+01:00,101.47723388671875,122.15689849853516,140.8282012939453,947.0,36.287479400634766,40.48218536376953,1018.6400146484375,1.907958984375,1.0,63.0,29985,16708,live,940GZZLUOXC,Oxford Circus,,,,
5155,2026-07-10T11:21:02.000+01:00,104.39480590820312,126.61418914794922,147.0107879638672,945.0,36.2687873840332,40.52185821533203,1018.78369140625,1.436767578125,1.0,64.0,29979,16713,live,940GZZLUOXC,Oxford Circus,,,,
5156,2026-07-10T11:21:12.000+01:00,104.88562774658203,127.81651306152344,149.0723419189453,945.0,36.26344680786133,40.193790435791016,1018.6732788085938,1.1041259765625,1.0,63.0,30054,16716,live,940GZZLUOXC,Oxford Circus,,,,
5157,2026-07-10T11:21:22.000+01:00,105.59310913085938,127.30925750732422,146.98651123046875,921.0,36.03913879394531,39.775691986083984,1018.5704956054688,1.02783203125,1.0,63.0,30147,16702,live,940GZZLUOXC,Oxford Circus,,,,
5158,2026-07-10T11:21:32.000+01:00,105.24230194091797,125.63676452636719,143.6774139404297,898.0,35.344852447509766,40.01373291015625,1018.3236694335938,2.46826171875,1.0,62.0,30136,16663,live,940GZZLUOXC,Oxford Circus,,,,
5159,2026-07-10T11:21:42.000+01:00,106.05133056640625,126.1711196899414,143.80789184570312,890.0,35.37957000732422,40.205997467041016,1018.2177124023438,1.0595703125,1.0,62.0,30080,16612,live,940GZZLUOXC,Oxford Circus,,,,
5160,2026-07-10T11:21:52.000+01:00,107.54672241210938,126.80699920654297,143.2549285888672,875.0,35.435646057128906,41.00862121582031,1018.0064086914062,2.113037109375,1.0,62.0,29917,16620,live,940GZZLUOXC,Oxford Circus,,,,
5161,2026-07-10T11:22:02.000+01:00,108.11246490478516,126.96037292480469,142.8489227294922,877.0,35.499732971191406,41.376365661621094,1018.102783203125,0.9637451171875,1.0,63.0,29913,16660,live,940GZZLUOXC,Oxford Circus,,,,
5162,2026-07-10T11:22:12.000+01:00,107.63606262207031,126.41481018066406,142.25082397460938,890.0,35.59319305419922,41.399253845214844,1018.341552734375,2.3876953125,1.0,63.0,29892,16677,live,,,,,,
5163,2026-07-10T11:22:22.000+01:00,107.70777130126953,125.852783203125,140.88670349121094,942.0,35.66262435913086,41.62966537475586,1020.5994262695312,22.5787353515625,1.0,65.0,29862,16684,live,,,,,,
5164,2026-07-10T11:22:32.000+01:00,107.24807739257812,124.7718505859375,139.05780029296875,996.0,35.753414154052734,42.035552978515625,1020.315185546875,2.8424072265625,1.0,68.0,29824,16681,live,,,,,,
5165,2026-07-10T11:22:42.000+01:00,100.5240249633789,115.68151092529297,127.47786712646484,1047.0,35.78011703491211,42.20340347290039,1018.3214721679688,19.9371337890625,1.0,70.0,29829,16710,live,,,,,,
5166,2026-07-10T11:22:52.000+01:00,91.1447982788086,104.6972885131836,115.15312194824219,1089.0,35.849544525146484,42.27054214477539,1017.8992919921875,4.2218017578125,1.0,73.0,29817,16721,live,,,,,,
5167,2026-07-10T11:23:02.000+01:00,89.00470733642578,101.88904571533203,111.65933227539062,1118.0,35.88426208496094,42.410926818847656,1018.2393188476562,3.4002685546875,1.0,75.0,29807,16727,live,,,,,,
5168,2026-07-10T11:23:12.000+01:00,74.04889678955078,84.48728942871094,92.26261138916016,1163.0,35.94834899902344,42.89616394042969,1018.2383422851562,0.009765625,1.0,75.0,30018,16741,live,940GZZLUBND,Bond Street,,,,
5169,2026-07-10T11:23:22.000+01:00,56.18369674682617,64.38819885253906,70.64533996582031,1167.0,35.95903015136719,42.067596435546875,1018.287353515625,0.4901123046875,1.0,71.0,30131,16778,live,940GZZLUBND,Bond Street,,,,
5170,2026-07-10T11:23:32.000+01:00,79.81803894042969,91.81806182861328,101.14017486572266,1149.0,35.92698669433594,41.04524230957031,1018.3685302734375,0.811767578125,1.0,70.0,29985,16746,live,940GZZLUBND,Bond Street,,,,
5171,2026-07-10T11:23:42.000+01:00,93.4134750366211,106.91168975830078,117.13534545898438,1077.0,35.929656982421875,40.50507354736328,1018.353759765625,0.147705078125,1.0,70.0,29913,16705,live,940GZZLUBND,Bond Street,,,,
5172,2026-07-10T11:23:52.000+01:00,21.20652198791504,24.005273818969727,25.992267608642578,1029.0,35.95903015136719,40.03509521484375,1018.0682983398438,2.8546142578125,1.0,69.0,30189,16698,live,940GZZLUBND,Bond Street,,,,
5173,2026-07-10T11:24:02.000+01:00,15.022429466247559,16.7606143951416,17.860836029052734,975.0,35.983062744140625,39.10124206542969,1017.7863159179688,2.81982421875,1.0,68.0,30287,16690,live,940GZZLUBND,Bond Street,,,,
5174,2026-07-10T11:24:12.000+01:00,12.671791076660156,13.962345123291016,14.669548034667969,956.0,35.86823654174805,38.19180679321289,1017.9039916992188,1.1767578125,1.0,71.0,29488,16653,live,940GZZLUBND,Bond Street,,,,
5175,2026-07-10T11:24:22.000+01:00,30.142663955688477,32.87953186035156,34.14303207397461,888.0,35.74006271362305,37.616539001464844,1018.3295288085938,4.25537109375,1.0,80.0,29644,16608,live,940GZZLUBND,Bond Street,,,,
5176,2026-07-10T11:24:32.000+01:00,105.40480041503906,115.7528305053711,121.1489028930664,851.0,35.65995407104492,37.67300033569336,1018.2987670898438,0.3076171875,1.0,79.0,29950,16577,live,940GZZLUBND,Bond Street,,,,
5177,2026-07-10T11:24:42.000+01:00,100.157470703125,111.32105255126953,118.12178802490234,824.0,35.61188507080078,38.016326904296875,1018.2886962890625,0.1007080078125,1.0,75.0,30049,16556,live,940GZZLUBND,Bond Street,,,,
5178,2026-07-10T11:24:52.000+01:00,99.082275390625,110.98640441894531,118.7959976196289,815.0,35.63058090209961,38.36728286743164,1018.3197021484375,0.31005859375,1.0,73.0,30098,16565,live,940GZZLUBND,Bond Street,,,,
5179,2026-07-10T11:25:02.000+01:00,97.63752746582031,110.01299285888672,118.51966094970703,807.0,35.62791061401367,38.512245178222656,1018.3458862304688,0.2618408203125,1.0,72.0,30126,16577,live,940GZZLUBND,Bond Street,,,,
5180,2026-07-10T11:25:12.000+01:00,94.76617431640625,108.36644744873047,118.62071228027344,803.0,35.62256622314453,38.384071350097656,1018.3880615234375,0.4217529296875,1.0,71.0,30098,16584,live,940GZZLUBND,Bond Street,,,,
5181,2026-07-10T11:25:22.000+01:00,91.66226196289062,106.10106658935547,117.6340103149414,794.0,35.502403259277344,39.91607666015625,1018.3829956054688,0.0506591796875,1.0,72.0,29298,16567,live,940GZZLUBND,Bond Street,,,,
5182,2026-07-10T11:25:32.000+01:00,88.50970458984375,102.97161865234375,114.76140594482422,1915.0,35.459678649902344,42.043182373046875,1018.4319458007812,0.489501953125,1.0,91.0,29584,16613,live,940GZZLUBND,Bond Street,,,,
5183,2026-07-10T11:25:42.000+01:00,87.43424224853516,101.64872741699219,113.20510864257812,2149.0,35.416954040527344,40.96284484863281,1018.343017578125,0.8892822265625,1.0,83.0,30040,16710,live,940GZZLUBND,Bond Street,,,,
5184,2026-07-10T11:25:52.000+01:00,85.31150817871094,99.0515365600586,110.16468811035156,2103.0,35.42229461669922,40.221256256103516,1018.2986450195312,0.4437255859375,1.0,77.0,30140,16665,live,940GZZLUBND,Bond Street,,,,
5185,2026-07-10T11:26:02.000+01:00,83.4215316772461,96.49760437011719,106.91242980957031,1911.0,35.438316345214844,39.777217864990234,1018.3697509765625,0.7110595703125,1.0,75.0,30149,16639,live,940GZZLUBND,Bond Street,,,,
5186,2026-07-10T11:26:12.000+01:00,81.24695587158203,94.42294311523438,105.12053680419922,1686.0,35.49439239501953,39.658199310302734,1018.628662109375,2.589111328125,1.0,74.0,30192,16625,live,940GZZLUBND,Bond Street,,,,
5187,2026-07-10T11:26:22.000+01:00,79.94296264648438,92.45111083984375,102.40312194824219,1506.0,35.446327209472656,39.3286018371582,1018.5672607421875,0.614013671875,1.0,73.0,30208,16629,live,940GZZLUBND,Bond Street,,,,
5188,2026-07-10T11:26:32.000+01:00,80.0198974609375,93.154541015625,103.88880920410156,1351.0,35.291446685791016,39.2858772277832,1018.6871948242188,1.1993408203125,1.0,71.0,30263,16621,live,940GZZLUBND,Bond Street,,,,
5189,2026-07-10T11:26:42.000+01:00,79.1146240234375,91.29359436035156,100.89155578613281,1221.0,35.227359771728516,39.1271858215332,1018.412109375,2.7508544921875,1.0,68.0,30287,16612,live,940GZZLUBND,Bond Street,,,,
5190,2026-07-10T11:26:52.000+01:00,79.04776763916016,90.53382873535156,99.26533508300781,1109.0,35.291446685791016,38.93797302246094,1018.3309326171875,0.811767578125,1.0,64.0,30318,16605,live,,,,,,
5195,2026-07-10T11:27:42.000+01:00,97.5947494506836,113.37918853759766,126.17555236816406,925.0,35.542457580566406,39.932861328125,1017.40673828125,9.241943359375,1.0,59.0,30072,16648,live,,,,,,
5196,2026-07-10T11:27:52.000+01:00,95.68768310546875,110.0981674194336,121.30464935302734,924.0,35.585182189941406,40.158695220947266,1018.2031860351562,7.9644775390625,1.0,59.0,30024,16658,live,,,,,,
5197,2026-07-10T11:28:02.000+01:00,94.87130737304688,108.8399658203125,119.54987335205078,924.0,35.63058090209961,40.373844146728516,1018.4777221679688,2.745361328125,1.0,59.0,30013,16664,live,,,,,,
5198,2026-07-10T11:28:12.000+01:00,94.26881408691406,108.24836730957031,119.01551818847656,925.0,35.68131637573242,40.45166778564453,1018.326171875,1.5155029296875,1.0,59.0,30087,16682,live,940GZZLUOXC,Oxford Circus,,,,
5199,2026-07-10T11:28:22.000+01:00,94.17153930664062,109.68083953857422,122.37857055664062,924.0,35.67597579956055,40.01220703125,1018.393310546875,0.67138671875,1.0,59.0,30085,16686,live,940GZZLUOXC,Oxford Circus,,,,
5200,2026-07-10T11:28:32.000+01:00,91.76744079589844,107.09915161132812,119.74726104736328,923.0,35.68398666381836,39.59563446044922,1018.5965576171875,2.032470703125,1.0,59.0,30013,16680,live,940GZZLUOXC,Oxford Circus,,,,
5201,2026-07-10T11:28:42.000+01:00,85.7988052368164,99.72416687011719,111.03514862060547,917.0,35.625240325927734,39.3743782043457,1018.8084106445312,2.1185302734375,1.0,59.0,30026,16662,live,940GZZLUOXC,Oxford Circus,,,,
5202,2026-07-10T11:28:52.000+01:00,81.3365478515625,94.2927017211914,104.7073745727539,911.0,35.61455535888672,39.40184783935547,1018.0255737304688,7.828369140625,1.0,59.0,30069,16642,live,940GZZLUOXC,Oxford Circus,,,,
5203,2026-07-10T11:29:02.000+01:00,96.276123046875,112.09852600097656,125.03790283203125,892.0,35.39025115966797,39.3591194152832,1018.2374877929688,2.119140625,1.0,59.0,30125,16652,live,940GZZLUOXC,Oxford Circus,,,,
5204,2026-07-10T11:29:12.000+01:00,105.53423309326172,123.66838073730469,138.845703125,879.0,35.3688850402832,39.08750915527344,1018.5628051757812,3.253173828125,1.0,59.0,30150,16630,live,940GZZLUOXC,Oxford Circus,,,,
5205,2026-07-10T11:29:22.000+01:00,107.63191986083984,126.58511352539062,142.6407928466797,862.0,35.36087417602539,39.01274108886719,1018.3931274414062,1.69677734375,1.0,58.0,30114,16618,live,940GZZLUOXC,Oxford Circus,,,,
5206,2026-07-10T11:29:32.000+01:00,102.23954772949219,120.09870910644531,135.16830444335938,861.0,35.382240295410156,39.1668586730957,1018.2704467773438,1.226806640625,1.0,58.0,30050,16621,live,940GZZLUOXC,Oxford Circus,,,,
5207,2026-07-10T11:29:42.000+01:00,95.05889892578125,111.98712158203125,126.40495300292969,863.0,35.446327209472656,39.3469123840332,1018.4962768554688,2.25830078125,1.0,58.0,30043,16621,live,940GZZLUOXC,Oxford Circus,,,,
5208,2026-07-10T11:29:52.000+01:00,90.9835205078125,107.10541534423828,120.80380249023438,880.0,35.49439239501953,39.716182708740234,1018.5653076171875,0.6903076171875,1.0,59.0,30018,16634,live,940GZZLUOXC,Oxford Circus,,,,
5209,2026-07-10T11:30:02.000+01:00,90.85285186767578,106.93673706054688,120.59677124023438,962.0,35.53711700439453,40.161746978759766,1018.427734375,1.375732421875,1.0,59.0,29969,16645,live,940GZZLUOXC,Oxford Circus,,,,
5210,2026-07-10T11:30:12.000+01:00,90.38990783691406,105.83338165283203,118.72158813476562,1041.0,35.58251190185547,40.363162994384766,1018.1624755859375,2.652587890625,1.0,59.0,30028,16674,live,940GZZLUOXC,Oxford Circus,,,,
5211,2026-07-10T11:30:22.000+01:00,91.41020202636719,107.90723419189453,122.04650115966797,1080.0,35.619895935058594,40.204471588134766,1017.9497680664062,2.1270751953125,1.0,59.0,30033,16685,live,940GZZLUOXC,Oxford Circus,,,,
5212,2026-07-10T11:30:32.000+01:00,161.66983032226562,192.55686950683594,219.71417236328125,1086.0,35.617225646972656,40.07476806640625,1018.153564453125,2.0379638671875,1.0,59.0,30080,16674,live,940GZZLUOXC,Oxford Circus,,,,
5213,2026-07-10T11:30:42.000+01:00,143.02423095703125,177.7709503173828,211.1288604736328,1084.0,35.65461349487305,40.0579833984375,1018.2760009765625,1.224365234375,1.0,59.0,30118,16672,live,940GZZLUOXC,Oxford Circus,,,,
5214,2026-07-10T11:30:52.000+01:00,180.48403930664062,234.30679321289062,288.9450378417969,1072.0,35.6439323425293,39.90234375,1018.392333984375,1.163330078125,1.0,59.0,30141,16663,live,940GZZLUOXC,Oxford Circus,,,,
5215,2026-07-10T11:31:02.000+01:00,235.0766143798828,313.1131591796875,394.2544250488281,1066.0,35.60120391845703,39.94659423828125,1018.3165893554688,0.7574462890625,1.0,59.0,30136,16652,live,940GZZLUOXC,Oxford Circus,,,,
5216,2026-07-10T11:31:12.000+01:00,240.771240234375,322.74774169921875,408.4317626953125,1051.0,35.33684158325195,40.250247955322266,1018.3021240234375,0.1446533203125,1.0,58.0,30123,16646,live,940GZZLUOXC,Oxford Circus,,,,
5217,2026-07-10T11:31:22.000+01:00,224.4223175048828,305.62115478515625,391.50860595703125,1032.0,35.323490142822266,40.38758087158203,1018.51806640625,2.159423828125,1.0,58.0,30093,16627,live,940GZZLUOXC,Oxford Circus,,,,
5218,2026-07-10T11:31:32.000+01:00,221.55136108398438,294.1766662597656,369.4908447265625,1017.0,35.344852447509766,40.48218536376953,1018.7767333984375,2.586669921875,1.0,58.0,30116,16631,live,940GZZLUOXC,Oxford Circus,,,,
5219,2026-07-10T11:31:42.000+01:00,230.2281951904297,306.3309020996094,385.39068603515625,993.0,35.25673294067383,40.337223052978516,1018.7555541992188,0.2117919921875,1.0,58.0,30203,16634,live,940GZZLUOXC,Oxford Circus,,,,
5220,2026-07-10T11:31:52.000+01:00,153.33035278320312,204.5517120361328,257.8808898925781,982.0,35.173954010009766,40.242618560791016,1018.3651733398438,3.90380859375,1.0,57.0,30236,16621,live,940GZZLUOXC,Oxford Circus,,,,
5221,2026-07-10T11:32:02.000+01:00,136.83489990234375,183.82373046875,233.02261352539062,970.0,34.8081169128418,40.38758087158203,1017.9505615234375,4.1461181640625,1.0,56.0,30266,16604,live,940GZZLUOXC,Oxford Circus,,,,
5222,2026-07-10T11:32:12.000+01:00,143.11062622070312,195.98068237304688,252.12147521972656,933.0,34.59449005126953,40.46082305908203,1017.7642211914062,1.8634033203125,1.0,55.0,30199,16581,live,940GZZLUOXC,Oxford Circus,,,,
5223,2026-07-10T11:32:22.000+01:00,147.5135955810547,198.8988800048828,252.85446166992188,910.0,34.6585807800293,40.299076080322266,1018.0264892578125,2.6226806640625,1.0,55.0,30216,16560,live,940GZZLUOXC,Oxford Circus,,,,
5224,2026-07-10T11:32:32.000+01:00,154.6532745361328,206.52963256835938,260.5868835449219,907.0,34.671932220458984,40.40131378173828,1017.825439453125,2.010498046875,1.0,54.0,30198,16559,live,940GZZLUOXC,Oxford Circus,,,,
5225,2026-07-10T11:32:42.000+01:00,179.4408416748047,239.567626953125,302.2082214355469,898.0,34.78408432006836,40.39063262939453,1018.1871337890625,3.616943359375,1.0,54.0,30158,16562,live,940GZZLUOXC,Oxford Circus,,,,
5226,2026-07-10T11:32:52.000+01:00,190.3803253173828,251.93080139160156,315.5712890625,899.0,34.874874114990234,41.18867874145508,1018.4174194335938,2.3028564453125,1.0,53.0,30130,16568,live,,,,,,
5227,2026-07-10T11:33:02.000+01:00,200.3297882080078,277.50341796875,360.07025146484375,904.0,34.99237060546875,41.612876892089844,1018.187744140625,2.2967529296875,1.0,54.0,30115,16614,live,,,,,,
5228,2026-07-10T11:33:12.000+01:00,213.02056884765625,301.004638671875,396.24798583984375,911.0,35.07781982421875,41.64797592163086,1016.8121337890625,13.756103515625,1.0,54.0,30095,16632,live,,,,,,
5229,2026-07-10T11:33:22.000+01:00,217.69908142089844,302.2129211425781,392.75469970703125,917.0,35.13924026489258,41.602195739746094,1014.2516479492188,25.6048583984375,1.0,54.0,30090,16636,live,,,,,,
5230,2026-07-10T11:33:32.000+01:00,211.6285400390625,290.83367919921875,375.1385803222656,919.0,35.21400833129883,41.24208450317383,1016.8654174804688,26.1376953125,1.0,54.0,30123,16641,live,,,,,,
5231,2026-07-10T11:33:42.000+01:00,213.2745361328125,293.3860778808594,378.71185302734375,925.0,35.2620735168457,41.09559631347656,1017.7969360351562,9.315185546875,1.0,54.0,30079,16627,live,,,,,,
5232,2026-07-10T11:33:52.000+01:00,213.85401916503906,299.3937072753906,391.503173828125,929.0,35.37155532836914,41.05744934082031,1018.7017822265625,9.0484619140625,1.0,54.0,30053,16615,live,,,,,,
5233,2026-07-10T11:34:02.000+01:00,215.8938751220703,294.9654846191406,378.7943420410156,939.0,35.446327209472656,41.15968704223633,1018.5868530273438,1.1492919921875,1.0,54.0,30017,16625,live,,,,,,
5234,2026-07-10T11:34:12.000+01:00,220.59933471679688,294.0672912597656,370.50982666015625,956.0,35.48371124267578,41.23750686645508,1017.0867919921875,15.0006103515625,1.0,54.0,29978,16628,live,,,,,,
5235,2026-07-10T11:34:22.000+01:00,223.20252990722656,301.6078796386719,384.0708312988281,969.0,35.52910614013672,41.14595413208008,1017.5211791992188,4.3438720703125,1.0,55.0,29987,16635,live,,,,,,
5236,2026-07-10T11:34:32.000+01:00,224.52926635742188,303.9129638671875,387.5102233886719,978.0,35.563819885253906,41.27717971801758,1019.22119140625,17.0001220703125,1.0,55.0,29987,16631,live,,,,,,
5237,2026-07-10T11:34:42.000+01:00,219.0240020751953,293.05718994140625,370.32427978515625,986.0,35.60120391845703,41.25123977661133,1018.931640625,2.8955078125,1.0,56.0,30040,16634,live,940GZZLUWRR,Warren Street,,,,
5239,2026-07-10T11:35:02.000+01:00,209.4950714111328,293.2287292480469,383.3821105957031,989.0,35.67597579956055,40.64545822143555,1019.1370849609375,2.054443359375,1.0,56.0,30059,16625,live,940GZZLUWRR,Warren Street,,,,
5240,2026-07-10T11:35:12.000+01:00,214.70640563964844,300.93682861328125,393.8533020019531,984.0,35.73739242553711,40.37689971923828,1018.625244140625,5.118408203125,1.0,56.0,30045,16618,live,940GZZLUWRR,Warren Street,,,,
5241,2026-07-10T11:35:22.000+01:00,216.6319122314453,304.4193420410156,399.1545104980469,979.0,35.76676559448242,40.300601959228516,1019.4136962890625,7.884521484375,1.0,56.0,30027,16606,live,940GZZLUWRR,Warren Street,,,,
5242,2026-07-10T11:35:32.000+01:00,214.6906280517578,304.37017822265625,401.6248474121094,972.0,35.84420394897461,40.43793487548828,1018.8492431640625,5.64453125,1.0,56.0,30045,16602,live,940GZZLUWRR,Warren Street,,,,
5243,2026-07-10T11:35:42.000+01:00,209.3695068359375,299.02764892578125,396.6398620605469,970.0,35.87892150878906,40.338748931884766,1018.91552734375,0.662841796875,1.0,56.0,30038,16618,live,940GZZLUWRR,Warren Street,,,,
5244,2026-07-10T11:35:52.000+01:00,202.45510864257812,287.08203125,378.8673400878906,965.0,35.92698669433594,40.254825592041016,1018.9710083007812,0.5548095703125,1.0,57.0,30053,16616,live,940GZZLUWRR,Warren Street,,,,
5245,2026-07-10T11:36:02.000+01:00,197.6016387939453,273.7733459472656,355.2774353027344,963.0,35.95903015136719,40.224308013916016,1019.03125,0.6024169921875,1.0,57.0,30055,16615,live,940GZZLUWRR,Warren Street,,,,
5246,2026-07-10T11:36:12.000+01:00,194.82278442382812,265.1484375,339.5021667480469,961.0,35.99641418457031,40.190738677978516,1019.12158203125,0.9033203125,1.0,57.0,30043,16610,live,940GZZLUWRR,Warren Street,,,,
5247,2026-07-10T11:36:22.000+01:00,196.890625,262.8486328125,331.5609130859375,955.0,36.02311706542969,40.157169342041016,1018.7636108398438,3.5797119140625,1.0,57.0,30112,16612,live,940GZZLUWRR,Warren Street,,,,
5248,2026-07-10T11:36:32.000+01:00,190.42892456054688,254.45108032226562,321.1960754394531,948.0,36.036468505859375,39.780269622802734,1018.8570556640625,0.9344482421875,1.0,57.0,30126,16613,live,940GZZLUWRR,Warren Street,,,,
5249,2026-07-10T11:36:42.000+01:00,188.20306396484375,255.62945556640625,326.81591796875,937.0,36.06317138671875,39.639888763427734,1018.8551025390625,0.01953125,1.0,57.0,30085,16598,live,940GZZLUWRR,Warren Street,,,,
5250,2026-07-10T11:36:52.000+01:00,193.43678283691406,263.70452880859375,338.08551025390625,930.0,36.0738525390625,39.55596160888672,1018.9913940429688,1.3629150390625,1.0,57.0,30082,16595,live,940GZZLUWRR,Warren Street,,,,
5251,2026-07-10T11:37:02.000+01:00,183.49395751953125,252.35519409179688,325.68603515625,925.0,35.993743896484375,39.668880462646484,1018.86181640625,1.2957763671875,1.0,57.0,30085,16596,live,940GZZLUWRR,Warren Street,,,,
5252,2026-07-10T11:37:12.000+01:00,179.82235717773438,238.67564392089844,299.6873474121094,919.0,36.015106201171875,39.848934173583984,1018.885498046875,0.23681640625,1.0,57.0,30056,16594,live,940GZZLUWRR,Warren Street,,,,
5253,2026-07-10T11:37:22.000+01:00,173.95741271972656,231.9412384033203,292.28350830078125,918.0,36.03379821777344,39.768062591552734,1018.8189086914062,0.6658935546875,1.0,57.0,30157,16605,live,940GZZLUWRR,Warren Street,,,,
5254,2026-07-10T11:37:32.000+01:00,127.57194519042969,173.46929931640625,221.9650115966797,911.0,36.06317138671875,39.3530158996582,1018.891845703125,0.7293701171875,1.0,56.0,30218,16611,live,940GZZLUWRR,Warren Street,,,,
5255,2026-07-10T11:37:42.000+01:00,122.77122497558594,163.348388671875,205.5011444091797,906.0,36.07652282714844,39.20805740356445,1018.9537353515625,0.618896484375,1.0,56.0,30210,16599,live,940GZZLUWRR,Warren Street,,,,
5263,2026-07-10T11:39:02.000+01:00,101.92527770996094,139.69773864746094,179.82994079589844,858.0,36.04447937011719,37.994964599609375,1018.1502075195312,8.0352783203125,1.0,50.0,30335,16605,live,940GZZLUWRR,Warren Street,,,,
5264,2026-07-10T11:39:12.000+01:00,92.28412628173828,123.68803405761719,156.50872802734375,855.0,35.93766784667969,37.65774154663086,1018.0652465820312,0.849609375,1.0,49.0,30391,16570,live,940GZZLUWRR,Warren Street,,,,
5265,2026-07-10T11:39:22.000+01:00,82.44364929199219,109.98772430419922,138.66592407226562,990.0,35.8575553894043,37.36781692504883,1017.7296142578125,3.3563232421875,1.0,47.0,30446,16546,live,940GZZLUWRR,Warren Street,,,,
5266,2026-07-10T11:39:32.000+01:00,74.5884017944336,98.17225646972656,122.43827819824219,901.0,35.82017135620117,36.96040344238281,1017.3775634765625,3.5205078125,1.0,44.0,30473,16526,live,940GZZLUWRR,Warren Street,,,,
5267,2026-07-10T11:39:42.000+01:00,67.92869567871094,87.31403350830078,106.78185272216797,852.0,35.78011703491211,36.7208366394043,1017.0137329101562,3.6383056640625,1.0,41.0,30488,16527,live,940GZZLUWRR,Warren Street,,,,
5268,2026-07-10T11:39:52.000+01:00,45.26237487792969,57.19794845581055,68.93584442138672,809.0,35.732051849365234,36.55146026611328,1017.080322265625,0.6658935546875,1.0,39.0,30490,16518,live,940GZZLUWRR,Warren Street,,,,
5269,2026-07-10T11:40:02.000+01:00,45.56034469604492,56.87003707885742,67.79939270019531,781.0,35.71603012084961,36.41107940673828,1016.8033447265625,2.769775390625,1.0,38.0,30490,16527,live,940GZZLUWRR,Warren Street,,,,
5270,2026-07-10T11:40:12.000+01:00,47.3437614440918,58.02337646484375,68.03157806396484,750.0,35.635921478271484,36.244754791259766,1016.87646484375,0.731201171875,1.0,36.0,30552,16530,live,940GZZLUWRR,Warren Street,,,,
5271,2026-07-10T11:40:22.000+01:00,42.67347717285156,51.567222595214844,59.6672477722168,729.0,35.513084411621094,36.0494384765625,1016.8975830078125,0.211181640625,1.0,34.0,30623,16532,live,940GZZLUWRR,Warren Street,,,,
5274,2026-07-10T11:40:52.000+01:00,38.745216369628906,45.9298210144043,52.16452407836914,718.0,35.47303009033203,36.92378234863281,1017.9222412109375,10.24658203125,1.0,32.0,30505,16548,live,940GZZLUWRR,Warren Street,,,,
5275,2026-07-10T11:41:02.000+01:00,39.56309127807617,46.23581314086914,51.76776123046875,723.0,35.47303009033203,36.7971305847168,1017.8828125,0.394287109375,1.0,32.0,30518,16585,live,940GZZLUWRR,Warren Street,,,,
5276,2026-07-10T11:41:12.000+01:00,39.0937614440918,45.58705520629883,50.92729949951172,727.0,35.481040954589844,37.01838684082031,1018.17724609375,2.9443359375,1.0,32.0,30568,16589,live,940GZZLUWRR,Warren Street,,,,
5277,2026-07-10T11:41:22.000+01:00,88.24064636230469,103.76757049560547,116.91597747802734,728.0,35.44098663330078,36.7391471862793,1018.3163452148438,1.3909912109375,1.0,31.0,30500,16604,live,940GZZLUWRR,Warren Street,,,,
5280,2026-07-10T11:41:52.000+01:00,103.01138305664062,137.78533935546875,174.06861877441406,738.0,35.47303009033203,37.06874084472656,1018.3119506835938,0.0439453125,1.0,34.0,30386,16584,live,940GZZLUWRR,Warren Street,,,,
5281,2026-07-10T11:42:02.000+01:00,101.33323669433594,135.31300354003906,170.7188720703125,741.0,35.446327209472656,37.10841369628906,1018.3768920898438,0.6494140625,1.0,35.0,30390,16598,live,940GZZLUWRR,Warren Street,,,,
5282,2026-07-10T11:42:12.000+01:00,98.83836364746094,134.71316528320312,172.68218994140625,744.0,35.457008361816406,37.06263732910156,1018.4263916015625,0.4949951171875,1.0,35.0,30355,16593,live,940GZZLUWRR,Warren Street,,,,
5283,2026-07-10T11:42:22.000+01:00,96.02050018310547,128.87210083007812,163.24322509765625,749.0,35.366214752197266,36.95124816894531,1018.5709228515625,1.4453125,1.0,36.0,30395,16594,live,940GZZLUWRR,Warren Street,,,,
5284,2026-07-10T11:42:32.000+01:00,94.88949584960938,125.23884582519531,156.54525756835938,751.0,35.216678619384766,37.11909484863281,1018.6148681640625,0.439453125,1.0,36.0,30425,16577,live,940GZZLUWRR,Warren Street,,,,
5285,2026-07-10T11:42:42.000+01:00,70.5908432006836,91.42111206054688,112.51351928710938,751.0,35.13656997680664,36.97871398925781,1018.6369018554688,0.2203369140625,1.0,36.0,30459,16581,live,940GZZLUWRR,Warren Street,,,,
5286,2026-07-10T11:42:52.000+01:00,84.56000518798828,111.01789855957031,138.1773681640625,749.0,35.06446838378906,36.95582580566406,1018.3724975585938,2.64404296875,1.0,36.0,30413,16567,live,940GZZLUWRR,Warren Street,,,,
5288,2026-07-10T11:43:12.000+01:00,121.82675170898438,163.0259246826172,206.0290985107422,747.0,35.08583068847656,37.28847122192383,1018.31103515625,0.6146240234375,1.0,37.0,30355,16560,live,940GZZLUWRR,Warren Street,,,,
5291,2026-07-10T11:43:42.000+01:00,135.05828857421875,179.2006378173828,224.9485626220703,749.0,34.94964599609375,37.911041259765625,1019.5471801757812,12.3614501953125,1.0,38.0,30238,16564,live,940GZZLUWRR,Warren Street,,,,
5292,2026-07-10T11:43:52.000+01:00,136.4108123779297,183.23468017578125,232.25680541992188,748.0,34.68795394897461,38.435951232910156,1018.3610229492188,11.861572265625,1.0,38.0,30248,16562,live,940GZZLUWRR,Warren Street,,,,
5293,2026-07-10T11:44:02.000+01:00,133.55860900878906,180.7234649658203,230.38040161132812,751.0,34.53307342529297,38.80979537963867,1017.8796997070312,4.813232421875,1.0,39.0,30228,16559,live,940GZZLUWRR,Warren Street,,,,
5294,2026-07-10T11:44:12.000+01:00,129.05223083496094,177.57936096191406,229.27490234375,766.0,34.24467849731445,39.51476287841797,1018.1721801757812,2.9248046875,1.0,39.0,30178,16547,live,940GZZLUWRR,Warren Street,,,,
5295,2026-07-10T11:44:22.000+01:00,131.7532501220703,180.11968994140625,231.4180450439453,777.0,34.31143569946289,39.8870849609375,1018.3878784179688,2.156982421875,1.0,39.0,30145,16550,live,,,,,,
5296,2026-07-10T11:44:32.000+01:00,135.0328369140625,180.6316375732422,228.21286010742188,797.0,34.31410598754883,40.195316314697266,1019.640869140625,12.5299072265625,1.0,40.0,29737,16564,live,,,,,,
5297,2026-07-10T11:44:42.000+01:00,136.7377471923828,181.45472717285156,227.8039093017578,815.0,34.263370513916016,40.64545822143555,1019.43994140625,2.00927734375,1.0,127.0,27621,16568,live,,,,,,
5298,2026-07-10T11:44:52.000+01:00,137.7482452392578,181.2128143310547,225.91415405273438,850.0,34.14320755004883,41.04676818847656,1017.8605346679688,15.7940673828125,1.0,263.0,26598,16569,live,,,,,,
5299,2026-07-10T11:45:02.000+01:00,135.48533630371094,180.9078826904297,228.2347869873047,869.0,34.10047912597656,41.29549026489258,1017.7188110351562,1.417236328125,1.0,341.0,26961,16571,live,,,,,,
5300,2026-07-10T11:45:12.000+01:00,130.76519775390625,172.4149932861328,215.3389434814453,889.0,34.12184143066406,41.466392517089844,1018.0338134765625,3.1500244140625,1.0,384.0,27391,16572,live,,,,,,
5301,2026-07-10T11:45:22.000+01:00,144.0955352783203,192.467529296875,242.88107299804688,889.0,34.16456985473633,41.492332458496094,1017.76904296875,2.647705078125,1.0,394.0,27771,16576,live,,,,,,
5302,2026-07-10T11:45:32.000+01:00,143.3697509765625,191.7263641357422,242.17295837402344,899.0,34.23666763305664,41.437400817871094,1018.0164794921875,2.474365234375,1.0,353.0,29035,16583,live,940GZZLUEUS,Euston,,,,
5303,2026-07-10T11:45:42.000+01:00,143.10943603515625,191.9138641357422,242.94241333007812,901.0,34.2980842590332,41.27107620239258,1018.386474609375,3.699951171875,1.0,273.0,29494,16576,live,940GZZLUEUS,Euston,,,,
5304,2026-07-10T11:45:52.000+01:00,142.4869384765625,194.3916015625,249.36346435546875,899.0,34.28740310668945,41.08796691894531,1018.2235717773438,1.6290283203125,1.0,212.0,29630,16573,live,940GZZLUEUS,Euston,,,,
5305,2026-07-10T11:46:02.000+01:00,139.56813049316406,192.9970245361328,250.09645080566406,892.0,34.12451171875,41.21461868286133,1017.8289794921875,3.9459228515625,1.0,164.0,29802,16555,live,940GZZLUEUS,Euston,,,,
5306,2026-07-10T11:46:12.000+01:00,141.0604248046875,193.96168518066406,250.28981018066406,883.0,34.177921295166016,41.10780334472656,1017.7083740234375,1.2060546875,1.0,131.0,29845,16551,live,940GZZLUEUS,Euston,,,,
5307,2026-07-10T11:46:22.000+01:00,141.26922607421875,190.07789611816406,241.2447509765625,879.0,34.177921295166016,41.08186340332031,1017.2938232421875,4.1455078125,1.0,111.0,29902,16542,live,940GZZLUEUS,Euston,,,,
5308,2026-07-10T11:46:32.000+01:00,138.59678649902344,184.05581665039062,231.2037353515625,877.0,34.21530532836914,41.03913879394531,1017.4950561523438,2.0123291015625,1.0,104.0,29973,16542,live,940GZZLUEUS,Euston,,,,
5309,2026-07-10T11:46:42.000+01:00,133.8627166748047,175.74998474121094,218.74871826171875,877.0,34.284732818603516,40.95521545410156,1017.464111328125,0.3094482421875,1.0,103.0,30005,16543,live,940GZZLUEUS,Euston,,,,
5310,2026-07-10T11:46:52.000+01:00,120.09394073486328,158.59336853027344,198.32691955566406,877.0,34.23933792114258,41.03150939941406,1017.376708984375,0.8740234375,1.0,99.0,30052,16550,live,940GZZLUEUS,Euston,,,,
5311,2026-07-10T11:47:02.000+01:00,66.5163345336914,86.56990051269531,106.98002624511719,889.0,34.06843566894531,41.31074905395508,1017.4512329101562,0.7452392578125,1.0,90.0,30092,16553,live,940GZZLUEUS,Euston,,,,
5312,2026-07-10T11:47:12.000+01:00,47.287532806396484,60.72509002685547,74.205322265625,893.0,33.83344650268555,41.64034652709961,1017.2284545898438,2.227783203125,1.0,79.0,30198,16556,live,940GZZLUEUS,Euston,,,,
5313,2026-07-10T11:47:22.000+01:00,39.69424057006836,50.11163330078125,60.34282302856445,905.0,33.77470016479492,41.69527816772461,1017.0035400390625,2.2491455078125,1.0,68.0,30246,16560,live,940GZZLUEUS,Euston,,,,
5314,2026-07-10T11:47:32.000+01:00,32.056488037109375,39.62054443359375,46.81568908691406,920.0,33.83077621459961,41.28023147583008,1016.7559204101562,2.4761962890625,1.0,58.0,30387,16567,live,940GZZLUEUS,Euston,,,,
5315,2026-07-10T11:47:42.000+01:00,21.741531372070312,26.140708923339844,30.101499557495117,921.0,33.82810592651367,40.6652946472168,1016.6974487304688,0.584716796875,1.0,50.0,30483,16562,live,940GZZLUEUS,Euston,,,,
5316,2026-07-10T11:47:52.000+01:00,17.360143661499023,20.33733558654785,22.826631546020508,920.0,33.836116790771484,40.231937408447266,1016.676513671875,0.2093505859375,1.0,44.0,30478,16553,live,940GZZLUEUS,Euston,,,,
