sequence_number,timestamp,pm1,pm25,pm10,co2,temperature,DPS_tem,humidity,pressure,pressure_change_pa_per_sec,nox,tvoc,voc_raw,nox_raw,source_flag,station_id,station_name,line_id,line_name,gps_lat,gps_lng
6012,2026-08-10T14:26:25.000+01:00,154.48097229003906,232.11683654785156,318.57763671875,1108.0,27.881284713745117,29.577804565429688,45.542076110839844,1019.8175048828125,,,,30609,0,live,,,,,51.52040417790267,-0.06042409102004704
6013,2026-08-10T14:26:35.000+01:00,153.24282836914062,232.24032592773438,320.5027770996094,1100.0,27.849241256713867,29.633094787597656,46.35232925415039,1019.8035888671875,0.13916015625,0.0,0.0,28895,16516,live,,,,,51.52040417790267,-0.06042409102004704
6014,2026-08-10T14:26:45.000+01:00,151.32733154296875,232.32098388671875,323.2318420410156,1096.0,27.782482147216797,29.707107543945312,46.88334655761719,1019.9541625976562,1.5057373046875,0.0,0.0,29658,16512,live,,,,,51.52040417790267,-0.06042409102004704
6015,2026-08-10T14:26:55.000+01:00,155.35940551757812,228.64988708496094,309.58319091796875,1095.0,27.74776840209961,29.77997589111328,47.29533767700195,1020.2245483398438,2.703857421875,0.0,0.0,30022,16555,live,,,,,51.52040417790267,-0.06042409102004704
6016,2026-08-10T14:27:05.000+01:00,160.56448364257812,236.66600036621094,320.7579040527344,1084.0,27.739757537841797,29.85199737548828,47.675289154052734,1020.4983520507812,2.738037109375,0.0,0.0,30228,16599,live,910GWCHAPXR,Whitechapel,,,,
6017,2026-08-10T14:27:15.000+01:00,166.7577362060547,243.33230590820312,327.571533203125,1078.0,27.734416961669922,29.93138885498047,47.9896240234375,1020.350830078125,1.4752197265625,0.0,4.0,30372,16641,live,,,,,51.52040417790267,-0.06042409102004704
6018,2026-08-10T14:27:25.000+01:00,170.05438232421875,244.6908416748047,326.2548522949219,1077.0,27.75844955444336,30.023544311523438,48.268863677978516,1019.617919921875,7.3291015625,1.0,26.0,30464,16674,live,,,,,51.52040417790267,-0.06042409102004704
6019,2026-08-10T14:27:36.000+01:00,171.99981689453125,254.48757934570312,345.78363037109375,1077.0,27.787822723388672,30.10974884033203,48.331424713134766,1019.5697021484375,0.482177734375,1.0,38.0,30537,16697,live,,,,,51.52040417790267,-0.06042409102004704
6020,2026-08-10T14:27:45.000+01:00,180.4580841064453,270.24407958984375,370.10601806640625,1072.0,27.819868087768555,30.1905517578125,48.51300811767578,1019.552490234375,0.172119140625,1.0,45.0,30635,16716,live,,,,,51.52040417790267,-0.06042409102004704
6021,2026-08-10T14:27:55.000+01:00,184.1797332763672,273.90643310546875,373.4249267578125,1072.0,27.873273849487305,30.26654815673828,48.49469757080078,1019.60107421875,0.48583984375,1.0,52.0,30571,16740,live,940GZZLUEUS,Euston,,,,
6022,2026-08-10T14:28:05.000+01:00,170.79379272460938,252.31231689453125,342.4766540527344,1064.0,27.93202018737793,30.375991821289062,47.93621826171875,1019.8404541015625,2.393798828125,1.0,56.0,30719,16753,live,,,,,51.52040417790267,-0.06042409102004704
6023,2026-08-10T14:28:15.000+01:00,158.77691650390625,238.1712188720703,326.5328063964844,1036.0,27.980087280273438,30.44915008544922,47.43877410888672,1019.8531494140625,,1.0,60.0,30697,16754,buffered,,,,,,
6024,2026-08-10T14:28:25.000+01:00,154.81777954101562,233.46278381347656,321.1681823730469,1004.0,28.0201416015625,30.536483764648438,47.10307312011719,1019.7514038085938,,1.0,63.0,30740,16748,buffered,,,,,,
6025,2026-08-10T14:28:35.000+01:00,159.09303283691406,243.14878845214844,337.3490905761719,976.0,28.049514770507812,30.681381225585938,46.85740280151367,1019.6837768554688,,1.0,64.0,30815,16746,buffered,,,,,,
6026,2026-08-10T14:28:45.000+01:00,159.8757781982422,244.14828491210938,338.5645446777344,943.0,28.017471313476562,30.80500030517578,46.396583557128906,1019.6592407226562,1.8121337890625,1.0,59.0,30895,16743,live,,,,,51.52040417790267,-0.06042409102004704
6027,2026-08-10T14:28:55.000+01:00,156.86082458496094,237.2272186279297,326.9495849609375,917.0,28.068208694458008,30.915870666503906,45.876251220703125,1019.8660278320312,2.06787109375,1.0,58.0,30946,16731,live,940GZZLUEUS,Euston,,,,
6028,2026-08-10T14:29:05.000+01:00,152.4141845703125,222.85934448242188,300.4275817871094,891.0,28.137636184692383,31.0548095703125,45.485618591308594,1020.0795288085938,2.135009765625,1.0,59.0,30986,16717,live,940GZZLUEUS,Euston,,,,
6029,2026-08-10T14:29:15.000+01:00,148.234619140625,217.07559204101562,292.92864990234375,875.0,28.212406158447266,31.16454315185547,45.10719299316406,1020.1568603515625,,1.0,62.0,30998,16717,buffered,,,,,,
6030,2026-08-10T14:29:25.000+01:00,145.79010009765625,212.37258911132812,285.5623779296875,862.0,28.28183364868164,31.256698608398438,44.81574630737305,1020.293212890625,,1.0,68.0,30978,16709,live,940GZZLUEUS,Euston,,,,
6031,2026-08-10T14:29:36.000+01:00,146.40444946289062,212.18975830078125,284.3327331542969,848.0,28.375295639038086,31.361892700195312,44.51667022705078,1019.936767578125,3.564453125,1.0,72.0,31071,16704,live,940GZZLUEUS,Euston,,,,
6032,2026-08-10T14:29:45.000+01:00,149.49685668945312,212.71243286132812,281.40069580078125,837.0,28.44739532470703,31.457168579101562,44.222171783447266,1019.9118041992188,0.2496337890625,1.0,77.0,30960,16707,live,940GZZLUEUS,Euston,,,,
6033,2026-08-10T14:29:55.000+01:00,143.47679138183594,210.43624877929688,284.2672119140625,827.0,28.583581924438477,31.512741088867188,43.9627685546875,1019.9525756835938,,1.0,83.0,31032,16705,buffered,,,,,,
6034,2026-08-10T14:30:05.000+01:00,140.57041931152344,204.39219665527344,274.4876708984375,825.0,28.65567970275879,31.57994842529297,43.94903564453125,1019.8782958984375,0.3350830078125,1.0,87.0,31011,16704,live,,,,,51.52040417790267,-0.06042409102004704
6035,2026-08-10T14:30:15.000+01:00,140.0139923095703,202.7693328857422,271.5640563964844,822.0,28.767833709716797,31.64459991455078,43.898681640625,1019.9886474609375,1.103515625,1.0,93.0,30994,16709,live,,,,,51.52040417790267,-0.06042409102004704
6036,2026-08-10T14:30:25.000+01:00,140.652099609375,200.5547332763672,265.7162170410156,822.0,28.847944259643555,31.703857421875,43.9749755859375,1020.1213989257812,1.3275146484375,1.0,100.0,30984,16713,live,,,,,51.52040417790267,-0.06042409102004704
6037,2026-08-10T14:30:35.000+01:00,139.10951232910156,202.2213134765625,271.529541015625,821.0,28.968109130859375,31.785804748535156,43.93072509765625,1020.1849365234375,0.6353759765625,1.0,103.0,30972,16728,live,,,,,51.52040417790267,-0.06042409102004704
6038,2026-08-10T14:30:45.000+01:00,139.81936645507812,202.63381958007812,271.51690673828125,824.0,29.066911697387695,31.8558349609375,43.95819091796875,1019.0779418945312,11.0699462890625,1.0,107.0,30965,16734,live,,,,,51.52040417790267,-0.06042409102004704
6039,2026-08-10T14:30:55.000+01:00,138.12042236328125,199.00230407714844,265.5780334472656,828.0,29.128328323364258,31.91595458984375,43.97955322265625,1019.9630737304688,8.851318359375,1.0,112.0,30944,16735,live,910GWCHAPXR,Whitechapel,,,,
6040,2026-08-10T14:31:05.000+01:00,136.12847900390625,194.00552368164062,256.9468078613281,852.0,29.181734085083008,31.990524291992188,43.91546630859375,1020.2045288085938,2.41455078125,1.0,107.0,31003,16747,live,,,,,51.52040417790267,-0.06042409102004704
6041,2026-08-10T14:31:15.000+01:00,139.06967163085938,195.84884643554688,257.19708251953125,893.0,29.261844635009766,32.05261993408203,43.971923828125,1019.95654296875,2.4798583984375,1.0,108.0,30856,16746,live,940GZZLUWRR,Warren Street,,,,
6042,2026-08-10T14:31:26.000+01:00,140.97592163085938,208.03555297851562,282.17315673828125,909.0,29.33661460876465,32.160369873046875,43.89715576171875,1020.0717163085938,1.1517333984375,1.0,104.0,31049,16757,live,940GZZLUWRR,Warren Street,,,,
6043,2026-08-10T14:31:35.000+01:00,171.49301147460938,259.6381530761719,358.0845947265625,913.0,29.3259334564209,32.19694519042969,43.2455940246582,1020.0572509765625,0.1446533203125,1.0,95.0,31024,16771,live,940GZZLUWRR,Warren Street,,,,
6044,2026-08-10T14:31:45.000+01:00,188.36663818359375,290.98291015625,406.40679931640625,911.0,29.3259334564209,32.288536071777344,42.90379333496094,1019.23779296875,8.194580078125,1.0,92.0,31018,16749,live,940GZZLUWRR,Warren Street,,,,
6045,2026-08-10T14:31:55.000+01:00,189.0225830078125,289.7549133300781,402.7624206542969,902.0,29.3900203704834,32.37019348144531,42.619972229003906,1018.3524780273438,8.8531494140625,1.0,91.0,31029,16737,live,940GZZLUWRR,Warren Street,,,,
6046,2026-08-10T14:32:05.000+01:00,181.22314453125,275.3648986816406,380.6488037109375,880.0,29.46746063232422,32.432861328125,42.413978576660156,1019.3143920898438,9.619140625,1.0,92.0,31017,16732,live,940GZZLUWRR,Warren Street,,,,
6047,2026-08-10T14:32:15.000+01:00,169.3065643310547,258.6927795410156,358.8578186035156,866.0,29.51018524169922,32.47595977783203,42.27054214477539,1020.0546264648438,7.40234375,1.0,96.0,31023,16727,live,940GZZLUWRR,Warren Street,,,,
6048,2026-08-10T14:32:25.000+01:00,162.15452575683594,246.70755004882812,341.3118591308594,844.0,29.54222869873047,32.48957061767578,42.14694595336914,1020.1796875,1.2506103515625,1.0,94.0,31039,16728,live,940GZZLUWRR,Warren Street,,,,
6049,2026-08-10T14:32:35.000+01:00,151.77896118164062,228.79013061523438,314.66064453125,834.0,29.547569274902344,32.555076599121094,41.992828369140625,1020.3139038085938,1.3421630859375,1.0,91.0,31068,16731,live,940GZZLUWRR,Warren Street,,,,
6050,2026-08-10T14:32:45.000+01:00,134.4622802734375,204.17822265625,282.1266174316406,830.0,29.6276798248291,32.61064910888672,41.82955551147461,1019.8187255859375,4.9517822265625,1.0,92.0,31070,16720,live,940GZZLUWRR,Warren Street,,,,
6051,2026-08-10T14:32:55.000+01:00,132.80845642089844,202.4957275390625,280.527587890625,824.0,29.705120086669922,32.66394805908203,41.608299255371094,1019.74365234375,0.750732421875,1.0,92.0,31128,16727,live,940GZZLUWRR,Warren Street,,,,
6052,2026-08-10T14:33:05.000+01:00,142.33473205566406,215.9789581298828,298.29815673828125,817.0,29.737163543701172,32.70648193359375,41.458763122558594,1019.6983032226562,0.4534912109375,1.0,97.0,31016,16730,live,940GZZLUWRR,Warren Street,,,,
6053,2026-08-10T14:33:16.000+01:00,140.95631408691406,215.17466735839844,298.3153991699219,808.0,29.854658126831055,32.776519775390625,41.25734329223633,1019.7823486328125,0.8404541015625,1.0,97.0,31070,16723,live,940GZZLUWRR,Warren Street,,,,
6054,2026-08-10T14:33:25.000+01:00,134.4469757080078,209.45997619628906,294.07025146484375,802.0,29.918745040893555,32.83464813232422,41.06202697753906,1019.8451538085938,0.6280517578125,1.0,96.0,31074,16718,live,940GZZLUWRR,Warren Street,,,,
6055,2026-08-10T14:33:35.000+01:00,129.06890869140625,200.8975372314453,281.8921813964844,798.0,29.9908447265625,32.88285827636719,40.90943908691406,1020.1303100585938,2.8515625,1.0,97.0,31093,16713,live,940GZZLUWRR,Warren Street,,,,
6056,2026-08-10T14:33:45.000+01:00,127.05035400390625,192.30934143066406,265.1889343261719,794.0,30.041580200195312,32.95317077636719,40.8514518737793,1020.1668701171875,0.3656005859375,1.0,93.0,31098,16720,live,940GZZLUWRR,Warren Street,,,,
6057,2026-08-10T14:33:55.000+01:00,124.0855941772461,185.333740234375,253.38417053222656,788.0,30.129701614379883,33.007896423339844,40.73395919799805,1020.0753784179688,0.9149169921875,1.0,98.0,31046,16717,live,940GZZLUWRR,Warren Street,,,,
6058,2026-08-10T14:34:05.000+01:00,122.85114288330078,178.78765869140625,240.24815368652344,788.0,30.191120147705078,33.07311248779297,40.65766525268555,1020.13037109375,0.5499267578125,1.0,105.0,31052,16717,live,940GZZLUWRR,Warren Street,,,,
6059,2026-08-10T14:34:15.000+01:00,111.6695556640625,163.2696533203125,220.0852508544922,790.0,30.276569366455078,33.12500762939453,40.57221221923828,1020.1649780273438,0.3460693359375,1.0,105.0,31045,16718,live,940GZZLUWRR,Warren Street,,,,
6060,2026-08-10T14:34:25.000+01:00,102.68319702148438,153.07281494140625,209.01560974121094,790.0,30.313955307006836,33.187103271484375,40.41504669189453,1020.1158447265625,0.4913330078125,1.0,102.0,31073,16718,live,940GZZLUWRR,Warren Street,,,,
6061,2026-08-10T14:34:35.000+01:00,96.6524658203125,142.93353271484375,194.14584350585938,789.0,30.388723373413086,33.23728942871094,40.296024322509766,1020.1203002929688,0.0445556640625,1.0,98.0,31119,16714,live,940GZZLUWRR,Warren Street,,,,
6062,2026-08-10T14:34:45.000+01:00,91.63736724853516,130.46685791015625,172.67152404785156,788.0,30.434118270874023,33.28407287597656,40.180057525634766,1020.2150268554688,0.947265625,1.0,94.0,31087,16716,live,940GZZLUWRR,Warren Street,,,,
6063,2026-08-10T14:34:55.000+01:00,86.59488677978516,126.78712463378906,171.06973266601562,781.0,30.51689910888672,33.34248352050781,39.864192962646484,1020.3078002929688,0.927734375,1.0,96.0,31103,16714,live,940GZZLUWRR,Warren Street,,,,
6064,2026-08-10T14:35:06.000+01:00,82.53215789794922,121.06951141357422,163.56475830078125,774.0,30.564966201782227,33.396644592285156,39.673458099365234,1020.3695068359375,0.6170654296875,1.0,93.0,31122,16704,live,940GZZLUWRR,Warren Street,,,,
6065,2026-08-10T14:35:15.000+01:00,85.2059097290039,125.4617691040039,169.92477416992188,768.0,30.653085708618164,33.45335388183594,39.60326385498047,1020.3387451171875,0.3076171875,1.0,95.0,31108,16700,live,940GZZLUWRR,Warren Street,,,,
6066,2026-08-10T14:35:25.000+01:00,96.92002868652344,145.32968139648438,199.19918823242188,765.0,30.695812225341797,33.502403259277344,39.48271942138672,1020.236572265625,1.021728515625,1.0,99.0,31088,16700,live,940GZZLUWRR,Warren Street,,,,
6067,2026-08-10T14:35:35.000+01:00,114.01824951171875,169.6416015625,231.34654235839844,764.0,30.749217987060547,33.54607391357422,39.47051239013672,1020.2794799804688,0.4290771484375,1.0,101.0,31086,16690,live,940GZZLUWRR,Warren Street,,,,
6068,2026-08-10T14:35:45.000+01:00,121.13409423828125,172.35531616210938,228.0106201171875,764.0,30.786602020263672,33.59654998779297,39.43083953857422,1020.3314819335938,0.52001953125,1.0,106.0,31055,16698,live,940GZZLUWRR,Warren Street,,,,
6069,2026-08-10T14:35:55.000+01:00,123.89464569091797,179.05018615722656,239.45327758789062,763.0,30.82398796081543,33.64531707763672,39.37285232543945,1020.5032958984375,1.7181396484375,1.0,112.0,31027,16695,live,940GZZLUWRR,Warren Street,,,,
6070,2026-08-10T14:36:05.000+01:00,127.32857513427734,182.46209716796875,242.58935546875,763.0,30.869382858276367,33.684730529785156,39.37285232543945,1021.0457763671875,5.4248046875,1.0,113.0,31010,16690,live,940GZZLUWRR,Warren Street,,,,
6071,2026-08-10T14:36:15.000+01:00,130.6033935546875,190.2623748779297,255.843505859375,764.0,30.912107467651367,33.73662567138672,39.38353729248047,1020.269287109375,7.764892578125,1.0,118.0,30917,16693,live,940GZZLUWRR,Warren Street,,,,
6072,2026-08-10T14:36:25.000+01:00,131.94619750976562,192.3794403076172,258.837158203125,765.0,30.949493408203125,33.804954528808594,39.2767219543457,1020.0825805664062,1.8670654296875,1.0,115.0,31080,16694,live,940GZZLUWRR,Warren Street,,,,
6073,2026-08-10T14:36:35.000+01:00,105.7745590209961,155.77963256835938,211.01551818847656,769.0,30.992218017578125,33.85174560546875,38.75181198120117,1020.0926513671875,0.1007080078125,1.0,105.0,31035,16690,live,940GZZLUWRR,Warren Street,,,,
6074,2026-08-10T14:36:45.000+01:00,100.16168975830078,146.80184936523438,198.2121124267578,767.0,30.984207153320312,33.889739990234375,38.544288635253906,1020.1007080078125,0.08056640625,1.0,94.0,31115,16674,live,940GZZLUWRR,Warren Street,,,,
6075,2026-08-10T14:36:56.000+01:00,101.48451232910156,143.18190002441406,188.2812957763672,761.0,31.024261474609375,33.92915344238281,38.36423110961914,1020.1190795898438,0.1837158203125,1.0,89.0,31109,16663,live,940GZZLUWRR,Warren Street,,,,
6076,2026-08-10T14:37:05.000+01:00,106.98272705078125,152.18348693847656,201.2909393310547,758.0,31.06431770324707,33.97026062011719,38.24063491821289,1020.1057739257812,0.133056640625,1.0,91.0,31101,16657,live,940GZZLUWRR,Warren Street,,,,
6077,2026-08-10T14:37:15.000+01:00,108.46245574951172,155.89849853515625,207.70977783203125,751.0,31.115053176879883,34.009674072265625,38.14908218383789,1020.9981079101562,8.92333984375,1.0,94.0,31097,16658,live,940GZZLUWRR,Warren Street,,,,
6078,2026-08-10T14:37:25.000+01:00,104.55271911621094,152.9659881591797,206.28857421875,750.0,31.120393753051758,34.078575134277344,38.020904541015625,1021.1017456054688,1.036376953125,1.0,93.0,31120,16652,live,940GZZLUWRR,Warren Street,,,,
6079,2026-08-10T14:37:35.000+01:00,103.47415924072266,156.5646209716797,215.846435546875,749.0,30.938812255859375,34.11175537109375,37.938507080078125,1020.6688232421875,4.3292236328125,1.0,96.0,31082,16649,live,940GZZLUWRR,Warren Street,,,,
6080,2026-08-10T14:37:45.000+01:00,111.49694061279297,167.19195556640625,229.1691436767578,747.0,30.831998825073242,34.144081115722656,38.14908218383789,1020.2282104492188,4.4061279296875,1.0,105.0,31028,16623,live,940GZZLUWRR,Warren Street,,,,
6081,2026-08-10T14:37:55.000+01:00,113.51140594482422,167.15911865234375,226.4164276123047,744.0,30.770580291748047,34.18463134765625,38.23147964477539,1020.09033203125,1.3787841796875,1.0,113.0,31010,16603,live,940GZZLUWRR,Warren Street,,,,
6082,2026-08-10T14:38:05.000+01:00,116.42524719238281,167.8181915283203,224.02972412109375,744.0,30.815977096557617,34.17272186279297,38.17807388305664,1020.104248046875,0.13916015625,1.0,112.0,31063,16608,live,940GZZLUWRR,Warren Street,,,,
6083,2026-08-10T14:38:15.000+01:00,132.5774688720703,187.8126220703125,247.68844604492188,745.0,30.885404586791992,34.220069885253906,38.30319595336914,1020.1199951171875,,1.0,113.0,30914,16600,buffered,,,,,,
6084,2026-08-10T14:38:25.000+01:00,140.56825256347656,197.7797088623047,259.56329345703125,764.0,30.994888305664062,34.24134063720703,38.90135192871094,1020.2843627929688,,1.0,120.0,30952,16606,buffered,,,,,,
6085,2026-08-10T14:38:35.000+01:00,142.33045959472656,199.5598602294922,261.2386474609375,785.0,31.069658279418945,34.286705017089844,39.09666442871094,1020.563720703125,,1.0,122.0,30916,16650,buffered,,,,,,
6086,2026-08-10T14:38:45.000+01:00,142.58961486816406,202.83628845214844,268.2904052734375,817.0,31.11772346496582,34.31080627441406,39.28740310668945,1017.0296020507812,,1.0,125.0,30883,16649,buffered,,,,,,
6087,2026-08-10T14:38:55.000+01:00,146.14256286621094,208.3721466064453,276.06292724609375,845.0,31.18181037902832,34.35645294189453,39.59563446044922,1020.3558349609375,2.515869140625,1.0,128.0,30859,16648,live,,,,,51.52040417790267,-0.06042409102004704
6088,2026-08-10T14:39:05.000+01:00,161.8349609375,229.53160095214844,302.96307373046875,883.0,31.235218048095703,34.39019775390625,39.850460052490234,1020.9428100585938,5.8697509765625,1.0,128.0,30834,16670,live,,,,,,
6089,2026-08-10T14:39:16.000+01:00,164.95687866210938,235.0874786376953,311.3539733886719,906.0,31.32868003845215,34.417991638183594,39.91607666015625,1020.5045166015625,4.3829345703125,1.0,127.0,30847,16671,live,940GZZLUGDG,Goodge Street,,,,
6090,2026-08-10T14:39:25.000+01:00,168.2035675048828,240.58132934570312,319.4389343261719,923.0,31.334020614624023,34.44804382324219,39.90386962890625,1020.58349609375,0.789794921875,1.0,112.0,30914,16687,live,940GZZLUGDG,Goodge Street,,,,
6091,2026-08-10T14:39:35.000+01:00,169.3975067138672,246.42742919921875,331.04852294921875,929.0,31.387426376342773,34.473854064941406,39.52239227294922,1019.7704467773438,8.1304931640625,1.0,103.0,30928,16680,live,940GZZLUGDG,Goodge Street,,,,
6092,2026-08-10T14:39:45.000+01:00,170.42752075195312,247.6244354248047,332.3811340332031,928.0,31.419469833374023,34.514678955078125,39.1760139465332,1018.1210327148438,16.494140625,1.0,101.0,30934,16657,live,940GZZLUGDG,Goodge Street,,,,
6093,2026-08-10T14:39:55.000+01:00,170.05496215820312,246.28173828125,329.84539794921875,925.0,31.451515197753906,34.49085998535156,38.97306823730469,1017.81591796875,3.0511474609375,1.0,100.0,30875,16645,live,940GZZLUGDG,Goodge Street,,,,
6094,2026-08-10T14:40:05.000+01:00,169.02561950683594,237.30972290039062,310.9602966308594,914.0,31.4034481048584,34.54530334472656,38.500038146972656,1019.6642456054688,18.4832763671875,1.0,95.0,31029,16635,live,940GZZLUGDG,Goodge Street,,,,
6095,2026-08-10T14:40:15.000+01:00,139.22377014160156,194.1900177001953,253.2474822998047,904.0,31.42214012145996,34.54558563232422,38.004119873046875,1020.6257934570312,9.615478515625,1.0,93.0,31121,16615,live,940GZZLUGDG,Goodge Street,,,,
6096,2026-08-10T14:40:25.000+01:00,141.12083435058594,201.08721923828125,266.2949523925781,884.0,31.45685577392578,34.59038543701172,37.71114730834961,1020.6598510742188,0.340576171875,1.0,92.0,31087,16590,live,940GZZLUGDG,Goodge Street,,,,
6097,2026-08-10T14:40:35.000+01:00,156.4211883544922,228.3024444580078,307.386962890625,868.0,31.53162384033203,34.63575744628906,37.450218200683594,1020.6259155273438,0.33935546875,1.0,92.0,31076,16568,live,940GZZLUGDG,Goodge Street,,,,
6098,2026-08-10T14:40:46.000+01:00,160.92813110351562,236.43605041503906,319.7552795410156,856.0,31.57969093322754,34.677146911621094,37.402915954589844,1020.44921875,1.7669677734375,1.0,92.0,31031,16559,live,940GZZLUGDG,Goodge Street,,,,
6099,2026-08-10T14:40:55.000+01:00,160.75946044921875,235.09461975097656,316.9512939453125,853.0,31.627756118774414,34.70579528808594,37.463951110839844,1020.4219360351562,0.2728271484375,1.0,98.0,31008,16556,live,940GZZLUGDG,Goodge Street,,,,
6100,2026-08-10T14:41:05.000+01:00,163.57911682128906,234.18841552734375,311.15631103515625,848.0,31.678491592407227,34.746620178222656,37.488365173339844,1021.030517578125,,1.0,104.0,30985,16567,buffered,,,,,,
6101,2026-08-10T14:41:15.000+01:00,163.7657012939453,233.9835968017578,310.44586181640625,848.0,31.734569549560547,34.787452697753906,37.441062927246094,1021.3591918945312,,1.0,109.0,30972,16568,buffered,,,,,,
6102,2026-08-10T14:41:25.000+01:00,164.1461639404297,236.91390991210938,316.5550231933594,847.0,31.782634735107422,34.825164794921875,37.482261657714844,1022.7886962890625,23.6676025390625,1.0,113.0,30973,16563,live,940GZZLUGDG,Goodge Street,,,,
6103,2026-08-10T14:41:35.000+01:00,166.2101593017578,238.2914276123047,316.9201965332031,848.0,31.838712692260742,34.80730438232422,37.500572204589844,1022.6481323242188,1.4056396484375,1.0,115.0,30881,16573,live,940GZZLUGDG,Goodge Street,,,,
6104,2026-08-10T14:41:45.000+01:00,168.25758361816406,238.42266845703125,314.4939270019531,849.0,31.76394271850586,34.763916015625,37.581443786621094,1021.0950927734375,15.5303955078125,1.0,114.0,30946,16574,live,940GZZLUGDG,Goodge Street,,,,
6105,2026-08-10T14:41:55.000+01:00,162.60354614257812,234.39295959472656,312.91534423828125,850.0,31.78530502319336,34.783485412597656,37.512779235839844,1020.6051635742188,4.8992919921875,1.0,109.0,30965,16567,live,940GZZLUGDG,Goodge Street,,,,
6106,2026-08-10T14:42:05.000+01:00,155.4307861328125,228.8872528076172,310.0240783691406,849.0,31.828031539916992,34.820350646972656,37.410545349121094,1020.5490112304688,0.5615234375,1.0,106.0,30955,16561,live,940GZZLUGDG,Goodge Street,,,,
6107,2026-08-10T14:42:15.000+01:00,160.0943145751953,230.1533966064453,306.6812744140625,850.0,31.881437301635742,34.86457824707031,37.476158142089844,1020.688232421875,,1.0,105.0,30925,16556,buffered,,,,,,
6108,2026-08-10T14:42:25.000+01:00,164.93760681152344,230.9362030029297,302.00823974609375,852.0,31.900129318237305,34.91249084472656,37.78438949584961,1020.3705444335938,,1.0,112.0,30857,16559,buffered,,,,,,
6109,2026-08-10T14:42:35.000+01:00,164.01754760742188,228.87391662597656,298.5761413574219,857.0,31.953536987304688,34.953330993652344,37.889678955078125,1021.5560302734375,,1.0,122.0,30822,16574,buffered,,,,,,
6110,2026-08-10T14:42:45.000+01:00,167.14935302734375,238.45838928222656,316.0482177734375,882.0,32.00160217285156,34.99756622314453,37.962921142578125,1018.7589111328125,,1.0,124.0,30802,16565,buffered,,,,,,
6111,2026-08-10T14:42:55.000+01:00,165.41635131835938,237.86328125,317.0091552734375,894.0,32.07102966308594,35.04010009765625,37.955291748046875,1018.9703369140625,,1.0,124.0,30804,16572,buffered,,,,,,
6112,2026-08-10T14:43:05.000+01:00,168.36634826660156,237.8877410888672,313.1417236328125,927.0,32.09239196777344,35.08830261230469,38.004119873046875,1021.2210083007812,,1.0,117.0,30891,16578,buffered,,,,,,
6113,2026-08-10T14:43:15.000+01:00,170.00498962402344,236.48794555664062,307.8028564453125,948.0,32.15915298461914,35.13764190673828,38.071258544921875,1021.322998046875,,1.0,114.0,30785,16578,live,,,,,,
6114,2026-08-10T14:43:25.000+01:00,168.0470733642578,229.52418518066406,294.6860656738281,965.0,32.196537017822266,35.143310546875,38.112457275390625,1020.985107421875,3.37890625,1.0,111.0,30841,16588,live,940GZZLUTCR,Tottenham Court Road,,,,
6115,2026-08-10T14:43:35.000+01:00,163.24183654785156,221.2318115234375,282.3560485839844,966.0,32.23125076293945,35.20087432861328,37.991912841796875,1021.0787353515625,0.936279296875,1.0,107.0,30842,16588,live,940GZZLUTCR,Tottenham Court Road,,,,
6116,2026-08-10T14:43:45.000+01:00,156.93045043945312,212.76971435546875,271.6455383300781,967.0,32.27931594848633,35.248504638671875,37.84389877319336,1020.9908447265625,0.87890625,1.0,106.0,30826,16582,live,940GZZLUTCR,Tottenham Court Road,,,,
6117,2026-08-10T14:43:55.000+01:00,155.7522430419922,213.32579040527344,274.46746826171875,967.0,32.27931594848633,35.31883239746094,37.78591537475586,1020.80126953125,1.895751953125,1.0,105.0,30826,16570,live,940GZZLUTCR,Tottenham Court Road,,,,
6118,2026-08-10T14:44:05.000+01:00,155.47439575195312,219.3592529296875,288.4571838378906,965.0,32.2632942199707,35.35993957519531,37.73861312866211,1020.8395385742188,0.3826904296875,1.0,105.0,30812,16574,live,940GZZLUTCR,Tottenham Court Road,,,,
6119,2026-08-10T14:44:15.000+01:00,161.20668029785156,227.26319885253906,298.67767333984375,963.0,32.292667388916016,35.41381072998047,37.69894027709961,1020.8810424804688,0.4150390625,1.0,104.0,30817,16557,live,940GZZLUTCR,Tottenham Court Road,,,,
6120,2026-08-10T14:44:26.000+01:00,169.01783752441406,236.72552490234375,309.6518249511719,962.0,32.3273811340332,35.446144104003906,37.555503845214844,1020.7820434570312,0.989990234375,1.0,107.0,30770,16560,live,940GZZLUTCR,Tottenham Court Road,,,,
6121,2026-08-10T14:44:36.000+01:00,179.64730834960938,243.34674072265625,310.46484375,960.0,32.35942459106445,35.492637634277344,37.488365173339844,1020.96435546875,,1.0,111.0,30748,16550,buffered,,,,,,
6122,2026-08-10T14:44:46.000+01:00,184.8088836669922,256.2261962890625,332.6762390136719,957.0,32.415504455566406,35.53459930419922,37.35408401489258,1021.107421875,,1.0,113.0,30758,16545,buffered,,,,,,
6123,2026-08-10T14:44:56.000+01:00,185.5033416748047,258.1025695800781,335.9885559082031,955.0,32.49828338623047,35.58734130859375,37.32356643676758,1021.0592041015625,,1.0,115.0,30756,16533,buffered,,,,,,
6124,2026-08-10T14:45:05.000+01:00,185.2450714111328,257.6219482421875,335.24700927734375,949.0,32.532997131347656,35.643768310546875,37.32966995239258,1021.1233520507812,3.4130859375,1.0,115.0,30645,16539,live,940GZZLUTCR,Tottenham Court Road,,,,
6125,2026-08-10T14:45:15.000+01:00,179.13299560546875,247.13523864746094,319.7010803222656,941.0,32.53833770751953,35.683753967285156,37.15877151489258,1020.9063110351562,2.17041015625,1.0,110.0,30782,16543,live,940GZZLUTCR,Tottenham Court Road,,,,
6126,2026-08-10T14:45:25.000+01:00,167.0081329345703,233.2288818359375,304.4306335449219,936.0,32.554359436035156,35.71607971191406,37.03364562988281,1020.87939453125,0.2691650390625,1.0,107.0,30803,16532,live,940GZZLUTCR,Tottenham Court Road,,,,
6127,2026-08-10T14:45:35.000+01:00,163.61334228515625,228.23776245117188,297.6775817871094,928.0,32.58373260498047,35.76116180419922,36.85969161987305,1020.8641967773438,0.1519775390625,1.0,106.0,30803,16523,live,940GZZLUTCR,Tottenham Court Road,,,,
6128,2026-08-10T14:45:45.000+01:00,168.74977111816406,232.07473754882812,299.5093688964844,926.0,32.621116638183594,35.803688049316406,37.08247375488281,1020.83984375,0.2435302734375,1.0,106.0,30775,16511,live,,,,,51.51620090234434,-0.13007425070522863
6129,2026-08-10T14:45:55.000+01:00,177.08853149414062,244.4686279296875,316.39990234375,926.0,32.67452621459961,35.85530090332031,37.25490188598633,1021.0656127929688,2.2576904296875,1.0,106.0,30759,16520,live,,,,,51.51620090234434,-0.13007425070522863
6130,2026-08-10T14:46:05.000+01:00,178.67822265625,253.0088653564453,333.56524658203125,927.0,32.711910247802734,35.89698028564453,37.555503845214844,1021.2498168945312,1.842041015625,1.0,107.0,30735,16532,live,,,,,,
6131,2026-08-10T14:46:16.000+01:00,178.05043029785156,250.31741333007812,328.3241882324219,930.0,32.754634857177734,35.936683654785156,37.990386962890625,1021.29638671875,0.4656982421875,1.0,108.0,30714,16545,live,,,,,,
6132,2026-08-10T14:46:25.000+01:00,175.6267852783203,250.07203674316406,330.9929504394531,944.0,32.81071090698242,35.99253845214844,38.18570327758789,1019.9821166992188,13.1427001953125,1.0,112.0,30629,16563,live,,,,,,
6133,2026-08-10T14:46:35.000+01:00,173.769775390625,245.1213836669922,322.28643798828125,970.0,32.88014221191406,36.040740966796875,38.075836181640625,1021.1889038085938,12.06787109375,1.0,111.0,30757,16575,live,,,,,,
6134,2026-08-10T14:46:45.000+01:00,169.01132202148438,236.98179626464844,310.23907470703125,972.0,32.89082336425781,36.080726623535156,38.048370361328125,1021.1450805664062,0.438232421875,1.0,111.0,30715,16560,live,940GZZLULSQ,Leicester Square,,,,
6135,2026-08-10T14:46:55.000+01:00,159.8934326171875,225.29522705078125,295.9812927246094,984.0,32.888153076171875,36.06483459472656,37.622642517089844,1020.3096313476562,8.3544921875,1.0,108.0,30782,16566,live,940GZZLULSQ,Leicester Square,,,,
6136,2026-08-10T14:47:05.000+01:00,145.6378631591797,205.2131805419922,269.6028747558594,984.0,32.86678695678711,36.11701965332031,37.376976013183594,1020.47998046875,1.7034912109375,1.0,107.0,30767,16546,live,940GZZLULSQ,Leicester Square,,,,
6137,2026-08-10T14:47:15.000+01:00,146.56581115722656,202.65684509277344,262.59814453125,985.0,32.888153076171875,36.15132141113281,37.19691848754883,1020.9556274414062,4.7564697265625,1.0,107.0,30767,16532,live,940GZZLULSQ,Leicester Square,,,,
6138,2026-08-10T14:47:25.000+01:00,124.95850372314453,173.78135681152344,226.1445770263672,984.0,32.91752624511719,36.168907165527344,36.95124816894531,1020.7931518554688,1.624755859375,1.0,106.0,30820,16525,live,940GZZLULSQ,Leicester Square,,,,
6139,2026-08-10T14:47:36.000+01:00,127.96157836914062,175.6928253173828,226.46644592285156,983.0,32.920196533203125,36.19811248779297,36.55603790283203,1020.8926391601562,0.994873046875,1.0,105.0,30811,16519,live,940GZZLULSQ,Leicester Square,,,,
6140,2026-08-10T14:47:45.000+01:00,144.49513244628906,198.49203491210938,255.94967651367188,978.0,32.962921142578125,36.23780822753906,36.39582061767578,1021.186767578125,2.9412841796875,1.0,105.0,30782,16489,live,940GZZLULSQ,Leicester Square,,,,
6141,2026-08-10T14:47:55.000+01:00,155.04507446289062,220.67459106445312,291.9973449707031,971.0,33.04035949707031,36.29253387451172,36.38208770751953,1021.4812622070312,2.9449462890625,1.0,105.0,30763,16486,live,940GZZLULSQ,Leicester Square,,,,
6142,2026-08-10T14:48:06.000+01:00,155.7844696044922,217.12994384765625,283.0123291015625,951.0,33.02166748046875,36.34584045410156,36.331729888916016,1021.0996704101562,3.81591796875,1.0,105.0,30815,16491,live,940GZZLULSQ,Leicester Square,,,,
6143,2026-08-10T14:48:15.000+01:00,148.8163299560547,207.26968383789062,270.01885986328125,948.0,32.91752624511719,36.378448486328125,36.231021881103516,1021.1068725585938,0.072021484375,1.0,104.0,30760,16484,live,940GZZLULSQ,Leicester Square,,,,
6144,2026-08-10T14:48:25.000+01:00,142.19720458984375,201.06362915039062,264.81048583984375,947.0,32.888153076171875,36.38099670410156,36.11810302734375,1021.0994262695312,0.074462890625,1.0,104.0,30876,16471,live,940GZZLULSQ,Leicester Square,,,,
6145,2026-08-10T14:48:36.000+01:00,146.95750427246094,203.76451110839844,264.5778503417969,942.0,32.96025085449219,36.42608642578125,36.00518798828125,1021.0394287109375,,1.0,104.0,30806,16458,buffered,,,,,,
6146,2026-08-10T14:48:46.000+01:00,155.923095703125,214.26168823242188,276.35308837890625,943.0,33.02166748046875,36.44224548339844,36.08148193359375,1021.133544921875,,1.0,104.0,30752,16455,buffered,,,,,,
6147,2026-08-10T14:48:56.000+01:00,163.2845916748047,220.64634704589844,280.9775390625,950.0,33.0750732421875,36.48137664794922,36.168460845947266,1021.27001953125,,1.0,105.0,30740,16463,buffered,,,,,,
6148,2026-08-10T14:49:06.000+01:00,168.5291748046875,225.587646484375,285.1585388183594,955.0,33.128482818603516,36.527313232421875,36.247806549072266,1020.7386474609375,,1.0,108.0,30704,16467,buffered,,,,,,
6149,2026-08-10T14:49:16.000+01:00,164.17532348632812,223.35867309570312,285.916015625,962.0,33.17654800415039,36.55821990966797,36.260013580322266,1020.987060546875,,1.0,110.0,30713,16470,buffered,,,,,,
6150,2026-08-10T14:49:26.000+01:00,158.81423950195312,215.93405151367188,276.2839660644531,1003.0,33.235294342041016,36.597633361816406,36.206607818603516,1020.51904296875,,1.0,112.0,30702,16476,buffered,,,,,,
6151,2026-08-10T14:49:36.000+01:00,153.58660888671875,210.61083984375,271.21826171875,1014.0,33.27534866333008,36.63420867919922,36.218814849853516,1021.3928833007812,,1.0,112.0,30693,16469,buffered,,,,,,
6152,2026-08-10T14:49:45.000+01:00,150.4641571044922,208.7876739501953,271.2545471191406,1013.0,33.3127326965332,36.66908264160156,36.182193756103516,1021.890625,7.9119873046875,1.0,111.0,30682,16470,live,,,,,,
6153,2026-08-10T14:49:56.000+01:00,150.313232421875,211.22666931152344,276.9610900878906,1012.0,33.37147903442383,36.668235778808594,36.166934967041016,1021.6878662109375,2.027587890625,1.0,110.0,30795,16477,live,940GZZLUCHX,Charing Cross,,,,
6154,2026-08-10T14:50:05.000+01:00,149.7173309326172,210.4388885498047,275.97509765625,1012.0,33.38750457763672,36.669654846191406,35.99298095703125,1021.236328125,4.515380859375,1.0,108.0,30804,16483,live,940GZZLUCHX,Charing Cross,,,,
6155,2026-08-10T14:50:15.000+01:00,145.64895629882812,204.7990264892578,268.6531677246094,985.0,33.278018951416016,36.54999542236328,35.3383674621582,1020.847900390625,3.88427734375,1.0,101.0,30887,16476,live,940GZZLUCHX,Charing Cross,,,,
6156,2026-08-10T14:50:25.000+01:00,136.4122772216797,196.70724487304688,262.6684265136719,948.0,33.181888580322266,36.49186706542969,35.01182556152344,1021.4091186523438,5.6121826171875,1.0,92.0,30928,16442,live,940GZZLUCHX,Charing Cross,,,,
6157,2026-08-10T14:50:35.000+01:00,133.02491760253906,193.13851928710938,259.1163635253906,917.0,33.17921829223633,36.562469482421875,34.79056930541992,1021.635986328125,2.2686767578125,1.0,87.0,30913,16419,live,940GZZLUCHX,Charing Cross,,,,
6158,2026-08-10T14:50:45.000+01:00,136.82467651367188,194.31643676757812,256.7229309082031,883.0,33.18722915649414,36.41474151611328,34.64866256713867,1021.6070556640625,0.289306640625,1.0,87.0,30908,16404,live,940GZZLUCHX,Charing Cross,,,,
6159,2026-08-10T14:50:55.000+01:00,146.08168029785156,204.66033935546875,267.7646789550781,870.0,33.0323486328125,36.280052185058594,34.67765426635742,1021.6422729492188,0.3521728515625,1.0,88.0,30897,16395,live,940GZZLUCHX,Charing Cross,,,,
6160,2026-08-10T14:51:05.000+01:00,151.2498016357422,216.8847198486328,288.4884948730469,850.0,32.89616394042969,36.248016357421875,34.74784469604492,1021.2400512695312,4.022216796875,1.0,89.0,30907,16383,live,940GZZLUCHX,Charing Cross,,,,
6161,2026-08-10T14:51:15.000+01:00,150.92189025878906,213.7202606201172,281.7808837890625,843.0,32.93621826171875,36.309547424316406,34.64255905151367,1021.289306640625,0.4925537109375,1.0,89.0,30919,16377,live,940GZZLUCHX,Charing Cross,,,,
6162,2026-08-10T14:51:26.000+01:00,151.2382354736328,216.41049194335938,287.433349609375,836.0,33.01365661621094,36.36228942871094,34.62577438354492,1021.2362670898438,,1.0,89.0,30904,16381,buffered,,,,,,
6163,2026-08-10T14:51:36.000+01:00,151.02117919921875,213.73770141601562,281.68829345703125,833.0,33.0750732421875,36.413612365722656,34.76615524291992,1021.6489868164062,,1.0,90.0,30866,16376,buffered,,,,,,
6164,2026-08-10T14:51:46.000+01:00,152.4259796142578,211.17994689941406,274.0462951660156,834.0,33.149845123291016,36.44422912597656,35.04081726074219,1021.2880249023438,,1.0,92.0,30870,16387,buffered,,,,,,
6165,2026-08-10T14:51:56.000+01:00,158.72341918945312,215.59426879882812,275.6376647949219,856.0,33.203250885009766,36.481658935546875,35.2712287902832,1021.2073364257812,,1.0,97.0,30826,16404,buffered,,,,,,
6166,2026-08-10T14:52:05.000+01:00,166.76190185546875,227.80821228027344,292.521240234375,874.0,33.28335952758789,36.52277374267578,35.3719367980957,1021.84521484375,5.55908203125,1.0,103.0,30805,16417,live,,,,,,
6167,2026-08-10T14:52:15.000+01:00,163.1332244873047,226.83157348632812,295.1415710449219,887.0,33.310062408447266,36.550559997558594,35.48332977294922,1021.763427734375,0.81787109375,1.0,107.0,30813,16425,live,940GZZLUEMB,Embankment,,,,
6168,2026-08-10T14:52:25.000+01:00,160.1829833984375,219.32752990722656,282.1244812011719,894.0,33.36880874633789,36.585723876953125,35.32768630981445,1021.776123046875,0.126953125,1.0,104.0,30867,16436,live,940GZZLUEMB,Embankment,,,,
6169,2026-08-10T14:52:35.000+01:00,156.80014038085938,218.63462829589844,285.0585632324219,896.0,33.432899475097656,36.60472106933594,35.04997253417969,1021.8121337890625,0.360107421875,1.0,103.0,30901,16435,live,940GZZLUEMB,Embankment,,,,
6170,2026-08-10T14:52:46.000+01:00,107.72274017333984,151.40916442871094,198.55894470214844,897.0,33.37682342529297,36.57665252685547,34.78446578979492,1021.4642944335938,,1.0,102.0,30986,16434,buffered,,,,,,
6171,2026-08-10T14:52:56.000+01:00,85.79695129394531,121.18080139160156,159.47482299804688,890.0,33.13649368286133,36.61237335205078,34.415199279785156,1021.2388916015625,,1.0,93.0,31064,16427,buffered,,,,,,
6172,2026-08-10T14:53:06.000+01:00,107.8895492553711,148.71124267578125,192.24676513671875,877.0,33.18989944458008,36.612945556640625,34.120697021484375,1021.2564697265625,,1.0,85.0,31037,16390,buffered,,,,,,
6173,2026-08-10T14:53:16.000+01:00,132.3288116455078,187.86148071289062,248.12937927246094,848.0,33.2486457824707,36.577781677246094,33.958953857421875,1021.5114135742188,,1.0,88.0,30953,16378,live,940GZZLUEMB,Embankment,,,,
6174,2026-08-10T14:53:25.000+01:00,161.36514282226562,231.2234344482422,307.4070129394531,836.0,33.23796463012695,36.55906677246094,33.929962158203125,1021.7005615234375,1.8914794921875,1.0,89.0,30921,16372,live,940GZZLUEMB,Embankment,,,,
6175,2026-08-10T14:53:35.000+01:00,165.6556854248047,240.54393005371094,322.7423095703125,832.0,33.26199722290039,36.58146667480469,33.955902099609375,1021.835205078125,1.346435546875,1.0,92.0,30944,16366,live,940GZZLUEMB,Embankment,,,,
6176,2026-08-10T14:53:45.000+01:00,173.0157012939453,247.72964477539062,329.17706298828125,825.0,33.33943557739258,36.6092529296875,33.978790283203125,1021.7909545898438,0.4425048828125,1.0,97.0,30895,16369,live,940GZZLUEMB,Embankment,,,,
6177,2026-08-10T14:53:55.000+01:00,167.1023406982422,243.73245239257812,328.0166931152344,821.0,33.288700103759766,36.51398468017578,34.015411376953125,1021.75244140625,0.3851318359375,1.0,100.0,30926,16373,live,940GZZLUEMB,Embankment,,,,
6178,2026-08-10T14:54:05.000+01:00,164.97763061523438,235.05784606933594,311.25946044921875,819.0,33.288700103759766,36.529296875,33.943695068359375,1021.8624267578125,1.099853515625,1.0,99.0,30937,16368,live,940GZZLUEMB,Embankment,,,,
6179,2026-08-10T14:54:15.000+01:00,169.44606018066406,231.88194274902344,298.1483459472656,820.0,33.35011672973633,36.56927490234375,33.969635009765625,1021.748779296875,1.136474609375,1.0,100.0,30918,16366,live,940GZZLUEMB,Embankment,,,,
6180,2026-08-10T14:54:25.000+01:00,162.6885223388672,224.1199493408203,289.6115417480469,823.0,33.40619659423828,36.61180877685547,33.949798583984375,1021.7979125976562,0.4913330078125,1.0,100.0,30903,16365,live,940GZZLUEMB,Embankment,,,,
6181,2026-08-10T14:54:35.000+01:00,152.1747283935547,217.2976837158203,288.1908264160156,831.0,33.467613220214844,36.651222229003906,33.914703369140625,1021.82080078125,0.2288818359375,1.0,101.0,30890,16370,live,940GZZLUEMB,Embankment,,,,
6185,2026-08-10T14:55:15.000+01:00,151.6481170654297,220.8806915283203,296.97955322265625,877.0,33.62516403198242,36.782501220703125,34.006256103515625,1021.7986450195312,0.2215576171875,1.0,107.0,30824,16371,live,940GZZLUEMB,Embankment,,,,
6186,2026-08-10T14:55:25.000+01:00,148.06314086914062,220.48321533203125,300.8492126464844,894.0,33.66788864135742,36.81794738769531,34.021514892578125,1021.7840576171875,0.1458740234375,1.0,107.0,30837,16366,live,940GZZLUEMB,Embankment,,,,
6187,2026-08-10T14:55:35.000+01:00,149.04434204101562,219.5598602294922,297.4600524902344,896.0,33.6945915222168,36.85509490966797,33.997100830078125,1021.791015625,0.069580078125,1.0,107.0,30827,16369,live,940GZZLUEMB,Embankment,,,,
6188,2026-08-10T14:55:45.000+01:00,151.3934326171875,219.34713745117188,293.8562927246094,899.0,33.7159538269043,36.87352752685547,33.925384521484375,1021.6712646484375,1.197509765625,1.0,108.0,30811,16366,live,940GZZLUEMB,Embankment,,,,
6189,2026-08-10T14:55:55.000+01:00,152.94581604003906,222.5839385986328,299.0989685058594,898.0,33.74532699584961,36.90641784667969,33.87044906616211,1021.790771484375,1.195068359375,1.0,108.0,30812,16359,live,940GZZLUEMB,Embankment,,,,
6190,2026-08-10T14:56:05.000+01:00,153.63241577148438,224.58216857910156,302.6968688964844,897.0,33.77737045288086,36.944976806640625,33.80483627319336,1021.7673950195312,0.2337646484375,1.0,108.0,30797,16358,live,940GZZLUEMB,Embankment,,,,
6191,2026-08-10T14:56:15.000+01:00,156.5284881591797,229.83346557617188,310.7004699707031,893.0,33.79873275756836,36.961708068847656,33.73769760131836,1021.7781372070312,0.107421875,1.0,108.0,30791,16350,live,940GZZLUEMB,Embankment,,,,
6192,2026-08-10T14:56:25.000+01:00,161.1326141357422,227.4468994140625,299.19085693359375,892.0,33.836116790771484,37.00055694580078,33.74685287475586,1021.801513671875,0.2337646484375,1.0,108.0,30775,16346,live,940GZZLUEMB,Embankment,,,,
6193,2026-08-10T14:56:35.000+01:00,153.4927978515625,219.4263458251953,291.2435607910156,889.0,33.85213851928711,37.028343200683594,33.69649887084961,1021.7633666992188,0.3814697265625,1.0,108.0,30775,16344,live,940GZZLUEMB,Embankment,,,,
6194,2026-08-10T14:56:45.000+01:00,122.7317123413086,181.64492797851562,246.8571319580078,888.0,33.86014938354492,37.04649353027344,33.623252868652344,1021.8069458007812,0.435791015625,1.0,108.0,30783,16342,live,940GZZLUEMB,Embankment,,,,
6195,2026-08-10T14:56:56.000+01:00,104.95512390136719,153.3978729248047,206.72842407226562,884.0,33.90287780761719,37.07257843017578,33.501182556152344,1021.9414672851562,1.34521484375,1.0,108.0,30816,16340,live,940GZZLUEMB,Embankment,,,,
6196,2026-08-10T14:57:05.000+01:00,78.52037811279297,114.19172668457031,153.37301635742188,866.0,33.94026184082031,37.11595916748047,33.27840042114258,1021.8510131835938,0.904541015625,1.0,107.0,30801,16336,live,940GZZLUEMB,Embankment,,,,
6197,2026-08-10T14:57:15.000+01:00,68.32219696044922,96.87899017333984,127.85098266601562,862.0,33.95628356933594,37.134674072265625,33.15938186645508,1021.8167114257812,0.343017578125,1.0,107.0,30823,16327,live,940GZZLUEMB,Embankment,,,,
6198,2026-08-10T14:57:25.000+01:00,73.18490600585938,102.5065689086914,134.0889892578125,855.0,33.98565673828125,37.162742614746094,33.14717483520508,1021.7509155273438,0.657958984375,1.0,106.0,30818,16323,live,940GZZLUEMB,Embankment,,,,
6199,2026-08-10T14:57:35.000+01:00,86.10066986083984,121.69844818115234,160.23951721191406,846.0,34.00434875488281,37.194786071777344,33.12886428833008,1021.772705078125,0.2178955078125,1.0,106.0,30826,16336,live,940GZZLUEMB,Embankment,,,,
6200,2026-08-10T14:57:45.000+01:00,88.45291900634766,122.11412811279297,158.0500946044922,846.0,34.0177001953125,37.21009826660156,33.09986877441406,1021.7789916992188,0.0628662109375,1.0,105.0,30823,16332,live,940GZZLUEMB,Embankment,,,,
6201,2026-08-10T14:57:55.000+01:00,89.61100769042969,123.36231994628906,159.32789611816406,847.0,34.03105163574219,37.23505401611328,33.15938186645508,1021.7326049804688,0.4638671875,1.0,105.0,30822,16334,live,940GZZLUEMB,Embankment,,,,
6202,2026-08-10T14:58:05.000+01:00,89.60704040527344,125.00686645507812,163.04568481445312,862.0,34.04173278808594,37.25603485107422,33.21736526489258,1021.6765747070312,0.560302734375,1.0,105.0,30833,16347,live,940GZZLUEMB,Embankment,,,,
6203,2026-08-10T14:58:15.000+01:00,87.79072570800781,121.70408630371094,158.0049591064453,870.0,34.08979797363281,37.278717041015625,33.13039016723633,1021.83056640625,1.5399169921875,1.0,105.0,30827,16353,live,940GZZLUEMB,Embankment,,,,
6204,2026-08-10T14:58:25.000+01:00,86.75475311279297,118.70436096191406,152.61080932617188,877.0,34.09513854980469,37.29573059082031,33.06782531738281,1022.6596069335938,8.2904052734375,1.0,104.0,30838,16348,live,940GZZLUEMB,Embankment,,,,
6205,2026-08-10T14:58:35.000+01:00,132.65028381347656,183.4799346923828,237.810791015625,877.0,34.11383056640625,37.321815490722656,33.02815246582031,1021.7642211914062,8.953857421875,1.0,104.0,30808,16357,live,940GZZLUEMB,Embankment,,,,
6206,2026-08-10T14:58:46.000+01:00,135.76353454589844,194.1914520263672,257.85174560546875,874.0,33.95628356933594,37.34223175048828,32.92744445800781,1021.8692016601562,1.0498046875,1.0,104.0,30889,16349,live,940GZZLUEMB,Embankment,,,,
6207,2026-08-10T14:58:55.000+01:00,138.1459503173828,196.7900848388672,260.5501403808594,869.0,33.93492126464844,37.361793518066406,32.8709831237793,1021.6967163085938,1.724853515625,1.0,104.0,30840,16316,live,940GZZLUEMB,Embankment,,,,
6211,2026-08-10T14:59:35.000+01:00,149.52716064453125,221.7540283203125,301.7712707519531,864.0,34.00701904296875,37.414817810058594,33.19752883911133,1021.6146240234375,0.8209228515625,1.0,104.0,30801,16316,live,,,,,,
6212,2026-08-10T14:59:45.000+01:00,154.16110229492188,219.3350830078125,290.1489562988281,865.0,34.0177001953125,37.43438720703125,33.34706497192383,1021.4285888671875,1.8603515625,1.0,105.0,30789,16315,live,,,,,,
6213,2026-08-10T14:59:56.000+01:00,153.77993774414062,212.27626037597656,274.7208251953125,869.0,34.04173278808594,37.445159912109375,33.479820251464844,1018.30224609375,31.263427734375,1.0,105.0,30776,16321,live,,,,,,
6214,2026-08-10T15:00:05.000+01:00,141.31532287597656,190.814697265625,242.8467254638672,873.0,34.06843566894531,37.45196533203125,33.556114196777344,1019.5181274414062,12.1588134765625,1.0,105.0,30791,16326,live,,,,,,
6215,2026-08-10T15:00:15.000+01:00,131.1156005859375,178.34506225585938,228.25982666015625,878.0,34.07377624511719,37.46302032470703,33.67818832397461,1021.54736328125,20.2923583984375,1.0,105.0,30799,16339,live,,,,,,
6216,2026-08-10T15:00:25.000+01:00,125.33392333984375,173.38836669921875,224.75820922851562,887.0,34.11650085449219,37.47776794433594,33.75448226928711,1022.7059936523438,11.5863037109375,1.0,105.0,30726,16347,live,,,,,,
6217,2026-08-10T15:00:36.000+01:00,119.88013458251953,164.8766326904297,212.79537963867188,901.0,34.15121841430664,37.48655700683594,33.84145736694336,1022.4974365234375,2.0855712890625,1.0,105.0,30804,16353,live,940GZZLUWLO,Waterloo,,,,
6218,2026-08-10T15:00:45.000+01:00,96.95527648925781,131.0259552001953,166.8624725341797,905.0,34.14320755004883,37.500450134277344,33.585105895996094,1022.513671875,0.162353515625,1.0,103.0,30895,16371,live,940GZZLUWLO,Waterloo,,,,
6219,2026-08-10T15:00:55.000+01:00,91.67462158203125,123.80857849121094,157.59132385253906,902.0,34.156558990478516,37.460472106933594,33.17921829223633,1022.34228515625,1.7138671875,1.0,98.0,30930,16363,live,940GZZLUWLO,Waterloo,,,,
6220,2026-08-10T15:01:05.000+01:00,90.42115020751953,120.55015563964844,151.90235900878906,894.0,34.11650085449219,37.491943359375,32.95033264160156,1022.3278198242188,0.1446533203125,1.0,92.0,30914,16344,live,940GZZLUWLO,Waterloo,,,,
6221,2026-08-10T15:01:15.000+01:00,103.76094055175781,140.8370819091797,179.96104431152344,885.0,34.10581970214844,37.517181396484375,32.87556457519531,1022.432373046875,1.0455322265625,1.0,94.0,30890,16332,live,940GZZLUWLO,Waterloo,,,,
6222,2026-08-10T15:01:25.000+01:00,115.15691375732422,156.92332458496094,201.12161254882812,880.0,34.03105163574219,37.41822052001953,32.93354797363281,1022.2150268554688,2.1734619140625,1.0,94.0,30922,16324,live,940GZZLUWLO,Waterloo,,,,
6223,2026-08-10T15:01:35.000+01:00,117.54256439208984,161.17462158203125,207.54649353027344,862.0,33.95628356933594,37.43977355957031,32.82673263549805,1021.9714965820312,2.435302734375,1.0,92.0,30976,16323,live,940GZZLUWLO,Waterloo,,,,
6224,2026-08-10T15:01:45.000+01:00,120.06743621826172,162.2426300048828,206.60018920898438,849.0,33.910888671875,37.42162322998047,32.56580352783203,1022.0523681640625,0.8087158203125,1.0,89.0,30996,16306,live,940GZZLUWLO,Waterloo,,,,
6225,2026-08-10T15:01:55.000+01:00,113.41085815429688,157.17950439453125,204.0216827392578,833.0,33.88685607910156,37.340248107910156,32.43457794189453,1022.216796875,1.644287109375,1.0,85.0,31039,16296,live,940GZZLUWLO,Waterloo,,,,
6226,2026-08-10T15:02:06.000+01:00,109.80048370361328,155.560302734375,205.16717529296875,802.0,33.78538131713867,37.33656311035156,32.230106353759766,1022.3622436523438,1.4544677734375,1.0,79.0,31167,16288,live,940GZZLUWLO,Waterloo,,,,
6227,2026-08-10T15:02:15.000+01:00,109.35404968261719,153.2930908203125,200.64263916015625,784.0,33.76668930053711,37.353004455566406,31.932554244995117,1022.6578979492188,2.95654296875,1.0,78.0,31088,16259,live,940GZZLUWLO,Waterloo,,,,
6228,2026-08-10T15:02:25.000+01:00,110.02790832519531,151.8701171875,196.5343475341797,770.0,33.78805160522461,37.34931945800781,31.874570846557617,1022.7909545898438,1.33056640625,1.0,80.0,31114,16239,live,940GZZLUWLO,Waterloo,,,,
6229,2026-08-10T15:02:35.000+01:00,110.5268783569336,153.36386108398438,199.242919921875,760.0,33.772029876708984,37.32323455810547,31.758602142333984,1022.8455200195312,0.545654296875,1.0,80.0,31128,16240,live,940GZZLUWLO,Waterloo,,,,
6230,2026-08-10T15:02:45.000+01:00,115.37206268310547,159.53756713867188,206.7371063232422,751.0,33.77737045288086,37.25688171386719,31.700618743896484,1022.7078857421875,1.3763427734375,1.0,83.0,31098,16229,live,940GZZLUWLO,Waterloo,,,,
6231,2026-08-10T15:02:55.000+01:00,112.6692886352539,158.57862854003906,208.16616821289062,740.0,33.72396469116211,37.14601135253906,31.773860931396484,1022.8800659179688,1.7218017578125,1.0,84.0,31076,16236,live,940GZZLUWLO,Waterloo,,,,
6232,2026-08-10T15:03:05.000+01:00,102.99574279785156,146.06166076660156,192.77273559570312,738.0,33.6732292175293,37.17493438720703,31.895933151245117,1022.4798583984375,4.0020751953125,1.0,84.0,31075,16239,live,940GZZLUWLO,Waterloo,,,,
6233,2026-08-10T15:03:15.000+01:00,100.44790649414062,143.94650268554688,191.3857879638672,737.0,33.70527267456055,37.185997009277344,31.796749114990234,1022.4534301757812,0.2642822265625,1.0,86.0,31056,16248,live,940GZZLUWLO,Waterloo,,,,
6234,2026-08-10T15:03:25.000+01:00,99.17598724365234,139.95538330078125,184.06724548339844,737.0,33.72129440307617,37.17805480957031,31.853208541870117,1022.3992309570312,0.5419921875,1.0,89.0,31002,16244,live,,,,,,
6235,2026-08-10T15:03:35.000+01:00,98.6770248413086,137.6986541748047,179.6363067626953,738.0,33.74799728393555,37.18287658691406,31.976806640625,1022.3602294921875,0.3900146484375,1.0,97.0,31024,16249,live,,,,,,
6236,2026-08-10T15:03:46.000+01:00,97.20943450927734,135.74461364746094,177.1766357421875,741.0,33.77470016479492,37.189117431640625,32.153812408447266,1022.8956298828125,5.35400390625,1.0,106.0,30928,16254,live,,,,,,
6237,2026-08-10T15:03:55.000+01:00,100.43195343017578,139.16461181640625,180.61209106445312,754.0,33.82810592651367,37.212646484375,32.43457794189453,1027.4432373046875,45.47607421875,1.0,109.0,30951,16272,live,,,,,,
6238,2026-08-10T15:04:05.000+01:00,99.8619613647461,140.26828002929688,183.8614959716797,759.0,33.836116790771484,37.227394104003906,32.64362716674805,1025.0550537109375,23.8818359375,1.0,111.0,30949,16291,live,,,,,,
6239,2026-08-10T15:04:15.000+01:00,103.11610412597656,142.9060516357422,185.48907470703125,763.0,33.86014938354492,37.24242401123047,32.6695671081543,1024.0008544921875,10.5419921875,1.0,111.0,30941,16302,live,,,,,,
6240,2026-08-10T15:04:25.000+01:00,109.78223419189453,147.676513671875,187.39418029785156,771.0,33.86014938354492,37.25971984863281,32.73212814331055,1031.800537109375,77.996826171875,1.0,111.0,30923,16298,live,,,,,,
6241,2026-08-10T15:04:35.000+01:00,116.27652740478516,154.30979919433594,193.7329559326172,770.0,33.87083053588867,37.2679443359375,32.85114669799805,1021.19091796875,106.09619140625,1.0,111.0,30945,16306,live,,,,,,
6242,2026-08-10T15:04:45.000+01:00,119.63819122314453,157.29676818847656,196.00592041015625,685.0,33.87617492675781,37.289207458496094,32.6298942565918,1022.3677978515625,11.768798828125,1.0,110.0,30930,16305,live,,,,,,
6243,2026-08-10T15:04:55.000+01:00,120.59227752685547,167.11557006835938,216.90269470214844,693.0,33.8895263671875,37.31217956542969,32.61615753173828,1028.220703125,58.529052734375,1.0,110.0,30937,16294,live,,,,,,
6244,2026-08-10T15:05:05.000+01:00,141.76507568359375,204.24034118652344,272.55633544921875,706.0,33.88685607910156,37.33599090576172,32.6421012878418,1023.3392944335938,48.8140869140625,1.0,109.0,30932,16288,live,,,,,,
6245,2026-08-10T15:05:15.000+01:00,145.9012908935547,210.00775146484375,280.07598876953125,719.0,33.90287780761719,37.35414123535156,32.46509552001953,1022.817626953125,5.2166748046875,1.0,109.0,30878,16286,live,,,,,,
6246,2026-08-10T15:05:26.000+01:00,140.8772430419922,210.1591796875,287.0983581542969,719.0,33.86281967163086,37.37285614013672,32.44678497314453,1022.8822631835938,0.6463623046875,1.0,109.0,30924,16277,live,940GZZLUWLO,Waterloo,,,,
6247,2026-08-10T15:05:35.000+01:00,139.075927734375,200.66366577148438,268.0579528808594,720.0,33.94293212890625,37.39128112792969,32.372013092041016,1022.7092895507812,1.729736328125,1.0,109.0,30938,16257,live,940GZZLUWLO,Waterloo,,,,
6248,2026-08-10T15:05:45.000+01:00,137.24102783203125,198.4593505859375,265.5216979980469,721.0,33.95361328125,37.40460968017578,32.47425079345703,1022.44921875,2.6007080078125,1.0,109.0,30894,16266,live,940GZZLUWLO,Waterloo,,,,
6249,2026-08-10T15:05:55.000+01:00,138.0482940673828,198.3570556640625,264.2174072265625,720.0,33.98565673828125,37.43409729003906,32.47425079345703,1022.287841796875,1.61376953125,1.0,109.0,30897,16270,live,940GZZLUWLO,Waterloo,,,,
6251,2026-08-10T15:06:15.000+01:00,135.16026306152344,183.85714721679688,235.3248291015625,717.0,34.03639221191406,37.46897888183594,32.57648468017578,1021.6704711914062,6.1737060546875,1.0,108.0,30889,16256,live,940GZZLUWLO,Waterloo,,,,
6252,2026-08-10T15:06:25.000+01:00,135.42120361328125,182.0741729736328,230.95291137695312,715.0,34.07911682128906,37.474647521972656,32.57343292236328,1021.877685546875,2.0721435546875,1.0,108.0,30899,16260,live,940GZZLUKNG,Kennington,,,,
6253,2026-08-10T15:06:35.000+01:00,138.3807373046875,193.0436248779297,251.78053283691406,714.0,34.07911682128906,37.46614074707031,32.60547637939453,1022.1136474609375,2.359619140625,1.0,107.0,30925,16260,live,940GZZLUKNG,Kennington,,,,
6254,2026-08-10T15:06:45.000+01:00,151.12205505371094,210.43450927734375,274.0973815917969,708.0,34.07911682128906,37.488258361816406,32.66193771362305,1022.3145141601562,2.0086669921875,1.0,107.0,30923,16254,live,940GZZLUKNG,Kennington,,,,
6255,2026-08-10T15:06:55.000+01:00,149.36691284179688,203.36788940429688,260.4786376953125,701.0,34.09513854980469,37.5103759765625,32.7061882019043,1022.066650390625,2.4786376953125,1.0,106.0,30956,16250,live,940GZZLUKNG,Kennington,,,,
6256,2026-08-10T15:07:06.000+01:00,143.26455688476562,196.2588348388672,252.54469299316406,701.0,34.081787109375,37.52001953125,32.7367057800293,1022.2160034179688,1.4935302734375,1.0,106.0,30952,16246,live,940GZZLUKNG,Kennington,,,,
6257,2026-08-10T15:07:15.000+01:00,145.123291015625,194.50473022460938,246.1133270263672,700.0,34.081787109375,37.51604461669922,32.71992111206055,1022.0067138671875,2.0928955078125,1.0,106.0,30896,16245,live,940GZZLUKNG,Kennington,,,,
6258,2026-08-10T15:07:25.000+01:00,143.30995178222656,196.615966796875,253.29054260253906,700.0,34.09513854980469,37.53816223144531,32.7336540222168,1021.919921875,0.867919921875,1.0,105.0,30938,16227,live,940GZZLUKNG,Kennington,,,,
6259,2026-08-10T15:07:35.000+01:00,138.21531677246094,193.82504272460938,253.7644805908203,699.0,34.13252639770508,37.578712463378906,32.7794303894043,1021.885986328125,0.33935546875,1.0,105.0,30932,16235,live,940GZZLUKNG,Kennington,,,,
6262,2026-08-10T15:08:05.000+01:00,140.62252807617188,198.74783325195312,261.6766052246094,689.0,34.0604248046875,37.6280517578125,32.62836837768555,1022.4533081054688,5.6732177734375,1.0,104.0,30974,16224,live,940GZZLUKNG,Kennington,,,,
6263,2026-08-10T15:08:15.000+01:00,142.517822265625,202.45433044433594,267.5235595703125,686.0,34.01502990722656,37.6544189453125,32.63142013549805,1021.9968872070312,4.564208984375,1.0,104.0,30962,16201,live,940GZZLUKNG,Kennington,,,,
6264,2026-08-10T15:08:25.000+01:00,146.28152465820312,206.55001831054688,271.76483154296875,683.0,33.99366760253906,37.66718292236328,32.53376007080078,1021.6690063476562,3.27880859375,1.0,104.0,30951,16199,live,940GZZLUKNG,Kennington,,,,
6265,2026-08-10T15:08:35.000+01:00,147.72802734375,212.77159118652344,283.8861999511719,677.0,33.9749755859375,37.67341613769531,32.47730255126953,1021.7503662109375,0.8135986328125,1.0,104.0,30924,16186,live,940GZZLUKNG,Kennington,,,,
6266,2026-08-10T15:08:46.000+01:00,144.6291961669922,206.8824005126953,274.71221923828125,676.0,33.99900817871094,37.68901062011719,32.44525909423828,1021.499755859375,2.506103515625,1.0,103.0,30959,16178,live,940GZZLUKNG,Kennington,,,,
6267,2026-08-10T15:08:55.000+01:00,146.3611297607422,216.37460327148438,293.83740234375,675.0,34.0177001953125,37.702056884765625,32.40100860595703,1021.7218017578125,2.220458984375,1.0,103.0,30989,16181,live,940GZZLUKNG,Kennington,,,,
6268,2026-08-10T15:09:05.000+01:00,146.92543029785156,216.50965881347656,293.3919677734375,673.0,34.076446533203125,37.699790954589844,32.321659088134766,1021.9955444335938,2.7374267578125,1.0,103.0,30957,16172,live,940GZZLUKNG,Kennington,,,,
6269,2026-08-10T15:09:15.000+01:00,147.5673065185547,219.59275817871094,299.49835205078125,672.0,34.11383056640625,37.714813232421875,32.343021392822266,1022.19775390625,2.0220947265625,1.0,103.0,30937,16176,live,940GZZLUKNG,Kennington,,,,
6270,2026-08-10T15:16:00.000+01:00,173.3093719482422,243.11587524414062,318.37127685546875,614.0,33.707942962646484,36.22589874267578,31.48088836669922,1021.1769409179688,,,,31245,0,live,,,,,51.47227373881429,-0.12302834931976617
6271,2026-08-10T15:16:10.000+01:00,144.0552520751953,204.0162811279297,269.0053405761719,612.0,33.56641387939453,36.22051239013672,31.708248138427734,1021.1805419921875,0.0360107421875,0.0,0.0,29687,17126,live,940GZZLUSKW,Stockwell,,,,
6272,2026-08-10T15:16:20.000+01:00,125.580810546875,174.39039611816406,226.69192504882812,611.0,33.446250915527344,36.236106872558594,31.834897994995117,1021.304443359375,1.239013671875,0.0,0.0,30449,16988,live,940GZZLUSKW,Stockwell,,,,
6273,2026-08-10T15:16:30.000+01:00,130.81837463378906,181.12295532226562,234.9259033203125,608.0,33.38483428955078,36.22023010253906,31.99359130859375,1021.3250732421875,0.206298828125,0.0,0.0,30831,16964,live,940GZZLUSKW,Stockwell,,,,
6274,2026-08-10T15:16:40.000+01:00,128.94168090820312,180.55189514160156,236.13223266601562,606.0,33.288700103759766,36.23412322998047,32.01800537109375,1021.2210083007812,1.0406494140625,0.0,0.0,31024,16963,live,940GZZLUSKW,Stockwell,,,,
6275,2026-08-10T15:16:51.000+01:00,122.84942626953125,169.57435607910156,219.4519500732422,605.0,33.22194290161133,36.267578125,31.95697021484375,1021.3047485351562,0.83740234375,0.0,4.0,31160,16954,live,940GZZLUSKW,Stockwell,,,,
6276,2026-08-10T15:17:00.000+01:00,119.56680297851562,169.42369079589844,223.47671508789062,599.0,33.15785598754883,36.287994384765625,31.822690963745117,1021.3269653320312,0.22216796875,1.0,25.0,31252,16946,live,940GZZLUSKW,Stockwell,,,,
6277,2026-08-10T15:17:10.000+01:00,149.8401336669922,205.9839324951172,265.7550048828125,598.0,33.10978698730469,36.28913116455078,31.920347213745117,1021.5798950195312,2.529296875,1.0,41.0,31291,16925,live,940GZZLUSKW,Stockwell,,,,
6278,2026-08-10T15:17:20.000+01:00,128.8670654296875,174.55035400390625,222.68333435058594,592.0,33.03501892089844,36.301605224609375,32.086669921875,1021.495361328125,0.8453369140625,1.0,48.0,31387,16931,live,940GZZLUSKW,Stockwell,,,,
6279,2026-08-10T15:17:30.000+01:00,175.26016235351562,235.98468017578125,299.6789855957031,593.0,32.973602294921875,36.3035888671875,32.202640533447266,1021.5725708007812,0.7720947265625,1.0,58.0,31352,16932,live,940GZZLUSKW,Stockwell,,,,
6280,2026-08-10T15:17:40.000+01:00,179.5676727294922,240.6893768310547,304.5718994140625,593.0,32.93888854980469,36.33648681640625,32.50019073486328,1021.448974609375,1.2359619140625,1.0,69.0,31262,16911,live,940GZZLUSKW,Stockwell,,,,
6281,2026-08-10T15:17:50.000+01:00,173.52952575683594,237.29953002929688,304.94842529296875,592.0,32.86945724487305,36.3580322265625,32.96864318847656,1021.422607421875,0.263671875,1.0,79.0,31332,16914,live,,,,,51.472286176295974,-0.12302302856993638
6282,2026-08-10T15:18:00.000+01:00,168.35012817382812,226.397216796875,287.22406005859375,593.0,32.85610580444336,36.38610076904297,33.17311477661133,1021.218017578125,2.0458984375,1.0,82.0,31342,16930,live,940GZZLUSKW,Stockwell,,,,
6283,2026-08-10T15:18:10.000+01:00,165.88235473632812,222.66696166992188,282.0847473144531,593.0,32.87479782104492,36.40991973876953,33.35622024536133,1021.5018920898438,2.8387451171875,1.0,86.0,31358,16935,live,940GZZLUSKW,Stockwell,,,,
6284,2026-08-10T15:18:20.000+01:00,168.0389404296875,229.28736877441406,294.1622619628906,593.0,32.87479782104492,36.43431091308594,33.31654739379883,1021.4865112304688,0.15380859375,1.0,87.0,31362,16938,live,940GZZLUSKW,Stockwell,,,,
6285,2026-08-10T15:18:30.000+01:00,167.2148895263672,231.72950744628906,300.77099609375,594.0,32.92286682128906,36.456703186035156,33.34401321411133,1021.6046142578125,1.1810302734375,1.0,90.0,31357,16921,live,940GZZLUSKW,Stockwell,,,,
6286,2026-08-10T15:18:40.000+01:00,172.21734619140625,234.59022521972656,300.5771484375,596.0,32.920196533203125,36.489601135253906,33.499656677246094,1021.4080200195312,1.9659423828125,1.0,94.0,31344,16919,live,940GZZLUSKW,Stockwell,,,,
6287,2026-08-10T15:18:51.000+01:00,174.7975311279297,236.20477294921875,300.791015625,598.0,32.93621826171875,36.51824188232422,33.525596618652344,1021.3302612304688,0.777587890625,1.0,96.0,31352,16920,live,940GZZLUSKW,Stockwell,,,,
6288,2026-08-10T15:19:00.000+01:00,188.86569213867188,257.691650390625,330.5900573730469,598.0,32.91485595703125,36.54857635498047,33.443199157714844,1021.1617431640625,1.6851806640625,1.0,98.0,31312,16912,live,940GZZLUSKW,Stockwell,,,,
6289,2026-08-10T15:19:10.000+01:00,185.23101806640625,255.235107421875,329.8775634765625,598.0,32.84275436401367,36.56105041503906,33.488975524902344,1021.12158203125,0.401611328125,1.0,94.0,31410,16904,live,940GZZLUSKW,Stockwell,,,,
6292,2026-08-10T15:19:40.000+01:00,169.9251708984375,234.57492065429688,303.5904846191406,600.0,33.037689208984375,36.64469909667969,33.18074417114258,1026.04150390625,49.19921875,1.0,99.0,31366,16867,live,,,,,,
6293,2026-08-10T15:19:50.000+01:00,176.7993621826172,245.8797149658203,319.9698791503906,600.0,33.10978698730469,36.65718078613281,33.24025344848633,1026.142578125,1.0107421875,1.0,100.0,31376,16881,live,,,,,,
6294,2026-08-10T15:20:00.000+01:00,184.9843292236328,263.4624328613281,348.7783203125,600.0,33.13382339477539,36.70027160644531,33.16853713989258,1021.88818359375,42.5439453125,1.0,102.0,31349,16872,live,,,,,,
6295,2026-08-10T15:20:10.000+01:00,191.6315155029297,272.780517578125,360.97467041015625,601.0,33.192569732666016,36.721824645996094,33.05867004394531,1023.1190795898438,12.3089599609375,1.0,105.0,31346,16868,live,,,,,,
6296,2026-08-10T15:20:20.000+01:00,192.77182006835938,267.3749694824219,347.255615234375,601.0,33.235294342041016,36.753013610839844,33.08460998535156,1022.6506958007812,4.683837890625,1.0,106.0,31336,16855,live,940GZZLUSKW,Stockwell,,,,
6298,2026-08-10T15:20:40.000+01:00,184.34686279296875,248.97412109375,316.91943359375,600.0,33.320743560791016,36.82361602783203,32.88929748535156,1024.208251953125,15.5755615234375,1.0,106.0,31334,16837,live,,,,,,
6299,2026-08-10T15:20:50.000+01:00,181.13604736328125,242.65774536132812,306.929931640625,602.0,33.36880874633789,36.85991668701172,32.84504318237305,1021.4579467773438,27.5030517578125,1.0,107.0,31264,16823,live,,,,,,
6300,2026-08-10T15:21:00.000+01:00,180.28289794921875,239.48545837402344,300.90313720703125,602.0,33.43022918701172,36.888832092285156,32.71076583862305,1022.018798828125,5.6085205078125,1.0,104.0,31347,16809,live,,,,,,
6301,2026-08-10T15:21:10.000+01:00,177.99693298339844,241.0909881591797,307.567138671875,602.0,33.488975524902344,36.907264709472656,32.71686935424805,1021.7804565429688,2.3834228515625,1.0,104.0,31336,16797,live,940GZZLUVXL,Vauxhall,,,,
6302,2026-08-10T15:21:20.000+01:00,164.5054931640625,226.5771026611328,292.7424011230469,602.0,33.521018981933594,36.961708068847656,32.41626739501953,1021.875732421875,0.9527587890625,1.0,99.0,31369,16800,live,940GZZLUVXL,Vauxhall,,,,
6303,2026-08-10T15:21:30.000+01:00,165.0966339111328,223.6587677001953,285.368408203125,601.0,33.499656677246094,36.997718811035156,32.173648834228516,1021.9425659179688,0.6683349609375,1.0,93.0,31401,16787,live,940GZZLUVXL,Vauxhall,,,,
6304,2026-08-10T15:21:40.000+01:00,162.2267608642578,221.21434020996094,283.6662902832031,601.0,33.53704071044922,37.030609130859375,32.05767822265625,1020.9918823242188,9.5068359375,1.0,91.0,31406,16763,live,940GZZLUVXL,Vauxhall,,,,
6305,2026-08-10T15:21:50.000+01:00,87.6004409790039,119.70812225341797,153.75222778320312,597.0,33.454261779785156,37.033447265625,31.776912689208984,1020.8245849609375,1.6729736328125,1.0,85.0,31489,16758,live,940GZZLUVXL,Vauxhall,,,,
6306,2026-08-10T15:22:00.000+01:00,160.60391235351562,214.67178344726562,271.05474853515625,587.0,33.320743560791016,37.05329895019531,31.54039764404297,1021.3178100585938,4.9322509765625,1.0,82.0,31467,16724,live,940GZZLUVXL,Vauxhall,,,,
6307,2026-08-10T15:22:11.000+01:00,158.1240234375,214.63705444335938,274.2738952636719,586.0,33.310062408447266,37.07342529296875,31.5861759185791,1021.9581298828125,6.4031982421875,1.0,87.0,31443,16691,live,940GZZLUVXL,Vauxhall,,,,
6308,2026-08-10T15:22:20.000+01:00,62.885101318359375,85.8456802368164,110.17359924316406,586.0,33.34744644165039,37.09412384033203,31.351186752319336,1022.0890502929688,1.3092041015625,1.0,84.0,31548,16687,live,940GZZLUVXL,Vauxhall,,,,
6309,2026-08-10T15:22:30.000+01:00,65.21236419677734,88.28237915039062,112.57975769042969,585.0,33.35812759399414,37.11170196533203,30.917829513549805,1022.7310791015625,6.4202880859375,1.0,77.0,31633,16678,live,940GZZLUVXL,Vauxhall,,,,
6310,2026-08-10T15:22:40.000+01:00,78.62772369384766,104.60572814941406,131.5904083251953,584.0,33.392845153808594,37.1326904296875,30.64621925354004,1023.0855712890625,3.544921875,1.0,80.0,31519,16635,live,940GZZLUVXL,Vauxhall,,,,
6311,2026-08-10T15:22:50.000+01:00,86.60511016845703,116.6010971069336,148.06175231933594,580.0,33.44091033935547,37.152252197265625,30.363927841186523,1023.0021362304688,0.8343505859375,1.0,83.0,31563,16608,live,940GZZLUVXL,Vauxhall,,,,
6312,2026-08-10T15:23:00.000+01:00,90.55168914794922,123.76354217529297,158.9827880859375,580.0,33.44892120361328,37.16246032714844,30.28000259399414,1022.5056762695312,4.964599609375,1.0,89.0,31547,16593,live,940GZZLUVXL,Vauxhall,,,,
6313,2026-08-10T15:23:10.000+01:00,83.6160888671875,111.55782318115234,140.65135192871094,577.0,33.496986389160156,37.169837951660156,30.26321792602539,1022.4369506835938,0.687255859375,1.0,95.0,31547,16581,live,940GZZLUVXL,Vauxhall,,,,
6314,2026-08-10T15:23:20.000+01:00,70.58650970458984,92.71670532226562,115.44397735595703,564.0,33.475624084472656,37.17096710205078,29.996185302734375,1021.825439453125,6.1151123046875,1.0,90.0,31603,16581,live,940GZZLUVXL,Vauxhall,,,,
6315,2026-08-10T15:23:30.000+01:00,116.48125457763672,157.55535888671875,200.78744506835938,563.0,33.400856018066406,37.18571472167969,29.915311813354492,1021.946533203125,1.2109375,1.0,91.0,31583,16547,live,,,,,51.485945676712234,-0.12383169821008568
6316,2026-08-10T15:23:40.000+01:00,127.32914733886719,176.98175048828125,230.21705627441406,563.0,33.44091033935547,37.19676971435547,29.935148239135742,1022.3075561523438,3.6102294921875,1.0,95.0,31533,16521,live,,,,,51.485945676712234,-0.12383169821008568
6317,2026-08-10T15:23:51.000+01:00,131.8528289794922,180.5221405029297,232.1941680908203,562.0,33.51300811767578,37.22399139404297,30.182344436645508,1028.3829345703125,60.7537841796875,1.0,105.0,31502,16523,live,,,,,51.485945676712234,-0.12383169821008568
6318,2026-08-10T15:24:00.000+01:00,124.71519470214844,170.39505004882812,218.82369995117188,562.0,33.550392150878906,37.244972229003906,30.475318908691406,1026.0477294921875,23.35205078125,1.0,112.0,31480,16535,live,,,,,51.485945676712234,-0.12383169821008568
6319,2026-08-10T15:24:10.000+01:00,117.78287506103516,158.53604125976562,201.27052307128906,561.0,33.57976531982422,37.253761291503906,30.324254989624023,1023.23974609375,28.079833984375,1.0,115.0,31423,16553,live,,,,,,
6320,2026-08-10T15:24:20.000+01:00,110.75706481933594,151.44239807128906,194.5992431640625,562.0,33.61981964111328,37.26368713378906,30.27695083618164,1021.55322265625,16.865234375,1.0,111.0,31518,16546,live,,,,,,
6321,2026-08-10T15:24:30.000+01:00,108.67410278320312,150.1221923828125,194.38864135742188,565.0,33.67055892944336,37.27106475830078,30.25711441040039,1022.4124755859375,8.592529296875,1.0,111.0,31478,16541,live,,,,,51.48920782078928,-0.13350314217042472
6322,2026-08-10T15:24:40.000+01:00,109.70743560791016,152.11273193359375,197.50819396972656,565.0,33.74532699584961,37.266807556152344,30.350194931030273,1022.1526489257812,2.5982666015625,1.0,112.0,31436,16528,live,940GZZLUPCO,Pimlico,,,,
6323,2026-08-10T15:24:50.000+01:00,117.16613006591797,161.68019104003906,209.18836975097656,565.0,33.617149353027344,37.22285461425781,30.368505477905273,1022.162109375,0.0946044921875,1.0,111.0,31451,16542,live,940GZZLUPCO,Pimlico,,,,
6324,2026-08-10T15:25:00.000+01:00,135.3317108154297,181.83056640625,230.52195739746094,568.0,33.57709503173828,37.227394104003906,30.457008361816406,1022.0537719726562,1.0833740234375,1.0,112.0,31434,16528,live,940GZZLUPCO,Pimlico,,,,
6325,2026-08-10T15:25:10.000+01:00,155.07115173339844,202.51889038085938,250.9771270751953,574.0,33.614479064941406,37.199607849121094,30.463111877441406,1021.50146484375,5.5230712890625,1.0,111.0,31427,16519,live,940GZZLUPCO,Pimlico,,,,
6326,2026-08-10T15:25:20.000+01:00,151.4967803955078,197.22137451171875,243.77110290527344,578.0,33.561073303222656,37.22541046142578,30.397497177124023,1021.4552612304688,0.4620361328125,1.0,106.0,31458,16527,live,940GZZLUPCO,Pimlico,,,,
6327,2026-08-10T15:25:31.000+01:00,145.8998565673828,198.0970001220703,253.1900634765625,580.0,33.561073303222656,37.23760223388672,30.360876083374023,1021.3810424804688,0.7421875,1.0,103.0,31444,16513,live,940GZZLUPCO,Pimlico,,,,
6328,2026-08-10T15:25:40.000+01:00,26.72242546081543,36.5850715637207,47.05598831176758,580.0,33.52368927001953,37.10773468017578,30.078584671020508,1021.6422729492188,2.6123046875,1.0,92.0,31620,16511,live,940GZZLUPCO,Pimlico,,,,
6329,2026-08-10T15:25:50.000+01:00,24.66853141784668,33.66674041748047,43.19906997680664,581.0,33.3127326965332,36.97447204589844,29.597925186157227,1022.0723266601562,4.300537109375,1.0,80.0,31811,16491,live,940GZZLUPCO,Pimlico,,,,
6330,2026-08-10T15:26:00.000+01:00,25.379669189453125,34.93921661376953,45.126014709472656,578.0,33.2272834777832,36.80915832519531,29.158464431762695,1022.1712646484375,0.9893798828125,1.0,79.0,31742,16430,live,940GZZLUPCO,Pimlico,,,,
6331,2026-08-10T15:26:10.000+01:00,27.085508346557617,36.88364028930664,47.247188568115234,575.0,33.1631965637207,36.732032775878906,28.90974235534668,1022.2639770507812,0.9271240234375,1.0,78.0,31779,16397,live,940GZZLUPCO,Pimlico,,,,
6332,2026-08-10T15:26:20.000+01:00,26.04908561706543,34.937923431396484,44.232975006103516,560.0,33.181888580322266,36.636756896972656,28.615243911743164,1022.268310546875,0.0433349609375,1.0,78.0,31815,16359,live,940GZZLUPCO,Pimlico,,,,
6333,2026-08-10T15:26:30.000+01:00,22.390531539916992,29.904714584350586,37.73556900024414,544.0,33.171207427978516,36.64555358886719,28.3894100189209,1022.3365478515625,0.682373046875,1.0,78.0,31830,16339,live,940GZZLUPCO,Pimlico,,,,
6334,2026-08-10T15:26:40.000+01:00,27.50895118713379,36.512786865234375,45.846954345703125,527.0,33.10711669921875,36.62910461425781,28.310062408447266,1022.3961181640625,0.595703125,1.0,78.0,31823,16322,live,940GZZLUPCO,Pimlico,,,,
6335,2026-08-10T15:26:50.000+01:00,55.45486068725586,73.25941467285156,91.6407699584961,529.0,32.99229431152344,36.56275177001953,28.697643280029297,1022.3800659179688,0.1605224609375,1.0,90.0,31710,16305,live,940GZZLUPCO,Pimlico,,,,
6336,2026-08-10T15:27:00.000+01:00,44.040313720703125,57.41680145263672,71.05487060546875,528.0,32.637142181396484,36.388938903808594,28.87312126159668,1022.3843994140625,0.0433349609375,1.0,93.0,31799,16319,live,940GZZLUPCO,Pimlico,,,,
6337,2026-08-10T15:27:11.000+01:00,63.6581916809082,83.82777404785156,104.59027862548828,523.0,32.14580154418945,36.132041931152344,29.454490661621094,1022.2003784179688,1.8402099609375,1.0,97.0,31756,16296,live,940GZZLUPCO,Pimlico,,,,
6338,2026-08-10T15:27:20.000+01:00,103.09637451171875,137.12672424316406,172.4687957763672,523.0,31.812007904052734,36.11248016357422,30.008392333984375,1022.3047485351562,1.043701171875,1.0,109.0,31665,16279,live,940GZZLUPCO,Pimlico,,,,
6339,2026-08-10T15:27:30.000+01:00,105.22462463378906,140.10595703125,176.36431884765625,523.0,31.82002067565918,36.092063903808594,30.23727798461914,1022.3474731445312,0.42724609375,1.0,121.0,31706,16272,live,940GZZLUPCO,Pimlico,,,,
6340,2026-08-10T15:27:40.000+01:00,100.88678741455078,133.92672729492188,168.18309020996094,524.0,31.865415573120117,36.080726623535156,30.391393661499023,1022.3487548828125,0.0128173828125,1.0,129.0,31625,16291,live,940GZZLUPCO,Pimlico,,,,
6341,2026-08-10T15:27:50.000+01:00,99.3584213256836,131.62405395507812,165.01718139648438,525.0,31.942855834960938,36.0787353515625,30.424962997436523,1022.324951171875,0.238037109375,1.0,128.0,31549,16304,live,940GZZLUPCO,Pimlico,,,,
6342,2026-08-10T15:28:00.000+01:00,102.37174987792969,135.73757934570312,170.29641723632812,534.0,32.063018798828125,36.08015441894531,30.489051818847656,1022.3370971679688,0.1214599609375,1.0,125.0,31595,16313,live,940GZZLUPCO,Pimlico,,,,
6343,2026-08-10T15:28:11.000+01:00,107.0925521850586,143.85423278808594,182.34210205078125,536.0,32.11909484863281,36.08441162109375,30.58518409729004,1022.2059326171875,1.3116455078125,1.0,121.0,31569,16325,live,940GZZLUPCO,Pimlico,,,,
6344,2026-08-10T15:28:20.000+01:00,117.75272369384766,159.80886840820312,204.18397521972656,540.0,32.1564826965332,36.07703399658203,30.730144500732422,1022.1534423828125,0.52490234375,1.0,122.0,31539,16342,live,940GZZLUPCO,Pimlico,,,,
6345,2026-08-10T15:28:30.000+01:00,112.43612670898438,150.5142364501953,190.2713165283203,550.0,32.25261306762695,36.09149169921875,30.836957931518555,1022.016357421875,1.370849609375,1.0,121.0,31526,16350,live,940GZZLUPCO,Pimlico,,,,
6346,2026-08-10T15:28:40.000+01:00,58.17951583862305,75.81593322753906,93.78900909423828,554.0,32.25261306762695,36.079017639160156,30.68131446838379,1022.4613037109375,4.449462890625,1.0,113.0,31600,16361,live,940GZZLUPCO,Pimlico,,,,
6347,2026-08-10T15:28:50.000+01:00,34.13212585449219,43.7725715637207,53.42870330810547,554.0,32.1992073059082,36.08610534667969,30.26169204711914,1022.5665893554688,1.0528564453125,1.0,98.0,31687,16352,live,940GZZLUPCO,Pimlico,,,,
6348,2026-08-10T15:29:01.000+01:00,31.83054542541504,41.07726287841797,50.40459060668945,554.0,32.271305084228516,36.08753204345703,29.994659423828125,1022.7695922851562,2.030029296875,1.0,92.0,31716,16306,live,940GZZLUPCO,Pimlico,,,,
6349,2026-08-10T15:29:10.000+01:00,105.53916931152344,137.88534545898438,170.9331512451172,546.0,32.292667388916016,36.049530029296875,29.871061325073242,1022.9963989257812,2.26806640625,1.0,92.0,31640,16294,live,940GZZLUPCO,Pimlico,,,,
6350,2026-08-10T15:29:20.000+01:00,112.85002136230469,148.64988708496094,185.5122833251953,545.0,32.009613037109375,35.967864990234375,30.504310607910156,1022.7550659179688,2.413330078125,1.0,105.0,31591,16288,live,940GZZLUPCO,Pimlico,,,,
6351,2026-08-10T15:29:30.000+01:00,109.78218841552734,146.05368041992188,183.7307891845703,546.0,31.822690963745117,35.93865966796875,31.006332397460938,1022.355224609375,3.9984130859375,1.0,119.0,31466,16300,live,940GZZLUPCO,Pimlico,,,,
6352,2026-08-10T15:29:40.000+01:00,114.97442626953125,153.1446990966797,192.83424377441406,549.0,31.782634735107422,35.918243408203125,31.57549476623535,1022.30078125,0.54443359375,1.0,122.0,31517,16303,live,940GZZLUPCO,Pimlico,,,,
6353,2026-08-10T15:29:50.000+01:00,115.96365356445312,157.1571502685547,200.5767364501953,554.0,31.82002067565918,35.934410095214844,31.65178871154785,1022.1893920898438,1.1138916015625,1.0,119.0,31524,16341,live,940GZZLUPCO,Pimlico,,,,
6357,2026-08-10T15:30:30.000+01:00,139.8345947265625,186.6260528564453,235.36001586914062,623.0,32.05767822265625,36.005584716796875,32.6604118347168,1023.8013305664062,16.119384765625,1.0,124.0,31423,16404,live,,,,,,
6358,2026-08-10T15:30:41.000+01:00,127.21894836425781,172.81427001953125,220.9556427001953,648.0,32.04432678222656,36.01551055908203,32.80231857299805,1021.2119750976562,25.8935546875,1.0,122.0,31406,16419,live,,,,,,
6359,2026-08-10T15:30:50.000+01:00,114.79613494873047,155.178955078125,197.66355895996094,655.0,32.0469970703125,36.042152404785156,32.85114669799805,1021.369384765625,1.5740966796875,1.0,120.0,31397,16420,live,,,,,,
6360,2026-08-10T15:31:00.000+01:00,108.64134979248047,146.90968322753906,187.1801300048828,667.0,32.08705139160156,36.075897216796875,32.7824821472168,1020.4708862304688,8.9849853515625,1.0,115.0,31458,16423,live,,,,,,
6361,2026-08-10T15:31:10.000+01:00,112.52037048339844,153.49459838867188,196.88729858398438,672.0,32.09773254394531,36.10283660888672,32.75654220581055,1021.7050170898438,12.34130859375,1.0,115.0,31330,16411,live,,,,,,
6362,2026-08-10T15:31:20.000+01:00,114.7109375,157.3106231689453,202.58892822265625,701.0,32.25795364379883,36.122406005859375,32.84504318237305,1022.32666015625,6.2164306640625,1.0,115.0,31360,16416,live,,,,,,
6363,2026-08-10T15:31:30.000+01:00,103.04961395263672,139.25331115722656,177.3316192626953,717.0,32.36476516723633,36.142822265625,32.8099479675293,1022.300537109375,0.26123046875,1.0,114.0,31356,16428,live,940GZZLUVIC,Victoria,,,,
6364,2026-08-10T15:31:40.000+01:00,58.703948974609375,78.62273406982422,99.42784881591797,727.0,32.418174743652344,36.18932342529297,32.6939811706543,1022.26806640625,0.32470703125,1.0,112.0,31369,16441,live,940GZZLUVIC,Victoria,,,,
6365,2026-08-10T15:31:50.000+01:00,57.11278533935547,76.24958801269531,96.18638610839844,737.0,32.524986267089844,36.208038330078125,32.42389678955078,1022.2731323242188,0.0506591796875,1.0,106.0,31398,16443,live,940GZZLUVIC,Victoria,,,,
6366,2026-08-10T15:32:00.000+01:00,61.77595520019531,81.63285064697266,102.13821411132812,742.0,32.58373260498047,36.238380432128906,32.198062896728516,1022.2164916992188,0.56640625,1.0,105.0,31394,16438,live,940GZZLUVIC,Victoria,,,,
6367,2026-08-10T15:32:10.000+01:00,63.17530822753906,83.20433044433594,103.82498931884766,746.0,32.6665153503418,36.2772216796875,32.10498046875,1021.7449951171875,4.7149658203125,1.0,104.0,31379,16442,live,940GZZLUVIC,Victoria,,,,
6368,2026-08-10T15:32:21.000+01:00,58.284358978271484,76.51026153564453,95.21698760986328,747.0,32.69855880737305,36.295372009277344,31.866941452026367,1021.886474609375,1.414794921875,1.0,102.0,31448,16445,live,940GZZLUVIC,Victoria,,,,
6369,2026-08-10T15:32:30.000+01:00,50.76054763793945,65.6541976928711,80.71444702148438,745.0,32.71992111206055,36.33875274658203,31.50072479248047,1022.02783203125,1.41357421875,1.0,101.0,31486,16436,live,940GZZLUVIC,Victoria,,,,
6370,2026-08-10T15:32:40.000+01:00,43.1805305480957,56.87181091308594,70.96783447265625,740.0,32.71458053588867,36.35547637939453,31.16044807434082,1022.2201538085938,1.9232177734375,1.0,100.0,31550,16417,live,940GZZLUVIC,Victoria,,,,
6371,2026-08-10T15:32:50.000+01:00,71.76997375488281,96.37877655029297,122.13726043701172,739.0,32.74128341674805,36.371360778808594,30.853742599487305,1022.2469482421875,0.2679443359375,1.0,99.0,31508,16395,live,940GZZLUVIC,Victoria,,,,
6372,2026-08-10T15:33:00.000+01:00,143.48037719726562,196.63478088378906,253.1063995361328,734.0,32.59441375732422,36.33222961425781,30.876630783081055,1022.380126953125,1.331787109375,1.0,99.0,31438,16387,live,940GZZLUVIC,Victoria,,,,
6373,2026-08-10T15:33:10.000+01:00,160.92922973632812,223.98838806152344,291.65386962890625,728.0,32.31937026977539,36.295654296875,31.253528594970703,1022.5678100585938,1.8768310546875,1.0,100.0,31448,16370,live,940GZZLUVIC,Victoria,,,,
6374,2026-08-10T15:33:20.000+01:00,154.36727905273438,218.66685485839844,288.36627197265625,715.0,32.27397537231445,36.28289031982422,31.374074935913086,1021.685546875,8.8226318359375,1.0,102.0,31437,16367,live,940GZZLUVIC,Victoria,,,,
6375,2026-08-10T15:33:30.000+01:00,148.76080322265625,201.47207641601562,257.0049133300781,669.0,32.18318557739258,36.2596435546875,31.6624698638916,1021.9820556640625,2.965087890625,1.0,106.0,31387,16362,live,,,,,,
6376,2026-08-10T15:33:40.000+01:00,134.88912963867188,178.24493408203125,223.0160369873047,665.0,32.196537017822266,36.282325744628906,31.94171142578125,1021.9798583984375,0.02197265625,1.0,112.0,31365,16367,live,,,,,,
6378,2026-08-10T15:34:01.000+01:00,119.60209655761719,158.47447204589844,198.71249389648438,666.0,32.335391998291016,36.32344055175781,31.917295455932617,1022.060546875,0.806884765625,1.0,115.0,31352,16391,live,,,,,,
6379,2026-08-10T15:34:10.000+01:00,119.9520492553711,160.82858276367188,203.56146240234375,658.0,32.428855895996094,36.344139099121094,31.95697021484375,1024.2333984375,21.728515625,1.0,114.0,31336,16394,live,,,,,,
6380,2026-08-10T15:34:20.000+01:00,123.2471694946289,163.6404266357422,205.52749633789062,659.0,32.578392028808594,36.363990783691406,32.025634765625,1023.7892456054688,4.4415283203125,1.0,115.0,31309,16406,live,,,,,,
6381,2026-08-10T15:34:30.000+01:00,119.64311981201172,159.6480255126953,201.30715942382812,663.0,32.610435485839844,36.38751983642578,31.9615478515625,1023.709716796875,0.7952880859375,1.0,111.0,31383,16412,live,,,,,,
6382,2026-08-10T15:34:40.000+01:00,117.30584716796875,160.6753387451172,206.73416137695312,671.0,32.690547943115234,36.41162109375,31.9432373046875,1017.4623413085938,62.4737548828125,1.0,110.0,31323,16412,live,,,,,,
6383,2026-08-10T15:34:50.000+01:00,116.28656005859375,161.3179168701172,209.54010009765625,681.0,32.786678314208984,36.453590393066406,31.760128021240234,1020.8607788085938,33.984375,1.0,109.0,31329,16422,live,,,,,,
6384,2026-08-10T15:35:00.000+01:00,118.9333724975586,162.31109619140625,208.2626495361328,687.0,32.840084075927734,36.49498748779297,31.715877532958984,1020.8690795898438,0.0830078125,1.0,109.0,31314,16420,live,940GZZLUGPK,Green Park,,,,
6385,2026-08-10T15:35:10.000+01:00,148.45008850097656,199.04046630859375,251.92886352539062,694.0,32.89349365234375,36.517669677734375,31.749446868896484,1020.8936767578125,0.2459716796875,1.0,110.0,31288,16419,live,940GZZLUGPK,Green Park,,,,
6386,2026-08-10T15:35:20.000+01:00,153.45321655273438,204.97987365722656,258.68408203125,699.0,32.90150451660156,36.51908874511719,31.779964447021484,1020.7115478515625,1.8212890625,1.0,112.0,31257,16424,live,940GZZLUGPK,Green Park,,,,
6387,2026-08-10T15:35:30.000+01:00,156.63121032714844,214.86642456054688,276.7766418457031,707.0,32.91752624511719,36.508880615234375,31.750972747802734,1020.4823608398438,2.2918701171875,1.0,115.0,31259,16422,live,940GZZLUGPK,Green Park,,,,
6388,2026-08-10T15:35:41.000+01:00,151.67904663085938,203.8455047607422,258.48236083984375,715.0,32.88548278808594,36.53411865234375,31.708248138427734,1020.6626586914062,1.802978515625,1.0,111.0,31267,16425,live,940GZZLUGPK,Green Park,,,,
6389,2026-08-10T15:35:50.000+01:00,100.19702911376953,131.95785522460938,164.65560913085938,717.0,32.95491027832031,36.57665252685547,31.61211585998535,1020.5142211914062,1.484375,1.0,109.0,31306,16419,live,940GZZLUGPK,Green Park,,,,
6390,2026-08-10T15:36:00.000+01:00,125.1041030883789,163.1811065673828,202.02145385742188,723.0,32.89616394042969,36.574378967285156,31.247425079345703,1020.4459228515625,0.6829833984375,1.0,107.0,31361,16423,live,940GZZLUGPK,Green Park,,,,
6391,2026-08-10T15:36:10.000+01:00,128.65133666992188,168.96676635742188,210.36549377441406,727.0,32.818721771240234,36.57012939453125,30.995651245117188,1020.3972778320312,0.4864501953125,1.0,106.0,31364,16394,live,940GZZLUGPK,Green Park,,,,
6392,2026-08-10T15:36:20.000+01:00,144.65745544433594,190.02401733398438,236.6177520751953,725.0,32.84542465209961,36.58856201171875,30.858320236206055,1020.591796875,1.9451904296875,1.0,106.0,31367,16359,live,940GZZLUGPK,Green Park,,,,
6393,2026-08-10T15:36:30.000+01:00,128.99205017089844,169.4863739013672,211.08541870117188,725.0,32.93621826171875,36.63108825683594,30.959030151367188,1020.8065795898438,2.1478271484375,1.0,106.0,31314,16353,live,940GZZLUGPK,Green Park,,,,
6394,2026-08-10T15:36:40.000+01:00,112.37899780273438,148.8851776123047,186.66976928710938,725.0,32.984283447265625,36.65576171875,30.876630783081055,1020.8045043945312,0.020751953125,1.0,106.0,31300,16361,live,940GZZLUGPK,Green Park,,,,
6395,2026-08-10T15:36:50.000+01:00,95.50691986083984,126.54054260253906,158.6627960205078,724.0,33.04570007324219,36.67872619628906,30.759136199951172,1020.9048461914062,1.00341796875,1.0,106.0,31311,16353,live,940GZZLUGPK,Green Park,,,,
6396,2026-08-10T15:37:00.000+01:00,84.19866943359375,111.55195617675781,139.8634490966797,721.0,33.080413818359375,36.71501922607422,30.60502052307129,1020.8030395507812,1.01806640625,1.0,106.0,31330,16345,live,940GZZLUGPK,Green Park,,,,
6397,2026-08-10T15:37:10.000+01:00,78.42440032958984,104.89089965820312,132.5045166015625,720.0,33.12046813964844,36.73430633544922,30.458534240722656,1020.9402465820312,1.3720703125,1.0,105.0,31348,16330,live,940GZZLUGPK,Green Park,,,,
6398,2026-08-10T15:37:21.000+01:00,78.04944610595703,103.8434829711914,130.6386260986328,716.0,33.171207427978516,36.76832580566406,30.377660751342773,1021.178955078125,2.3870849609375,1.0,104.0,31344,16321,live,940GZZLUGPK,Green Park,,,,
6399,2026-08-10T15:37:30.000+01:00,97.2797622680664,130.1027069091797,164.3468017578125,714.0,33.22995376586914,36.790443420410156,30.30136489868164,1021.0244750976562,1.5447998046875,1.0,104.0,31335,16319,live,940GZZLUGPK,Green Park,,,,
6400,2026-08-10T15:37:40.000+01:00,97.20703125,128.82566833496094,161.56069946289062,708.0,33.1177978515625,36.768890380859375,30.30899429321289,1021.0379638671875,0.1348876953125,1.0,104.0,31355,16324,live,940GZZLUGPK,Green Park,,,,
6401,2026-08-10T15:37:50.000+01:00,97.07804107666016,128.3280029296875,160.60874938964844,708.0,32.82406234741211,36.67730712890625,30.536354064941406,1020.9773559570312,0.6060791015625,1.0,104.0,31335,16315,live,940GZZLUGPK,Green Park,,,,
6402,2026-08-10T15:38:00.000+01:00,150.33277893066406,198.14866638183594,247.41226196289062,705.0,32.458229064941406,36.615211486816406,31.09025764465332,1020.74267578125,2.3468017578125,1.0,105.0,31286,16298,live,940GZZLUGPK,Green Park,,,,
6403,2026-08-10T15:38:10.000+01:00,156.15451049804688,207.90431213378906,261.6939392089844,706.0,32.43419647216797,36.637046813964844,31.361867904663086,1020.814208984375,0.71533203125,1.0,107.0,31291,16300,live,940GZZLUGPK,Green Park,,,,
6404,2026-08-10T15:38:20.000+01:00,154.7220001220703,211.0756378173828,270.7577819824219,708.0,32.460899353027344,36.65037536621094,31.424428939819336,1020.5653686523438,2.4884033203125,1.0,107.0,31268,16315,live,,,,,51.506748227596034,-0.14268577077645392
6405,2026-08-10T15:38:31.000+01:00,158.39390563964844,211.82054138183594,267.556884765625,709.0,32.52765655517578,36.673622131347656,31.694515228271484,1020.8673706054688,3.02001953125,1.0,111.0,31237,16318,live,,,,,51.506748227596034,-0.14268577077645392
6406,2026-08-10T15:38:40.000+01:00,155.4805145263672,211.01681518554688,269.6164245605469,717.0,32.63447189331055,36.68779754638672,31.9981689453125,1021.1453247070312,2.779541015625,1.0,121.0,31126,16336,live,,,,,51.506748227596034,-0.14268577077645392
6407,2026-08-10T15:38:50.000+01:00,152.19993591308594,208.95681762695312,269.32830810546875,732.0,32.7306022644043,36.708213806152344,32.09124755859375,1025.159423828125,40.1409912109375,1.0,154.0,30957,16353,live,,,,,,
6408,2026-08-10T15:39:00.000+01:00,154.52886962890625,206.740234375,261.2277526855469,755.0,32.84275436401367,36.74308776855469,32.42237091064453,1022.6802978515625,24.791259765625,1.0,174.0,30904,16363,live,,,,,,
6409,2026-08-10T15:39:11.000+01:00,154.16148376464844,205.34214782714844,258.5600891113281,802.0,32.93354797363281,36.75018310546875,32.6329460144043,1017.5887451171875,50.91552734375,1.0,167.0,30930,16384,live,,,,,,
6410,2026-08-10T15:39:20.000+01:00,156.14527893066406,205.44577026367188,256.15618896484375,849.0,33.010986328125,36.782501220703125,32.7306022644043,1014.9015502929688,26.8719482421875,1.0,155.0,30929,16404,live,,,,,,
6411,2026-08-10T15:39:30.000+01:00,156.2934112548828,212.47657775878906,271.83087158203125,877.0,33.091094970703125,36.825035095214844,32.94880676269531,1019.318115234375,44.1656494140625,1.0,144.0,30932,16404,live,,,,,,
6412,2026-08-10T15:39:40.000+01:00,159.40789794921875,222.89569091796875,291.2100524902344,888.0,33.160526275634766,36.85679626464844,33.24025344848633,1020.2079467773438,8.8983154296875,1.0,142.0,30858,16417,live,,,,,,
6413,2026-08-10T15:39:50.000+01:00,162.3518524169922,225.09315490722656,292.25616455078125,909.0,33.27267837524414,36.89563751220703,33.492027282714844,1020.2706298828125,0.6268310546875,1.0,134.0,30847,16435,live,940GZZLUOXC,Oxford Circus,,,,
6414,2026-08-10T15:40:00.000+01:00,165.97921752929688,226.2300262451172,289.99932861328125,908.0,33.32875442504883,36.924842834472656,33.20210647583008,1020.0758666992188,1.9476318359375,1.0,126.0,30909,16457,live,940GZZLUOXC,Oxford Circus,,,,
6415,2026-08-10T15:40:10.000+01:00,166.14227294921875,226.33612060546875,290.02197265625,906.0,33.374149322509766,36.962554931640625,33.13954544067383,1019.927978515625,1.4788818359375,1.0,120.0,30959,16441,live,940GZZLUOXC,Oxford Circus,,,,
6416,2026-08-10T15:40:20.000+01:00,168.241455078125,234.0509033203125,304.6463928222656,904.0,33.424888610839844,37.013031005859375,33.06172180175781,1020.3665771484375,4.385986328125,1.0,119.0,30945,16434,live,940GZZLUOXC,Oxford Circus,,,,
6417,2026-08-10T15:40:30.000+01:00,168.89773559570312,233.31594848632812,302.1145935058594,903.0,33.454261779785156,37.0518798828125,32.99763488769531,1020.27783203125,0.887451171875,1.0,118.0,30956,16426,live,940GZZLUOXC,Oxford Circus,,,,
6418,2026-08-10T15:40:40.000+01:00,168.3792266845703,229.60328674316406,294.4229736328125,898.0,33.464942932128906,37.08363342285156,32.91828918457031,1019.7695922851562,5.0823974609375,1.0,116.0,30960,16421,live,940GZZLUOXC,Oxford Circus,,,,
6419,2026-08-10T15:40:50.000+01:00,163.10931396484375,226.85194396972656,295.2193298339844,897.0,33.496986389160156,37.075408935546875,32.8648796081543,1019.6524047851562,1.171875,1.0,114.0,30968,16413,live,940GZZLUOXC,Oxford Circus,,,,
6420,2026-08-10T15:41:00.000+01:00,163.61032104492188,225.28945922851562,291.02593994140625,893.0,33.539710998535156,37.100929260253906,32.7275505065918,1019.7826538085938,1.302490234375,1.0,112.0,30987,16406,live,940GZZLUOXC,Oxford Circus,,,,
6421,2026-08-10T15:41:10.000+01:00,178.6192169189453,244.725341796875,314.9440612792969,890.0,33.60112762451172,37.153953552246094,32.6421012878418,1020.1701049804688,3.87451171875,1.0,110.0,30950,16397,live,940GZZLUOXC,Oxford Circus,,,,
6422,2026-08-10T15:41:20.000+01:00,181.8760528564453,252.07225036621094,327.19866943359375,882.0,33.6305046081543,37.179473876953125,32.46509552001953,1019.8279418945312,3.421630859375,1.0,103.0,31065,16397,live,,,,,51.51521692054309,-0.14193810654577355
6423,2026-08-10T15:41:30.000+01:00,179.41624450683594,251.2049102783203,328.51153564453125,872.0,33.64118576049805,37.19676971435547,32.231632232666016,1020.13134765625,3.0340576171875,1.0,100.0,31047,16394,live,,,,,51.51521692054309,-0.14193810654577355
6424,2026-08-10T15:41:40.000+01:00,173.64898681640625,243.8102264404297,319.4871520996094,855.0,33.63851547241211,37.21832275390625,32.150760650634766,1020.5187377929688,3.8739013671875,1.0,100.0,31011,16374,live,,,,,51.51521692054309,-0.14193810654577355
6425,2026-08-10T15:41:50.000+01:00,168.34124755859375,231.49923706054688,298.75347900390625,846.0,33.707942962646484,37.25886535644531,32.0958251953125,1021.0335083007812,5.147705078125,1.0,100.0,31010,16363,live,,,,,51.51521692054309,-0.14193810654577355
6426,2026-08-10T15:42:00.000+01:00,166.41246032714844,231.81491088867188,302.03076171875,841.0,33.76668930053711,37.29487609863281,32.178226470947266,1022.1786499023438,11.451416015625,1.0,100.0,30973,16368,live,,,,,51.51521692054309,-0.14193810654577355
6427,2026-08-10T15:42:10.000+01:00,164.50308227539062,226.88536071777344,293.44146728515625,841.0,33.80941390991211,37.343650817871094,32.208744049072266,1022.0778198242188,1.00830078125,1.0,101.0,30983,16372,live,,,,,51.51521692054309,-0.14193810654577355
6428,2026-08-10T15:42:20.000+01:00,168.33370971679688,228.6226043701172,292.2696228027344,841.0,33.857479095458984,37.392417907714844,32.217899322509766,1021.3943481445312,6.834716796875,1.0,101.0,30994,16376,live,,,,,,
6429,2026-08-10T15:42:30.000+01:00,170.85386657714844,232.09912109375,296.76666259765625,843.0,33.88685607910156,37.43409729003906,32.271305084228516,1019.1051635742188,22.891845703125,1.0,101.0,30999,16375,live,,,,,,
6430,2026-08-10T15:42:40.000+01:00,168.49546813964844,232.44436645507812,300.6819763183594,846.0,33.95628356933594,37.46217346191406,32.216373443603516,1020.6400756835938,15.34912109375,1.0,101.0,30981,16374,live,,,,,,
6431,2026-08-10T15:42:50.000+01:00,168.07635498046875,230.0226593017578,295.77239990234375,850.0,33.96696472167969,37.51689910888672,32.344547271728516,1020.6632690429688,0.23193359375,1.0,101.0,31023,16374,live,940GZZLUWRR,Warren Street,,,,
6432,2026-08-10T15:43:00.000+01:00,201.397705078125,271.6670227050781,345.47491455078125,851.0,33.97764587402344,37.549224853515625,32.198062896728516,1020.450439453125,2.1282958984375,1.0,101.0,30906,16381,live,940GZZLUWRR,Warren Street,,,,
6433,2026-08-10T15:43:10.000+01:00,208.41363525390625,279.7662353515625,354.4293212890625,849.0,33.91889953613281,37.582679748535156,32.1141357421875,1020.794921875,3.44482421875,1.0,102.0,30936,16366,live,940GZZLUWRR,Warren Street,,,,
6434,2026-08-10T15:43:20.000+01:00,196.84326171875,266.4729309082031,339.8055725097656,850.0,33.92958068847656,37.614723205566406,32.07904052734375,1021.0204467773438,2.2552490234375,1.0,103.0,30925,16351,live,940GZZLUWRR,Warren Street,,,,
6435,2026-08-10T15:43:30.000+01:00,189.06195068359375,257.6838073730469,330.31134033203125,850.0,33.836116790771484,37.65129852294922,32.166019439697266,1021.8292236328125,8.0877685546875,1.0,103.0,30935,16343,live,940GZZLUWRR,Warren Street,,,,
6436,2026-08-10T15:43:40.000+01:00,186.06661987304688,259.1383972167969,337.57794189453125,849.0,33.7586784362793,37.655555725097656,32.219425201416016,1021.2423706054688,5.8685302734375,1.0,103.0,30936,16337,live,940GZZLUWRR,Warren Street,,,,
6437,2026-08-10T15:43:50.000+01:00,111.37926483154297,158.17050170898438,208.96018981933594,856.0,33.72129440307617,37.601112365722656,32.259098052978516,1020.4537353515625,7.8863525390625,1.0,103.0,30942,16331,live,940GZZLUWRR,Warren Street,,,,
6438,2026-08-10T15:44:00.000+01:00,146.63504028320312,204.93138122558594,267.6407165527344,855.0,33.6732292175293,37.589202880859375,32.201114654541016,1020.3147583007812,1.3897705078125,1.0,103.0,30967,16321,live,940GZZLUWRR,Warren Street,,,,
6439,2026-08-10T15:44:10.000+01:00,160.57644653320312,226.32662963867188,297.40142822265625,853.0,33.73197555541992,37.625213623046875,32.08514404296875,1020.9667358398438,6.519775390625,1.0,102.0,30965,16321,live,940GZZLUWRR,Warren Street,,,,
6440,2026-08-10T15:44:20.000+01:00,170.08473205566406,234.9832000732422,304.29998779296875,848.0,33.793392181396484,37.65838623046875,31.874570846557617,1020.8099365234375,1.5679931640625,1.0,102.0,30952,16312,live,,,,,51.52463908802607,-0.13796837927863215
6441,2026-08-10T15:44:30.000+01:00,176.13748168945312,239.1048126220703,305.5560302734375,841.0,33.86014938354492,37.67852020263672,31.810482025146484,1021.036865234375,2.269287109375,1.0,103.0,30866,16296,live,,,,,51.52463908802607,-0.13796837927863215
6442,2026-08-10T15:44:40.000+01:00,181.2159881591797,244.08694458007812,310.04998779296875,837.0,33.94026184082031,37.717933654785156,31.880674362182617,1021.3292236328125,2.923583984375,1.0,106.0,30879,16301,live,,,,,51.52463908802607,-0.13796837927863215
6443,2026-08-10T15:44:50.000+01:00,182.5975799560547,243.70742797851562,307.3560791015625,838.0,34.023040771484375,37.749977111816406,31.96002197265625,1019.5532836914062,17.7593994140625,1.0,113.0,30803,16307,live,,,,,51.52463908802607,-0.13796837927863215
6444,2026-08-10T15:45:00.000+01:00,173.53770446777344,232.92340087890625,295.0587158203125,839.0,34.156558990478516,37.789390563964844,31.93865966796875,1019.491943359375,0.6134033203125,1.0,119.0,30782,16314,live,,,,,,
6445,2026-08-10T15:45:10.000+01:00,170.38214111328125,235.53053283691406,305.14013671875,843.0,34.220645904541016,37.820579528808594,31.9554443359375,1018.03271484375,14.59228515625,1.0,122.0,30776,16328,live,,,,,,
6446,2026-08-10T15:45:20.000+01:00,167.56756591796875,234.66302490234375,306.92425537109375,846.0,34.27939224243164,37.86254119873047,31.847105026245117,1020.7892456054688,27.5653076171875,1.0,120.0,30770,16328,live,940GZZLUWRR,Warren Street,,,,
6447,2026-08-10T15:45:30.000+01:00,166.14231872558594,227.8503875732422,293.4403381347656,848.0,34.338138580322266,37.906494140625,31.775386810302734,1020.8258666992188,0.3662109375,1.0,118.0,30788,16322,live,940GZZLUWRR,Warren Street,,,,
6448,2026-08-10T15:45:40.000+01:00,167.14059448242188,224.73301696777344,285.07562255859375,847.0,34.3621711730957,37.915283203125,31.697566986083984,1020.4408569335938,3.85009765625,1.0,116.0,30946,16324,live,940GZZLUEUS,Euston,,,,
6449,2026-08-10T15:45:50.000+01:00,161.28050231933594,225.35186767578125,294.2648010253906,846.0,34.2980842590332,37.92945861816406,31.14671516418457,1020.46044921875,0.1959228515625,1.0,102.0,31033,16338,live,940GZZLUEUS,Euston,,,,
6450,2026-08-10T15:46:00.000+01:00,156.49063110351562,222.2383575439453,293.60528564453125,835.0,34.3408088684082,37.94647216796875,30.821699142456055,1020.0011596679688,4.5928955078125,1.0,87.0,31036,16289,live,940GZZLUEUS,Euston,,,,
6451,2026-08-10T15:46:10.000+01:00,151.08709716796875,210.8972930908203,275.1885681152344,830.0,34.25001907348633,37.949310302734375,30.727092742919922,1021.1665649414062,11.654052734375,1.0,81.0,31022,16281,live,940GZZLUEUS,Euston,,,,
6452,2026-08-10T15:46:20.000+01:00,113.35326385498047,157.77243041992188,205.43679809570312,827.0,34.15388870239258,37.90961456298828,30.859846115112305,1021.5178833007812,3.51318359375,1.0,85.0,30988,16272,live,940GZZLUEUS,Euston,,,,
6453,2026-08-10T15:46:30.000+01:00,99.11579132080078,138.14768981933594,180.0665283203125,822.0,34.17258071899414,37.937400817871094,30.795757293701172,1021.3844604492188,1.334228515625,1.0,88.0,30967,16270,live,940GZZLUEUS,Euston,,,,
6454,2026-08-10T15:46:40.000+01:00,123.09374237060547,172.2130126953125,225.0836639404297,815.0,34.0390625,37.79279327392578,30.63096046447754,1020.8950805664062,4.893798828125,1.0,89.0,31042,16262,live,940GZZLUEUS,Euston,,,,
6455,2026-08-10T15:46:50.000+01:00,164.20521545410156,225.5298309326172,290.77752685546875,810.0,33.95628356933594,37.64959716796875,30.486000061035156,1021.077880859375,1.8280029296875,1.0,86.0,31104,16244,live,940GZZLUEUS,Euston,,,,
6456,2026-08-10T16:14:48.000+01:00,136.87234497070312,206.3701171875,283.87005615234375,917.0,30.22049331665039,32.34496307373047,36.00518798828125,1020.7173461914062,,,,31028,0,live,,,,,,
6457,2026-08-10T16:14:58.000+01:00,139.24510192871094,213.09658813476562,295.899658203125,907.0,30.092317581176758,32.380401611328125,36.54840850830078,1021.0263061523438,3.089599609375,0.0,0.0,29655,17249,live,,,,,,
6458,2026-08-10T16:15:08.000+01:00,136.27232360839844,202.8335723876953,276.68438720703125,897.0,30.04425048828125,32.43512725830078,36.91615295410156,1020.8579711914062,1.683349609375,0.0,0.0,30282,17098,live,,,,,,
6459,2026-08-10T16:15:18.000+01:00,133.2998504638672,197.9421844482422,269.59478759765625,886.0,29.93476676940918,32.50261688232422,37.27168655395508,1020.3826293945312,,0.0,0.0,30575,17081,buffered,,,,,,
6460,2026-08-10T16:15:28.000+01:00,130.09120178222656,192.8501434326172,262.3663635253906,870.0,29.932096481323242,32.54486846923828,37.587547302246094,1020.14208984375,7.1588134765625,0.0,0.0,30714,17084,live,940GZZLUEUS,Euston,,,,
6461,2026-08-10T16:15:38.000+01:00,131.57012939453125,187.92237854003906,249.275634765625,864.0,29.897382736206055,32.594200134277344,37.926300048828125,1020.2647094726562,1.2261962890625,0.0,4.0,30803,17096,live,940GZZLUEUS,Euston,,,,
6462,2026-08-10T16:15:48.000+01:00,134.95388793945312,190.07032775878906,249.62513732910156,863.0,29.89204216003418,32.653465270996094,38.14297866821289,1020.33349609375,0.6878662109375,1.0,29.0,30867,17112,live,940GZZLUEUS,Euston,,,,
6463,2026-08-10T16:15:58.000+01:00,131.2747039794922,189.0926055908203,252.31016540527344,858.0,29.91340446472168,32.722930908203125,38.24979019165039,1020.4098510742188,0.7635498046875,1.0,46.0,30909,17122,live,940GZZLUEUS,Euston,,,,
6464,2026-08-10T16:16:08.000+01:00,133.32923889160156,197.56817626953125,268.7114562988281,860.0,29.93476676940918,32.802040100097656,38.65873336791992,1019.9249877929688,4.8486328125,1.0,56.0,30941,17131,live,940GZZLUEUS,Euston,,,,
6465,2026-08-10T16:16:18.000+01:00,140.69485473632812,206.4823455810547,279.0406494140625,865.0,29.940109252929688,32.84911346435547,38.80674362182617,1019.3666381835938,5.58349609375,1.0,64.0,30911,17155,live,940GZZLUEUS,Euston,,,,
6466,2026-08-10T16:16:28.000+01:00,143.48643493652344,215.39549255371094,295.4496154785156,869.0,30.004196166992188,32.91631317138672,38.88914489746094,1020.0393676757812,6.727294921875,1.0,69.0,31020,17158,live,940GZZLUEUS,Euston,,,,
6467,2026-08-10T16:16:38.000+01:00,149.75042724609375,227.03892517089844,313.40478515625,870.0,30.036239624023438,32.97614288330078,38.85251998901367,1020.104248046875,0.6488037109375,1.0,73.0,30996,17169,live,940GZZLUEUS,Euston,,,,
6468,2026-08-10T16:16:48.000+01:00,155.93772888183594,230.1221466064453,312.1376647949219,874.0,30.094987869262695,33.04164123535156,38.82810592651367,1020.3526611328125,2.484130859375,1.0,80.0,30991,17160,live,940GZZLUEUS,Euston,,,,
6469,2026-08-10T16:16:58.000+01:00,155.8018798828125,228.8267822265625,309.3941345214844,874.0,30.12169075012207,33.107139587402344,38.72434616088867,1020.328857421875,0.238037109375,1.0,84.0,30996,17165,live,940GZZLUEUS,Euston,,,,
6470,2026-08-10T16:17:08.000+01:00,152.63011169433594,229.52554321289062,315.1890563964844,873.0,30.172426223754883,33.173492431640625,38.66483688354492,1020.4617309570312,1.3287353515625,1.0,87.0,31011,17159,live,940GZZLUEUS,Euston,,,,
6471,2026-08-10T16:17:18.000+01:00,144.97666931152344,216.0223388671875,294.8830871582031,874.0,30.233844757080078,33.23020935058594,38.576332092285156,1020.4622802734375,0.0054931640625,1.0,89.0,31018,17158,live,940GZZLUEUS,Euston,,,,
6472,2026-08-10T16:17:28.000+01:00,136.94480895996094,203.1310577392578,276.461669921875,873.0,30.276569366455078,33.28492736816406,38.34744644165039,1020.4281005859375,0.341796875,1.0,88.0,31033,17151,live,940GZZLUEUS,Euston,,,,
6473,2026-08-10T16:17:38.000+01:00,134.64947509765625,195.31765747070312,261.87548828125,871.0,30.255207061767578,33.333412170410156,38.22537612915039,1019.72900390625,6.990966796875,1.0,83.0,31107,17145,live,940GZZLUEUS,Euston,,,,
6474,2026-08-10T16:17:48.000+01:00,130.68353271484375,189.85765075683594,254.82330322265625,861.0,30.260547637939453,33.35865020751953,38.031585693359375,1020.124267578125,3.95263671875,1.0,81.0,31079,17135,live,940GZZLUEUS,Euston,,,,
6475,2026-08-10T16:17:58.000+01:00,129.23731994628906,189.7138214111328,256.42169189453125,852.0,30.308612823486328,33.41961669921875,37.897308349609375,1019.8067016601562,3.1756591796875,1.0,80.0,31153,17119,live,,,,,,
6476,2026-08-10T16:18:08.000+01:00,130.1339111328125,187.389404296875,249.9822235107422,849.0,30.380712509155273,33.47206115722656,37.78744125366211,1019.6693115234375,1.3739013671875,1.0,85.0,31116,17116,live,,,,,,
6477,2026-08-10T16:18:18.000+01:00,127.37617492675781,186.69671630859375,252.0854949951172,847.0,30.476844787597656,33.50609588623047,37.84542465209961,1019.9901733398438,3.2086181640625,1.0,89.0,31126,17111,live,,,,,,
6478,2026-08-10T16:18:28.000+01:00,126.09077453613281,182.48789978027344,244.29351806640625,847.0,30.53826141357422,33.563377380371094,37.74013900756836,1020.0694580078125,0.7928466796875,1.0,94.0,31098,17118,live,,,,,,
6479,2026-08-10T16:18:38.000+01:00,127.51179504394531,182.01861572265625,241.3446044921875,839.0,30.618371963500977,33.620079040527344,37.77370834350586,1022.1898193359375,21.20361328125,1.0,99.0,31094,17105,live,,,,,,
6480,2026-08-10T16:18:48.000+01:00,129.13311767578125,185.13223266601562,246.217529296875,839.0,30.65842628479004,33.678497314453125,37.72640609741211,1019.0980224609375,30.91796875,1.0,102.0,31072,17107,live,,,,,,
6481,2026-08-10T16:18:58.000+01:00,129.637939453125,187.7687530517578,251.49807739257812,829.0,30.722515106201172,33.728675842285156,37.576866149902344,1018.7892456054688,3.0877685546875,1.0,105.0,31063,17102,live,,,,,,
6482,2026-08-10T16:19:08.000+01:00,132.25482177734375,189.39356994628906,251.6863250732422,829.0,30.781261444091797,33.779441833496094,37.546348571777344,1020.428955078125,16.3970947265625,1.0,109.0,31032,17087,live,,,,,,
6483,2026-08-10T16:19:18.000+01:00,131.34402465820312,188.8953094482422,251.77264404296875,832.0,30.831998825073242,33.831329345703125,37.502098083496094,1020.3883666992188,0.4058837890625,1.0,111.0,31010,17078,live,,,,,,
6484,2026-08-10T16:19:28.000+01:00,140.3677215576172,201.498779296875,268.2254943847656,841.0,30.885404586791992,33.88831329345703,37.552452087402344,1020.7009887695312,3.126220703125,1.0,114.0,30990,17078,live,940GZZLUWRR,Warren Street,,,,
6485,2026-08-10T16:19:38.000+01:00,152.62344360351562,224.38015747070312,303.58251953125,843.0,30.928129196166992,33.933692932128906,37.561607360839844,1020.583251953125,1.1773681640625,1.0,112.0,31033,17081,live,940GZZLUWRR,Warren Street,,,,
6486,2026-08-10T16:19:48.000+01:00,155.0825958251953,226.93016052246094,306.0690612792969,846.0,30.9761962890625,34.027259826660156,37.572288513183594,1020.5867919921875,0.035400390625,1.0,109.0,30986,17082,live,940GZZLUWRR,Warren Street,,,,
6487,2026-08-10T16:19:58.000+01:00,154.97152709960938,225.1017608642578,302.0892333984375,846.0,30.87739372253418,34.061851501464844,37.587547302246094,1019.1947631835938,13.9202880859375,1.0,107.0,31015,17078,live,940GZZLUWRR,Warren Street,,,,
6488,2026-08-10T16:20:08.000+01:00,168.0030059814453,245.9010772705078,331.7145690917969,846.0,30.81063461303711,34.012794494628906,37.622642517089844,1019.2638549804688,0.69091796875,1.0,102.0,31031,17072,live,940GZZLUWRR,Warren Street,,,,
6489,2026-08-10T16:20:18.000+01:00,175.46971130371094,262.5431823730469,359.35479736328125,850.0,30.83466911315918,34.036895751953125,37.459373474121094,1020.29931640625,10.3546142578125,1.0,99.0,31042,17048,live,940GZZLUWRR,Warren Street,,,,
6490,2026-08-10T16:20:28.000+01:00,177.82595825195312,260.52423095703125,351.6639709472656,850.0,30.896085739135742,34.062416076660156,37.416648864746094,1020.3362426757812,0.3692626953125,1.0,101.0,31016,17051,live,940GZZLUWRR,Warren Street,,,,
6491,2026-08-10T16:20:38.000+01:00,177.24371337890625,257.1429443359375,344.8051452636719,851.0,30.96551513671875,34.103538513183594,37.28236770629883,1020.4313354492188,,1.0,102.0,31000,17047,buffered,,,,,,
6492,2026-08-10T16:20:48.000+01:00,171.00120544433594,247.78297424316406,331.9761962890625,852.0,31.05096435546875,34.161949157714844,37.19539260864258,1020.0298461914062,,1.0,106.0,30983,17038,live,940GZZLUWRR,Warren Street,,,,
6493,2026-08-10T16:20:58.000+01:00,167.6921844482422,241.80508422851562,322.88140869140625,853.0,31.115053176879883,34.22602081298828,37.25947952270508,1020.112060546875,0.8221435546875,1.0,107.0,30994,17034,live,940GZZLUWRR,Warren Street,,,,
6494,2026-08-10T16:21:08.000+01:00,165.61154174804688,234.6722869873047,309.546142578125,855.0,31.155107498168945,34.296348571777344,37.16945266723633,1019.9179077148438,1.9415283203125,1.0,103.0,31015,17033,live,940GZZLUWRR,Warren Street,,,,
6495,2026-08-10T16:21:18.000+01:00,162.15243530273438,225.45225524902344,293.3320007324219,856.0,31.173799514770508,34.349647521972656,37.06874084472656,1020.0691528320312,1.512451171875,1.0,102.0,30986,17033,live,940GZZLUWRR,Warren Street,,,,
6496,2026-08-10T16:21:28.000+01:00,160.6082000732422,224.73019409179688,293.75537109375,856.0,31.21652603149414,34.40380859375,36.98481750488281,1020.3587646484375,2.8961181640625,1.0,98.0,31038,17024,live,940GZZLUWRR,Warren Street,,,,
6497,2026-08-10T16:21:38.000+01:00,160.1454620361328,227.651123046875,300.9644775390625,856.0,31.320669174194336,34.43811798095703,36.87800598144531,1020.9193725585938,5.6060791015625,1.0,100.0,31011,17016,live,940GZZLUWRR,Warren Street,,,,
6498,2026-08-10T16:21:48.000+01:00,161.50929260253906,224.12820434570312,291.1982116699219,856.0,31.363393783569336,34.47498321533203,36.78339767456055,1021.0557250976562,1.363525390625,1.0,100.0,31012,17018,live,940GZZLUWRR,Warren Street,,,,
6499,2026-08-10T16:21:58.000+01:00,152.99681091308594,216.29611206054688,284.83673095703125,855.0,31.42214012145996,34.524322509765625,36.7879753112793,1021.7725219726562,7.16796875,1.0,100.0,31007,17008,live,940GZZLUWRR,Warren Street,,,,
6500,2026-08-10T16:22:08.000+01:00,147.8099365234375,218.86436462402344,297.5314025878906,856.0,31.45952606201172,34.58612823486328,36.91767883300781,1020.3223266601562,14.501953125,1.0,102.0,31014,17012,live,940GZZLUWRR,Warren Street,,,,
6501,2026-08-10T16:22:18.000+01:00,145.16448974609375,216.30816650390625,295.2785339355469,855.0,31.45952606201172,34.61676025390625,36.74677658081055,1020.2603759765625,0.6195068359375,1.0,100.0,31011,17016,live,940GZZLUWRR,Warren Street,,,,
6502,2026-08-10T16:22:28.000+01:00,145.6547393798828,214.71450805664062,291.02911376953125,855.0,31.51026153564453,34.651634216308594,36.52704620361328,1020.2013549804688,0.5902099609375,1.0,97.0,31035,17002,live,,,,,,
6503,2026-08-10T16:22:38.000+01:00,152.92306518554688,221.6451873779297,297.01007080078125,856.0,31.55298614501953,34.69841766357422,36.56061553955078,1020.2310791015625,0.2972412109375,1.0,99.0,31019,16992,live,,,,,,
6504,2026-08-10T16:22:48.000+01:00,155.73281860351562,226.30772399902344,303.7994079589844,860.0,31.606393814086914,34.74549102783203,36.58808135986328,1019.696044921875,5.350341796875,1.0,101.0,30990,16987,live,,,,,,
6505,2026-08-10T16:22:58.000+01:00,159.24168395996094,229.26869201660156,305.8178405761719,872.0,31.670480728149414,34.778099060058594,36.6536979675293,1020.3082885742188,6.1224365234375,1.0,109.0,30895,16985,live,,,,,,
6506,2026-08-10T16:23:08.000+01:00,158.7689666748047,231.8540802001953,312.28277587890625,875.0,31.723888397216797,34.82856750488281,36.6628532409668,1017.659423828125,26.4886474609375,1.0,119.0,30944,16975,live,,,,,,
6507,2026-08-10T16:23:18.000+01:00,157.69552612304688,229.26246643066406,307.85968017578125,905.0,31.798656463623047,34.87506866455078,36.8123893737793,1021.182373046875,35.2294921875,1.0,125.0,30861,16977,live,,,,,,
6508,2026-08-10T16:23:28.000+01:00,166.46484375,240.19796752929688,320.88543701171875,922.0,31.849393844604492,34.91505432128906,37.00312805175781,1021.7811889648438,5.9881591796875,1.0,126.0,30865,16979,live,,,,,,
6509,2026-08-10T16:23:38.000+01:00,180.73834228515625,257.3686828613281,340.66790771484375,935.0,31.878767013549805,34.951904296875,37.12062072753906,1021.8919677734375,1.1077880859375,1.0,123.0,30857,16986,live,940GZZLUGDG,Goodge Street,,,,
6510,2026-08-10T16:23:48.000+01:00,173.21823120117188,251.72938537597656,337.9369812011719,942.0,31.932172775268555,35.005218505859375,37.08552551269531,1020.9381103515625,9.53857421875,1.0,118.0,30861,16981,live,940GZZLUGDG,Goodge Street,,,,
6511,2026-08-10T16:23:58.000+01:00,166.17755126953125,242.4954833984375,326.4539794921875,953.0,31.964218139648438,35.05229187011719,36.97108459472656,1020.4690551757812,4.6905517578125,1.0,115.0,30843,16962,live,940GZZLUGDG,Goodge Street,,,,
6512,2026-08-10T16:24:08.000+01:00,167.72491455078125,242.71018981933594,324.881103515625,953.0,31.937515258789062,35.11693572998047,36.83222579956055,1019.5013427734375,9.6771240234375,1.0,107.0,30895,16968,live,940GZZLUGDG,Goodge Street,,,,
6513,2026-08-10T16:24:18.000+01:00,171.34017944335938,246.15223693847656,327.8441467285156,953.0,31.934843063354492,35.15918731689453,36.6659049987793,1019.1179809570312,3.8336181640625,1.0,102.0,30899,16949,live,940GZZLUGDG,Goodge Street,,,,
6514,2026-08-10T16:24:28.000+01:00,170.158447265625,240.36085510253906,316.3417663574219,952.0,31.990921020507812,35.166839599609375,36.67963790893555,1019.7374877929688,6.195068359375,1.0,94.0,30980,16929,live,940GZZLUGDG,Goodge Street,,,,
6515,2026-08-10T16:24:38.000+01:00,164.72793579101562,231.9632568359375,304.6056213378906,950.0,31.969558715820312,35.21050262451172,36.217288970947266,1019.1180419921875,6.1944580078125,1.0,87.0,30970,16930,live,940GZZLUGDG,Goodge Street,,,,
6516,2026-08-10T16:24:48.000+01:00,214.39816284179688,292.15350341796875,374.435302734375,944.0,31.99359130859375,35.24481964111328,36.04486083984375,1020.3448486328125,12.26806640625,1.0,86.0,30996,16901,live,940GZZLUGDG,Goodge Street,,,,
6517,2026-08-10T16:24:58.000+01:00,218.32598876953125,303.1846008300781,394.1145324707031,934.0,32.052337646484375,35.25616455078125,35.967041015625,1021.6051025390625,12.6025390625,1.0,92.0,30918,16881,live,940GZZLUGDG,Goodge Street,,,,
6518,2026-08-10T16:25:08.000+01:00,214.42640686035156,306.2151794433594,406.1410827636719,932.0,32.111083984375,35.297271728515625,35.88311767578125,1021.9327392578125,3.2763671875,1.0,100.0,30920,16871,live,940GZZLUGDG,Goodge Street,,,,
6519,2026-08-10T16:25:18.000+01:00,211.01547241210938,306.2784423828125,410.81951904296875,931.0,32.14847183227539,35.352569580078125,35.761043548583984,1020.9136962890625,10.1904296875,1.0,103.0,30921,16861,live,940GZZLUGDG,Goodge Street,,,,
6520,2026-08-10T16:25:28.000+01:00,213.80641174316406,302.69891357421875,399.02777099609375,927.0,32.12710952758789,35.36475372314453,35.652706146240234,1020.67333984375,2.403564453125,1.0,105.0,30913,16855,live,940GZZLUGDG,Goodge Street,,,,
6521,2026-08-10T16:25:38.000+01:00,207.15274047851562,294.01873779296875,388.28021240234375,925.0,32.16182327270508,35.39226531982422,35.62371063232422,1020.6070556640625,0.662841796875,1.0,104.0,30904,16835,live,940GZZLUGDG,Goodge Street,,,,
6522,2026-08-10T16:25:48.000+01:00,197.9611358642578,281.687255859375,372.66455078125,921.0,32.22591018676758,35.41693878173828,35.58708953857422,1020.6663208007812,0.5926513671875,1.0,105.0,30902,16831,live,940GZZLUGDG,Goodge Street,,,,
6523,2026-08-10T16:25:58.000+01:00,196.68055725097656,278.4832763671875,367.13458251953125,918.0,32.2419319152832,35.45265197753906,35.56725311279297,1020.5469360351562,1.19384765625,1.0,104.0,30902,16829,live,940GZZLUGDG,Goodge Street,,,,
6524,2026-08-10T16:26:08.000+01:00,200.80641174316406,283.4890441894531,372.9486083984375,912.0,32.28999710083008,35.498313903808594,35.655757904052734,1020.0741577148438,4.727783203125,1.0,106.0,30877,16823,live,940GZZLUGDG,Goodge Street,,,,
6525,2026-08-10T16:26:18.000+01:00,195.1249237060547,286.9873046875,388.4004211425781,914.0,32.3273811340332,35.515892028808594,35.61608123779297,1020.5404663085938,4.6630859375,1.0,108.0,30833,16827,live,940GZZLUGDG,Goodge Street,,,,
6526,2026-08-10T16:26:28.000+01:00,191.4162139892578,284.4199523925781,387.53631591796875,916.0,32.404823303222656,35.55870819091797,35.638973236083984,1020.91015625,3.6968994140625,1.0,106.0,30886,16822,live,940GZZLUGDG,Goodge Street,,,,
6527,2026-08-10T16:26:38.000+01:00,188.82972717285156,279.0845642089844,378.9311828613281,920.0,32.415504455566406,35.58026123046875,35.62371063232422,1020.9472045898438,0.3704833984375,1.0,105.0,30901,16819,live,940GZZLUGDG,Goodge Street,,,,
6528,2026-08-10T16:26:48.000+01:00,183.7081298828125,265.3633728027344,354.7665100097656,919.0,32.471580505371094,35.623077392578125,35.50011444091797,1020.7554931640625,1.9171142578125,1.0,104.0,30875,16814,live,940GZZLUGDG,Goodge Street,,,,
6529,2026-08-10T16:26:58.000+01:00,176.86549377441406,252.11578369140625,333.95953369140625,919.0,32.49828338623047,35.66191864013672,35.49248504638672,1020.7948608398438,0.3936767578125,1.0,106.0,30871,16811,live,940GZZLUGDG,Goodge Street,,,,
6530,2026-08-10T16:27:08.000+01:00,173.54359436035156,244.7753448486328,321.8059997558594,919.0,32.57305145263672,35.693389892578125,35.38872528076172,1020.6994018554688,0.95458984375,1.0,106.0,30863,16800,live,940GZZLUGDG,Goodge Street,,,,
6531,2026-08-10T16:27:18.000+01:00,168.60487365722656,244.0737762451172,326.78924560546875,920.0,32.58373260498047,35.73394012451172,35.37346267700195,1021.16064453125,4.6124267578125,1.0,105.0,30862,16799,live,940GZZLUGDG,Goodge Street,,,,
6532,2026-08-10T16:27:28.000+01:00,167.4762725830078,237.16610717773438,312.6962585449219,921.0,32.65049362182617,35.771934509277344,35.30327224731445,1021.9852294921875,8.245849609375,1.0,106.0,30859,16785,live,940GZZLUGDG,Goodge Street,,,,
6533,2026-08-10T16:27:38.000+01:00,164.44476318359375,233.5819854736328,308.6362609863281,920.0,32.621116638183594,35.798309326171875,35.2315559387207,1021.4468994140625,5.38330078125,1.0,103.0,30891,16780,live,940GZZLUGDG,Goodge Street,,,,
6534,2026-08-10T16:27:48.000+01:00,161.0278778076172,234.49551391601562,315.24200439453125,920.0,32.64248275756836,35.85530090332031,35.1613655090332,1020.6192016601562,8.2769775390625,1.0,100.0,30885,16772,live,940GZZLUGDG,Goodge Street,,,,
6535,2026-08-10T16:27:58.000+01:00,159.9151611328125,236.7313232421875,321.76873779296875,919.0,32.61310577392578,35.88365173339844,35.00877380371094,1020.66455078125,0.4534912109375,1.0,98.0,30892,16766,live,940GZZLUGDG,Goodge Street,,,,
6536,2026-08-10T16:28:08.000+01:00,169.20077514648438,244.28253173828125,326.4681396484375,915.0,32.621116638183594,35.91059112548828,34.82871627807617,1020.7132568359375,0.487060546875,1.0,97.0,30880,16752,live,,,,,,
6537,2026-08-10T16:28:18.000+01:00,172.7779998779297,248.96853637695312,332.2898864746094,917.0,32.65049362182617,35.93894958496094,35.04234313964844,1021.0128173828125,2.99560546875,1.0,100.0,30887,16736,live,,,,,,
6538,2026-08-10T16:28:28.000+01:00,178.8867645263672,251.1746826171875,329.1473083496094,919.0,32.7306022644043,35.98828125,35.2132453918457,1021.4308471679688,4.1802978515625,1.0,105.0,30828,16748,live,,,,,,
6539,2026-08-10T16:28:38.000+01:00,183.91842651367188,254.97618103027344,331.0384216308594,920.0,32.76264572143555,36.00501251220703,35.43755340576172,1018.4617309570312,29.691162109375,1.0,110.0,30803,16756,live,,,,,,
6540,2026-08-10T16:28:48.000+01:00,186.62571716308594,258.40496826171875,335.17877197265625,929.0,32.78133773803711,36.04528045654297,35.675594329833984,1016.8934326171875,15.6829833984375,1.0,115.0,30772,16760,live,,,,,,
6541,2026-08-10T16:28:58.000+01:00,189.8451690673828,257.93341064453125,329.8334655761719,960.0,32.840084075927734,36.07533264160156,35.8785400390625,1019.938232421875,30.447998046875,1.0,120.0,30740,16770,live,,,,,,
6542,2026-08-10T16:29:08.000+01:00,191.63504028320312,259.8972473144531,331.88665771484375,995.0,32.872127532958984,36.11077117919922,36.0494384765625,1021.328857421875,13.90625,1.0,122.0,30720,16777,live,,,,,,
6543,2026-08-10T16:29:18.000+01:00,190.21604919433594,256.6899719238281,326.5332336425781,1013.0,32.877471923828125,36.1331787109375,36.195926666259766,1021.096923828125,2.3193359375,1.0,120.0,30723,16782,live,940GZZLUTCR,Tottenham Court Road,,,,
6544,2026-08-10T16:29:28.000+01:00,167.11245727539062,224.29212951660156,284.11773681640625,1029.0,32.941558837890625,36.14111328125,36.08758544921875,1021.01025390625,0.86669921875,1.0,114.0,30760,16785,live,940GZZLUTCR,Tottenham Court Road,,,,
6545,2026-08-10T16:29:38.000+01:00,153.66310119628906,208.0552520751953,265.3475036621094,1036.0,32.96559143066406,36.177406311035156,36.01129150390625,1020.9755249023438,0.3472900390625,1.0,109.0,30745,16779,live,940GZZLUTCR,Tottenham Court Road,,,,
6546,2026-08-10T16:29:48.000+01:00,146.72682189941406,205.0344696044922,267.75140380859375,1042.0,32.99763488769531,36.2227783203125,36.06317138671875,1020.9246215820312,0.509033203125,1.0,109.0,30688,16776,live,940GZZLUTCR,Tottenham Court Road,,,,
6547,2026-08-10T16:29:58.000+01:00,152.74269104003906,206.08950805664062,262.1337890625,1049.0,33.01899719238281,36.25538635253906,35.96551513671875,1021.135009765625,2.1038818359375,1.0,107.0,30746,16778,live,940GZZLUTCR,Tottenham Court Road,,,,
6548,2026-08-10T16:30:08.000+01:00,165.49790954589844,221.1039581298828,279.0674743652344,1049.0,33.080413818359375,36.284873962402344,35.852596282958984,1021.179931640625,0.44921875,1.0,107.0,30715,16768,live,940GZZLUTCR,Tottenham Court Road,,,,
6549,2026-08-10T16:30:18.000+01:00,179.10662841796875,244.2478790283203,313.21807861328125,1055.0,33.112457275390625,36.32145690917969,35.860225677490234,1021.416015625,2.36083984375,1.0,108.0,30700,16763,live,940GZZLUTCR,Tottenham Court Road,,,,
6550,2026-08-10T16:30:28.000+01:00,179.09510803222656,238.65908813476562,300.6170349121094,1060.0,33.128482818603516,36.35321044921875,35.805294036865234,1021.3290405273438,0.8697509765625,1.0,107.0,30716,16758,live,940GZZLUTCR,Tottenham Court Road,,,,
6551,2026-08-10T16:30:38.000+01:00,163.56973266601562,220.95260620117188,281.28973388671875,1061.0,33.17387771606445,36.384971618652344,35.62218475341797,1021.1843872070312,1.446533203125,1.0,105.0,30729,16753,live,940GZZLUTCR,Tottenham Court Road,,,,
6552,2026-08-10T16:30:48.000+01:00,148.80215454101562,203.80197143554688,262.20953369140625,1062.0,33.192569732666016,36.41786193847656,35.40245819091797,1021.0960693359375,0.8831787109375,1.0,103.0,30742,16744,live,940GZZLUTCR,Tottenham Court Road,,,,
6553,2026-08-10T16:30:58.000+01:00,143.3498077392578,204.03489685058594,269.9853210449219,1062.0,33.245975494384766,36.45103454589844,35.26970291137695,1021.2957763671875,1.9970703125,1.0,102.0,30745,16726,live,940GZZLUTCR,Tottenham Court Road,,,,
6554,2026-08-10T16:31:08.000+01:00,145.27516174316406,205.18919372558594,270.0309753417969,1063.0,33.26466751098633,36.48023986816406,35.09574890136719,1021.3419799804688,0.4620361328125,1.0,101.0,30736,16721,live,940GZZLUTCR,Tottenham Court Road,,,,
6555,2026-08-10T16:31:18.000+01:00,150.80140686035156,207.64324951171875,268.22259521484375,1063.0,33.29404067993164,36.51001739501953,35.02250671386719,1021.407958984375,0.6597900390625,1.0,101.0,30735,16704,live,940GZZLUTCR,Tottenham Court Road,,,,
6556,2026-08-10T16:31:29.000+01:00,176.1630859375,241.69764709472656,311.3750915527344,1062.0,33.32341384887695,36.558502197265625,35.03013610839844,1021.2086181640625,1.993408203125,1.0,101.0,30723,16701,live,940GZZLUTCR,Tottenham Court Road,,,,
6557,2026-08-10T16:31:38.000+01:00,182.64222717285156,260.72686767578125,345.71722412109375,1060.0,33.34744644165039,36.596778869628906,34.84092330932617,1020.66455078125,5.440673828125,1.0,100.0,30758,16703,live,940GZZLUTCR,Tottenham Court Road,,,,
6558,2026-08-10T16:31:48.000+01:00,184.2211151123047,262.2260437011719,347.0020446777344,1051.0,33.35011672973633,36.62059783935547,34.573890686035156,1020.8814086914062,2.1685791015625,1.0,100.0,30775,16692,live,940GZZLUTCR,Tottenham Court Road,,,,
6559,2026-08-10T16:31:58.000+01:00,190.09161376953125,266.96490478515625,349.8937072753906,1036.0,33.374149322509766,36.65037536621094,34.441139221191406,1021.0445556640625,1.6314697265625,1.0,99.0,30779,16664,live,940GZZLUTCR,Tottenham Court Road,,,,
6560,2026-08-10T16:32:08.000+01:00,196.4735870361328,278.81756591796875,368.16436767578125,1031.0,33.390174865722656,36.68865203857422,34.476234436035156,1021.2530517578125,2.0849609375,1.0,99.0,30756,16652,live,,,,,51.51620292017771,-0.13011931919398148
6561,2026-08-10T16:32:18.000+01:00,194.45361328125,278.8462219238281,370.9150390625,1027.0,33.44892120361328,36.70849609375,34.65629196166992,1021.250732421875,0.023193359375,1.0,100.0,30728,16650,live,,,,,51.51620292017771,-0.13011931919398148
6562,2026-08-10T16:32:28.000+01:00,198.41928100585938,284.4454040527344,378.2817687988281,1028.0,33.475624084472656,36.75074768066406,34.73411178588867,1021.1310424804688,1.1968994140625,1.0,103.0,30693,16657,live,,,,,51.51620292017771,-0.13011931919398148
6563,2026-08-10T16:32:38.000+01:00,200.08761596679688,285.2781982421875,377.9433288574219,1031.0,33.486305236816406,36.77995300292969,34.88059997558594,1021.4395141601562,3.084716796875,1.0,108.0,30670,16658,live,,,,,,
6564,2026-08-10T16:32:48.000+01:00,202.51377868652344,285.8039855957031,375.9042663574219,1044.0,33.521018981933594,36.793846130371094,35.11558532714844,1019.4415893554688,19.979248046875,1.0,113.0,30651,16659,live,,,,,,
6565,2026-08-10T16:32:58.000+01:00,201.380126953125,289.9179992675781,386.6988220214844,1065.0,33.574424743652344,36.83921813964844,35.1949348449707,1021.1027221679688,16.611328125,1.0,116.0,30639,16675,live,,,,,,
6566,2026-08-10T16:33:08.000+01:00,201.7246856689453,286.02911376953125,377.4617919921875,1095.0,33.62248992919922,36.872108459472656,35.41771697998047,1021.3027954101562,2.000732421875,1.0,114.0,30676,16662,live,,,,,,
6567,2026-08-10T16:33:18.000+01:00,173.44998168945312,237.8662872314453,306.33367919921875,1121.0,33.64919662475586,36.907554626464844,35.47264862060547,1021.3499145507812,0.47119140625,1.0,113.0,30630,16681,live,940GZZLULSQ,Leicester Square,,,,
6568,2026-08-10T16:33:28.000+01:00,154.98057556152344,213.34735107421875,275.5422668457031,1139.0,33.68124008178711,36.943275451660156,35.43602752685547,1021.2131958007812,1.3671875,1.0,111.0,30636,16680,live,940GZZLULSQ,Leicester Square,,,,
6569,2026-08-10T16:33:39.000+01:00,153.6333465576172,206.1312255859375,261.04364013671875,1144.0,33.6945915222168,36.979576110839844,35.41008758544922,1021.1292114257812,0.83984375,1.0,109.0,30662,16677,live,940GZZLULSQ,Leicester Square,,,,
6570,2026-08-10T16:33:48.000+01:00,152.540283203125,203.25160217285156,255.9965057373047,1143.0,33.718624114990234,36.98921203613281,35.37346267700195,1021.1250610351562,0.04150390625,1.0,107.0,30688,16685,live,940GZZLULSQ,Leicester Square,,,,
6571,2026-08-10T16:33:58.000+01:00,148.68141174316406,200.3446044921875,254.56533813476562,1142.0,33.7586784362793,37.020118713378906,35.09727478027344,1021.0111083984375,1.1395263671875,1.0,106.0,30676,16679,live,940GZZLULSQ,Leicester Square,,,,
6572,2026-08-10T16:34:08.000+01:00,147.82644653320312,202.4987030029297,260.56488037109375,1140.0,33.7800407409668,37.052162170410156,35.02861022949219,1020.6043701171875,4.0673828125,1.0,106.0,30648,16668,live,940GZZLULSQ,Leicester Square,,,,
6573,2026-08-10T16:34:18.000+01:00,153.46359252929688,207.69984436035156,264.8104553222656,1140.0,33.814754486083984,37.08051300048828,34.84397506713867,1020.4208374023438,1.8353271484375,1.0,105.0,30658,16668,live,940GZZLULSQ,Leicester Square,,,,
6574,2026-08-10T16:34:28.000+01:00,157.1348876953125,212.92510986328125,271.7245178222656,1132.0,33.81742477416992,37.104331970214844,34.71274948120117,1020.9682006835938,5.4736328125,1.0,105.0,30673,16655,live,940GZZLULSQ,Leicester Square,,,,
6575,2026-08-10T16:34:38.000+01:00,155.7977752685547,213.38504028320312,274.54071044921875,1126.0,33.85213851928711,37.12248229980469,34.76157760620117,1021.5946655273438,6.2646484375,1.0,104.0,30667,16639,live,940GZZLULSQ,Leicester Square,,,,
6576,2026-08-10T16:34:48.000+01:00,153.5603485107422,208.39718627929688,266.2560729980469,1115.0,33.84946823120117,37.06293487548828,34.63492965698242,1021.9156494140625,3.2098388671875,1.0,104.0,30687,16644,live,940GZZLULSQ,Leicester Square,,,,
6577,2026-08-10T16:34:58.000+01:00,150.51803588867188,203.61387634277344,259.5033264160156,1108.0,33.8014030456543,37.00083923339844,34.36484146118164,1021.2330322265625,6.826171875,1.0,103.0,30793,16641,live,940GZZLULSQ,Leicester Square,,,,
6578,2026-08-10T16:35:08.000+01:00,148.21241760253906,198.6066131591797,251.2654571533203,1097.0,33.72129440307617,37.009063720703125,34.042877197265625,1021.1898193359375,0.43212890625,1.0,102.0,30795,16621,live,940GZZLULSQ,Leicester Square,,,,
6579,2026-08-10T16:35:18.000+01:00,144.81796264648438,197.761962890625,253.87234497070312,1090.0,33.7586784362793,37.03429412841797,33.962005615234375,1021.2329711914062,0.4315185546875,1.0,101.0,30759,16588,live,940GZZLULSQ,Leicester Square,,,,
6580,2026-08-10T16:35:28.000+01:00,150.7057342529297,208.13711547851562,269.4646911621094,1090.0,33.7800407409668,37.06633758544922,33.926910400390625,1021.2982788085938,0.653076171875,1.0,101.0,30737,16579,live,,,,,,
6581,2026-08-10T16:35:38.000+01:00,159.9261932373047,218.8513641357422,281.3910827636719,1079.0,33.80674362182617,37.087890625,34.026092529296875,1021.267333984375,0.3094482421875,1.0,101.0,30712,16576,live,,,,,,
6582,2026-08-10T16:35:49.000+01:00,164.55909729003906,224.4254913330078,287.81402587890625,1078.0,33.87083053588867,37.12049865722656,34.058135986328125,1021.0322875976562,2.3504638671875,1.0,103.0,30701,16582,live,,,,,,
6583,2026-08-10T16:35:58.000+01:00,164.0465850830078,221.14956665039062,281.1002502441406,1075.0,33.894866943359375,37.15423583984375,34.123748779296875,1020.835693359375,1.9659423828125,1.0,104.0,30682,16593,live,,,,,,
6584,2026-08-10T16:36:08.000+01:00,168.0907440185547,226.03465270996094,286.7505798339844,1074.0,33.926910400390625,37.18061065673828,34.19546890258789,1020.7235717773438,1.1212158203125,1.0,106.0,30678,16592,live,,,,,,
6585,2026-08-10T16:36:18.000+01:00,166.82882690429688,223.7891082763672,283.3593444824219,1076.0,33.94293212890625,37.206695556640625,34.34500503540039,1020.105712890625,6.1785888671875,1.0,108.0,30652,16589,live,,,,,,
6586,2026-08-10T16:36:28.000+01:00,163.220703125,221.20765686035156,282.3296203613281,1077.0,33.980316162109375,37.24412536621094,34.462501525878906,1021.32958984375,12.23876953125,1.0,109.0,30636,16595,live,,,,,,
6587,2026-08-10T16:36:38.000+01:00,161.1851806640625,218.1344451904297,278.0986022949219,1078.0,34.0177001953125,37.26454162597656,34.596778869628906,1021.3289794921875,0.006103515625,1.0,110.0,30622,16601,live,,,,,,
6588,2026-08-10T16:36:48.000+01:00,152.2916259765625,213.454345703125,279.35931396484375,1081.0,34.06309509277344,37.294029235839844,34.578468322753906,1021.4517822265625,1.22802734375,1.0,109.0,30637,16606,live,940GZZLUCHX,Charing Cross,,,,
6589,2026-08-10T16:36:58.000+01:00,132.3932342529297,188.4237060546875,249.31289672851562,1080.0,34.081787109375,37.321815490722656,34.32211685180664,1021.761962890625,3.101806640625,1.0,107.0,30714,16611,live,940GZZLUCHX,Charing Cross,,,,
6590,2026-08-10T16:37:08.000+01:00,129.88800048828125,187.83554077148438,251.3163299560547,1078.0,34.10581970214844,37.318695068359375,34.093231201171875,1021.0736694335938,6.8829345703125,1.0,106.0,30735,16600,live,940GZZLUCHX,Charing Cross,,,,
6591,2026-08-10T16:37:18.000+01:00,127.49114227294922,186.9614715576172,252.53028869628906,1070.0,34.05775451660156,37.264259338378906,33.560691833496094,1021.2747802734375,2.0111083984375,1.0,103.0,30832,16600,live,940GZZLUCHX,Charing Cross,,,,
6592,2026-08-10T16:37:28.000+01:00,127.2868881225586,189.15333557128906,257.7498779296875,1043.0,33.996337890625,37.283538818359375,33.11207580566406,1021.655517578125,3.807373046875,1.0,93.0,30864,16577,live,940GZZLUCHX,Charing Cross,,,,
6593,2026-08-10T16:37:38.000+01:00,128.99209594726562,190.4712677001953,258.4576416015625,1017.0,34.01502990722656,37.302818298339844,32.87250900268555,1021.6333618164062,0.2215576171875,1.0,89.0,30848,16544,live,940GZZLUCHX,Charing Cross,,,,
6594,2026-08-10T16:37:48.000+01:00,126.19363403320312,190.03379821777344,261.1911926269531,995.0,34.033721923828125,37.32720184326172,32.68635177612305,1021.6146850585938,0.186767578125,1.0,90.0,30825,16536,live,940GZZLUCHX,Charing Cross,,,,
6595,2026-08-10T16:37:58.000+01:00,127.22168731689453,186.11428833007812,250.97607421875,979.0,34.03105163574219,37.36207580566406,32.61768341064453,1021.4527587890625,1.6192626953125,1.0,90.0,30809,16524,live,940GZZLUCHX,Charing Cross,,,,
6596,2026-08-10T16:38:08.000+01:00,126.75367736816406,185.68434143066406,250.6278839111328,970.0,34.09513854980469,37.37427520751953,32.72297286987305,1021.3817138671875,0.71044921875,1.0,91.0,30799,16523,live,940GZZLUCHX,Charing Cross,,,,
6597,2026-08-10T16:38:18.000+01:00,129.06236267089844,188.5384979248047,254.0010986328125,960.0,34.08445739746094,37.39978790283203,32.74738693237305,1021.31787109375,0.638427734375,1.0,91.0,30821,16529,live,940GZZLUCHX,Charing Cross,,,,
6598,2026-08-10T16:38:28.000+01:00,130.73963928222656,190.51992797851562,256.2437744140625,951.0,34.15922927856445,37.422760009765625,32.74738693237305,1022.1285400390625,8.106689453125,1.0,92.0,30803,16534,live,940GZZLUCHX,Charing Cross,,,,
6599,2026-08-10T16:38:38.000+01:00,133.08547973632812,192.49928283691406,257.5927734375,946.0,34.1699104309082,37.449981689453125,32.70161056518555,1021.9888916015625,1.396484375,1.0,94.0,30774,16542,live,940GZZLUCHX,Charing Cross,,,,
6600,2026-08-10T16:38:48.000+01:00,136.3570098876953,195.98728942871094,261.1166687011719,940.0,34.16456985473633,37.43665313720703,32.62378692626953,1021.465087890625,5.238037109375,1.0,94.0,30815,16541,live,940GZZLUCHX,Charing Cross,,,,
6601,2026-08-10T16:38:58.000+01:00,137.3869171142578,199.66629028320312,268.0523376464844,936.0,34.13786697387695,37.3839111328125,32.47882843017578,1021.63623046875,1.71142578125,1.0,94.0,30846,16539,live,940GZZLUCHX,Charing Cross,,,,
6602,2026-08-10T16:39:08.000+01:00,130.80186462402344,195.3543243408203,267.07440185546875,925.0,34.044403076171875,37.408302307128906,32.362857818603516,1021.5406494140625,0.955810546875,1.0,94.0,30842,16527,live,940GZZLUCHX,Charing Cross,,,,
6603,2026-08-10T16:39:18.000+01:00,130.0836181640625,189.7711639404297,255.42581176757812,921.0,34.0390625,37.413970947265625,32.288089752197266,1021.5089111328125,0.3173828125,1.0,94.0,30849,16512,live,940GZZLUCHX,Charing Cross,,,,
6604,2026-08-10T16:39:28.000+01:00,144.26397705078125,203.78814697265625,268.21270751953125,920.0,34.065765380859375,37.431549072265625,32.288089752197266,1021.2537231445312,2.5518798828125,1.0,94.0,30809,16502,live,,,,,,
6605,2026-08-10T16:39:38.000+01:00,156.16294860839844,216.6518096923828,281.4297180175781,921.0,34.09246826171875,37.45252990722656,32.288089752197266,1021.4618530273438,2.081298828125,1.0,96.0,30772,16506,live,,,,,,
6606,2026-08-10T16:39:48.000+01:00,157.98129272460938,217.7597198486328,281.5128479003906,922.0,34.108489990234375,37.468406677246094,32.43152618408203,1020.68896484375,7.7288818359375,1.0,100.0,30751,16500,live,,,,,,
6607,2026-08-10T16:39:58.000+01:00,155.44517517089844,210.6901092529297,268.9258728027344,927.0,34.1485481262207,37.49534606933594,32.47425079345703,1021.2678833007812,5.7891845703125,1.0,105.0,30703,16500,live,,,,,,
6608,2026-08-10T16:40:08.000+01:00,154.32745361328125,209.2914581298828,267.2547607421875,932.0,34.18059158325195,37.51179504394531,32.66193771362305,1021.982177734375,7.1429443359375,1.0,108.0,30725,16506,live,,,,,,
6609,2026-08-10T16:40:18.000+01:00,157.70941162109375,211.94778442382812,268.7542724609375,948.0,34.2339973449707,37.542701721191406,32.8465690612793,1021.856689453125,1.2548828125,1.0,111.0,30733,16513,live,,,,,,
6610,2026-08-10T16:40:28.000+01:00,141.12960815429688,194.23529052734375,250.81549072265625,952.0,34.22331619262695,37.56085205078125,32.6421012878418,1021.9835205078125,1.268310546875,1.0,108.0,30750,16522,live,940GZZLUEMB,Embankment,,,,
6611,2026-08-10T16:40:38.000+01:00,138.2936248779297,192.888671875,251.5465850830078,952.0,34.29007339477539,37.577293395996094,32.52765655517578,1021.969970703125,0.135498046875,1.0,107.0,30792,16508,live,940GZZLUEMB,Embankment,,,,
6612,2026-08-10T16:40:48.000+01:00,149.43821716308594,216.98439025878906,291.1223449707031,954.0,34.30876541137695,37.60253143310547,32.43152618408203,1021.7787475585938,1.9122314453125,1.0,106.0,30817,16508,live,940GZZLUEMB,Embankment,,,,
6613,2026-08-10T16:40:58.000+01:00,146.09986877441406,208.45053100585938,276.2966003417969,953.0,34.30075454711914,37.61103820800781,32.306400299072266,1021.5731201171875,2.0562744140625,1.0,105.0,30825,16507,live,940GZZLUEMB,Embankment,,,,
6614,2026-08-10T16:41:08.000+01:00,139.74400329589844,192.0394287109375,247.70091247558594,953.0,34.30876541137695,37.62889862060547,32.173648834228516,1021.27197265625,3.011474609375,1.0,103.0,30842,16500,live,940GZZLUEMB,Embankment,,,,
6615,2026-08-10T16:41:18.000+01:00,160.05223083496094,223.5392303466797,291.80609130859375,952.0,34.32478713989258,37.655555725097656,32.133975982666016,1021.9615478515625,6.895751953125,1.0,103.0,30829,16489,live,940GZZLUEMB,Embankment,,,,
6616,2026-08-10T16:41:28.000+01:00,164.44313049316406,236.3288116455078,314.8392639160156,947.0,34.35149002075195,37.681640625,32.220951080322266,1021.5022583007812,4.5928955078125,1.0,103.0,30821,16479,live,940GZZLUEMB,Embankment,,,,
6617,2026-08-10T16:41:38.000+01:00,139.57997131347656,201.69613647460938,269.71844482421875,946.0,34.32478713989258,37.6904296875,32.233158111572266,1021.9930419921875,4.9078369140625,1.0,102.0,30890,16499,live,940GZZLUEMB,Embankment,,,,
6618,2026-08-10T16:41:48.000+01:00,133.70858764648438,188.9392852783203,248.72776794433594,940.0,34.338138580322266,37.70744323730469,32.0897216796875,1021.9710693359375,0.2197265625,1.0,101.0,30828,16497,live,,,,,,
6619,2026-08-10T16:41:58.000+01:00,135.22251892089844,191.2434539794922,251.9162139892578,937.0,34.378196716308594,37.72388458251953,32.0408935546875,1021.8216552734375,,1.0,102.0,30803,16484,buffered,,,,,,
6620,2026-08-10T16:42:08.000+01:00,139.06954956054688,197.63958740234375,261.23974609375,958.0,34.388877868652344,37.742034912109375,32.257572174072266,1021.973876953125,,1.0,103.0,30761,16482,buffered,,,,,,
6621,2026-08-10T16:42:18.000+01:00,145.99978637695312,202.99974060058594,264.1248474121094,1006.0,34.450294494628906,37.756492614746094,32.303348541259766,1021.816162109375,,1.0,109.0,30717,16486,buffered,,,,,,
6622,2026-08-10T16:42:29.000+01:00,148.571044921875,206.14089965820312,267.79681396484375,1029.0,34.44495391845703,37.78144836425781,32.50782012939453,1021.931884765625,0.391845703125,1.0,119.0,30664,16494,live,,,,,,
6623,2026-08-10T16:42:38.000+01:00,151.57980346679688,212.30657958984375,277.71478271484375,1037.0,34.45563507080078,37.79307556152344,32.365909576416016,1019.8651733398438,20.6671142578125,1.0,124.0,30688,16499,live,,,,,,
6624,2026-08-10T16:42:48.000+01:00,152.70687866210938,210.5524139404297,272.2561340332031,1046.0,34.46631622314453,37.80895233154297,32.248416900634766,1020.6343994140625,7.6922607421875,1.0,118.0,30699,16490,live,,,,,,
6625,2026-08-10T16:42:58.000+01:00,148.94139099121094,205.56712341308594,266.0091247558594,1044.0,34.47699737548828,37.841278076171875,32.297245025634766,1020.73291015625,0.985107421875,1.0,116.0,30679,16474,live,,,,,,
6626,2026-08-10T16:43:08.000+01:00,144.5897979736328,201.94277954101562,263.6136779785156,1043.0,34.47966766357422,37.85942077636719,32.39948272705078,1022.4254760742188,16.9256591796875,1.0,115.0,30664,16476,live,,,,,,
6627,2026-08-10T16:43:18.000+01:00,142.9139404296875,197.7659149169922,256.4130554199219,1043.0,34.51171112060547,37.858856201171875,32.39948272705078,1022.2454833984375,1.7999267578125,1.0,114.0,30719,16483,live,,,,,,
6628,2026-08-10T16:43:28.000+01:00,150.02061462402344,205.84449768066406,265.20025634765625,1041.0,34.506370544433594,37.85857391357422,32.208744049072266,1022.2195434570312,0.2593994140625,1.0,112.0,30850,16484,live,940GZZLUWLO,Waterloo,,,,
6629,2026-08-10T16:43:38.000+01:00,155.041015625,212.1104736328125,272.6697082519531,1032.0,34.517051696777344,37.88324737548828,32.001220703125,1022.201904296875,0.1763916015625,1.0,107.0,30808,16474,live,940GZZLUWLO,Waterloo,,,,
6630,2026-08-10T16:43:48.000+01:00,142.144775390625,199.30482482910156,260.90985107421875,1008.0,34.514381408691406,37.907630920410156,31.749446868896484,1022.2503662109375,0.484619140625,1.0,102.0,30821,16471,live,940GZZLUWLO,Waterloo,,,,
6631,2026-08-10T16:43:58.000+01:00,125.91796875,177.02915954589844,232.20053100585938,992.0,34.52239227294922,37.923789978027344,31.55260467529297,1022.0619506835938,1.8841552734375,1.0,100.0,30825,16449,live,940GZZLUWLO,Waterloo,,,,
6632,2026-08-10T16:44:08.000+01:00,118.73473358154297,161.05320739746094,205.6871795654297,978.0,34.32211685180664,37.882110595703125,31.46257781982422,1022.151611328125,0.8966064453125,1.0,94.0,30900,16443,live,940GZZLUWLO,Waterloo,,,,
6633,2026-08-10T16:44:18.000+01:00,126.31249237060547,171.14048767089844,218.38250732421875,968.0,34.2980842590332,37.85771942138672,31.400014877319336,1022.273681640625,1.220703125,1.0,90.0,30887,16423,live,940GZZLUWLO,Waterloo,,,,
6634,2026-08-10T16:44:28.000+01:00,126.06301879882812,176.1096649169922,229.93190002441406,961.0,34.26070022583008,37.86792755126953,31.409170150756836,1022.3814086914062,1.0772705078125,1.0,91.0,30880,16414,live,940GZZLUWLO,Waterloo,,,,
6635,2026-08-10T16:44:39.000+01:00,105.80164337158203,150.86764526367188,199.89096069335938,957.0,34.2553596496582,37.85431671142578,31.262683868408203,1022.8978271484375,5.1641845703125,1.0,90.0,30933,16428,live,940GZZLUWLO,Waterloo,,,,
6636,2026-08-10T16:44:48.000+01:00,113.47808837890625,157.4860382080078,204.62432861328125,885.0,34.07377624511719,37.74345397949219,31.288623809814453,1022.859375,0.384521484375,1.0,89.0,30941,16418,live,940GZZLUWLO,Waterloo,,,,
6637,2026-08-10T16:44:58.000+01:00,119.04412078857422,163.00279235839844,209.6768798828125,870.0,33.8895263671875,37.60734558105469,31.409170150756836,1022.7106323242188,1.4874267578125,1.0,88.0,30957,16399,live,940GZZLUWLO,Waterloo,,,,
6638,2026-08-10T16:45:08.000+01:00,121.35873413085938,168.78843688964844,219.65994262695312,815.0,33.58777618408203,37.428428649902344,31.46715545654297,1022.6233520507812,0.872802734375,1.0,88.0,30919,16393,live,940GZZLUWLO,Waterloo,,,,
6639,2026-08-10T16:45:18.000+01:00,123.6219482421875,171.19317626953125,222.0791015625,819.0,33.22995376586914,37.45111846923828,31.964599609375,1022.6412353515625,0.1788330078125,1.0,88.0,30982,16365,live,940GZZLUWLO,Waterloo,,,,
6640,2026-08-10T16:45:28.000+01:00,123.22362518310547,174.582763671875,230.2605438232422,839.0,33.07774353027344,37.391571044921875,32.037841796875,1022.6328125,0.084228515625,1.0,89.0,30966,16364,live,940GZZLUWLO,Waterloo,,,,
6641,2026-08-10T16:45:38.000+01:00,126.56404876708984,183.93609619140625,246.93345642089844,847.0,33.00831604003906,37.37824249267578,32.196537017822266,1022.53564453125,0.9716796875,1.0,89.0,30928,16349,live,,,,,,
6642,2026-08-10T16:45:48.000+01:00,132.46572875976562,191.87139892578125,256.9994201660156,857.0,33.11512756347656,37.36888885498047,32.280460357666016,1022.443603515625,0.92041015625,1.0,90.0,30891,16349,live,,,,,,
6643,2026-08-10T16:45:58.000+01:00,138.58912658691406,196.10955810546875,258.4245910644531,866.0,33.23262405395508,37.36576843261719,32.343021392822266,1022.0416259765625,4.019775390625,1.0,94.0,30876,16368,live,,,,,,
6644,2026-08-10T16:46:08.000+01:00,142.54190063476562,198.468505859375,258.4938049316406,892.0,33.29671096801758,37.3751220703125,32.47882843017578,1020.98193359375,10.596923828125,1.0,98.0,30852,16377,live,,,,,,
6645,2026-08-10T16:46:18.000+01:00,140.83839416503906,197.8426971435547,259.34619140625,895.0,33.38483428955078,37.389869689941406,32.64057540893555,1019.2083740234375,17.735595703125,1.0,104.0,30832,16384,live,,,,,,
6646,2026-08-10T16:46:28.000+01:00,136.06838989257812,191.68405151367188,251.78607177734375,917.0,33.44892120361328,37.402061462402344,32.67109298706055,1018.6011962890625,6.07177734375,1.0,108.0,30820,16400,live,,,,,,
6647,2026-08-10T16:46:38.000+01:00,133.28555297851562,187.15179443359375,245.25511169433594,916.0,33.486305236816406,37.4207763671875,32.7916374206543,1021.158935546875,25.577392578125,1.0,109.0,30835,16410,live,940GZZLUWLO,Waterloo,,,,
6648,2026-08-10T16:46:49.000+01:00,129.9576873779297,180.59970092773438,234.88914489746094,918.0,33.550392150878906,37.43409729003906,32.73517990112305,1022.7288818359375,15.699462890625,1.0,108.0,30849,16420,live,,,,,,
6649,2026-08-10T16:46:58.000+01:00,130.2938690185547,177.11781311035156,226.5819854736328,923.0,33.571754455566406,37.460472106933594,32.58869171142578,1018.9109497070312,,1.0,107.0,30844,16420,buffered,,,,,,
6650,2026-08-10T16:47:08.000+01:00,133.73081970214844,183.31890869140625,236.01046752929688,943.0,33.6305046081543,37.46699523925781,32.52460479736328,1020.5047607421875,22.2412109375,1.0,106.0,30858,16409,live,,,,,,
6651,2026-08-10T16:47:18.000+01:00,144.48858642578125,201.91793823242188,263.6921691894531,932.0,33.67055892944336,37.49676513671875,32.45746612548828,1019.521240234375,9.835205078125,1.0,106.0,30877,16407,live,,,,,,
6652,2026-08-10T16:47:28.000+01:00,149.9405975341797,211.63314819335938,278.3741760253906,927.0,33.70527267456055,37.51689910888672,32.373538970947266,1022.6398315429688,31.1859130859375,1.0,106.0,30884,16403,live,,,,,,
6653,2026-08-10T16:47:38.000+01:00,149.4048309326172,211.49905395507812,278.78387451171875,920.0,33.74265670776367,37.53816223144531,32.359806060791016,1023.5783081054688,9.384765625,1.0,106.0,30885,16403,live,,,,,,
6654,2026-08-10T16:47:48.000+01:00,151.81690979003906,210.86349487304688,274.1418151855469,913.0,33.76401901245117,37.558013916015625,32.283512115478516,1023.1154174804688,4.62890625,1.0,105.0,30890,16396,live,,,,,,
6655,2026-08-10T16:47:58.000+01:00,153.21499633789062,213.02622985839844,277.1650085449219,893.0,33.83344650268555,37.58154296875,32.144657135009766,1020.579833984375,25.3558349609375,1.0,105.0,30899,16388,live,,,,,,
6656,2026-08-10T16:48:08.000+01:00,153.20713806152344,213.89712524414062,279.1414489746094,888.0,33.87884521484375,37.613304138183594,32.10040283203125,1020.8618774414062,2.8204345703125,1.0,104.0,30892,16384,live,,,,,,
6657,2026-08-10T16:48:18.000+01:00,156.32350158691406,212.53305053710938,271.9183654785156,885.0,33.89753723144531,37.61982727050781,32.0927734375,1021.8101806640625,9.4830322265625,1.0,104.0,30895,16383,live,,,,,,
6658,2026-08-10T16:48:28.000+01:00,159.22821044921875,220.28636169433594,285.55859375,885.0,33.95094299316406,37.64250946044922,32.00885009765625,1021.2310791015625,5.791015625,1.0,104.0,30938,16371,live,,,,,,
6659,2026-08-10T16:48:38.000+01:00,156.45852661132812,216.0174102783203,279.6045227050781,882.0,34.00701904296875,37.66150665283203,32.0042724609375,1022.5432739257812,13.1219482421875,1.0,104.0,30879,16367,live,,,,,,
6660,2026-08-10T16:48:48.000+01:00,154.09661865234375,213.2755584716797,276.5555725097656,881.0,34.04707336425781,37.68334197998047,32.01800537109375,1023.4996948242188,9.564208984375,1.0,104.0,30874,16370,live,,,,,,
6661,2026-08-10T16:48:58.000+01:00,155.5347900390625,212.4025115966797,272.67242431640625,875.0,34.0390625,37.64421081542969,32.06378173828125,1023.34765625,1.5203857421875,1.0,104.0,30932,16368,live,940GZZLUKNG,Kennington,,,,
6662,2026-08-10T16:49:08.000+01:00,164.7568359375,223.10546875,284.5711669921875,866.0,33.836116790771484,37.5911865234375,32.02716064453125,1022.7987670898438,5.4888916015625,1.0,103.0,30961,16363,live,940GZZLUKNG,Kennington,,,,
6663,2026-08-10T16:49:18.000+01:00,168.05137634277344,229.48684692382812,294.59600830078125,849.0,33.77737045288086,37.536460876464844,31.929502487182617,1022.1810913085938,6.1767578125,1.0,102.0,30965,16332,live,940GZZLUKNG,Kennington,,,,
6664,2026-08-10T16:49:28.000+01:00,167.87103271484375,227.85008239746094,291.14093017578125,843.0,33.79606246948242,37.55687713623047,31.848630905151367,1022.0990600585938,0.8203125,1.0,101.0,30937,16317,live,940GZZLUKNG,Kennington,,,,
6665,2026-08-10T16:49:38.000+01:00,167.23672485351562,226.8063201904297,289.62811279296875,833.0,33.81208419799805,37.56708526611328,31.793697357177734,1021.8211059570312,2.779541015625,1.0,101.0,30927,16312,live,940GZZLUKNG,Kennington,,,,
6666,2026-08-10T16:49:48.000+01:00,167.1929931640625,231.9156494140625,301.2203063964844,825.0,33.8654899597168,37.584381103515625,31.758602142333984,1022.0037231445312,1.826171875,1.0,101.0,30938,16304,live,940GZZLUKNG,Kennington,,,,
6667,2026-08-10T16:49:58.000+01:00,168.00845336914062,233.14393615722656,302.9088134765625,816.0,33.90821838378906,37.60309600830078,31.6258487701416,1021.8375244140625,1.6619873046875,1.0,101.0,30928,16297,live,940GZZLUKNG,Kennington,,,,
6668,2026-08-10T16:50:08.000+01:00,168.89024353027344,234.85760498046875,305.6048583984375,814.0,33.94026184082031,37.58097839355469,31.68535804748535,1022.24462890625,4.071044921875,1.0,101.0,30863,16293,live,940GZZLUKNG,Kennington,,,,
6669,2026-08-10T16:50:18.000+01:00,168.47178649902344,232.8085479736328,301.53558349609375,808.0,33.95361328125,37.61614227294922,31.6777286529541,1022.3418579101562,,1.0,101.0,30929,16294,buffered,,,,,,
6670,2026-08-10T16:50:28.000+01:00,171.78292846679688,233.5814666748047,298.87762451171875,801.0,34.023040771484375,37.62322998046875,31.749446868896484,1022.041748046875,2.02880859375,1.0,102.0,30922,16297,live,940GZZLUKNG,Kennington,,,,
6671,2026-08-10T16:50:38.000+01:00,176.33055114746094,238.51513671875,303.96807861328125,798.0,34.06309509277344,37.656402587890625,31.706722259521484,1022.365234375,3.23486328125,1.0,102.0,30916,16295,live,940GZZLUKNG,Kennington,,,,
6672,2026-08-10T16:50:48.000+01:00,181.4899139404297,247.94920349121094,318.40460205078125,798.0,34.01502990722656,37.68418884277344,31.6014347076416,1022.2592163085938,1.0601806640625,1.0,102.0,30937,16293,live,940GZZLUKNG,Kennington,,,,
6673,2026-08-10T16:50:58.000+01:00,177.46670532226562,247.822998046875,323.4693603515625,797.0,33.88685607910156,37.68787384033203,31.747920989990234,1022.2675170898438,0.0830078125,1.0,101.0,30923,16280,live,,,,,51.50381367291363,-0.11457340988211226
6674,2026-08-10T16:51:08.000+01:00,169.96144104003906,237.95443725585938,311.1713562011719,797.0,33.95094299316406,37.70857238769531,31.740291595458984,1023.69921875,14.3170166015625,1.0,102.0,30906,16267,live,,,,,51.50381367291363,-0.11457340988211226
6675,2026-08-10T16:51:18.000+01:00,166.09544372558594,229.72007751464844,297.72332763671875,797.0,33.996337890625,37.716514587402344,31.781490325927734,1022.969482421875,7.29736328125,1.0,103.0,30879,16277,live,,,,,51.50381367291363,-0.11457340988211226
6676,2026-08-10T16:51:28.000+01:00,161.11834716796875,229.82472229003906,304.57769775390625,798.0,34.03105163574219,37.72388458251953,31.819639205932617,1021.1541137695312,,1.0,104.0,30866,16279,buffered,,,,,,
6677,2026-08-10T16:51:38.000+01:00,158.49063110351562,227.7574005126953,303.40484619140625,803.0,34.07377624511719,37.75536346435547,31.833372116088867,1022.9322509765625,,1.0,105.0,30845,16276,buffered,,,,,,
6678,2026-08-10T16:51:48.000+01:00,156.36062622070312,223.19032287597656,295.9272155761719,823.0,34.119171142578125,37.77549743652344,31.895933151245117,1022.855224609375,1.142578125,1.0,106.0,30850,16283,live,,,,,,
6679,2026-08-10T16:51:58.000+01:00,156.1509246826172,221.3692169189453,292.0949401855469,830.0,34.14320755004883,37.78797149658203,31.97833251953125,1024.81494140625,19.59716796875,1.0,106.0,30856,16286,live,,,,,,
6680,2026-08-10T16:52:08.000+01:00,159.15235900878906,219.48289489746094,283.84564208984375,834.0,34.188602447509766,37.812355041503906,32.00274658203125,1022.6802368164062,21.3470458984375,1.0,106.0,30796,16286,live,,,,,,
6681,2026-08-10T16:52:18.000+01:00,155.2218475341797,211.85740661621094,271.8580017089844,837.0,34.220645904541016,37.834754943847656,32.08514404296875,1018.9463500976562,37.3388671875,1.0,108.0,30794,16291,live,,,,,,
6682,2026-08-10T16:52:28.000+01:00,152.75999450683594,205.3667755126953,260.479248046875,838.0,34.25802993774414,37.843833923339844,32.127872467041016,1021.9762573242188,30.299072265625,1.0,110.0,30795,16292,live,,,,,,
6683,2026-08-10T16:52:38.000+01:00,152.6028594970703,205.1326141357422,260.1595764160156,840.0,34.2980842590332,37.86027526855469,32.161441802978516,1022.1383056640625,1.6204833984375,1.0,111.0,30778,16296,live,,,,,,
6684,2026-08-10T16:52:48.000+01:00,152.9153289794922,206.22145080566406,262.20208740234375,844.0,34.3194465637207,37.89288330078125,32.257572174072266,1022.082763671875,0.555419921875,1.0,110.0,30786,16292,live,,,,,,
6685,2026-08-10T16:52:58.000+01:00,149.89190673828125,201.2645721435547,255.032470703125,846.0,34.37285232543945,37.91386413574219,32.271305084228516,1022.0298461914062,0.5291748046875,1.0,110.0,30775,16295,live,,,,,51.48208404645697,-0.11277330816473982
6686,2026-08-10T16:53:08.000+01:00,147.9296417236328,198.7367706298828,251.93524169921875,853.0,34.399559020996094,37.94080352783203,32.306400299072266,1022.6194458007812,5.89599609375,1.0,109.0,30763,16297,live,,,,,51.48208404645697,-0.11277330816473982
6687,2026-08-10T16:53:18.000+01:00,150.82545471191406,198.78363037109375,248.19049072265625,853.0,34.442283630371094,37.977378845214844,32.327762603759766,1025.4312744140625,28.1182861328125,1.0,109.0,30767,16298,live,,,,,51.482061728425634,-0.11273054210302558
6688,2026-08-10T16:53:28.000+01:00,144.48960876464844,186.49520874023438,228.87486267089844,855.0,34.38086700439453,37.99439239501953,32.359806060791016,1024.662841796875,7.684326171875,1.0,109.0,30801,16301,live,,,,,,
6689,2026-08-10T16:53:39.000+01:00,129.38304138183594,169.92169189453125,211.54823303222656,868.0,34.35416030883789,38.007720947265625,32.196537017822266,1022.5823364257812,20.8050537109375,1.0,108.0,30805,16301,live,,,,,,
6690,2026-08-10T16:53:48.000+01:00,122.13855743408203,163.2468719482422,206.11322021484375,866.0,34.359500885009766,38.042030334472656,31.970703125,1021.6659545898438,9.163818359375,1.0,105.0,30898,16293,live,,,,,,
6691,2026-08-10T16:53:58.000+01:00,118.71687316894531,161.00537109375,205.60296630859375,857.0,34.399559020996094,38.068115234375,31.842527389526367,1018.832763671875,28.3319091796875,1.0,102.0,30876,16281,live,,,,,,
6692,2026-08-10T16:54:08.000+01:00,115.07777404785156,155.18101501464844,197.29373168945312,846.0,34.410240173339844,38.08399200439453,31.721981048583984,1018.9236450195312,,1.0,100.0,30882,16281,buffered,,,,,,
6693,2026-08-10T16:54:18.000+01:00,120.56268310546875,159.00497436523438,198.63279724121094,836.0,34.44762420654297,38.102142333984375,31.747920989990234,1019.1785278320312,,1.0,99.0,30879,16278,buffered,,,,,,
6694,2026-08-10T16:54:28.000+01:00,129.01690673828125,166.7247314453125,204.8181610107422,827.0,34.482337951660156,38.11631774902344,31.703670501708984,1021.820068359375,,1.0,99.0,30867,16281,buffered,,,,,,
6695,2026-08-10T16:54:38.000+01:00,134.77264404296875,175.04437255859375,215.94586181640625,812.0,34.517051696777344,38.13276672363281,31.735713958740234,1021.478515625,,1.0,99.0,30866,16275,buffered,,,,,,
6696,2026-08-10T16:54:48.000+01:00,135.7360076904297,179.6688995361328,225.10446166992188,809.0,34.549095153808594,38.158851623535156,31.792171478271484,1021.432373046875,,1.0,99.0,30851,16283,buffered,,,,,,
6697,2026-08-10T16:54:58.000+01:00,139.92718505859375,185.66375732421875,233.0645751953125,808.0,34.58380889892578,38.190895080566406,31.934080123901367,1021.5513305664062,,1.0,99.0,30853,16284,buffered,,,,,,
6698,2026-08-10T16:55:08.000+01:00,145.01596069335938,190.68370056152344,237.6302490234375,805.0,34.57579803466797,38.19713592529297,31.821165084838867,1021.527587890625,,1.0,99.0,30930,16299,buffered,,,,,,
6699,2026-08-10T16:55:18.000+01:00,148.28504943847656,197.87228393554688,249.51121520996094,799.0,34.589149475097656,38.19854736328125,31.63042640686035,1021.508544921875,,1.0,97.0,30960,16286,buffered,,,,,,
6700,2026-08-10T16:55:28.000+01:00,166.58473205566406,223.78189086914062,283.6676025390625,788.0,34.570457458496094,38.183807373046875,31.396963119506836,1021.1517944335938,,1.0,93.0,31045,16282,buffered,,,,,,
6701,2026-08-10T16:55:38.000+01:00,169.0287628173828,228.66836547851562,291.4486999511719,777.0,34.495689392089844,38.19287872314453,30.872053146362305,1021.0647583007812,,1.0,82.0,31048,16265,buffered,,,,,,
6702,2026-08-10T16:55:48.000+01:00,153.76028442382812,206.54981994628906,261.81982421875,761.0,34.388877868652344,38.1937255859375,30.68284034729004,1021.1463012695312,,1.0,80.0,31055,16225,buffered,,,,,,
6703,2026-08-10T16:55:58.000+01:00,144.37985229492188,192.05430603027344,241.5701446533203,753.0,34.35149002075195,38.190895080566406,30.452430725097656,1021.0762329101562,,1.0,80.0,31092,16201,buffered,,,,,,
6704,2026-08-10T16:56:08.000+01:00,142.62860107421875,189.8934783935547,239.02084350585938,749.0,34.3408088684082,38.19883728027344,30.444801330566406,1021.0496215820312,,1.0,80.0,31097,16183,buffered,,,,,,
6705,2026-08-10T16:56:18.000+01:00,139.62796020507812,186.55654907226562,235.4778594970703,748.0,34.36751174926758,38.205352783203125,30.368505477905273,1021.0640869140625,,1.0,82.0,31072,16187,buffered,,,,,,
6706,2026-08-10T16:56:28.000+01:00,131.9722900390625,178.55062866210938,227.584716796875,745.0,34.378196716308594,38.207908630371094,30.29983901977539,1021.0552368164062,,1.0,84.0,31077,16183,buffered,,,,,,
6707,2026-08-10T16:56:38.000+01:00,125.92979431152344,171.8783721923828,220.55715942382812,741.0,34.407569885253906,38.213294982910156,30.20370864868164,1020.6203002929688,,1.0,85.0,31086,16179,buffered,,,,,,
6708,2026-08-10T16:56:48.000+01:00,118.67193603515625,164.0809783935547,212.60572814941406,753.0,34.428932189941406,38.21556091308594,30.18997573852539,1020.3369750976562,,1.0,85.0,31069,16174,buffered,,,,,,
6709,2026-08-10T16:56:58.000+01:00,106.25698852539062,149.11880493164062,195.33761596679688,817.0,34.418251037597656,38.222084045410156,30.27389907836914,1020.0300903320312,,1.0,86.0,31084,16166,buffered,,,,,,
6710,2026-08-10T16:57:08.000+01:00,85.89393615722656,118.55284118652344,153.41336059570312,838.0,34.439613342285156,38.215850830078125,29.817655563354492,1019.745849609375,,1.0,86.0,31141,16177,buffered,,,,,,
6711,2026-08-10T16:57:18.000+01:00,58.390235900878906,79.11392974853516,100.953857421875,838.0,34.418251037597656,38.20989227294922,29.503318786621094,1019.7498168945312,,1.0,85.0,31208,16149,buffered,,,,,,
6712,2026-08-10T16:57:28.000+01:00,27.997886657714844,36.98963165283203,46.27326583862305,833.0,34.42626190185547,38.195716857910156,28.966201782226562,1019.7298583984375,,1.0,82.0,31248,16135,buffered,,,,,,
6713,2026-08-10T16:57:38.000+01:00,15.66631031036377,20.422983169555664,25.27227020263672,812.0,34.39154815673828,38.17076110839844,28.32074546813965,1019.71533203125,,1.0,72.0,31394,16102,buffered,,,,,,
6714,2026-08-10T16:57:48.000+01:00,6.417542934417725,8.236104965209961,10.059147834777832,763.0,34.2980842590332,38.15318298339844,27.44792938232422,1019.7206420898438,,1.0,58.0,31507,16049,buffered,,,,,,
6715,2026-08-10T16:57:58.000+01:00,2.9932467937469482,3.794271469116211,4.585239887237549,720.0,34.2339973449707,38.13078308105469,26.741436004638672,1019.70361328125,,1.0,50.0,31605,15976,buffered,,,,,,
6716,2026-08-10T16:58:08.000+01:00,6.160301685333252,7.745894908905029,9.294580459594727,674.0,34.044403076171875,38.09136962890625,26.340124130249023,1019.7000122070312,,1.0,45.0,31637,15912,buffered,,,,,,
6717,2026-08-10T16:58:18.000+01:00,2.537628650665283,3.1078367233276367,3.6414859294891357,649.0,34.01502990722656,38.07463836669922,26.051727294921875,1019.7147827148438,,1.0,46.0,31649,15856,buffered,,,,,,
6718,2026-08-10T16:58:28.000+01:00,2.0201375484466553,2.427726984024048,2.794283151626587,621.0,33.969635009765625,38.051673889160156,25.80758285522461,1019.7169799804688,,1.0,51.0,31673,15839,buffered,,,,,,
6719,2026-08-10T16:58:38.000+01:00,1.7343124151229858,2.058105230331421,2.339944362640381,590.0,33.94026184082031,37.98390197753906,25.601587295532227,1019.70751953125,,1.0,57.0,31681,15816,buffered,,,,,,
6720,2026-08-10T16:58:48.000+01:00,11.71522045135498,13.545272827148438,14.999982833862305,569.0,33.93492126464844,37.965187072753906,25.551231384277344,1019.7440795898438,,1.0,64.0,31678,15803,buffered,,,,,,
6721,2026-08-10T16:58:58.000+01:00,28.092674255371094,32.20709228515625,35.35091018676758,558.0,33.90287780761719,37.91868591308594,25.590906143188477,1019.7340698242188,,1.0,72.0,31555,15803,buffered,,,,,,
6722,2026-08-10T16:59:08.000+01:00,19.35395050048828,22.359527587890625,24.74045753479004,543.0,33.88151550292969,37.89061737060547,25.71603012084961,1019.705810546875,,1.0,74.0,31579,15801,buffered,,,,,,
6723,2026-08-10T16:59:18.000+01:00,25.467073440551758,30.292911529541016,34.52102279663086,542.0,33.84946823120117,37.78144836425781,25.74044418334961,1019.8284301757812,,1.0,77.0,31597,15822,buffered,,,,,,
6724,2026-08-10T16:59:28.000+01:00,29.70992088317871,37.40093231201172,44.92526626586914,542.0,33.6945915222168,37.449127197265625,25.824369430541992,1020.424072265625,,1.0,79.0,31638,15821,buffered,,,,,,
6725,2026-08-10T16:59:38.000+01:00,27.86699867248535,36.646240234375,45.67213821411133,542.0,33.66788864135742,37.460472106933594,25.825895309448242,1021.25927734375,,1.0,79.0,31650,15816,buffered,,,,,,
6726,2026-08-10T16:59:48.000+01:00,28.53183364868164,38.09519577026367,48.059024810791016,539.0,33.65987777709961,37.37342071533203,25.879301071166992,1021.6179809570312,,1.0,80.0,31633,15813,live,940GZZLUSKW,Stockwell,,,,
6727,2026-08-10T16:59:58.000+01:00,119.4466552734375,158.9709930419922,200.0400390625,570.0,33.61180877685547,37.26652526855469,26.25009536743164,1021.7343139648438,1.163330078125,1.0,93.0,31405,15807,live,,,,,51.47228024245739,-0.12286774264073966
6728,2026-08-10T17:00:08.000+01:00,157.2022247314453,211.49972534179688,268.4172058105469,570.0,33.424888610839844,37.136940002441406,27.56694984436035,1021.6893920898438,0.44921875,1.0,159.0,31247,15822,live,940GZZLUSKW,Stockwell,,,,
6729,2026-08-10T17:00:18.000+01:00,160.89752197265625,219.42942810058594,281.4043884277344,569.0,33.30205154418945,37.024940490722656,28.593881607055664,1021.6182250976562,0.711669921875,1.0,195.0,31216,15892,live,940GZZLUSKW,Stockwell,,,,
6730,2026-08-10T17:00:28.000+01:00,189.06271362304688,257.7420654296875,330.4419250488281,571.0,33.17387771606445,36.93278503417969,29.294269561767578,1021.257080078125,3.6114501953125,1.0,199.0,31258,15947,live,940GZZLUSKW,Stockwell,,,,
6731,2026-08-10T17:00:38.000+01:00,192.87750244140625,263.53961181640625,338.4569396972656,576.0,33.149845123291016,36.90528106689453,29.565881729125977,1021.3027954101562,0.4571533203125,1.0,185.0,31301,15993,live,940GZZLUSKW,Stockwell,,,,
6732,2026-08-10T17:00:48.000+01:00,182.72279357910156,256.406494140625,335.8570861816406,590.0,33.1845588684082,36.90613555908203,29.70626449584961,1021.3167114257812,0.13916015625,1.0,168.0,31278,16002,live,,,,,51.472274257465855,-0.12290162731127094
6733,2026-08-10T17:00:58.000+01:00,168.21743774414062,231.57720947265625,299.09405517578125,598.0,33.21927261352539,36.899330139160156,29.819181442260742,1021.6473999023438,,1.0,156.0,31276,16013,buffered,,,,,,
6734,2026-08-10T17:01:08.000+01:00,165.2190704345703,225.11642456054688,288.49615478515625,604.0,33.28335952758789,36.89875793457031,29.822233200073242,1021.7113037109375,3.9459228515625,1.0,145.0,31276,16034,live,,,,,51.47227079532434,-0.12287458394500723
6735,2026-08-10T17:01:18.000+01:00,163.95159912109375,220.93325805664062,280.73828125,611.0,33.3340950012207,36.915489196777344,29.950408935546875,1021.514404296875,1.968994140625,1.0,140.0,31265,16038,live,,,,,51.4722681046148,-0.12287629771887984
6736,2026-08-10T17:01:28.000+01:00,168.99789428710938,226.48611450195312,286.5634765625,619.0,33.363468170166016,36.92711639404297,30.119783401489258,1024.1090087890625,25.946044921875,1.0,137.0,31233,16046,live,,,,,51.4722681046148,-0.12287629771887984
6737,2026-08-10T17:01:38.000+01:00,179.83041381835938,237.22364807128906,296.3988342285156,623.0,33.403526306152344,36.94951629638672,30.28610610961914,1025.849853515625,17.408447265625,1.0,137.0,31206,16061,live,,,,,51.4722681046148,-0.12287629771887984
6738,2026-08-10T17:01:48.000+01:00,178.83035278320312,243.36216735839844,311.58599853515625,632.0,33.443580627441406,36.965675354003906,30.363927841186523,1022.0778198242188,37.7203369140625,1.0,141.0,31180,16077,live,940GZZLUSKW,Stockwell,,,,
6739,2026-08-10T17:01:58.000+01:00,175.67410278320312,238.15818786621094,304.0351867675781,643.0,33.475624084472656,36.98779296875,30.28305435180664,1026.0947265625,,1.0,145.0,31160,16076,buffered,,,,,,
6740,2026-08-10T17:02:08.000+01:00,168.39401245117188,229.3887176513672,293.91888427734375,649.0,33.51300811767578,37.008209228515625,30.441749572753906,1023.52392578125,,1.0,151.0,31131,16079,buffered,,,,,,
6741,2026-08-10T17:02:18.000+01:00,159.29991149902344,219.07571411132812,282.7303161621094,653.0,33.56641387939453,37.02692413330078,30.362401962280273,1020.7542114257812,13.236083984375,1.0,154.0,31108,16089,live,,,,,,
6742,2026-08-10T17:02:28.000+01:00,153.29969787597656,210.40145874023438,271.1271057128906,667.0,33.58777618408203,37.05840301513672,30.29983901977539,1021.0889892578125,3.3477783203125,1.0,158.0,31135,16097,live,,,,,,
6743,2026-08-10T17:02:38.000+01:00,148.7252655029297,203.18836975097656,260.9265441894531,669.0,33.65720748901367,37.07881164550781,30.348669052124023,1022.1209106445312,10.3192138671875,1.0,160.0,31090,16084,live,,,,,,
6744,2026-08-10T17:02:48.000+01:00,148.7843017578125,203.0879364013672,260.62139892578125,670.0,33.68391036987305,37.11595916748047,30.23880386352539,1022.2286987304688,1.077880859375,1.0,163.0,31066,16104,live,,,,,,
6745,2026-08-10T17:02:58.000+01:00,159.27732849121094,216.9862518310547,278.04351806640625,670.0,33.707942962646484,37.145164489746094,30.28915786743164,1022.2578125,0.2911376953125,1.0,164.0,31063,16093,live,940GZZLUVXL,Vauxhall,,,,
6746,2026-08-10T17:03:08.000+01:00,159.9672393798828,214.89706420898438,272.409912109375,670.0,33.71328353881836,37.1414794921875,30.23270034790039,1022.3675537109375,1.097412109375,1.0,148.0,31169,16096,live,940GZZLUVXL,Vauxhall,,,,
6747,2026-08-10T17:03:18.000+01:00,158.487060546875,213.53623962402344,271.3061218261719,669.0,33.654537200927734,37.11737823486328,30.090791702270508,1022.19384765625,1.737060546875,1.0,131.0,31204,16100,live,940GZZLUVXL,Vauxhall,,,,
6748,2026-08-10T17:03:28.000+01:00,158.25050354003906,213.78150939941406,272.1743469238281,668.0,33.62783432006836,37.11992645263672,29.962615966796875,1021.8611450195312,3.3270263671875,1.0,129.0,31204,16079,live,940GZZLUVXL,Vauxhall,,,,
6749,2026-08-10T17:03:38.000+01:00,162.46116638183594,220.92581176757812,282.70330810546875,667.0,33.60112762451172,37.08930969238281,29.910734176635742,1021.8981323242188,0.369873046875,1.0,125.0,31258,16076,live,940GZZLUVXL,Vauxhall,,,,
6750,2026-08-10T17:03:48.000+01:00,76.33540344238281,101.73973846435547,128.168701171875,655.0,33.331424713134766,36.82135009765625,29.840543746948242,1021.68994140625,2.0819091796875,1.0,109.0,31310,16074,live,940GZZLUVXL,Vauxhall,,,,
6751,2026-08-10T17:03:58.000+01:00,154.7309112548828,205.35165405273438,257.824462890625,646.0,33.096435546875,36.83638000488281,30.074007034301758,1021.4561157226562,2.3382568359375,1.0,94.0,31307,16042,live,940GZZLUVXL,Vauxhall,,,,
6752,2026-08-10T17:04:08.000+01:00,150.61441040039062,200.18125915527344,251.62620544433594,644.0,33.00030517578125,36.87409210205078,30.041961669921875,1022.410888671875,9.5477294921875,1.0,83.0,31259,16029,live,940GZZLUVXL,Vauxhall,,,,
6753,2026-08-10T17:04:18.000+01:00,157.54757690429688,217.20379638671875,280.8346252441406,637.0,33.059051513671875,36.88316345214844,30.064851760864258,1022.5623168945312,1.5142822265625,1.0,78.0,31291,16018,live,,,,,51.485972916179456,-0.12385451292486305
6754,2026-08-10T17:04:28.000+01:00,162.3059844970703,225.9870147705078,294.3350524902344,638.0,33.10978698730469,36.914634704589844,30.101472854614258,1022.6136474609375,0.5133056640625,1.0,75.0,31276,16027,live,,,,,51.485972916179456,-0.12385451292486305
6755,2026-08-10T17:04:38.000+01:00,164.1749267578125,222.8260040283203,284.7140197753906,638.0,33.203250885009766,36.943565368652344,30.087739944458008,1022.3440551757812,2.6959228515625,1.0,75.0,31259,16039,live,,,,,51.485972916179456,-0.12385451292486305
6756,2026-08-10T17:04:48.000+01:00,153.63385009765625,205.80050659179688,260.2964172363281,639.0,33.2700080871582,36.957740783691406,30.095369338989258,1023.3677978515625,10.2374267578125,1.0,77.0,31257,16040,live,,,,,51.485972916179456,-0.12385451292486305
6757,2026-08-10T17:04:58.000+01:00,164.51641845703125,216.75494384765625,270.554931640625,639.0,33.35812759399414,36.99488067626953,30.106050491333008,1019.7750244140625,35.927734375,1.0,80.0,31228,16051,live,,,,,51.485972916179456,-0.12385451292486305
6758,2026-08-10T17:05:08.000+01:00,165.65830993652344,222.171142578125,281.2633361816406,641.0,33.422218322753906,37.02239227294922,30.107576370239258,1019.4818725585938,2.9315185546875,1.0,85.0,31225,16050,live,,,,,51.485972916179456,-0.12385451292486305
6759,2026-08-10T17:05:18.000+01:00,163.47604370117188,222.0629425048828,283.9207763671875,642.0,33.49164581298828,37.06293487548828,30.093843460083008,1021.76708984375,22.8521728515625,1.0,88.0,31215,16061,live,,,,,,
6760,2026-08-10T17:05:28.000+01:00,163.9546661376953,220.81747436523438,280.4727783203125,644.0,33.54505157470703,37.100364685058594,30.107576370239258,1022.2762451171875,5.091552734375,1.0,90.0,31216,16056,live,,,,,,
6761,2026-08-10T17:05:38.000+01:00,157.6095733642578,212.375,269.85150146484375,647.0,33.585105895996094,37.11992645263672,30.055694580078125,1022.1936645507812,0.8258056640625,1.0,90.0,31246,16065,live,940GZZLUPCO,Pimlico,,,,
6762,2026-08-10T17:05:48.000+01:00,149.22483825683594,202.16497802734375,257.9520263671875,649.0,33.49164581298828,36.94866943359375,29.834440231323242,1021.8402099609375,3.5345458984375,1.0,86.0,31330,16072,live,940GZZLUPCO,Pimlico,,,,
6763,2026-08-10T17:05:58.000+01:00,166.34263610839844,225.0024871826172,286.7449951171875,654.0,33.29404067993164,36.86756896972656,29.903104782104492,1021.7491455078125,0.91064453125,1.0,82.0,31293,16048,live,940GZZLUPCO,Pimlico,,,,
6764,2026-08-10T17:06:08.000+01:00,169.390869140625,225.8058319091797,284.5052490234375,653.0,33.3127326965332,36.85111999511719,29.871061325073242,1022.07666015625,3.275146484375,1.0,80.0,31288,16026,live,940GZZLUPCO,Pimlico,,,,
6765,2026-08-10T17:06:18.000+01:00,171.850830078125,229.9422607421875,290.5719909667969,654.0,33.36079788208008,36.906700134277344,29.861906051635742,1022.40234375,3.2568359375,1.0,77.0,31285,16030,live,940GZZLUPCO,Pimlico,,,,
6766,2026-08-10T17:06:28.000+01:00,171.2346649169922,227.5795135498047,286.0574951171875,654.0,33.44091033935547,36.951499938964844,29.826810836791992,1022.26904296875,1.3330078125,1.0,78.0,31267,16032,live,940GZZLUPCO,Pimlico,,,,
6767,2026-08-10T17:06:38.000+01:00,167.62033081054688,222.15798950195312,278.62469482421875,654.0,33.531700134277344,36.99488067626953,29.848173141479492,1022.1781005859375,0.909423828125,1.0,79.0,31269,16039,live,940GZZLUPCO,Pimlico,,,,
6768,2026-08-10T17:06:48.000+01:00,159.5355682373047,212.75717163085938,268.1531982421875,654.0,33.563743591308594,37.059814453125,29.822233200073242,1022.306884765625,1.287841796875,1.0,78.0,31288,16043,live,940GZZLUPCO,Pimlico,,,,
6769,2026-08-10T17:06:58.000+01:00,150.72703552246094,203.37771606445312,258.69232177734375,655.0,33.55573272705078,37.099517822265625,29.674219131469727,1022.1852416992188,1.2164306640625,1.0,77.0,31285,16052,live,940GZZLUPCO,Pimlico,,,,
6770,2026-08-10T17:07:08.000+01:00,152.59629821777344,206.50204467773438,263.25970458984375,654.0,33.57709503173828,37.141197204589844,29.68795394897461,1022.3389282226562,1.536865234375,1.0,77.0,31270,16036,live,,,,,51.489212030000004,-0.1335163453085316
6771,2026-08-10T17:07:18.000+01:00,162.97283935546875,222.49966430664062,285.5758056640625,653.0,33.582435607910156,37.17890930175781,29.813077926635742,1022.1670532226562,1.71875,1.0,79.0,31290,16037,live,,,,,51.489212030000004,-0.1335163453085316
6772,2026-08-10T17:07:28.000+01:00,173.21766662597656,236.6479949951172,303.892333984375,654.0,33.67856979370117,37.208961486816406,29.78713607788086,1022.0894775390625,0.7757568359375,1.0,82.0,31221,16041,live,,,,,,
6773,2026-08-10T17:07:38.000+01:00,178.921142578125,240.04623413085938,303.979736328125,656.0,33.73464584350586,37.26226806640625,29.72762680053711,1019.3734130859375,27.16064453125,1.0,83.0,31249,16052,live,,,,,,
6774,2026-08-10T17:07:48.000+01:00,175.04627990722656,232.98789978027344,293.1983337402344,658.0,33.75333786010742,37.29743194580078,29.69558334350586,1017.49609375,18.773193359375,1.0,85.0,31235,16050,live,,,,,,
6775,2026-08-10T17:07:58.000+01:00,162.28627014160156,215.99058532714844,271.79486083984375,659.0,33.82009506225586,37.34705352783203,29.591821670532227,1018.1907958984375,6.947021484375,1.0,85.0,31249,16048,live,,,,,,
6776,2026-08-10T17:08:08.000+01:00,150.26356506347656,198.7454376220703,248.85140991210938,660.0,33.83878707885742,37.38703155517578,29.465171813964844,1021.1351318359375,,1.0,85.0,31262,16051,buffered,,,,,,
6777,2026-08-10T17:08:18.000+01:00,139.9761199951172,186.72547912597656,235.396240234375,661.0,33.88685607910156,37.413970947265625,29.43465232849121,1022.1846923828125,39.93896484375,1.0,85.0,31261,16034,live,,,,,,
6778,2026-08-10T17:08:29.000+01:00,135.9507598876953,184.9744415283203,236.79591369628906,664.0,33.94560241699219,37.45252990722656,29.37666893005371,1022.2723388671875,0.87646484375,1.0,85.0,31267,16037,live,,,,,,
6779,2026-08-10T17:08:38.000+01:00,139.6547088623047,194.265869140625,252.84567260742188,665.0,34.00434875488281,37.48655700683594,29.32173728942871,1021.5653686523438,7.0697021484375,1.0,85.0,31259,16037,live,,,,,,
6780,2026-08-10T17:08:48.000+01:00,140.7971649169922,193.921875,250.54998779296875,666.0,34.023040771484375,37.530792236328125,29.187456130981445,1022.1788330078125,6.1346435546875,1.0,85.0,31255,16039,live,,,,,,
6781,2026-08-10T17:08:58.000+01:00,143.34817504882812,195.41757202148438,250.5343780517578,669.0,34.07377624511719,37.54950714111328,29.126420974731445,1022.141845703125,0.369873046875,1.0,86.0,31221,16032,live,,,,,,
6782,2026-08-10T17:09:08.000+01:00,144.1359100341797,199.1907958984375,258.0047607421875,669.0,34.09513854980469,37.58636474609375,29.153886795043945,1021.9609375,1.80908203125,1.0,86.0,31220,16027,live,940GZZLUVIC,Victoria,,,,
6783,2026-08-10T17:09:18.000+01:00,150.8395538330078,211.75827026367188,277.4613342285156,671.0,34.156558990478516,37.620391845703125,29.097429275512695,1022.3981323242188,4.3719482421875,1.0,87.0,31262,16035,live,940GZZLUVIC,Victoria,,,,
6784,2026-08-10T17:09:28.000+01:00,151.154296875,209.77395629882812,272.56329345703125,672.0,34.220645904541016,37.63938903808594,28.995193481445312,1022.2404174804688,1.5771484375,1.0,88.0,31211,16035,live,940GZZLUVIC,Victoria,,,,
6785,2026-08-10T17:09:38.000+01:00,125.48739624023438,174.4358367919922,226.9187469482422,673.0,34.25802993774414,37.68787384033203,28.950942993164062,1022.0362548828125,2.0416259765625,1.0,88.0,31213,16030,live,940GZZLUVIC,Victoria,,,,
6786,2026-08-10T17:09:48.000+01:00,58.597415924072266,80.5098648071289,103.82962799072266,676.0,34.26871109008789,37.71821594238281,28.53894805908203,1022.1917114257812,1.5545654296875,1.0,89.0,31244,16033,live,940GZZLUVIC,Victoria,,,,
6787,2026-08-10T17:09:58.000+01:00,134.82083129882812,180.96841430664062,229.25502014160156,679.0,34.30075454711914,37.75508117675781,28.302433013916016,1022.0828247070312,1.0888671875,1.0,89.0,31260,16004,live,940GZZLUVIC,Victoria,,,,
6788,2026-08-10T17:10:08.000+01:00,150.6431884765625,204.04653930664062,260.31365966796875,682.0,34.32478713989258,37.79222106933594,28.285648345947266,1022.2334594726562,1.50634765625,1.0,89.0,31240,15990,live,940GZZLUVIC,Victoria,,,,
6789,2026-08-10T17:10:18.000+01:00,145.1524200439453,197.30059814453125,252.3860626220703,681.0,34.2980842590332,37.81349182128906,28.31769371032715,1022.2910766601562,0.576171875,1.0,89.0,31259,15994,live,940GZZLUVIC,Victoria,,,,
6790,2026-08-10T17:10:28.000+01:00,140.84283447265625,192.0182647705078,246.1919708251953,682.0,34.27138137817383,37.838157653808594,28.198673248291016,1022.030029296875,2.6104736328125,1.0,89.0,31260,15989,live,940GZZLUVIC,Victoria,,,,
6791,2026-08-10T17:10:38.000+01:00,155.5721893310547,215.4698944091797,279.5470886230469,681.0,34.2980842590332,37.8704833984375,28.168153762817383,1022.1194458007812,0.8941650390625,1.0,88.0,31249,15974,live,,,,,,
6792,2026-08-10T17:10:48.000+01:00,156.1337890625,226.39889526367188,303.47198486328125,678.0,34.3408088684082,37.890052795410156,28.235294342041016,1022.2279052734375,1.0845947265625,1.0,88.0,31298,15980,live,,,,,,
6793,2026-08-10T17:10:58.000+01:00,153.7848663330078,222.4376220703125,297.65301513671875,678.0,34.375526428222656,37.92662811279297,28.305484771728516,1022.563232421875,3.353271484375,1.0,88.0,31221,15990,live,,,,,,
6794,2026-08-10T17:11:08.000+01:00,151.43453979492188,215.330078125,284.7333679199219,678.0,34.418251037597656,37.9521484375,28.3314266204834,1022.1666259765625,3.966064453125,1.0,89.0,31225,15990,live,,,,,51.495786357094914,-0.14381840700845278
6795,2026-08-10T17:11:18.000+01:00,144.30543518066406,203.92247009277344,268.4608154296875,677.0,34.43694305419922,37.97199249267578,28.271915435791016,1022.2860107421875,1.19384765625,1.0,89.0,31237,16006,live,,,,,,
6796,2026-08-10T17:11:28.000+01:00,126.9184341430664,181.09413146972656,240.046630859375,677.0,34.452964782714844,37.98957824707031,28.271915435791016,1022.1617431640625,1.24267578125,1.0,89.0,31215,16004,live,,,,,,
6797,2026-08-10T17:11:38.000+01:00,118.7232894897461,170.1916046142578,226.3319091796875,677.0,34.53307342529297,38.015663146972656,28.300907135009766,1020.9855346679688,11.7620849609375,1.0,90.0,31204,15999,live,,,,,,
6798,2026-08-10T17:11:48.000+01:00,114.8499526977539,166.49444580078125,223.13609313964844,679.0,34.54375457763672,38.038063049316406,28.47333526611328,1019.2164916992188,,1.0,91.0,31197,16009,buffered,,,,,,
6799,2026-08-10T17:11:58.000+01:00,115.5105209350586,162.52322387695312,213.29293823242188,683.0,34.55176544189453,38.0689697265625,28.34821128845215,1016.56005859375,44.2547607421875,1.0,93.0,31183,16020,live,,,,,,
6800,2026-08-10T17:12:08.000+01:00,116.1286849975586,164.06248474121094,215.9457244873047,688.0,34.55443572998047,38.1041259765625,28.308536529541016,1013.6294555664062,29.3060302734375,1.0,98.0,31173,16021,live,,,,,,
6801,2026-08-10T17:12:18.000+01:00,114.68397521972656,161.12506103515625,211.23573303222656,705.0,34.517051696777344,38.123695373535156,28.36652183532715,1015.9664306640625,23.3697509765625,1.0,106.0,31191,16015,live,,,,,,
6802,2026-08-10T17:12:28.000+01:00,112.37590026855469,159.54063415527344,210.7279510498047,719.0,34.51972198486328,38.15062713623047,28.43366050720215,1021.0693969726562,51.0296630859375,1.0,122.0,31093,16017,live,,,,,,
6803,2026-08-10T17:12:38.000+01:00,121.17316436767578,169.1377716064453,220.6952362060547,728.0,34.570457458496094,38.150062561035156,28.51758575439453,1020.8387451171875,2.3065185546875,1.0,135.0,31107,16023,live,940GZZLUGPK,Green Park,,,,
6804,2026-08-10T17:12:48.000+01:00,205.58670043945312,281.70587158203125,362.5668640136719,756.0,34.51972198486328,38.15601348876953,28.43976593017578,1020.7308349609375,1.0791015625,1.0,142.0,31130,16037,live,940GZZLUGPK,Green Park,,,,
6805,2026-08-10T17:12:58.000+01:00,182.6853485107422,256.880615234375,336.9772033691406,757.0,34.450294494628906,38.11631774902344,28.40924644470215,1020.650634765625,0.802001953125,1.0,143.0,31140,16036,live,940GZZLUGPK,Green Park,,,,
6806,2026-08-10T17:13:08.000+01:00,158.4059600830078,226.5527801513672,300.79803466796875,758.0,34.439613342285156,38.149208068847656,28.267337799072266,1020.936279296875,2.8564453125,1.0,144.0,31137,16034,live,940GZZLUGPK,Green Park,,,,
6807,2026-08-10T17:13:18.000+01:00,135.1231689453125,193.28616333007812,256.65966796875,761.0,34.463645935058594,38.15715026855469,28.261234283447266,1020.6372680664062,2.9901123046875,1.0,141.0,31149,16021,live,940GZZLUGPK,Green Park,,,,
6808,2026-08-10T17:13:28.000+01:00,124.1405029296875,173.9367218017578,227.58297729492188,764.0,34.51171112060547,38.163673400878906,28.210880279541016,1020.9857788085938,3.485107421875,1.0,137.0,31164,16034,live,940GZZLUGPK,Green Park,,,,
6809,2026-08-10T17:13:38.000+01:00,115.50151062011719,159.2587432861328,205.9355010986328,763.0,34.52239227294922,38.17274475097656,28.117799758911133,1020.96240234375,0.2337646484375,1.0,132.0,31168,16035,live,940GZZLUGPK,Green Park,,,,
6810,2026-08-10T17:13:48.000+01:00,114.97097778320312,154.87991333007812,196.75596618652344,763.0,34.47966766357422,38.19940185546875,28.0201416015625,1020.8803100585938,0.8209228515625,1.0,132.0,31153,16029,live,940GZZLUGPK,Green Park,,,,
6811,2026-08-10T17:13:58.000+01:00,112.89535522460938,158.97189331054688,208.75335693359375,764.0,34.452964782714844,38.216697692871094,28.03082275390625,1020.9489135742188,0.68603515625,1.0,131.0,31170,16029,live,940GZZLUGPK,Green Park,,,,
6812,2026-08-10T17:14:08.000+01:00,111.09661102294922,156.1394805908203,204.7510986328125,768.0,34.47699737548828,38.23285675048828,27.97283935546875,1020.7782592773438,1.70654296875,1.0,132.0,31137,16021,live,,,,,,
6813,2026-08-10T17:14:18.000+01:00,116.04066467285156,162.18568420410156,211.82598876953125,769.0,34.45563507080078,38.246185302734375,28.088808059692383,1020.625244140625,,1.0,135.0,31165,16022,buffered,,,,,,
6814,2026-08-10T17:14:28.000+01:00,121.7239761352539,167.73944091796875,216.80618286132812,770.0,34.506370544433594,38.262062072753906,28.235294342041016,1020.9601440429688,,1.0,141.0,31112,16025,buffered,,,,,,
6815,2026-08-10T17:14:38.000+01:00,124.31376647949219,169.77467346191406,217.95700073242188,770.0,34.570457458496094,38.28758239746094,28.238346099853516,1021.0150756835938,,1.0,148.0,31103,16034,buffered,,,,,,
6816,2026-08-10T17:14:48.000+01:00,125.37919616699219,166.0214080810547,208.06752014160156,771.0,34.602500915527344,38.302894592285156,28.244449615478516,1021.0794677734375,,1.0,156.0,31092,16039,buffered,,,,,,
6817,2026-08-10T17:14:58.000+01:00,126.64098358154297,165.77598571777344,205.835693359375,779.0,34.629207611083984,38.329833984375,28.3405818939209,1020.5772705078125,,1.0,166.0,31064,16036,buffered,,,,,,
6818,2026-08-10T17:15:08.000+01:00,125.75257873535156,166.9342498779297,209.63165283203125,780.0,34.68528366088867,38.34514617919922,28.38483238220215,1017.7740478515625,,1.0,175.0,31046,16045,buffered,,,,,,
6819,2026-08-10T17:15:18.000+01:00,130.18075561523438,176.6536865234375,225.68466186523438,790.0,34.703975677490234,38.37406921386719,28.34515953063965,1019.2093505859375,15.6890869140625,1.0,188.0,31014,16052,live,,,,,51.495786357094914,-0.14381840700845278
6820,2026-08-10T17:15:28.000+01:00,136.60646057128906,189.084716796875,245.2028045654297,798.0,34.74135971069336,38.39447784423828,28.43976593017578,1017.671142578125,15.382080078125,1.0,198.0,31016,16056,live,,,,,,
6821,2026-08-10T17:15:38.000+01:00,140.10830688476562,199.1511993408203,263.2708740234375,804.0,34.8081169128418,38.406959533691406,28.46570587158203,1017.8629760742188,1.9183349609375,1.0,209.0,30994,16059,live,,,,,,
6822,2026-08-10T17:15:48.000+01:00,141.7657470703125,197.5075225830078,257.35650634765625,813.0,34.821468353271484,38.442970275878906,28.53589630126953,1017.792236328125,0.7073974609375,1.0,218.0,31019,16067,live,,,,,,
6823,2026-08-10T17:15:58.000+01:00,144.46240234375,202.68930053710938,265.4682922363281,832.0,34.84550094604492,38.470191955566406,28.583200454711914,1019.3184204101562,15.2618408203125,1.0,229.0,30941,16069,live,,,,,51.495786357094914,-0.14381840700845278
6824,2026-08-10T17:16:08.000+01:00,144.6149444580078,206.05126953125,272.85491943359375,853.0,34.90425109863281,38.48748779296875,28.728160858154297,1019.8429565429688,5.245361328125,1.0,238.0,30899,16075,live,,,,,51.495786357094914,-0.14381840700845278
6825,2026-08-10T17:16:18.000+01:00,154.3549346923828,213.44676208496094,276.59857177734375,874.0,34.88288879394531,38.498260498046875,28.90669059753418,1020.2924194335938,4.49462890625,1.0,258.0,30868,16082,live,940GZZLUOXC,Oxford Circus,,,,
6826,2026-08-10T17:16:28.000+01:00,179.8196258544922,249.06573486328125,323.1460876464844,889.0,34.896240234375,38.53484344482422,29.069963455200195,1020.26220703125,0.3021240234375,1.0,275.0,30863,16087,live,940GZZLUOXC,Oxford Circus,,,,
6827,2026-08-10T17:16:38.000+01:00,179.99282836914062,253.93338012695312,333.9042053222656,896.0,34.922943115234375,38.55128479003906,29.138628005981445,1020.433837890625,1.71630859375,1.0,287.0,30870,16094,live,940GZZLUOXC,Oxford Circus,,,,
6828,2026-08-10T17:16:48.000+01:00,179.17897033691406,248.97618103027344,323.79583740234375,902.0,34.90692138671875,38.55412292480469,29.123369216918945,1020.305908203125,1.279296875,1.0,289.0,30886,16096,live,940GZZLUOXC,Oxford Circus,,,,
6829,2026-08-10T17:16:58.000+01:00,174.0877227783203,238.2144317626953,306.27154541015625,906.0,34.901580810546875,38.586158752441406,29.102006912231445,1019.9087524414062,3.9715576171875,1.0,286.0,30890,16088,live,940GZZLUOXC,Oxford Circus,,,,
6830,2026-08-10T17:17:08.000+01:00,168.59559631347656,226.8119659423828,287.833984375,909.0,34.93896484375,38.616783142089844,29.077592849731445,1020.0245971679688,1.158447265625,1.0,285.0,30861,16087,live,940GZZLUOXC,Oxford Circus,,,,
6831,2026-08-10T17:17:18.000+01:00,162.53456115722656,215.79754638671875,271.0289306640625,915.0,34.89356994628906,38.63096618652344,29.274433135986328,1020.1812744140625,1.5667724609375,1.0,296.0,30809,16081,live,940GZZLUOXC,Oxford Circus,,,,
6832,2026-08-10T17:17:28.000+01:00,157.1014404296875,208.8533172607422,262.5771484375,925.0,34.91493225097656,38.646278381347656,29.445335388183594,1020.3011474609375,1.19873046875,1.0,305.0,30823,16092,live,940GZZLUOXC,Oxford Circus,,,,
6833,2026-08-10T17:17:38.000+01:00,157.0855255126953,211.292236328125,268.1039733886719,931.0,34.90959167480469,38.66413879394531,29.41939353942871,1019.9799194335938,3.2122802734375,1.0,303.0,30832,16100,live,940GZZLUOXC,Oxford Circus,,,,
6834,2026-08-10T17:17:48.000+01:00,160.68653869628906,214.9595489501953,271.5945129394531,934.0,34.89356994628906,38.67973327636719,29.214923858642578,1019.964599609375,0.1531982421875,1.0,294.0,30890,16101,live,940GZZLUOXC,Oxford Circus,,,,
6835,2026-08-10T17:17:58.000+01:00,155.36077880859375,208.9876251220703,265.1948547363281,940.0,34.933624267578125,38.7083740234375,29.680322647094727,1019.9638061523438,0.0079345703125,1.0,306.0,30756,16081,live,,,,,,
6836,2026-08-10T17:18:08.000+01:00,155.0657196044922,213.16261291503906,275.0120544433594,953.0,34.93896484375,38.72651672363281,29.971771240234375,1019.45556640625,5.0823974609375,1.0,325.0,30709,16115,live,,,,,,
6837,2026-08-10T17:18:18.000+01:00,158.74964904785156,219.24887084960938,283.85284423828125,973.0,35.01640319824219,38.74891662597656,29.985504150390625,1019.89404296875,4.384765625,1.0,335.0,30736,16133,live,,,,,,
6838,2026-08-10T17:18:28.000+01:00,162.37937927246094,221.8151397705078,284.8196716308594,978.0,35.0457763671875,38.76054382324219,30.070955276489258,1020.218994140625,3.24951171875,1.0,339.0,30745,16138,live,,,,,,
6839,2026-08-10T17:18:38.000+01:00,161.26129150390625,221.94000244140625,286.5882263183594,989.0,35.07781982421875,38.773590087890625,30.162508010864258,1019.5167846679688,7.0220947265625,1.0,338.0,30746,16142,live,,,,,51.51522256862419,-0.14193158389350136
6840,2026-08-10T17:18:48.000+01:00,161.9745635986328,222.5802764892578,287.085205078125,989.0,35.12855911254883,38.79315185546875,30.124361038208008,1017.1724243164062,23.443603515625,1.0,338.0,30737,16148,live,,,,,51.51522256862419,-0.14193158389350136
6841,2026-08-10T17:18:58.000+01:00,161.58238220214844,217.94261169433594,277.1373596191406,993.0,35.163272857666016,38.807899475097656,30.20523452758789,1017.703369140625,5.3094482421875,1.0,338.0,30718,16152,live,,,,,51.51522256862419,-0.14193158389350136
6842,2026-08-10T17:19:08.000+01:00,158.86575317382812,210.6653289794922,264.3216247558594,996.0,35.20332717895508,38.83965301513672,30.28305435180664,1017.9007568359375,1.973876953125,1.0,344.0,30634,16155,live,,,,,,
6843,2026-08-10T17:19:18.000+01:00,154.910400390625,207.83509826660156,263.19195556640625,1009.0,35.227359771728516,38.85894012451172,30.400548934936523,1017.4219360351562,4.7882080078125,1.0,352.0,30639,16156,live,,,,,,
6844,2026-08-10T17:19:28.000+01:00,152.17977905273438,201.40525817871094,252.3079071044922,1018.0,35.259403228759766,38.873680114746094,30.62790870666504,1020.3468017578125,29.2486572265625,1.0,361.0,30654,16162,live,,,,,,
6845,2026-08-10T17:19:38.000+01:00,153.5590057373047,202.29498291015625,252.4823760986328,1040.0,35.334171295166016,38.89692687988281,30.870527267456055,1019.9964599609375,3.50341796875,1.0,369.0,30596,16176,live,940GZZLUOXC,Oxford Circus,,,,
6846,2026-08-10T17:19:48.000+01:00,169.2388916015625,221.05081176757812,273.9731140136719,1049.0,35.33951187133789,38.940879821777344,30.890363693237305,1020.4879760742188,4.9151611328125,1.0,375.0,30593,16201,live,940GZZLUWRR,Warren Street,,,,
6847,2026-08-10T17:19:58.000+01:00,187.07371520996094,246.5391845703125,307.7967224121094,1056.0,35.29678726196289,38.92528533935547,30.536354064941406,1020.7980346679688,3.1005859375,1.0,369.0,30673,16198,live,940GZZLUWRR,Warren Street,,,,
6848,2026-08-10T17:20:08.000+01:00,176.05105590820312,235.89430236816406,298.4233093261719,1056.0,35.344852447509766,38.94371795654297,30.334936141967773,1020.9093017578125,1.1126708984375,1.0,358.0,30698,16165,live,940GZZLUWRR,Warren Street,,,,
6849,2026-08-10T17:20:18.000+01:00,167.76686096191406,223.5686492919922,281.6143798828125,1055.0,35.366214752197266,38.952789306640625,30.031280517578125,1020.7455444335938,1.6375732421875,1.0,346.0,30708,16161,live,940GZZLUWRR,Warren Street,,,,
6850,2026-08-10T17:20:28.000+01:00,100.1817855834961,131.01707458496094,162.55213928222656,1051.0,35.384910583496094,38.88899230957031,29.874113082885742,1020.7974243164062,0.518798828125,1.0,326.0,30896,16145,live,940GZZLUWRR,Warren Street,,,,
6851,2026-08-10T17:20:38.000+01:00,81.06356048583984,105.10772705078125,129.48471069335938,1044.0,35.3475227355957,38.92018127441406,28.981460571289062,1020.7622680664062,0.3515625,1.0,275.0,30997,16143,live,940GZZLUWRR,Warren Street,,,,
6852,2026-08-10T17:20:48.000+01:00,74.1487045288086,96.9634780883789,120.29418182373047,1009.0,35.37422561645508,38.937477111816406,28.36957359313965,1020.92626953125,1.6400146484375,1.0,239.0,31031,16075,live,940GZZLUWRR,Warren Street,,,,
6853,2026-08-10T17:20:58.000+01:00,82.61431121826172,110.18611907958984,138.8868865966797,974.0,35.40093231201172,38.96271514892578,28.123903274536133,1020.9193725585938,0.0689697265625,1.0,225.0,31016,16035,live,940GZZLUWRR,Warren Street,,,,
6854,2026-08-10T17:21:08.000+01:00,104.21070098876953,139.48236083984375,176.30482482910156,945.0,35.384910583496094,38.98057556152344,27.97283935546875,1021.344482421875,4.2510986328125,1.0,224.0,30973,16011,live,940GZZLUWRR,Warren Street,,,,
6855,2026-08-10T17:21:18.000+01:00,129.62327575683594,173.03692626953125,218.2612762451172,923.0,35.302127838134766,39.024810791015625,28.142213821411133,1021.601806640625,2.5732421875,1.0,225.0,30871,16002,live,940GZZLUWRR,Warren Street,,,,
6856,2026-08-10T17:21:28.000+01:00,150.5120849609375,201.2010040283203,254.06434631347656,920.0,35.1766242980957,39.02906799316406,28.807506561279297,1020.9237670898438,6.7803955078125,1.0,239.0,30790,16006,live,940GZZLUWRR,Warren Street,,,,
6857,2026-08-10T17:21:38.000+01:00,162.49966430664062,219.78179931640625,280.0694885253906,923.0,35.0457763671875,39.020843505859375,28.87922477722168,1020.8814697265625,0.4229736328125,1.0,255.0,30789,16035,live,940GZZLUWRR,Warren Street,,,,
6858,2026-08-10T17:21:48.000+01:00,168.68942260742188,226.89817810058594,287.90386962890625,925.0,34.94964599609375,39.02849578857422,29.260700225830078,1020.9385375976562,0.5706787109375,1.0,270.0,30760,16020,live,,,,,,
6859,2026-08-10T17:21:58.000+01:00,174.90135192871094,237.65879821777344,303.9353332519531,938.0,35.04844665527344,39.03019714355469,29.590295791625977,1021.03271484375,0.9417724609375,1.0,284.0,30727,16043,live,,,,,,
6860,2026-08-10T17:22:08.000+01:00,176.85177612304688,239.67813110351562,305.9004211425781,967.0,35.083160400390625,39.031333923339844,29.71236801147461,1021.5576782226562,5.2496337890625,1.0,296.0,30704,16061,live,,,,,,
6861,2026-08-10T17:22:18.000+01:00,173.03634643554688,234.85096740722656,300.0766906738281,1014.0,35.16594314575195,39.04522705078125,29.929044723510742,1021.6787719726562,1.2109375,1.0,308.0,30661,16074,live,,,,,,
6862,2026-08-10T17:22:28.000+01:00,167.51904296875,225.7344970703125,286.8331298828125,1052.0,35.205997467041016,39.05175018310547,29.982452392578125,1020.6232299804688,10.555419921875,1.0,317.0,30675,16094,live,,,,,,
6863,2026-08-10T17:22:38.000+01:00,164.80747985839844,217.50204467773438,271.85443115234375,1078.0,35.25406265258789,39.060821533203125,30.170137405395508,1021.294921875,6.7169189453125,1.0,321.0,30669,16102,live,,,,,,
6864,2026-08-10T17:22:48.000+01:00,161.10389709472656,212.59754943847656,265.7074279785156,1102.0,35.27542495727539,39.08832550048828,30.21896743774414,1021.948974609375,6.54052734375,1.0,324.0,30705,16113,live,940GZZLUWRR,Warren Street,,,,
6865,2026-08-10T17:22:58.000+01:00,158.6356658935547,210.04660034179688,263.2308349609375,1116.0,35.32883071899414,39.09881591796875,30.469215393066406,1021.4573974609375,4.915771484375,1.0,326.0,30635,16111,live,940GZZLUWRR,Warren Street,,,,
6866,2026-08-10T17:23:08.000+01:00,149.3974151611328,197.13043212890625,246.35740661621094,1126.0,35.37689971923828,39.12065124511719,30.731670379638672,1020.570068359375,,1.0,328.0,30655,16127,buffered,,,,,,
6867,2026-08-10T17:23:18.000+01:00,141.2576141357422,187.70761108398438,235.90936279296875,1136.0,35.39826202392578,39.13568115234375,30.876630783081055,1021.2825927734375,1.748046875,1.0,328.0,30656,16146,live,,,,,,
6868,2026-08-10T17:23:28.000+01:00,143.21690368652344,187.4234161376953,232.66258239746094,1146.0,35.467689514160156,39.15184020996094,30.896467208862305,1021.2440795898438,0.3851318359375,1.0,327.0,30667,16163,live,,,,,,
6869,2026-08-10T17:23:38.000+01:00,135.24513244628906,181.22206115722656,229.26339721679688,1152.0,35.49706268310547,39.16743469238281,30.823225021362305,1021.2901000976562,0.460205078125,1.0,323.0,30721,16175,live,940GZZLUEUS,Euston,,,,
6870,2026-08-10T17:23:48.000+01:00,105.46822357177734,140.18934631347656,176.22865295410156,1150.0,35.48638153076172,39.188140869140625,30.22964859008789,1020.9835815429688,3.065185546875,1.0,305.0,30784,16174,live,940GZZLUEUS,Euston,,,,
6871,2026-08-10T17:23:58.000+01:00,97.53459930419922,132.12786865234375,168.57968139648438,1145.0,35.513084411621094,39.202880859375,29.828336715698242,1021.0443725585938,0.60791015625,1.0,290.0,30795,16129,live,940GZZLUEUS,Euston,,,,
6872,2026-08-10T17:24:08.000+01:00,93.81419372558594,129.11544799804688,166.72630310058594,1104.0,35.523765563964844,39.2301025390625,29.41023826599121,1021.2642211914062,2.198486328125,1.0,275.0,30851,16117,live,940GZZLUEUS,Euston,,,,
6873,2026-08-10T17:24:18.000+01:00,87.92166137695312,126.96346282958984,169.70361328125,1067.0,35.513084411621094,39.24853515625,28.91889762878418,1020.7169799804688,5.472412109375,1.0,257.0,30904,16094,live,940GZZLUEUS,Euston,,,,
6874,2026-08-10T17:24:28.000+01:00,89.93075561523438,127.99507904052734,169.3609619140625,1027.0,35.52643585205078,39.268943786621094,28.703746795654297,1020.5398559570312,1.771240234375,1.0,252.0,30913,16066,live,940GZZLUEUS,Euston,,,,
6875,2026-08-10T17:24:38.000+01:00,91.35436248779297,126.01194763183594,162.9911651611328,1003.0,35.510414123535156,39.282562255859375,28.738842010498047,1019.9579467773438,5.819091796875,1.0,252.0,30819,16060,live,940GZZLUEUS,Euston,,,,
6876,2026-08-10T17:24:48.000+01:00,92.06753540039062,128.121826171875,166.80577087402344,980.0,35.12588882446289,39.26383972167969,28.87312126159668,1020.9678344726562,,1.0,251.0,30846,16067,buffered,,,,,,
6877,2026-08-10T17:24:58.000+01:00,91.05004119873047,129.22860717773438,170.65725708007812,961.0,35.05645751953125,39.251365661621094,28.694591522216797,1021.466552734375,,1.0,250.0,30885,16044,live,940GZZLUEUS,Euston,,,,
6878,2026-08-10T17:25:08.000+01:00,93.3328628540039,129.8790740966797,169.0901641845703,946.0,35.02708435058594,39.24031066894531,28.47638702392578,1020.7965698242188,6.6998291015625,1.0,249.0,30899,16022,live,940GZZLUEUS,Euston,,,,
6879,2026-08-10T17:25:18.000+01:00,95.21025848388672,130.16104125976562,167.23031616210938,925.0,35.019073486328125,39.16346740722656,28.155946731567383,1020.486083984375,3.1048583984375,1.0,245.0,30949,16014,live,940GZZLUEUS,Euston,,,,
6880,2026-08-10T17:25:28.000+01:00,89.72620391845703,126.53511047363281,166.33712768554688,908.0,34.88288879394531,39.12915802001953,28.119325637817383,1021.1754760742188,6.8939208984375,1.0,228.0,30976,15994,live,940GZZLUEUS,Euston,,,,
6881,2026-08-10T17:56:17.000+01:00,6.3041582107543945,8.208202362060547,10.14692497253418,1256.0,29.611658096313477,31.56378936767578,34.436561584472656,1017.9708862304688,,,,31969,0,live,,,,,51.51908405519636,-0.17849348190518402
6882,2026-08-10T17:56:26.000+01:00,5.524560451507568,7.059810161590576,8.591126441955566,1145.0,29.45677947998047,31.557823181152344,33.984893798828125,1017.9595947265625,0.1129150390625,0.0,0.0,29818,16950,live,,,,,,
6883,2026-08-10T17:56:37.000+01:00,5.7737040519714355,7.477759838104248,9.203335762023926,1008.0,29.371328353881836,31.55669403076172,33.556114196777344,1017.9595336914062,0.0006103515625,0.0,0.0,30675,16764,live,940GZZLUPAH,Paddington (H&C Line)-Underground,,,,
6884,2026-08-10T17:56:46.000+01:00,5.78615665435791,7.427742004394531,9.073866844177246,915.0,29.275196075439453,31.558395385742188,33.32570266723633,1017.9636840820312,0.04150390625,0.0,0.0,31127,16717,live,940GZZLUPAH,Paddington (H&C Line)-Underground,,,,
6885,2026-08-10T17:56:57.000+01:00,4.9157843589782715,6.291007041931152,7.665084362030029,842.0,29.221790313720703,31.58135986328125,32.89082336425781,1017.970458984375,0.0677490234375,0.0,0.0,31423,16701,live,940GZZLUPAH,Paddington (H&C Line)-Underground,,,,
6886,2026-08-10T17:57:07.000+01:00,3.8937172889709473,4.944751739501953,5.985029220581055,773.0,29.187074661254883,31.627296447753906,32.64362716674805,1017.9678955078125,,0.0,5.0,31598,16679,buffered,,,,,,
6887,2026-08-10T17:57:16.000+01:00,3.211498737335205,4.046209335327148,4.863765716552734,721.0,29.112306594848633,31.642608642578125,32.269779205322266,1017.9717407226562,0.0128173828125,1.0,22.0,31758,16698,live,940GZZLUPAH,Paddington (H&C Line)-Underground,,,,
6888,2026-08-10T17:57:27.000+01:00,2.565204620361328,3.2090771198272705,3.8333632946014404,679.0,29.101625442504883,31.673797607421875,32.03326416015625,1017.9765014648438,0.047607421875,1.0,30.0,31850,16679,live,940GZZLUPAH,Paddington (H&C Line)-Underground,,,,
6889,2026-08-10T17:57:37.000+01:00,2.2479186058044434,2.7970612049102783,3.325155019760132,647.0,29.077592849731445,31.730514526367188,31.95086669921875,1017.9793090820312,0.028076171875,1.0,37.0,31875,16681,live,940GZZLUPAH,Paddington (H&C Line)-Underground,,,,
6890,2026-08-10T17:57:47.000+01:00,2.574892282485962,3.1833393573760986,3.7623796463012695,617.0,29.042877197265625,31.77191162109375,31.805904388427734,1017.9749755859375,,1.0,42.0,32001,16685,buffered,,,,,,
6891,2026-08-10T17:57:56.000+01:00,2.9670469760894775,3.638585329055786,4.2686238288879395,582.0,29.09361457824707,31.81330108642578,31.763179779052734,1017.984130859375,0.0482177734375,1.0,48.0,31965,16674,live,940GZZLUPAH,Paddington (H&C Line)-Underground,,,,
6892,2026-08-10T17:58:06.000+01:00,2.5415825843811035,3.095118761062622,3.607518196105957,562.0,29.096284866333008,31.856407165527344,31.52971649169922,1017.9727172851562,0.1141357421875,1.0,53.0,32047,16680,live,940GZZLUPAH,Paddington (H&C Line)-Underground,,,,
6893,2026-08-10T17:58:16.000+01:00,2.3476314544677734,2.834221363067627,3.2764532566070557,551.0,29.10429573059082,31.8927001953125,31.49462127685547,1017.9793090820312,0.06591796875,1.0,56.0,32085,16655,live,940GZZLUPAH,Paddington (H&C Line)-Underground,,,,
6894,2026-08-10T17:58:26.000+01:00,2.0893049240112305,2.5070078372955322,2.8812832832336426,544.0,29.120317459106445,31.922470092773438,31.56328773498535,1017.9722900390625,0.0701904296875,1.0,61.0,32092,16660,live,940GZZLUPAH,Paddington (H&C Line)-Underground,,,,
6895,2026-08-10T17:58:36.000+01:00,2.090217113494873,2.4923787117004395,2.8470468521118164,538.0,29.139009475708008,31.9664306640625,31.52361297607422,1017.9664306640625,0.05859375,1.0,68.0,32106,16664,live,940GZZLUPAH,Paddington (H&C Line)-Underground,,,,
6896,2026-08-10T17:58:46.000+01:00,3.685641050338745,4.355210304260254,4.930851936340332,533.0,29.163042068481445,31.995620727539062,31.44579315185547,1017.9749755859375,0.08544921875,1.0,70.0,32161,16667,live,940GZZLUPAH,Paddington (H&C Line)-Underground,,,,
6897,2026-08-10T17:58:56.000+01:00,6.746960639953613,7.9831223487854,9.050027847290039,526.0,29.19241714477539,32.029083251953125,31.421377182006836,1017.9691162109375,0.05859375,1.0,73.0,32163,16665,live,940GZZLUPAH,Paddington (H&C Line)-Underground,,,,
6898,2026-08-10T17:59:07.000+01:00,8.783467292785645,10.466416358947754,11.947985649108887,521.0,29.229801177978516,32.06935119628906,31.287097930908203,1017.96923828125,0.001220703125,1.0,78.0,32168,16664,live,940GZZLUPAH,Paddington (H&C Line)-Underground,,,,
6899,2026-08-10T17:59:16.000+01:00,10.066915512084961,12.189562797546387,14.131292343139648,520.0,29.261844635009766,32.11443328857422,31.189441680908203,1017.9683837890625,0.008544921875,1.0,81.0,32183,16655,live,940GZZLUPAH,Paddington (H&C Line)-Underground,,,,
6900,2026-08-10T17:59:27.000+01:00,11.92696762084961,14.609267234802246,17.120330810546875,519.0,29.291217803955078,32.13739776611328,31.226062774658203,1017.9756469726562,0.0726318359375,1.0,88.0,32131,16644,live,940GZZLUPAH,Paddington (H&C Line)-Underground,,,,
6901,2026-08-10T17:59:37.000+01:00,11.867461204528809,14.630899429321289,17.2482852935791,518.0,29.28854751586914,32.169166564941406,31.285572052001953,1017.9566650390625,0.1898193359375,1.0,90.0,32227,16669,live,940GZZLUPAH,Paddington (H&C Line)-Underground,,,,
6902,2026-08-10T17:59:46.000+01:00,9.568867683410645,11.937201499938965,14.223855018615723,517.0,29.002822875976562,32.170860290527344,31.06889533996582,1017.9612426757812,0.0457763671875,1.0,85.0,32246,16684,live,940GZZLUPAH,Paddington (H&C Line)-Underground,,,,
6903,2026-08-10T17:59:56.000+01:00,7.153416156768799,8.966495513916016,10.729474067687988,517.0,28.976119995117188,32.17511749267578,30.920881271362305,1017.9561767578125,0.0506591796875,1.0,89.0,32130,16646,live,,,,,51.51841043410675,-0.17866555889311297
6904,2026-08-10T18:00:07.000+01:00,5.361329555511475,6.719039440155029,8.038902282714844,522.0,29.02685546875,32.205177307128906,31.297779083251953,1018.2648315429688,3.0865478515625,1.0,170.0,31669,16617,live,,,,,51.51839924066338,-0.17859262075273877
6905,2026-08-10T18:00:16.000+01:00,4.004148483276367,5.006291389465332,5.977112770080566,547.0,29.09361457824707,32.219635009765625,31.6319522857666,1018.31982421875,0.5499267578125,1.0,225.0,31579,16631,live,,,,,51.51830662524888,-0.17860584372631533
6906,2026-08-10T18:00:27.000+01:00,3.3608109951019287,4.189248561859131,4.988128662109375,594.0,29.15770149230957,32.22161102294922,31.689937591552734,1018.2684326171875,0.513916015625,1.0,246.0,31480,16640,live,,,,,51.51806664164623,-0.17843743047713162
6907,2026-08-10T18:00:37.000+01:00,3.1703319549560547,3.9395461082458496,4.6777191162109375,627.0,29.200428009033203,32.252235412597656,31.882200241088867,1018.2789306640625,0.10498046875,1.0,263.0,31266,16634,live,,,,,51.51806664164623,-0.17843743047713162
6908,2026-08-10T18:00:46.000+01:00,3.5671136379241943,4.409369945526123,5.210719585418701,686.0,29.243152618408203,32.271522521972656,32.11566162109375,1018.0311889648438,2.4774169921875,1.0,306.0,30902,16636,live,,,,,51.51806664164623,-0.17843743047713162
6909,2026-08-10T18:00:57.000+01:00,3.649156332015991,4.474749565124512,5.249218463897705,754.0,29.29922866821289,32.274635314941406,32.356754302978516,1018.5595092773438,5.283203125,1.0,320.0,30887,16633,live,940GZZLUPAH,Paddington (H&C Line)-Underground,,,,
6910,2026-08-10T18:01:07.000+01:00,3.9835474491119385,4.852858543395996,5.658139228820801,801.0,29.341955184936523,32.29193878173828,32.52460479736328,1018.1287231445312,4.307861328125,1.0,291.0,30871,16640,live,940GZZLUPAH,Paddington (H&C Line)-Underground,,,,
6911,2026-08-10T18:01:17.000+01:00,3.921675205230713,4.763175010681152,5.537952899932861,836.0,29.37933921813965,32.30951690673828,32.61920928955078,1018.2261962890625,0.9747314453125,1.0,257.0,30887,16639,live,940GZZLUPAH,Paddington (H&C Line)-Underground,,,,
6912,2026-08-10T18:01:27.000+01:00,3.7055203914642334,4.472831726074219,5.169941425323486,874.0,29.416723251342773,32.320289611816406,32.85114669799805,1018.2418212890625,0.15625,1.0,186.0,31143,16641,live,940GZZLUPAH,Paddington (H&C Line)-Underground,,,,
6914,2026-08-10T18:01:46.000+01:00,4.203380584716797,5.025156497955322,5.754778861999512,910.0,29.49683380126953,32.324256896972656,32.93354797363281,1018.0744018554688,1.6741943359375,1.0,103.0,31256,16652,live,,,,,51.51806664164623,-0.17843743047713162
6915,2026-08-10T18:01:56.000+01:00,4.474514961242676,5.333751678466797,6.090888977050781,921.0,29.51018524169922,32.32709503173828,32.95491027832031,1018.2472534179688,1.728515625,1.0,92.0,31239,16648,live,,,,,51.51806664164623,-0.17843743047713162
6916,2026-08-10T18:02:06.000+01:00,4.423889636993408,5.231961727142334,5.928420066833496,928.0,29.55023956298828,32.32085418701172,33.02357482910156,1018.3624267578125,1.1517333984375,1.0,88.0,31240,16645,live,,,,,51.51806664164623,-0.17843743047713162
6917,2026-08-10T18:02:16.000+01:00,4.789856910705566,5.629131317138672,6.338380336761475,933.0,29.571603775024414,32.327667236328125,33.07087707519531,1018.038818359375,3.236083984375,1.0,88.0,31261,16650,live,,,,,51.51806664164623,-0.17843743047713162
6918,2026-08-10T18:02:26.000+01:00,5.295102119445801,6.226320266723633,7.014678001403809,935.0,29.582284927368164,32.32964324951172,32.98390197753906,1018.0317993164062,0.0701904296875,1.0,88.0,31266,16637,live,,,,,51.51806664164623,-0.17843743047713162
6919,2026-08-10T18:02:37.000+01:00,5.594855308532715,6.584602355957031,7.424897193908691,935.0,29.59830665588379,32.33106994628906,33.01441955566406,1017.8485107421875,1.8328857421875,1.0,90.0,31238,16629,live,940GZZLUPAH,Paddington (H&C Line)-Underground,,,,
6921,2026-08-10T18:02:56.000+01:00,5.570074081420898,6.528140544891357,7.330390930175781,941.0,29.646371841430664,32.343544006347656,33.01899719238281,1017.8903198242188,0.4180908203125,1.0,97.0,31266,16616,live,,,,,,
6922,2026-08-10T18:03:06.000+01:00,6.250988006591797,7.332469940185547,8.240710258483887,943.0,29.66239356994629,32.34949493408203,33.11665344238281,1017.9078979492188,0.17578125,1.0,100.0,31212,16617,live,,,,,,
6923,2026-08-10T18:03:17.000+01:00,7.052852630615234,8.260906219482422,9.270363807678223,946.0,29.665063858032227,32.36736297607422,33.15175247192383,1017.990966796875,0.8306884765625,1.0,104.0,31203,16612,live,,,,,51.51980214003695,-0.16785856860112874
6924,2026-08-10T18:03:26.000+01:00,6.221539497375488,7.271484375,8.142195701599121,951.0,29.643701553344727,32.38153839111328,33.35927200317383,1017.987548828125,0.0341796875,1.0,105.0,31203,16611,live,,,,,51.51980214003695,-0.16785856860112874
6925,2026-08-10T18:03:36.000+01:00,5.640459060668945,6.588932037353516,7.374034404754639,960.0,29.665063858032227,32.39032745361328,33.386741638183594,1017.7084350585938,2.7911376953125,1.0,103.0,31217,16610,live,,,,,51.52031592282482,-0.16686276745348783
6926,2026-08-10T18:03:47.000+01:00,5.9184136390686035,6.911576747894287,7.732789039611816,967.0,29.633020401000977,32.38182830810547,33.16548538208008,1017.7009887695312,0.074462890625,1.0,93.0,31452,16630,live,940GZZLUERC,Edgware Road (Circle Line),,,,
6927,2026-08-10T18:03:56.000+01:00,5.6852006912231445,6.6392316818237305,7.428088665008545,954.0,29.494163513183594,32.392311096191406,32.227054595947266,1017.7081298828125,0.0714111328125,1.0,84.0,31850,16641,live,940GZZLUERC,Edgware Road (Circle Line),,,,
6928,2026-08-10T18:04:06.000+01:00,5.278217792510986,6.15294075012207,6.871479034423828,907.0,29.46479034423828,32.40025329589844,31.6075382232666,1017.7002563476562,0.0787353515625,1.0,69.0,31973,16585,live,940GZZLUERC,Edgware Road (Circle Line),,,,
6929,2026-08-10T18:04:16.000+01:00,5.0692853927612305,5.9011921882629395,6.580986976623535,840.0,29.438087463378906,32.40620422363281,31.16655158996582,1017.7182006835938,0.179443359375,1.0,52.0,32028,16558,live,940GZZLUERC,Edgware Road (Circle Line),,,,
6930,2026-08-10T18:04:26.000+01:00,4.9560112953186035,5.739884376525879,6.367465019226074,784.0,29.47547149658203,32.39997100830078,30.971237182617188,1017.7145385742188,0.03662109375,1.0,47.0,32051,16546,live,940GZZLUERC,Edgware Road (Circle Line),,,,
6931,2026-08-10T18:04:36.000+01:00,5.288513660430908,6.068902015686035,6.668076038360596,746.0,29.47547149658203,32.408470153808594,30.937667846679688,1017.7156982421875,0.0115966796875,1.0,49.0,32026,16541,live,940GZZLUERC,Edgware Road (Circle Line),,,,
6932,2026-08-10T18:04:47.000+01:00,5.345186233520508,6.106685161590576,6.678011417388916,702.0,29.52086639404297,32.41584777832031,30.818647384643555,1017.7288208007812,0.1312255859375,1.0,53.0,32053,16551,live,940GZZLUERC,Edgware Road (Circle Line),,,,
6933,2026-08-10T18:04:56.000+01:00,4.873979568481445,5.55232048034668,6.053126335144043,678.0,29.555580139160156,32.42151641845703,30.704204559326172,1017.724365234375,0.0445556640625,1.0,55.0,32043,16550,live,940GZZLUERC,Edgware Road (Circle Line),,,,
6934,2026-08-10T18:05:06.000+01:00,5.4405927658081055,6.187716007232666,6.734071254730225,670.0,29.536888122558594,32.445335388183594,30.803386688232422,1017.7267456054688,0.0238037109375,1.0,56.0,32035,16550,live,940GZZLUERC,Edgware Road (Circle Line),,,,
6935,2026-08-10T18:05:16.000+01:00,6.266592979431152,7.140419006347656,7.78641414642334,666.0,29.491493225097656,32.467735290527344,30.930036544799805,1017.7271728515625,0.0042724609375,1.0,64.0,31998,16566,live,940GZZLUERC,Edgware Road (Circle Line),,,,
6936,2026-08-10T18:05:26.000+01:00,7.120337963104248,8.1447114944458,8.91832447052002,667.0,29.459449768066406,32.45044708251953,31.033798217773438,1017.72265625,0.045166015625,1.0,80.0,31971,16574,live,940GZZLUERC,Edgware Road (Circle Line),,,,
6941,2026-08-10T18:06:16.000+01:00,5.587338447570801,6.41167688369751,7.044524669647217,813.0,29.56092071533203,32.49041748046875,32.172122955322266,1018.0402221679688,3.1756591796875,1.0,137.0,31756,16631,live,,,,,,
6942,2026-08-10T18:06:26.000+01:00,5.71295166015625,6.570619106292725,7.236299514770508,879.0,29.622339248657227,32.51026916503906,32.58563995361328,1018.0494384765625,0.0921630859375,1.0,136.0,31711,16642,live,,,,,,
6944,2026-08-10T18:06:46.000+01:00,6.703641414642334,7.734384536743164,8.546116828918457,974.0,29.68108558654785,32.52784729003906,32.91371154785156,1017.9087524414062,1.4068603515625,1.0,138.0,31613,16675,live,,,,,,
6945,2026-08-10T18:06:57.000+01:00,7.682084083557129,8.842101097106934,9.74569034576416,1022.0,29.702449798583984,32.54515075683594,33.09529113769531,1018.3880615234375,4.7930908203125,1.0,140.0,31580,16676,live,,,,,,
6946,2026-08-10T18:07:06.000+01:00,9.654363632202148,11.106160163879395,12.234139442443848,1058.0,29.75051498413086,32.56102752685547,33.26619338989258,1018.427490234375,0.394287109375,1.0,142.0,31546,16681,live,,,,,,
6947,2026-08-10T18:07:17.000+01:00,10.684396743774414,12.300777435302734,13.561291694641113,1101.0,29.753185272216797,32.575767517089844,33.455406188964844,1018.7881469726562,3.6065673828125,1.0,141.0,31512,16683,live,,,,,,
6948,2026-08-10T18:07:27.000+01:00,11.286836624145508,12.972509384155273,14.27662181854248,1134.0,29.769207000732422,32.595619201660156,33.551536560058594,1018.8080444335938,0.198974609375,1.0,140.0,31465,16690,live,,,,,,
6949,2026-08-10T18:07:36.000+01:00,11.411898612976074,13.114115715026855,14.429994583129883,1180.0,29.795909881591797,32.61688995361328,33.85366439819336,1018.8990478515625,0.9100341796875,1.0,139.0,31459,16691,live,,,,,,
6950,2026-08-10T18:07:47.000+01:00,25.08318328857422,29.01314353942871,32.14247131347656,1208.0,29.790569305419922,32.61603546142578,34.21072769165039,1018.4986572265625,4.00390625,1.0,131.0,31511,16711,live,940GZZLUBST,Baker Street,,,,
6951,2026-08-10T18:07:56.000+01:00,28.960966110229492,34.02428436279297,38.298553466796875,1205.0,29.726482391357422,32.63616943359375,33.920806884765625,1018.5106201171875,0.11962890625,1.0,106.0,31672,16740,live,940GZZLUBST,Baker Street,,,,
6952,2026-08-10T18:08:06.000+01:00,32.300697326660156,39.048336029052734,45.1992301940918,1164.0,29.755855560302734,32.64665985107422,33.69649887084961,1018.49169921875,0.189208984375,1.0,100.0,31724,16718,live,940GZZLUBST,Baker Street,,,,
6953,2026-08-10T18:08:16.000+01:00,36.825401306152344,46.06758499145508,55.028316497802734,1052.0,29.798580169677734,32.693443298339844,33.435569763183594,1018.3417358398438,1.4996337890625,1.0,99.0,31723,16716,live,940GZZLUBST,Baker Street,,,,
6954,2026-08-10T18:08:26.000+01:00,37.80503463745117,47.78373718261719,57.59980392456055,978.0,29.699779510498047,32.686073303222656,33.395896911621094,1018.4921875,1.5045166015625,1.0,97.0,31737,16710,live,940GZZLUBST,Baker Street,,,,
6955,2026-08-10T18:08:36.000+01:00,36.46830368041992,46.944583892822266,57.48292541503906,930.0,29.689098358154297,32.64892578125,33.34859085083008,1018.3811645507812,1.1102294921875,1.0,96.0,31739,16709,live,940GZZLUBST,Baker Street,,,,
6956,2026-08-10T18:08:46.000+01:00,35.955814361572266,46.90941619873047,58.084983825683594,888.0,29.705120086669922,32.68153381347656,33.21736526489258,1018.4049072265625,0.2374267578125,1.0,96.0,31769,16708,live,940GZZLUBST,Baker Street,,,,
6957,2026-08-10T18:08:56.000+01:00,34.06094741821289,45.41690444946289,57.23533248901367,852.0,29.699779510498047,32.70195007324219,33.13344192504883,1018.4230346679688,0.1812744140625,1.0,96.0,31777,16708,live,940GZZLUBST,Baker Street,,,,
6959,2026-08-10T18:09:16.000+01:00,24.849470138549805,32.805912017822266,41.01519775390625,777.0,29.55023956298828,32.59449005126953,32.43610382080078,1018.490234375,0.6719970703125,1.0,90.0,31961,16679,live,940GZZLUBST,Baker Street,,,,
6960,2026-08-10T18:09:27.000+01:00,33.19914627075195,44.83108139038086,57.05879211425781,754.0,29.582284927368164,32.64381408691406,32.10650634765625,1018.5318603515625,0.416259765625,1.0,86.0,31936,16638,live,940GZZLUBST,Baker Street,,,,
6961,2026-08-10T18:09:37.000+01:00,38.47401428222656,53.19101333618164,68.9168930053711,747.0,29.633020401000977,32.669342041015625,32.364383697509766,1018.5064697265625,0.25390625,1.0,87.0,31849,16629,live,940GZZLUBST,Baker Street,,,,
6962,2026-08-10T18:09:47.000+01:00,43.83564758300781,60.70740509033203,78.75536346435547,734.0,29.65171241760254,32.708473205566406,32.46509552001953,1018.5396728515625,0.33203125,1.0,90.0,31800,16654,live,940GZZLUBST,Baker Street,,,,
6963,2026-08-10T18:09:56.000+01:00,46.047760009765625,63.99734115600586,83.24076080322266,730.0,29.69710922241211,32.735130310058594,32.62378692626953,1018.4983520507812,0.4132080078125,1.0,98.0,31802,16669,live,940GZZLUBST,Baker Street,,,,
6964,2026-08-10T18:10:06.000+01:00,44.29399871826172,60.25678634643555,77.12866973876953,724.0,29.72915267944336,32.768577575683594,32.67109298706055,1018.4454956054688,0.528564453125,1.0,103.0,31799,16702,live,940GZZLUBST,Baker Street,,,,
6965,2026-08-10T18:10:16.000+01:00,40.57765579223633,54.25607681274414,68.52400207519531,722.0,29.71847152709961,32.77595520019531,32.63142013549805,1018.428955078125,0.1654052734375,1.0,102.0,31820,16706,live,940GZZLUBST,Baker Street,,,,
6966,2026-08-10T18:10:26.000+01:00,40.33519744873047,53.201377868652344,66.46548461914062,720.0,29.747844696044922,32.79637145996094,32.59632110595703,1018.4230346679688,0.0592041015625,1.0,104.0,31803,16711,live,940GZZLUBST,Baker Street,,,,
6967,2026-08-10T18:10:36.000+01:00,34.94804763793945,45.917911529541016,57.186737060546875,719.0,29.822614669799805,32.815086364746094,32.7458610534668,1018.4302978515625,0.0726318359375,1.0,133.0,31359,16712,live,,,,,,
6970,2026-08-10T18:11:06.000+01:00,26.02825164794922,33.97183609008789,42.07979202270508,796.0,29.90272331237793,32.873779296875,32.94880676269531,1018.4808349609375,0.50537109375,1.0,349.0,30498,16719,live,,,,,51.5202812767777,-0.16704037914712605
6971,2026-08-10T18:11:16.000+01:00,27.21013832092285,35.52415466308594,44.01250457763672,830.0,29.95880126953125,32.87803649902344,32.90455627441406,1018.4896850585938,0.0885009765625,1.0,294.0,30607,16707,live,,,,,51.5202812767777,-0.16704037914712605
6972,2026-08-10T18:11:26.000+01:00,28.051422119140625,36.32463455200195,44.700889587402344,854.0,30.00152587890625,32.904685974121094,32.85114669799805,1018.498046875,0.0836181640625,1.0,237.0,30635,16711,live,,,,,51.5202812767777,-0.16704037914712605
6973,2026-08-10T18:11:37.000+01:00,27.814739227294922,35.66901397705078,43.535579681396484,872.0,30.052261352539062,32.927940368652344,32.74433517456055,1018.479736328125,0.18310546875,1.0,193.0,30635,16705,live,,,,,51.5202812767777,-0.16704037914712605
6974,2026-08-10T18:11:47.000+01:00,25.525663375854492,32.617698669433594,39.69118881225586,879.0,30.062944412231445,32.937294006347656,32.71686935424805,1018.697509765625,2.177734375,1.0,147.0,30919,16698,live,,,,,51.5202812767777,-0.16704037914712605
6975,2026-08-10T18:11:57.000+01:00,21.722530364990234,27.750865936279297,33.76161575317383,881.0,30.11100959777832,32.97813415527344,32.58258819580078,1018.6814575195312,0.1605224609375,1.0,125.0,31084,16682,live,,,,,51.5202812767777,-0.16704037914712605
6976,2026-08-10T18:12:06.000+01:00,20.622140884399414,26.377107620239258,32.12361526489258,881.0,30.127031326293945,32.983802795410156,32.44220733642578,1018.24267578125,4.3878173828125,1.0,102.0,31045,16663,live,940GZZLUERC,Edgware Road (Circle Line),,,,
6977,2026-08-10T18:12:16.000+01:00,21.789731979370117,28.069034576416016,34.390499114990234,884.0,30.172426223754883,33.01441955566406,32.170597076416016,1017.7432250976562,4.9945068359375,1.0,90.0,31020,16653,live,,,,,51.5202812767777,-0.16704037914712605
6980,2026-08-10T18:12:46.000+01:00,26.052717208862305,32.79249954223633,39.38496398925781,900.0,30.25253677368164,33.05865478515625,31.9798583984375,1017.98046875,2.3724365234375,1.0,97.0,30920,16613,live,,,,,,
6981,2026-08-10T18:12:56.000+01:00,27.0614070892334,33.78696060180664,40.28865432739258,927.0,30.249866485595703,33.07793426513672,31.900510787963867,1018.7531127929688,7.7264404296875,1.0,97.0,30927,16594,live,,,,,,
6982,2026-08-10T18:13:07.000+01:00,27.897869110107422,34.47404479980469,40.72747039794922,969.0,30.19913101196289,33.079345703125,31.9462890625,1018.4111938476562,3.419189453125,1.0,97.0,30904,16585,live,,,,,,
6983,2026-08-10T18:13:16.000+01:00,49.553627014160156,60.54591369628906,70.7876205444336,1006.0,30.151063919067383,33.10005187988281,32.306400299072266,1018.3555297851562,0.556640625,1.0,97.0,31080,16577,live,940GZZLUGPS,Great Portland Street,,,,
6984,2026-08-10T18:13:26.000+01:00,63.9221305847168,78.34984588623047,91.87320709228516,1005.0,30.177766799926758,33.123870849609375,32.95643615722656,1018.2156982421875,1.3983154296875,1.0,79.0,31287,16579,live,940GZZLUGPS,Great Portland Street,,,,
6985,2026-08-10T18:13:36.000+01:00,62.65687561035156,77.64521026611328,91.96495819091797,1002.0,30.148393630981445,33.126991271972656,33.409629821777344,1018.2828369140625,0.67138671875,1.0,62.0,31355,16624,live,940GZZLUGPS,Great Portland Street,,,,
6986,2026-08-10T18:13:46.000+01:00,61.085018157958984,77.00166320800781,92.60228729248047,971.0,30.12169075012207,33.06970977783203,33.70718002319336,1018.0840454101562,1.9879150390625,1.0,58.0,31351,16634,live,940GZZLUGPS,Great Portland Street,,,,
6987,2026-08-10T18:13:57.000+01:00,62.668251037597656,78.81990051269531,94.60163116455078,963.0,30.137712478637695,33.05809020996094,33.933013916015625,1018.0947875976562,0.107421875,1.0,56.0,31433,16656,live,940GZZLUGPS,Great Portland Street,,,,
6988,2026-08-10T18:14:06.000+01:00,63.19512176513672,79.88375091552734,96.3026351928711,947.0,30.10032844543457,33.035972595214844,34.102386474609375,1018.1463012695312,0.51513671875,1.0,54.0,31506,16673,live,940GZZLUGPS,Great Portland Street,,,,
6989,2026-08-10T18:14:16.000+01:00,57.469512939453125,73.47611236572266,89.4510726928711,918.0,30.094987869262695,33.008750915527344,34.18478775024414,1018.203369140625,0.5706787109375,1.0,50.0,31681,16695,live,940GZZLUGPS,Great Portland Street,,,,
6990,2026-08-10T18:14:26.000+01:00,15.310715675354004,19.344139099121094,23.309669494628906,875.0,30.113679885864258,33.00648498535156,33.461509704589844,1018.2188110351562,0.1544189453125,1.0,41.0,31879,16728,live,940GZZLUGPS,Great Portland Street,,,,
6991,2026-08-10T18:14:36.000+01:00,11.249391555786133,14.10451889038086,16.881858825683594,824.0,30.151063919067383,32.955726623535156,32.60700225830078,1018.29150390625,0.7269287109375,1.0,34.0,31988,16715,live,940GZZLUGPS,Great Portland Street,,,,
6992,2026-08-10T18:14:46.000+01:00,13.555139541625977,16.800220489501953,19.901304244995117,772.0,30.097658157348633,32.922828674316406,31.66399574279785,1018.207275390625,0.84228515625,1.0,33.0,32065,16696,live,940GZZLUGPS,Great Portland Street,,,,
6993,2026-08-10T18:14:56.000+01:00,39.95133590698242,49.37071990966797,58.32840347290039,705.0,30.094987869262695,32.948631286621094,31.419851303100586,1018.187255859375,0.2001953125,1.0,47.0,31913,16642,live,940GZZLUGPS,Great Portland Street,,,,
6994,2026-08-10T18:15:07.000+01:00,41.52509689331055,52.15181350708008,62.51394271850586,688.0,30.08964729309082,32.982666015625,31.6533145904541,1018.1514892578125,0.357666015625,1.0,71.0,31832,16629,live,940GZZLUGPS,Great Portland Street,,,,
6995,2026-08-10T18:15:16.000+01:00,56.77984619140625,71.97361755371094,86.97632598876953,685.0,30.07896614074707,32.99060821533203,32.254520416259766,1018.0687255859375,0.82763671875,1.0,79.0,31707,16639,live,940GZZLUGPS,Great Portland Street,,,,
6996,2026-08-10T18:15:26.000+01:00,66.37413024902344,84.99916076660156,103.62326049804688,684.0,30.119020462036133,33.00676727294922,32.90913391113281,1018.1426391601562,0.7391357421875,1.0,110.0,31624,16647,live,,,,,,
6997,2026-08-10T18:15:37.000+01:00,37.86737823486328,48.56587600708008,59.28254699707031,685.0,30.10032844543457,33.01129913330078,33.11360168457031,1018.1928100585938,0.501708984375,1.0,123.0,31689,16700,live,,,,,,
7001,2026-08-10T18:16:16.000+01:00,29.852354049682617,37.2235221862793,44.33538055419922,696.0,30.279239654541016,33.0802001953125,32.359806060791016,1017.2904663085938,9.0234375,1.0,105.0,31856,16738,live,,,,,,
7003,2026-08-10T18:16:36.000+01:00,32.702476501464844,39.93010330200195,46.655521392822266,709.0,30.30594253540039,33.105445861816406,32.259098052978516,1018.96240234375,16.7193603515625,1.0,104.0,31814,16735,live,,,,,,
7004,2026-08-10T18:16:46.000+01:00,33.610958099365234,40.76572036743164,47.33388137817383,726.0,30.303272247314453,33.12444305419922,32.39337921142578,1018.8451538085938,1.1724853515625,1.0,104.0,31756,16737,live,,,,,,
7005,2026-08-10T18:16:56.000+01:00,55.6844596862793,67.38536834716797,78.07514953613281,743.0,30.276569366455078,33.134361267089844,32.88319396972656,1018.6258544921875,2.1929931640625,1.0,106.0,31689,16743,live,940GZZLUESQ,Euston Square,,,,
7006,2026-08-10T18:17:06.000+01:00,67.56700134277344,82.557861328125,96.52600860595703,767.0,30.249866485595703,33.13634490966797,33.522544860839844,1018.4660034179688,1.5985107421875,1.0,124.0,31577,16751,live,940GZZLUESQ,Euston Square,,,,
7007,2026-08-10T18:17:16.000+01:00,63.875328063964844,78.86123657226562,93.08990478515625,784.0,30.265888214111328,33.136627197265625,33.86892318725586,1018.35888671875,1.0711669921875,1.0,134.0,31588,16777,live,940GZZLUESQ,Euston Square,,,,
7008,2026-08-10T18:17:26.000+01:00,59.199867248535156,73.71578216552734,87.6912612915039,796.0,30.217823028564453,33.12245178222656,34.111541748046875,1018.5680541992188,2.0916748046875,1.0,130.0,31606,16791,live,940GZZLUESQ,Euston Square,,,,
7009,2026-08-10T18:17:36.000+01:00,54.99772644042969,68.82879638671875,82.24673461914062,801.0,30.193790435791016,33.12982177734375,34.20309829711914,1017.8968505859375,6.7120361328125,1.0,123.0,31617,16787,live,940GZZLUESQ,Euston Square,,,,
7010,2026-08-10T18:17:47.000+01:00,53.272178649902344,67.23797607421875,80.95003509521484,804.0,30.049591064453125,33.121604919433594,34.502174377441406,1017.830810546875,0.660400390625,1.0,118.0,31614,16789,live,940GZZLUESQ,Euston Square,,,,
7011,2026-08-10T18:17:57.000+01:00,58.368289947509766,73.44235229492188,88.17976379394531,813.0,30.017547607421875,33.13294219970703,34.551002502441406,1018.2658081054688,4.3499755859375,1.0,118.0,31527,16779,live,940GZZLUESQ,Euston Square,,,,
7012,2026-08-10T18:18:07.000+01:00,63.57169723510742,79.65570068359375,95.28707122802734,826.0,30.038909912109375,33.1539306640625,34.80582809448242,1018.5225830078125,2.5677490234375,1.0,121.0,31537,16762,live,940GZZLUESQ,Euston Square,,,,
7013,2026-08-10T18:18:17.000+01:00,72.31575012207031,90.57123565673828,108.30132293701172,832.0,30.070955276489258,33.14088439941406,35.2010383605957,1018.5296020507812,0.0701904296875,1.0,122.0,31514,16764,live,940GZZLUESQ,Euston Square,,,,
7014,2026-08-10T18:18:26.000+01:00,76.97246551513672,96.58436584472656,115.68360137939453,848.0,30.11100959777832,33.15449523925781,35.57335662841797,1018.60107421875,0.7147216796875,1.0,119.0,31518,16773,live,940GZZLUESQ,Euston Square,,,,
7015,2026-08-10T18:18:36.000+01:00,74.82601165771484,95.72406768798828,116.59568786621094,853.0,30.156404495239258,33.14569854736328,35.704586029052734,1018.6640625,0.6298828125,1.0,117.0,31525,16790,live,940GZZLUESQ,Euston Square,,,,
7016,2026-08-10T18:18:46.000+01:00,72.63312530517578,95.90400695800781,119.91777801513672,859.0,30.180437088012695,33.17774200439453,35.741207122802734,1018.9718627929688,3.0780029296875,1.0,116.0,31528,16790,live,940GZZLUESQ,Euston Square,,,,
7017,2026-08-10T18:18:56.000+01:00,74.25934600830078,98.9309310913086,124.5884780883789,865.0,30.255207061767578,33.2347412109375,35.849544525146484,1019.3178100585938,3.45947265625,1.0,115.0,31526,16776,live,940GZZLUESQ,Euston Square,,,,
7018,2026-08-10T18:19:07.000+01:00,75.02753448486328,99.6615982055664,125.21647644042969,868.0,30.215152740478516,33.18284606933594,35.95635986328125,1019.2361450195312,0.816650390625,1.0,114.0,31534,16780,live,940GZZLUESQ,Euston Square,,,,
7019,2026-08-10T18:19:17.000+01:00,76.0355224609375,101.1089096069336,127.14337921142578,868.0,30.228504180908203,33.25884246826172,36.144046783447266,1018.5440063476562,6.92138671875,1.0,114.0,31534,16776,live,940GZZLUESQ,Euston Square,,,,
7020,2026-08-10T18:19:27.000+01:00,79.24022674560547,104.93084716796875,131.5098876953125,868.0,30.20981216430664,33.270179748535156,36.293582916259766,1018.7896728515625,2.4566650390625,1.0,114.0,31541,16781,live,940GZZLUESQ,Euston Square,,,,
7021,2026-08-10T18:19:37.000+01:00,79.44819641113281,105.4129409790039,132.32167053222656,868.0,30.287250518798828,33.31498718261719,36.342411041259766,1018.6785278320312,1.1114501953125,1.0,113.0,31558,16767,live,940GZZLUESQ,Euston Square,,,,
7022,2026-08-10T18:19:47.000+01:00,81.77996063232422,107.25691223144531,133.38375854492188,868.0,30.335317611694336,33.367431640625,36.340885162353516,1018.6437377929688,0.347900390625,1.0,113.0,31520,16766,live,940GZZLUESQ,Euston Square,,,,
7023,2026-08-10T18:19:57.000+01:00,83.94096374511719,109.3144760131836,135.1551055908203,868.0,30.39406394958496,33.39466094970703,36.322574615478516,1018.7064819335938,0.62744140625,1.0,112.0,31550,16754,live,940GZZLUESQ,Euston Square,,,,
7024,2026-08-10T18:20:06.000+01:00,85.11515808105469,109.86222076416016,134.83029174804688,868.0,30.48485565185547,33.442298889160156,36.169986724853516,1018.9576416015625,2.5115966796875,1.0,112.0,31537,16756,live,940GZZLUESQ,Euston Square,,,,
7025,2026-08-10T18:20:17.000+01:00,84.76194763183594,110.19465637207031,136.0504150390625,867.0,30.52758026123047,33.46611022949219,36.183719635009766,1018.7296752929688,2.2796630859375,1.0,112.0,31521,16751,live,940GZZLUESQ,Euston Square,,,,
7026,2026-08-10T18:20:27.000+01:00,84.41787719726562,109.17151641845703,134.19822692871094,866.0,30.564966201782227,33.504966735839844,36.285953521728516,1018.9752197265625,2.4554443359375,1.0,112.0,31526,16735,live,940GZZLUESQ,Euston Square,,,,
7027,2026-08-10T18:20:36.000+01:00,84.34353637695312,108.32543182373047,132.38714599609375,866.0,30.639734268188477,33.54352569580078,36.298160552978516,1018.703125,2.720947265625,1.0,112.0,31504,16739,live,940GZZLUESQ,Euston Square,,,,
7028,2026-08-10T18:20:47.000+01:00,84.19246673583984,109.71772766113281,135.73101806640625,866.0,30.65842628479004,33.59172821044922,36.260013580322266,1018.53125,1.71875,1.0,111.0,31507,16739,live,940GZZLUESQ,Euston Square,,,,
7029,2026-08-10T18:20:56.000+01:00,83.51525115966797,109.36526489257812,135.8358612060547,866.0,30.685129165649414,33.635108947753906,36.249332427978516,1018.5800170898438,0.4876708984375,1.0,111.0,31493,16732,live,940GZZLUESQ,Euston Square,,,,
7034,2026-08-10T18:21:47.000+01:00,47.95049285888672,58.78874206542969,68.95259094238281,1031.0,30.936140060424805,33.83189392089844,36.6506462097168,1018.3048706054688,2.75146484375,1.0,133.0,31253,16708,live,,,,,,
7035,2026-08-10T18:21:57.000+01:00,47.59784698486328,58.148345947265625,67.975830078125,1085.0,30.949493408203125,33.86705017089844,36.7483024597168,1019.2418212890625,9.3695068359375,1.0,136.0,31215,16713,live,,,,,,
7036,2026-08-10T18:22:06.000+01:00,45.435829162597656,55.369632720947266,64.57788848876953,1124.0,31.02960205078125,33.897682189941406,36.86274337768555,1019.673095703125,4.312744140625,1.0,139.0,31185,16712,live,,,,,,
7037,2026-08-10T18:22:17.000+01:00,44.1463737487793,54.03260803222656,63.27421951293945,1160.0,31.06431770324707,33.953529357910156,36.98176574707031,1019.5225830078125,1.505126953125,1.0,134.0,31182,16716,live,,,,,,
7038,2026-08-10T18:22:27.000+01:00,44.45900344848633,53.62773895263672,61.94453811645508,1190.0,31.099031448364258,33.97792053222656,37.26863479614258,1019.626220703125,1.036376953125,1.0,129.0,31166,16720,live,,,,,,
7039,2026-08-10T18:22:36.000+01:00,44.096073150634766,52.509883880615234,59.90363311767578,1226.0,31.133745193481445,34.02244567871094,37.515830993652344,1019.837158203125,2.109375,1.0,127.0,31154,16731,live,,,,,,
7040,2026-08-10T18:22:46.000+01:00,42.8272590637207,50.5087890625,57.073402404785156,1267.0,31.163118362426758,34.032928466796875,37.76913070678711,1020.1578369140625,3.206787109375,1.0,126.0,31119,16738,live,,,,,,
7041,2026-08-10T18:22:56.000+01:00,42.53268814086914,49.937435150146484,56.1753044128418,1290.0,31.20584487915039,34.07035827636719,37.973602294921875,1020.214111328125,0.562744140625,1.0,124.0,31124,16739,live,,,,,,
7042,2026-08-10T18:23:06.000+01:00,41.93534469604492,48.87847900390625,54.579044342041016,1320.0,31.211185455322266,34.10749816894531,38.15823745727539,1019.7482299804688,4.6588134765625,1.0,123.0,31098,16750,live,940GZZLUKSX,King's Cross St. Pancras,,,,
7043,2026-08-10T18:23:16.000+01:00,48.394893646240234,57.20502471923828,64.78650665283203,1329.0,31.232547760009766,34.149757385253906,38.406959533691406,1019.76953125,0.2130126953125,1.0,121.0,31181,16744,live,940GZZLUKSX,King's Cross St. Pancras,,,,
7044,2026-08-10T18:23:27.000+01:00,51.422149658203125,64.10900115966797,76.34650421142578,1320.0,31.141756057739258,34.200225830078125,37.999542236328125,1019.803955078125,0.34423828125,1.0,117.0,31269,16754,live,940GZZLUKSX,King's Cross St. Pancras,,,,
7045,2026-08-10T18:23:36.000+01:00,51.56935119628906,68.09860229492188,85.15708923339844,1295.0,31.163118362426758,34.212127685546875,37.978179931640625,1019.886962890625,0.830078125,1.0,105.0,31266,16711,live,940GZZLUKSX,King's Cross St. Pancras,,,,
7046,2026-08-10T18:23:46.000+01:00,51.4254264831543,69.44792175292969,88.39447021484375,1257.0,31.157777786254883,34.23085021972656,37.915618896484375,1019.759033203125,1.279296875,1.0,99.0,31259,16701,live,940GZZLUKSX,King's Cross St. Pancras,,,,
7047,2026-08-10T18:23:56.000+01:00,52.681270599365234,70.67261505126953,89.48927307128906,1229.0,31.213855743408203,34.240203857421875,37.82101058959961,1019.664794921875,0.9423828125,1.0,97.0,31264,16688,live,940GZZLUKSX,King's Cross St. Pancras,,,,
7048,2026-08-10T18:24:06.000+01:00,52.41332244873047,70.38448333740234,89.19511413574219,1206.0,31.235218048095703,34.253814697265625,37.68825912475586,1019.7142333984375,0.494384765625,1.0,96.0,31250,16691,live,940GZZLUKSX,King's Cross St. Pancras,,,,
7049,2026-08-10T18:24:17.000+01:00,52.12638854980469,70.67546081542969,90.23350524902344,1176.0,31.235218048095703,34.292091369628906,37.399864196777344,1019.7791137695312,0.6488037109375,1.0,96.0,31272,16672,live,940GZZLUKSX,King's Cross St. Pancras,,,,
7050,2026-08-10T18:24:27.000+01:00,53.78474426269531,72.32365417480469,91.74909973144531,1158.0,31.18181037902832,34.31166076660156,37.21828079223633,1019.7059326171875,0.7318115234375,1.0,96.0,31295,16653,live,940GZZLUKSX,King's Cross St. Pancras,,,,
7051,2026-08-10T18:24:36.000+01:00,53.2559814453125,72.5246810913086,92.906005859375,1124.0,31.101701736450195,34.32044219970703,37.06416320800781,1019.71826171875,0.123291015625,1.0,92.0,31357,16633,live,940GZZLUKSX,King's Cross St. Pancras,,,,
7052,2026-08-10T18:24:46.000+01:00,54.946170806884766,74.7172622680664,95.60820007324219,1089.0,30.922788619995117,34.32867431640625,36.97261047363281,1019.782958984375,0.64697265625,1.0,87.0,31367,16614,live,940GZZLUKSX,King's Cross St. Pancras,,,,
7053,2026-08-10T18:24:57.000+01:00,52.71030807495117,71.19807434082031,90.63684844970703,1060.0,30.848020553588867,34.320159912109375,36.89021301269531,1020.0228271484375,2.398681640625,1.0,85.0,31398,16582,live,,,,,,
7054,2026-08-10T18:25:07.000+01:00,47.688941955566406,62.47317886352539,77.6177978515625,1036.0,30.848020553588867,34.31817626953125,36.91615295410156,1020.3030395507812,2.8021240234375,1.0,87.0,31367,16573,live,,,,,,
7057,2026-08-10T18:25:36.000+01:00,43.92612075805664,53.61362075805664,62.62123489379883,1036.0,31.00823974609375,34.321014404296875,36.60791778564453,1019.955810546875,3.4722900390625,1.0,92.0,31326,16583,live,,,,,,
7058,2026-08-10T18:25:47.000+01:00,44.610267639160156,54.04640197753906,62.68851089477539,1033.0,31.042953491210938,34.32157897949219,36.47974395751953,1019.5870971679688,3.6871337890625,1.0,92.0,31318,16568,live,,,,,,
7059,2026-08-10T18:25:57.000+01:00,45.374732971191406,54.447147369384766,62.5766487121582,1034.0,31.120393753051758,34.33122253417969,36.357669830322266,1020.0537719726562,4.666748046875,1.0,92.0,31305,16573,live,940GZZLUKSX,King's Cross St. Pancras,,,,
7061,2026-08-10T18:26:17.000+01:00,42.81156921386719,50.651588439941406,57.41664123535156,1034.0,31.173799514770508,34.368934631347656,36.07537841796875,1020.07421875,0.2044677734375,1.0,93.0,31304,16561,live,,,,,51.52930489119772,-0.11718648340959506
7062,2026-08-10T18:26:26.000+01:00,40.34432601928711,47.34151077270508,53.22501754760742,1034.0,31.221866607666016,34.372901916503906,35.861751556396484,1019.818359375,2.55859375,1.0,93.0,31332,16557,live,,,,,51.52816924186585,-0.11530643158473268
7063,2026-08-10T18:26:36.000+01:00,38.91921615600586,45.51125717163086,50.988277435302734,1034.0,31.235218048095703,34.391334533691406,35.649654388427734,1019.0137329101562,8.0462646484375,1.0,93.0,31288,16547,live,,,,,,
7064,2026-08-10T18:26:46.000+01:00,37.81645202636719,44.44321060180664,50.043575286865234,1032.0,31.264591217041016,34.40296173095703,35.38872528076172,1019.6567993164062,6.4306640625,1.0,93.0,31357,16534,live,,,,,,
7065,2026-08-10T18:26:57.000+01:00,36.402626037597656,43.13818359375,48.97750473022461,1031.0,31.312658309936523,34.430747985839844,35.1583137512207,1020.7490844726562,10.9228515625,1.0,93.0,31318,16515,live,,,,,,
7066,2026-08-10T18:27:06.000+01:00,35.07645034790039,42.11808395385742,48.43809509277344,1032.0,31.309986114501953,34.448890686035156,34.91264343261719,1019.504150390625,12.4493408203125,1.0,94.0,31317,16510,live,,,,,,
7067,2026-08-10T18:27:16.000+01:00,35.00588607788086,42.01719665527344,48.3041877746582,1026.0,31.32600975036621,34.45258331298828,34.599830627441406,1020.3519287109375,8.477783203125,1.0,94.0,31323,16484,live,,,,,,
7068,2026-08-10T18:27:27.000+01:00,35.015647888183594,41.92713165283203,48.087890625,1017.0,31.352712631225586,34.468177795410156,34.24277114868164,1020.6222534179688,2.7032470703125,1.0,94.0,31318,16465,live,,,,,51.52272235596809,-0.10731052850198944
7069,2026-08-10T18:27:37.000+01:00,33.31142807006836,39.72915267944336,45.39216995239258,1009.0,31.352712631225586,34.488311767578125,34.059661865234375,1020.4285888671875,1.9366455078125,1.0,94.0,31324,16447,live,,,,,51.52119807356617,-0.10585479360275742
7070,2026-08-10T18:27:46.000+01:00,31.717533111572266,37.47233200073242,42.41693115234375,1003.0,31.36873435974121,34.49851989746094,33.67513656616211,1020.6632690429688,2.3468017578125,1.0,94.0,31354,16446,live,,,,,51.52046739912851,-0.10520639868753011
7071,2026-08-10T18:27:57.000+01:00,29.637216567993164,34.52627182006836,38.53255081176758,994.0,31.3607234954834,34.50163269042969,33.537803649902344,1020.2676391601562,3.956298828125,1.0,94.0,31358,16415,live,,,,,51.52030381594933,-0.10502548600444674
7072,2026-08-10T18:28:06.000+01:00,26.135536193847656,30.250831604003906,33.53715896606445,982.0,31.32868003845215,34.396156311035156,33.25093460083008,1019.9891357421875,2.7850341796875,1.0,87.0,31581,16416,live,940GZZLUFCN,Farringdon,,,,
7073,2026-08-10T18:28:16.000+01:00,20.229019165039062,23.498249053955078,26.14747428894043,945.0,31.307315826416016,34.4046630859375,32.159915924072266,1019.9996948242188,0.1055908203125,1.0,70.0,31626,16387,live,940GZZLUFCN,Farringdon,,,,
7074,2026-08-10T18:28:26.000+01:00,17.879003524780273,20.914411544799805,23.439420700073242,891.0,31.312658309936523,34.391334533691406,31.691463470458984,1020.0061645507812,0.064697265625,1.0,69.0,31605,16303,live,940GZZLUFCN,Farringdon,,,,
7075,2026-08-10T18:28:37.000+01:00,16.686288833618164,19.69875717163086,22.28110694885254,828.0,31.320669174194336,34.36865234375,31.053634643554688,1019.9998168945312,0.0634765625,1.0,69.0,31685,16270,live,940GZZLUFCN,Farringdon,,,,
7076,2026-08-10T18:28:47.000+01:00,15.163686752319336,17.9619083404541,20.38486671447754,774.0,31.296634674072266,34.31761169433594,30.66758155822754,1020.0302124023438,0.303955078125,1.0,62.0,31794,16232,live,940GZZLUFCN,Farringdon,,,,
7077,2026-08-10T18:28:57.000+01:00,13.352718353271484,15.808209419250488,17.931055068969727,738.0,31.17112922668457,34.30287170410156,30.016021728515625,1019.985595703125,0.4461669921875,1.0,56.0,31906,16205,live,940GZZLUFCN,Farringdon,,,,
7078,2026-08-10T18:29:07.000+01:00,11.143268585205078,13.15822696685791,14.886773109436035,700.0,30.992218017578125,34.26459503173828,29.567407608032227,1020.0152587890625,0.296630859375,1.0,53.0,31938,16144,live,940GZZLUFCN,Farringdon,,,,
7079,2026-08-10T18:29:17.000+01:00,9.387625694274902,11.037760734558105,12.43441390991211,669.0,30.928129196166992,34.26459503173828,29.37514305114746,1020.0421142578125,0.2685546875,1.0,55.0,31947,16088,live,940GZZLUFCN,Farringdon,,,,
7080,2026-08-10T18:29:27.000+01:00,8.637872695922852,10.104900360107422,11.325475692749023,640.0,30.94415283203125,34.19965362548828,29.155412673950195,1020.0243530273438,0.1776123046875,1.0,62.0,31948,16065,live,940GZZLUFCN,Farringdon,,,,
7081,2026-08-10T18:29:37.000+01:00,8.454803466796875,9.848379135131836,10.989823341369629,629.0,30.848020553588867,34.1270751953125,28.91279411315918,1020.0145263671875,0.0982666015625,1.0,63.0,32035,16047,live,940GZZLUFCN,Farringdon,,,,
7086,2026-08-10T18:30:26.000+01:00,20.313583374023438,22.893587112426758,24.670045852661133,683.0,30.936140060424805,34.10920715332031,30.479896545410156,1019.2196044921875,7.94921875,1.0,143.0,31618,16067,live,,,,,51.520346760480784,-0.10206845279637727
7087,2026-08-10T18:30:37.000+01:00,19.901046752929688,22.351726531982422,23.99536895751953,728.0,30.952163696289062,34.09814453125,31.14518928527832,1020.087890625,8.682861328125,1.0,162.0,31522,16097,live,,,,,51.520346760480784,-0.10206845279637727
7088,2026-08-10T18:30:47.000+01:00,20.194740295410156,22.639251708984375,24.25391387939453,792.0,30.962844848632812,34.10240173339844,31.45037078857422,1020.1016235351562,0.1373291015625,1.0,170.0,31478,16138,live,,,,,51.52024291300537,-0.09884078223855387
7089,2026-08-10T18:30:56.000+01:00,20.84070587158203,23.33618927001953,24.968271255493164,844.0,30.978866577148438,34.089927673339844,31.764705657958984,1019.665283203125,4.3634033203125,1.0,167.0,31448,16153,live,,,,,51.520266240070946,-0.09833634683533446
7090,2026-08-10T18:31:07.000+01:00,15.679415702819824,17.560970306396484,18.79400634765625,863.0,30.938812255859375,34.04994201660156,31.52513885498047,1019.674560546875,0.0927734375,1.0,129.0,31844,16188,live,940GZZLUBBN,Barbican,,,,
7091,2026-08-10T18:31:17.000+01:00,11.90921401977539,13.352533340454102,14.306930541992188,860.0,30.6771183013916,33.67224884033203,30.409704208374023,1019.6787719726562,0.0421142578125,1.0,115.0,32038,16180,live,940GZZLUBBN,Barbican,,,,
7092,2026-08-10T18:31:27.000+01:00,9.914496421813965,11.117656707763672,11.914194107055664,825.0,30.49553680419922,33.67083740234375,30.147249221801758,1019.69873046875,0.1995849609375,1.0,88.0,32080,16089,live,940GZZLUBBN,Barbican,,,,
7093,2026-08-10T18:31:37.000+01:00,9.464957237243652,10.606030464172363,11.356976509094238,774.0,30.180437088012695,33.59569549560547,29.965667724609375,1019.6752319335938,0.2349853515625,1.0,73.0,32064,16050,live,940GZZLUBBN,Barbican,,,,
7094,2026-08-10T18:31:47.000+01:00,11.057488441467285,12.453100204467773,13.40904426574707,707.0,30.062944412231445,33.59001922607422,29.961090087890625,1019.6972045898438,0.2197265625,1.0,69.0,32096,16001,live,940GZZLUBBN,Barbican,,,,
7095,2026-08-10T18:31:57.000+01:00,9.96713924407959,11.251035690307617,12.145291328430176,652.0,29.833295822143555,33.53160858154297,29.941253662109375,1019.700927734375,0.0372314453125,1.0,70.0,32091,15998,live,940GZZLUBBN,Barbican,,,,
7096,2026-08-10T18:32:07.000+01:00,9.135546684265137,10.314523696899414,11.136937141418457,609.0,29.5635929107666,33.50836944580078,30.156404495239258,1019.690185546875,0.107421875,1.0,75.0,32092,15973,live,940GZZLUBBN,Barbican,,,,
7097,2026-08-10T18:32:17.000+01:00,10.4949369430542,11.828557968139648,12.747200965881348,584.0,29.502174377441406,33.438323974609375,30.30136489868164,1019.708740234375,0.185546875,1.0,79.0,32082,15955,live,940GZZLUBBN,Barbican,,,,
7099,2026-08-10T18:32:37.000+01:00,17.364023208618164,19.63315773010254,21.231836318969727,572.0,29.56092071533203,33.404579162597656,30.708782196044922,1019.9863891601562,2.7764892578125,1.0,151.0,31629,15980,live,,,,,51.52020730385868,-0.09851297342885473
7100,2026-08-10T18:32:47.000+01:00,17.774429321289062,20.1257381439209,21.7980899810791,581.0,29.699779510498047,33.38842010498047,30.775920867919922,1019.896484375,0.8990478515625,1.0,182.0,31596,15996,live,,,,,51.52020730385868,-0.09851297342885473
7101,2026-08-10T18:32:56.000+01:00,18.07832908630371,20.479312896728516,22.19216537475586,602.0,29.766536712646484,33.371124267578125,30.788127899169922,1019.9474487304688,0.5096435546875,1.0,188.0,31550,16027,live,,,,,,
7102,2026-08-10T18:33:07.000+01:00,17.93639373779297,20.30542755126953,21.988365173339844,626.0,29.843976974487305,33.368568420410156,30.766765594482422,1020.0260009765625,0.7855224609375,1.0,182.0,31517,16030,live,,,,,,
7103,2026-08-10T18:33:17.000+01:00,19.696874618530273,22.305461883544922,24.16242218017578,663.0,29.90272331237793,33.37395477294922,30.724040985107422,1019.9570922851562,0.6890869140625,1.0,167.0,31532,16043,live,,,,,,
7104,2026-08-10T18:33:26.000+01:00,20.458589553833008,23.167686462402344,25.095993041992188,687.0,30.00152587890625,33.363189697265625,30.710308074951172,1020.3502197265625,3.9312744140625,1.0,153.0,31483,16047,live,940GZZLUBBN,Barbican,,,,
7105,2026-08-10T18:33:36.000+01:00,20.52617835998535,23.232080459594727,25.15148162841797,709.0,30.049591064453125,33.35609436035156,30.67368507385254,1020.1258544921875,2.24365234375,1.0,140.0,31512,16060,live,940GZZLUBBN,Barbican,,,,
7107,2026-08-10T18:33:56.000+01:00,20.224626541137695,22.976943969726562,24.976505279541016,735.0,30.129701614379883,33.356666564941406,30.65232276916504,1020.322509765625,1.966552734375,1.0,126.0,31493,16069,live,,,,,,
7108,2026-08-10T18:34:06.000+01:00,19.259096145629883,21.844829559326172,23.704689025878906,738.0,30.119020462036133,33.299102783203125,31.07652473449707,1020.018310546875,3.0419921875,1.0,125.0,31443,16080,live,940GZZLUMGT,Moorgate,,,,
7109,2026-08-10T18:34:16.000+01:00,11.537611961364746,13.075545310974121,14.175762176513672,737.0,29.998855590820312,33.06006622314453,32.50629425048828,1020.065673828125,0.4736328125,1.0,123.0,31612,16110,live,940GZZLUMGT,Moorgate,,,,
7110,2026-08-10T18:34:26.000+01:00,10.235886573791504,11.634108543395996,12.652703285217285,736.0,29.89204216003418,33.0186767578125,33.86281967163086,1019.9755249023438,0.9014892578125,1.0,110.0,31721,16184,live,940GZZLUMGT,Moorgate,,,,
7111,2026-08-10T18:34:36.000+01:00,9.378645896911621,10.680272102355957,11.6393404006958,718.0,29.886701583862305,33.00165557861328,34.416725158691406,1019.934326171875,0.4119873046875,1.0,91.0,31736,16248,live,940GZZLUMGT,Moorgate,,,,
7112,2026-08-10T18:34:47.000+01:00,8.29914379119873,9.467928886413574,10.337958335876465,678.0,29.822614669799805,32.86357116699219,35.06675720214844,1019.9625854492188,0.2825927734375,1.0,82.0,31760,16287,live,940GZZLUMGT,Moorgate,,,,
7113,2026-08-10T18:34:57.000+01:00,8.913772583007812,10.22696304321289,11.234164237976074,655.0,29.84931755065918,32.86924743652344,35.625240325927734,1020.0857543945312,1.231689453125,1.0,79.0,31771,16311,live,940GZZLUMGT,Moorgate,,,,
7114,2026-08-10T18:35:06.000+01:00,11.682394027709961,13.532960891723633,15.015836715698242,635.0,29.878690719604492,32.855064392089844,35.864803314208984,1020.0845947265625,0.0115966796875,1.0,77.0,31823,16351,live,940GZZLUMGT,Moorgate,,,,
7115,2026-08-10T18:35:17.000+01:00,11.009722709655762,12.872264862060547,14.418804168701172,615.0,29.905393600463867,32.8746337890625,36.240177154541016,1020.0795288085938,0.0506591796875,1.0,78.0,31800,16360,live,940GZZLUMGT,Moorgate,,,,
7116,2026-08-10T18:35:27.000+01:00,8.812286376953125,10.370667457580566,11.693511962890625,606.0,29.908063888549805,32.864990234375,36.42786407470703,1020.03173828125,0.4779052734375,1.0,79.0,31839,16374,live,940GZZLUMGT,Moorgate,,,,
7117,2026-08-10T18:35:37.000+01:00,8.884978294372559,10.579920768737793,12.069231986999512,597.0,29.93476676940918,32.85364532470703,36.45227813720703,1020.0120239257812,0.1971435546875,1.0,80.0,31855,16389,live,940GZZLUMGT,Moorgate,,,,
7118,2026-08-10T18:35:47.000+01:00,12.459589004516602,15.016718864440918,17.3319034576416,592.0,29.945449829101562,32.86980438232422,36.62775802612305,1020.0396728515625,0.2764892578125,1.0,83.0,31849,16393,live,940GZZLUMGT,Moorgate,,,,
7120,2026-08-10T18:36:07.000+01:00,17.190196990966797,20.82883071899414,24.162139892578125,592.0,29.974822998046875,32.87010192871094,36.282901763916016,1020.0665893554688,0.2691650390625,1.0,89.0,31751,16408,live,,,,,51.5183399190423,-0.08916019587567717
7121,2026-08-10T18:36:16.000+01:00,18.443870544433594,22.097429275512695,25.358924865722656,594.0,29.972152709960938,32.88398742675781,36.07080078125,1020.04443359375,0.2215576171875,1.0,91.0,31719,16401,live,,,,,51.5183399190423,-0.08916019587567717
7122,2026-08-10T18:36:27.000+01:00,18.68116569519043,22.153656005859375,25.170316696166992,606.0,30.004196166992188,32.881439208984375,35.808345794677734,1020.3101806640625,2.657470703125,1.0,95.0,31721,16392,live,,,,,,
7123,2026-08-10T18:36:37.000+01:00,19.125808715820312,22.419963836669922,25.180248260498047,621.0,30.028228759765625,32.88313293457031,35.61608123779297,1020.3402099609375,0.30029296875,1.0,98.0,31724,16380,live,,,,,,
7124,2026-08-10T18:36:47.000+01:00,18.26484489440918,21.188514709472656,23.545141220092773,638.0,30.057601928710938,32.891357421875,35.54283905029297,1020.3978271484375,0.576171875,1.0,98.0,31731,16389,live,,,,,,
7125,2026-08-10T18:36:57.000+01:00,18.40208625793457,21.204452514648438,23.39862823486328,655.0,30.049591064453125,32.90440368652344,35.40245819091797,1020.072021484375,3.258056640625,1.0,99.0,31726,16389,live,,,,,,
7126,2026-08-10T18:37:06.000+01:00,17.49201011657715,20.054250717163086,22.01224708557129,682.0,30.102998733520508,32.914894104003906,35.26970291137695,1020.0535888671875,0.184326171875,1.0,99.0,31715,16387,live,,,,,,
7130,2026-08-10T18:37:47.000+01:00,17.257238388061523,19.499509811401367,21.072118759155273,732.0,30.191120147705078,32.9747314453125,35.2437629699707,1020.6802978515625,,1.0,100.0,31706,16407,live,,,,,51.517328505379055,-0.08297383220507949
7131,2026-08-10T18:37:57.000+01:00,16.8039608001709,18.960525512695312,20.458120346069336,738.0,30.196460723876953,32.994293212890625,35.2193489074707,1020.7798461914062,0.9954833984375,1.0,100.0,31694,16413,live,,,,,51.517313229280624,-0.0828584209576232
7132,2026-08-10T18:38:07.000+01:00,15.183758735656738,17.148632049560547,18.522249221801758,742.0,30.212482452392578,32.973594665527344,35.1491584777832,1020.3798217773438,4.000244140625,1.0,100.0,31683,16414,live,940GZZLULVT,Liverpool Street,,,,
7133,2026-08-10T18:38:16.000+01:00,10.551012992858887,11.85311222076416,12.728067398071289,742.0,30.19913101196289,32.98237609863281,35.722896575927734,1020.3912353515625,0.1141357421875,1.0,100.0,31720,16395,live,940GZZLULVT,Liverpool Street,,,,
7134,2026-08-10T18:38:27.000+01:00,8.195113182067871,9.18551254272461,9.83874797821045,739.0,30.129701614379883,32.63673400878906,36.57587432861328,1020.3223266601562,0.6890869140625,1.0,99.0,31761,16428,live,940GZZLULVT,Liverpool Street,,,,
7135,2026-08-10T18:38:37.000+01:00,8.21420669555664,9.211652755737305,9.872368812561035,723.0,29.777217864990234,32.361976623535156,37.576866149902344,1020.361572265625,0.3924560546875,1.0,94.0,31857,16469,live,940GZZLULVT,Liverpool Street,,,,
7136,2026-08-10T18:38:47.000+01:00,6.087348937988281,6.845981121063232,7.36007833480835,673.0,29.197757720947266,31.87511444091797,38.88761901855469,1020.419921875,0.58349609375,1.0,83.0,31919,16477,live,940GZZLULVT,Liverpool Street,,,,
7137,2026-08-10T18:38:57.000+01:00,3.9506776332855225,4.439240455627441,4.768126010894775,647.0,28.79720687866211,31.3868408203125,39.858089447021484,1020.4459228515625,0.260009765625,1.0,73.0,31967,16487,live,940GZZLULVT,Liverpool Street,,,,
7138,2026-08-10T18:39:07.000+01:00,2.6110763549804688,2.927644729614258,3.1370489597320557,631.0,28.428701400756836,30.8861083984375,40.66376876831055,1020.46435546875,0.184326171875,1.0,66.0,32018,16493,live,940GZZLULVT,Liverpool Street,,,,
7139,2026-08-10T18:39:16.000+01:00,2.2281789779663086,2.487867593765259,2.6534152030944824,593.0,28.27115249633789,30.924949645996094,41.19173049926758,1020.0802612304688,3.8409423828125,1.0,64.0,32034,16487,live,940GZZLULVT,Liverpool Street,,,,
7140,2026-08-10T18:39:27.000+01:00,2.5158498287200928,2.7955482006073,2.965470314025879,565.0,28.305866241455078,30.906517028808594,41.22682571411133,1020.298583984375,2.1832275390625,1.0,67.0,32047,16493,live,940GZZLULVT,Liverpool Street,,,,
7141,2026-08-10T18:39:37.000+01:00,5.159568786621094,5.720227241516113,6.0524210929870605,561.0,28.375295639038086,30.923812866210938,41.20393753051758,1020.35595703125,0.57373046875,1.0,72.0,32031,16494,live,940GZZLULVT,Liverpool Street,,,,
7142,2026-08-10T18:39:47.000+01:00,6.003950119018555,6.660090923309326,7.051336288452148,551.0,28.44739532470703,30.93543243408203,41.13069534301758,1020.3304443359375,0.255126953125,1.0,77.0,32035,16495,live,940GZZLULVT,Liverpool Street,,,,
7143,2026-08-10T18:39:57.000+01:00,5.964892864227295,6.638963222503662,7.055577754974365,542.0,28.49279022216797,30.955001831054688,41.22682571411133,1020.3387451171875,0.0830078125,1.0,80.0,32050,16491,live,940GZZLULVT,Liverpool Street,,,,
7144,2026-08-10T18:40:07.000+01:00,6.049076557159424,6.7537431716918945,7.2027459144592285,538.0,28.47943878173828,30.988174438476562,41.22987747192383,1020.37548828125,0.367431640625,1.0,82.0,32030,16495,live,,,,,51.517326901772456,-0.08294300441416333
