sequence_number,timestamp,pm1,pm25,pm10,co2,temperature,DPS_tem,humidity,pressure,pressure_change_pa_per_sec,nox,tvoc,voc_raw,nox_raw,source_flag,station_id,station_name,line_id,line_name,gps_lat,gps_lng
7145,2026-08-12T15:44:07.000+01:00,11.390054702758789,13.164759635925293,14.573368072509766,1333.0,27.689022064208984,29.33991241455078,35.33378982543945,1025.2379150390625,,,,30764,0,live,,,,,,
7146,2026-08-12T15:44:17.000+01:00,10.971628189086914,12.707123756408691,14.096656799316406,1329.0,27.58220863342285,29.36627960205078,35.626766204833984,1025.1986083984375,0.39306640625,0.0,0.0,29102,16147,live,,,,,,
7147,2026-08-12T15:44:27.000+01:00,10.994133949279785,12.785635948181152,14.243968963623047,1328.0,27.523460388183594,29.390945434570312,35.918212890625,1024.1915283203125,10.07080078125,0.0,0.0,29792,16092,live,,,,,,
7148,2026-08-12T15:44:37.000+01:00,12.290716171264648,14.349061965942383,16.04925537109375,1325.0,27.42732810974121,29.434898376464844,36.11962890625,1024.5269775390625,3.3544921875,0.0,0.0,30132,16126,live,,,,,,
7149,2026-08-12T15:44:47.000+01:00,12.749794006347656,14.889755249023438,16.659400939941406,1324.0,27.379262924194336,29.462112426757812,36.314945220947266,1025.9945068359375,14.67529296875,0.0,0.0,30322,16151,live,,,,,,
7151,2026-08-12T15:45:07.000+01:00,13.87491512298584,16.251293182373047,18.236928939819336,1322.0,27.3125057220459,29.538955688476562,36.52704620361328,1025.2152099609375,7.79296875,1.0,27.0,30535,16202,live,,,,,,
7153,2026-08-12T15:45:27.000+01:00,12.339014053344727,14.650985717773438,16.66661262512207,1315.0,27.304492950439453,29.6336669921875,36.54993438720703,1023.622314453125,15.928955078125,1.0,47.0,30698,16231,live,,,,,,
7154,2026-08-12T15:45:37.000+01:00,12.483336448669434,14.928995132446289,17.102293014526367,1315.0,27.317846298217773,29.676483154296875,36.51636505126953,1022.46240234375,11.59912109375,1.0,52.0,30686,16253,live,,,,,,
7155,2026-08-12T15:45:47.000+01:00,12.157148361206055,14.645818710327148,16.89676856994629,1308.0,27.315176010131836,29.71703338623047,36.38361358642578,1022.8323974609375,3.699951171875,1.0,56.0,30771,16259,live,,,,,,
7156,2026-08-12T15:45:57.000+01:00,11.858000755310059,14.27736759185791,16.46278953552246,1307.0,27.349889755249023,29.756446838378906,36.237125396728516,1020.48974609375,23.426513671875,1.0,60.0,30778,16265,live,,,,,,
7157,2026-08-12T15:46:07.000+01:00,12.90877628326416,15.531757354736328,17.897289276123047,1293.0,27.336538314819336,29.79443359375,36.247806549072266,1020.2476806640625,2.420654296875,1.0,64.0,30801,16267,live,,,,,,
7158,2026-08-12T15:46:17.000+01:00,13.85813045501709,16.67026710510254,19.205055236816406,1293.0,27.39528465270996,29.835830688476562,36.153202056884766,1019.6896362304688,5.5804443359375,1.0,68.0,30822,16276,live,,,,,,
7159,2026-08-12T15:46:27.000+01:00,13.214470863342285,15.9148588180542,18.355636596679688,1291.0,27.413976669311523,29.88091278076172,36.09979248046875,1021.2979125976562,16.082763671875,1.0,71.0,30860,16278,live,,,,,,
7160,2026-08-12T15:46:37.000+01:00,13.216479301452637,15.929222106933594,18.385393142700195,1283.0,27.432668685913086,29.924301147460938,36.11505126953125,1023.6529541015625,23.5504150390625,1.0,74.0,30869,16281,live,,,,,,
7161,2026-08-12T15:46:47.000+01:00,12.606470108032227,15.22626781463623,17.60964012145996,1279.0,27.467384338378906,29.966835021972656,36.076904296875,1023.5275268554688,1.2542724609375,1.0,76.0,30887,16291,live,,,,,,
7162,2026-08-12T15:46:57.000+01:00,12.489627838134766,15.016627311706543,17.2917537689209,1272.0,27.49408721923828,29.988388061523438,36.07537841796875,1023.3228759765625,2.0465087890625,1.0,81.0,30878,16301,live,,,,,,
7164,2026-08-12T15:47:17.000+01:00,10.941893577575684,13.05696964263916,14.92595386505127,1267.0,27.544822692871094,30.07061767578125,35.642024993896484,1022.7908325195312,5.3204345703125,1.0,87.0,30915,16302,live,910GCUSTMHS,Custom House,,,,
7165,2026-08-12T15:47:27.000+01:00,7.950538635253906,9.43846607208252,10.734989166259766,1262.0,27.58487892150879,30.146888732910156,35.60692596435547,1022.790283203125,0.0054931640625,1.0,88.0,30960,16299,live,910GCUSTMHS,Custom House,,,,
7166,2026-08-12T15:47:37.000+01:00,5.083633899688721,5.999047756195068,6.782812595367432,1146.0,27.60357093811035,30.206146240234375,36.65522384643555,1022.793701171875,0.0341796875,1.0,70.0,31216,16308,live,910GCUSTMHS,Custom House,,,,
7167,2026-08-12T15:47:47.000+01:00,3.9016034603118896,4.572997570037842,5.135328769683838,1037.0,27.672998428344727,30.272789001464844,37.03059387207031,1022.794189453125,0.0048828125,1.0,51.0,31431,16385,live,910GCUSTMHS,Custom House,,,,
7168,2026-08-12T15:47:57.000+01:00,3.378575325012207,3.9354748725891113,4.391626834869385,965.0,27.798503875732422,30.46729278564453,37.24269485473633,1022.8233032226562,0.2911376953125,1.0,43.0,31477,16421,live,910GCUSTMHS,Custom House,,,,
7169,2026-08-12T15:48:07.000+01:00,2.7778854370117188,3.221332550048828,3.5782268047332764,876.0,28.04150390625,30.796783447265625,37.409019470214844,1022.84814453125,0.2484130859375,1.0,41.0,31552,16465,live,910GCUSTMHS,Custom House,,,,
7170,2026-08-12T15:48:17.000+01:00,3.10671067237854,3.600726842880249,3.9974493980407715,798.0,28.3192195892334,31.07947540283203,37.489891052246094,1022.8646240234375,0.164794921875,1.0,42.0,31584,16508,live,910GCUSTMHS,Custom House,,,,
7171,2026-08-12T15:48:27.000+01:00,2.8043935298919678,3.2474498748779297,3.6019375324249268,742.0,28.607614517211914,31.354248046875,37.27321243286133,1022.8027954101562,0.6182861328125,1.0,45.0,31647,16566,live,910GCUSTMHS,Custom House,,,,
7172,2026-08-12T15:48:37.000+01:00,2.6078684329986572,3.019026041030884,3.347602128982544,686.0,28.703746795654297,31.566619873046875,36.96650695800781,1022.7806396484375,0.2215576171875,1.0,47.0,31697,16608,live,910GCUSTMHS,Custom House,,,,
7173,2026-08-12T15:48:47.000+01:00,2.8111133575439453,3.2633490562438965,3.6288938522338867,635.0,28.813230514526367,31.766525268554688,36.77424240112305,1022.8124389648438,0.3179931640625,1.0,50.0,31757,16624,live,910GCUSTMHS,Custom House,,,,
7174,2026-08-12T15:48:57.000+01:00,2.846775531768799,3.318624496459961,3.706254243850708,613.0,28.920042037963867,31.921905517578125,36.59571075439453,1022.7627563476562,0.496826171875,1.0,56.0,31745,16643,live,910GCUSTMHS,Custom House,,,,
7175,2026-08-12T15:49:07.000+01:00,2.9805383682250977,3.479783535003662,3.8921990394592285,595.0,29.010833740234375,31.961036682128906,36.374454498291016,1022.8646850585938,1.019287109375,1.0,62.0,31788,16665,live,910GCUSTMHS,Custom House,,,,
7176,2026-08-12T15:49:17.000+01:00,3.1930437088012695,3.7200074195861816,4.151922225952148,566.0,29.053558349609375,31.999313354492188,36.148624420166016,1022.9017333984375,0.3704833984375,1.0,66.0,31822,16680,live,910GCUSTMHS,Custom House,,,,
7182,2026-08-12T15:51:06.000+01:00,2.6440553665161133,3.0346059799194336,3.334655284881592,513.0,29.4113826751709,32.313209533691406,35.59014129638672,1022.8551025390625,,1.0,87.0,31857,16705,buffered,,,,,,
7183,2026-08-12T15:51:16.000+01:00,2.343376874923706,2.6921072006225586,2.9612958431243896,509.0,29.46479034423828,32.35771942138672,35.58556365966797,1022.8443603515625,,1.0,92.0,31840,16692,buffered,,,,,,
7184,2026-08-12T15:51:26.000+01:00,2.6141011714935303,3.4728569984436035,4.3638129234313965,477.0,31.734569549560547,32.75355529785156,31.918821334838867,1022.8132934570312,,,,31851,0,live,910GCUSTMHS,Custom House,,,,
7185,2026-08-12T15:51:36.000+01:00,2.593212366104126,3.3836820125579834,4.190281391143799,477.0,31.46753692626953,32.80828094482422,32.43915557861328,1022.8392333984375,0.2593994140625,0.0,0.0,30579,17477,live,910GCUSTMHS,Custom House,,,,
7186,2026-08-12T15:51:46.000+01:00,2.378188371658325,3.024088144302368,3.6644349098205566,477.0,31.285953521728516,32.8641357421875,32.6451530456543,1022.7703857421875,0.6884765625,0.0,0.0,31202,17337,live,910GCUSTMHS,Custom House,,,,
7187,2026-08-12T15:51:56.000+01:00,2.5171778202056885,3.123978614807129,3.705118417739868,476.0,31.093690872192383,32.897315979003906,32.8465690612793,1022.7578125,0.125732421875,0.0,0.0,31490,17344,live,910GCUSTMHS,Custom House,,,,
7188,2026-08-12T15:52:06.000+01:00,2.52043080329895,3.041271448135376,3.5140862464904785,476.0,30.984207153320312,32.958839416503906,33.10749816894531,1022.7628173828125,,0.0,0.0,31620,17337,buffered,,,,,,
7189,2026-08-12T15:52:16.000+01:00,2.6200101375579834,3.1326637268066406,3.5879886150360107,477.0,30.904096603393555,33.00165557861328,33.25703811645508,1022.7568969726562,0.0091552734375,0.0,4.0,31747,17390,live,910GCUSTMHS,Custom House,,,,
7190,2026-08-12T15:52:26.000+01:00,2.811180353164673,3.3410732746124268,3.804262399673462,476.0,30.81330680847168,33.057518005371094,33.34706497192383,1022.7913208007812,0.34423828125,1.0,28.0,31810,17436,live,910GCUSTMHS,Custom House,,,,
7191,2026-08-12T15:52:36.000+01:00,2.6105868816375732,3.08349609375,3.48952579498291,477.0,30.733196258544922,33.12812805175781,33.504234313964844,1022.8775024414062,0.86181640625,1.0,45.0,31827,17438,live,910GCUSTMHS,Custom House,,,,
7192,2026-08-12T15:52:46.000+01:00,2.416511058807373,2.8299858570098877,3.1753032207489014,477.0,30.72518539428711,33.195892333984375,33.63393783569336,1022.8699951171875,0.0750732421875,1.0,58.0,31843,17439,live,910GCUSTMHS,Custom House,,,,
7193,2026-08-12T15:52:56.000+01:00,2.634798526763916,3.0870964527130127,3.4654598236083984,477.0,30.70382308959961,33.25884246826172,33.623252868652344,1022.8370361328125,0.32958984375,1.0,64.0,31897,17443,live,910GCUSTMHS,Custom House,,,,
7194,2026-08-12T15:53:06.000+01:00,2.4699110984802246,2.876986026763916,3.2103970050811768,477.0,30.687801361083984,33.342201232910156,33.65377426147461,1022.833984375,0.030517578125,1.0,70.0,31869,17431,live,910GCUSTMHS,Custom House,,,,
7195,2026-08-12T15:53:16.000+01:00,2.611226797103882,3.0511474609375,3.415648937225342,477.0,30.685129165649414,33.4051513671875,33.63393783569336,1022.817138671875,0.16845703125,1.0,75.0,31911,17425,live,910GCUSTMHS,Custom House,,,,
7196,2026-08-12T15:53:26.000+01:00,2.9174437522888184,3.402310609817505,3.8012046813964844,476.0,30.701152801513672,33.455902099609375,33.559165954589844,1022.8248291015625,0.076904296875,1.0,78.0,31918,17408,live,910GCUSTMHS,Custom House,,,,
7197,2026-08-12T15:53:36.000+01:00,2.6035749912261963,3.031764030456543,3.382066488265991,476.0,30.73586654663086,33.51658630371094,33.618675231933594,1022.8153686523438,0.0946044921875,1.0,84.0,31913,17388,live,910GCUSTMHS,Custom House,,,,
7198,2026-08-12T15:53:46.000+01:00,2.733006238937378,3.1729772090911865,3.528743028640747,477.0,30.74654769897461,33.557701110839844,33.65530014038086,1022.745849609375,0.6951904296875,1.0,90.0,31915,17380,live,910GCUSTMHS,Custom House,,,,
7199,2026-08-12T15:53:56.000+01:00,5.212194919586182,6.02623176574707,6.67323112487793,477.0,30.773250579833984,33.63964080810547,33.68734359741211,1022.760498046875,0.146484375,1.0,89.0,31933,17406,live,910GCUSTMHS,Custom House,,,,
7200,2026-08-12T15:54:06.000+01:00,5.358183860778809,6.186985969543457,6.842004776000977,477.0,30.797283172607422,33.74909973144531,33.75448226928711,1022.7599487304688,0.0054931640625,1.0,91.0,31928,17403,live,910GCUSTMHS,Custom House,,,,
7201,2026-08-12T15:54:16.000+01:00,5.22144889831543,6.052860260009766,6.721038341522217,478.0,30.831998825073242,33.86053466796875,33.76363754272461,1022.7510986328125,0.0885009765625,1.0,96.0,31905,17404,live,910GCUSTMHS,Custom House,,,,
7202,2026-08-12T15:54:26.000+01:00,4.278203964233398,4.98908805847168,5.573864936828613,478.0,30.901426315307617,33.91582489013672,33.68124008178711,1022.739013671875,0.120849609375,1.0,108.0,31798,17388,live,,,,,51.50981042418882,0.028789322666533227
7203,2026-08-12T15:54:36.000+01:00,3.538078546524048,4.1280694007873535,4.6143059730529785,490.0,30.949493408203125,33.96232604980469,33.34096145629883,1022.7606201171875,0.216064453125,1.0,144.0,31643,17361,live,,,,,51.50981042418882,0.028789322666533227
7204,2026-08-12T15:54:46.000+01:00,3.1261672973632812,3.6409316062927246,4.062338352203369,531.0,30.984207153320312,34.02073669433594,32.7336540222168,1023.1631469726562,4.0252685546875,1.0,165.0,31565,17317,live,,,,,51.50981042418882,0.028789322666533227
7205,2026-08-12T15:54:56.000+01:00,3.258991003036499,3.780056953430176,4.199790954589844,629.0,31.040283203125,34.04994201660156,31.99053955078125,1023.4657592773438,3.026123046875,1.0,175.0,31501,17244,live,,,,,51.509894673407764,0.028095590381003444
7206,2026-08-12T15:55:06.000+01:00,2.7904112339019775,3.227595090866089,3.5757081508636475,694.0,31.072328567504883,34.073760986328125,31.51140594482422,1023.0167846679688,4.48974609375,1.0,175.0,31465,17176,live,,,,,51.509865737603135,0.026075842587031748
7207,2026-08-12T15:55:16.000+01:00,2.466294527053833,2.842038869857788,3.136314868927002,769.0,31.083009719848633,34.103538513183594,31.200122833251953,1023.790771484375,7.7398681640625,1.0,170.0,31414,17123,live,,,,,51.509776265251254,0.023141313831821837
7208,2026-08-12T15:55:26.000+01:00,2.365906238555908,2.714728832244873,2.982405662536621,819.0,31.099031448364258,34.123382568359375,30.850690841674805,1024.60205078125,8.11279296875,1.0,163.0,31394,17075,live,,,,,51.50957202031261,0.01962105313892567
7209,2026-08-12T15:55:36.000+01:00,2.2938995361328125,2.621704339981079,2.868154525756836,855.0,31.120393753051758,34.13160705566406,30.62790870666504,1023.6005249023438,10.0152587890625,1.0,153.0,31367,17027,live,,,,,51.50954278192884,0.019265284462122993
7210,2026-08-12T15:55:46.000+01:00,2.0917513370513916,2.3812880516052246,2.5942258834838867,891.0,31.136415481567383,34.14124298095703,30.489051818847656,1024.3511962890625,7.5067138671875,1.0,146.0,31348,16986,live,,,,,51.50954278192884,0.019265284462122993
7211,2026-08-12T15:55:56.000+01:00,2.0595428943634033,2.3356006145477295,2.5339162349700928,921.0,31.115053176879883,34.14209747314453,30.426488876342773,1023.7769775390625,5.7421875,1.0,139.0,31337,16955,live,,,,,,
7212,2026-08-12T15:56:06.000+01:00,1.9666582345962524,2.2226438522338867,2.402431011199951,945.0,31.099031448364258,34.141815185546875,30.417333602905273,1022.9320068359375,8.44970703125,1.0,131.0,31349,16925,live,,,,,,
7213,2026-08-12T15:56:16.000+01:00,1.9972854852676392,2.2490499019622803,2.421316146850586,959.0,31.080339431762695,34.1270751953125,30.467689514160156,1022.9146728515625,0.17333984375,1.0,127.0,31278,16892,live,,,,,,
7214,2026-08-12T15:56:26.000+01:00,1.9444447755813599,2.181328773498535,2.3387014865875244,966.0,31.042953491210938,34.12451171875,30.62638282775879,1022.54296875,3.717041015625,1.0,121.0,31321,16873,live,,,,,,
7215,2026-08-12T15:56:36.000+01:00,1.7316588163375854,1.9376293420791626,2.071505308151245,972.0,30.96551513671875,34.091064453125,30.740825653076172,1022.548828125,0.05859375,1.0,115.0,31318,16860,live,,,,,,
7216,2026-08-12T15:56:46.000+01:00,1.8754180669784546,2.0940890312194824,2.2335472106933594,972.0,30.933469772338867,34.064964294433594,30.716411590576172,1022.5117797851562,0.3704833984375,1.0,110.0,31316,16839,live,,,,,,
7217,2026-08-12T15:56:56.000+01:00,1.8780243396759033,2.092939853668213,2.227487564086914,971.0,30.896085739135742,34.036048889160156,30.806438446044922,1022.4992065429688,0.125732421875,1.0,107.0,31301,16806,live,,,,,,
7218,2026-08-12T15:57:06.000+01:00,1.9409223794937134,2.157841682434082,2.2903640270233154,974.0,30.880064010620117,34.002593994140625,30.833906173706055,1024.64306640625,21.4385986328125,1.0,108.0,31303,16787,live,,,,,,
7219,2026-08-12T15:57:16.000+01:00,2.2031688690185547,2.4460246562957764,2.592211961746216,975.0,30.86671257019043,33.981605529785156,30.844587326049805,1024.4945068359375,1.485595703125,1.0,108.0,31289,16770,live,,,,,,
7220,2026-08-12T15:57:26.000+01:00,1.9100805521011353,2.119692325592041,2.2452549934387207,976.0,30.794612884521484,33.940773010253906,30.806438446044922,1024.5775146484375,0.830078125,1.0,108.0,31273,16750,live,,,,,,
7221,2026-08-12T15:57:36.000+01:00,13.317851066589355,14.774714469909668,15.644360542297363,978.0,30.77859115600586,33.91072082519531,30.785076141357422,1025.14453125,5.670166015625,1.0,110.0,31251,16718,live,910GCANWHRF,Canary Wharf,,,,
7222,2026-08-12T15:57:46.000+01:00,20.09842872619629,22.526735305786133,24.127981185913086,976.0,30.706493377685547,33.865631103515625,31.030746459960938,1025.1470947265625,0.025634765625,1.0,102.0,31361,16703,live,910GCANWHRF,Canary Wharf,,,,
7223,2026-08-12T15:57:56.000+01:00,21.22344207763672,23.972169876098633,25.895050048828125,966.0,30.66643714904785,33.85315704345703,31.51293182373047,1025.1424560546875,0.04638671875,1.0,90.0,31409,16693,live,910GCANWHRF,Canary Wharf,,,,
7224,2026-08-12T15:58:06.000+01:00,22.14459991455078,25.3794002532959,27.846921920776367,932.0,30.59433937072754,33.800987243652344,32.0103759765625,1025.1507568359375,0.0830078125,1.0,79.0,31515,16704,live,910GCANWHRF,Canary Wharf,,,,
7225,2026-08-12T15:58:16.000+01:00,22.798246383666992,26.754671096801758,30.08237075805664,852.0,30.578317642211914,33.779151916503906,32.173648834228516,1025.1480712890625,0.02685546875,1.0,74.0,31548,16715,live,910GCANWHRF,Canary Wharf,,,,
7226,2026-08-12T15:58:26.000+01:00,23.378503799438477,27.938098907470703,31.982328414916992,815.0,30.562294006347656,33.753639221191406,32.304874420166016,1025.1474609375,0.006103515625,1.0,73.0,31582,16705,live,910GCANWHRF,Canary Wharf,,,,
7227,2026-08-12T15:58:36.000+01:00,23.36315155029297,28.56035804748535,33.4074592590332,785.0,30.53826141357422,33.71025085449219,32.38727569580078,1025.1519775390625,0.045166015625,1.0,73.0,31601,16696,live,910GCANWHRF,Canary Wharf,,,,
7228,2026-08-12T15:58:46.000+01:00,21.951961517333984,27.33633041381836,32.5207405090332,758.0,30.48485565185547,33.692100524902344,32.49103546142578,1025.1348876953125,0.1708984375,1.0,73.0,31612,16689,live,910GCANWHRF,Canary Wharf,,,,
7229,2026-08-12T15:58:56.000+01:00,22.2257080078125,28.129596710205078,33.94750213623047,735.0,30.47417449951172,33.663177490234375,32.51697540283203,1025.158935546875,0.240478515625,1.0,75.0,31620,16675,live,910GCANWHRF,Canary Wharf,,,,
7230,2026-08-12T15:59:06.000+01:00,23.07888412475586,29.583141326904297,36.09432601928711,727.0,30.47417449951172,33.64673614501953,32.61310577392578,1025.137451171875,0.21484375,1.0,78.0,31620,16668,live,910GCANWHRF,Canary Wharf,,,,
7231,2026-08-12T15:59:16.000+01:00,22.469112396240234,28.867900848388672,35.29051971435547,712.0,30.48485565185547,33.6220703125,32.68940353393555,1025.1484375,0.10986328125,1.0,82.0,31622,16664,live,910GCANWHRF,Canary Wharf,,,,
7232,2026-08-12T15:59:26.000+01:00,22.58719825744629,29.303001403808594,36.11571502685547,702.0,30.498207092285156,33.60448455810547,32.72297286987305,1025.145263671875,0.03173828125,1.0,87.0,31630,16653,live,910GCANWHRF,Canary Wharf,,,,
7233,2026-08-12T15:59:36.000+01:00,22.679014205932617,29.96533966064453,37.488826751708984,696.0,30.48218536376953,33.591156005859375,32.7336540222168,1025.14599609375,0.00732421875,1.0,89.0,31656,16645,live,910GCANWHRF,Canary Wharf,,,,
7234,2026-08-12T15:59:46.000+01:00,21.769641876220703,28.96297836303711,36.435237884521484,688.0,30.48218536376953,33.571311950683594,32.82978439331055,1025.1456298828125,0.003662109375,1.0,94.0,31602,16625,live,910GCANWHRF,Canary Wharf,,,,
7235,2026-08-12T15:59:56.000+01:00,21.503421783447266,28.70220947265625,36.200565338134766,681.0,30.46349334716797,33.563087463378906,32.93507385253906,1025.146240234375,0.006103515625,1.0,97.0,31607,16627,live,910GCANWHRF,Canary Wharf,,,,
7236,2026-08-12T16:00:06.000+01:00,22.616241455078125,29.93863868713379,37.51201629638672,676.0,30.49553680419922,33.55713653564453,33.02204895019531,1025.152099609375,0.05859375,1.0,100.0,31600,16610,live,910GCANWHRF,Canary Wharf,,,,
7237,2026-08-12T16:00:16.000+01:00,22.718263626098633,29.94103240966797,37.38175964355469,671.0,30.500877380371094,33.54493713378906,33.10292053222656,1025.150634765625,0.0146484375,1.0,101.0,31605,16612,live,910GCANWHRF,Canary Wharf,,,,
7238,2026-08-12T16:00:26.000+01:00,21.283100128173828,28.334312438964844,35.66301727294922,668.0,30.50354766845703,33.54181671142578,33.23109817504883,1025.1566162109375,0.059814453125,1.0,103.0,31589,16606,live,910GCANWHRF,Canary Wharf,,,,
7239,2026-08-12T16:00:36.000+01:00,20.320077896118164,27.252248764038086,34.50084686279297,660.0,30.47417449951172,33.528778076171875,33.35774612426758,1025.130126953125,0.264892578125,1.0,105.0,31601,16604,live,910GCANWHRF,Canary Wharf,,,,
7240,2026-08-12T16:00:46.000+01:00,18.630722045898438,24.999553680419922,31.66184425354004,660.0,30.35133934020996,33.52820587158203,33.517967224121094,1025.1390380859375,0.089111328125,1.0,103.0,31609,16605,live,910GCANWHRF,Canary Wharf,,,,
7241,2026-08-12T16:00:56.000+01:00,18.240976333618164,24.432552337646484,30.90011215209961,659.0,30.3540096282959,33.522254943847656,33.66140365600586,1025.1416015625,0.025634765625,1.0,100.0,31604,16593,live,910GCANWHRF,Canary Wharf,,,,
7242,2026-08-12T16:01:06.000+01:00,17.92597770690918,24.12332534790039,30.62091064453125,658.0,30.37270164489746,33.50609588623047,33.63241195678711,1025.13232421875,0.0927734375,1.0,98.0,31613,16592,live,910GCANWHRF,Canary Wharf,,,,
7243,2026-08-12T16:01:16.000+01:00,18.867633819580078,25.27274513244629,31.963537216186523,657.0,30.36469078063965,33.50013732910156,33.66750717163086,1025.1505126953125,0.181884765625,1.0,97.0,31622,16578,live,910GCANWHRF,Canary Wharf,,,,
7244,2026-08-12T16:01:26.000+01:00,20.39202880859375,26.665706634521484,33.081092834472656,657.0,30.38338279724121,33.51063537597656,33.65835189819336,1025.155029296875,0.045166015625,1.0,98.0,31607,16583,live,910GCANWHRF,Canary Wharf,,,,
7245,2026-08-12T16:01:36.000+01:00,20.7818546295166,26.696840286254883,32.63301467895508,655.0,30.412755966186523,33.496734619140625,33.77584457397461,1025.146240234375,0.087890625,1.0,99.0,31635,16567,live,910GCANWHRF,Canary Wharf,,,,
7246,2026-08-12T16:01:46.000+01:00,20.42406463623047,26.126665115356445,31.82163429260254,655.0,30.410085678100586,33.50013732910156,33.82009506225586,1025.16259765625,0.16357421875,1.0,99.0,31611,16573,live,910GCANWHRF,Canary Wharf,,,,
7247,2026-08-12T16:01:56.000+01:00,20.32718849182129,26.067678451538086,31.817291259765625,656.0,30.420766830444336,33.48114776611328,33.81856918334961,1025.1602783203125,0.023193359375,1.0,99.0,31624,16562,live,910GCANWHRF,Canary Wharf,,,,
7248,2026-08-12T16:02:06.000+01:00,20.680294036865234,26.432024002075195,32.170265197753906,655.0,30.43678855895996,33.483978271484375,33.84603500366211,1025.158203125,0.020751953125,1.0,100.0,31618,16555,live,910GCANWHRF,Canary Wharf,,,,
7249,2026-08-12T16:02:16.000+01:00,20.741289138793945,26.626562118530273,32.5283088684082,655.0,30.447471618652344,33.487953186035156,33.888763427734375,1025.1644287109375,0.062255859375,1.0,100.0,31617,16546,live,910GCANWHRF,Canary Wharf,,,,
7250,2026-08-12T16:02:26.000+01:00,21.420289993286133,27.8870906829834,34.471012115478516,655.0,30.458152770996094,33.481712341308594,33.894866943359375,1025.1116943359375,0.52734375,1.0,101.0,31600,16544,live,910GCANWHRF,Canary Wharf,,,,
7251,2026-08-12T16:02:36.000+01:00,19.948692321777344,26.06566047668457,32.31602096557617,655.0,30.476844787597656,33.493621826171875,33.942169189453125,1025.2008056640625,0.89111328125,1.0,103.0,31586,16544,live,910GCANWHRF,Canary Wharf,,,,
7252,2026-08-12T16:02:46.000+01:00,19.954301834106445,25.672672271728516,31.421409606933594,655.0,30.476844787597656,33.476318359375,33.968109130859375,1025.184326171875,0.164794921875,1.0,105.0,31565,16538,live,910GCANWHRF,Canary Wharf,,,,
7253,2026-08-12T16:02:56.000+01:00,20.894866943359375,26.63690757751465,32.347450256347656,655.0,30.487525939941406,33.49333190917969,34.004730224609375,1025.1968994140625,0.125732421875,1.0,109.0,31535,16531,live,910GCANWHRF,Canary Wharf,,,,
7254,2026-08-12T16:03:06.000+01:00,20.327247619628906,25.72061538696289,31.03373146057129,656.0,30.49286651611328,33.490501403808594,34.019989013671875,1025.17431640625,0.225830078125,1.0,108.0,31579,16525,live,910GCANWHRF,Canary Wharf,,,,
7255,2026-08-12T16:03:16.000+01:00,19.91067886352539,24.945764541625977,29.838462829589844,655.0,30.476844787597656,33.490501403808594,34.006256103515625,1025.1917724609375,0.174560546875,1.0,110.0,31525,16523,live,910GCANWHRF,Canary Wharf,,,,
7256,2026-08-12T16:03:26.000+01:00,19.426603317260742,24.3155517578125,29.059471130371094,655.0,30.500877380371094,33.49475860595703,34.056610107421875,1025.1787109375,0.130615234375,1.0,109.0,31553,16507,live,910GCANWHRF,Canary Wharf,,,,
7257,2026-08-12T16:03:36.000+01:00,19.60140037536621,24.465221405029297,29.16490364074707,654.0,30.52490997314453,33.49871826171875,34.067291259765625,1025.1861572265625,0.074462890625,1.0,105.0,31555,16513,live,910GCANWHRF,Canary Wharf,,,,
7258,2026-08-12T16:03:46.000+01:00,19.888092041015625,25.015031814575195,30.024866104125977,654.0,30.50621795654297,33.49304962158203,34.052032470703125,1025.1767578125,0.093994140625,1.0,105.0,31545,16512,live,910GCANWHRF,Canary Wharf,,,,
7259,2026-08-12T16:03:56.000+01:00,20.004289627075195,25.53955841064453,31.05445098876953,653.0,30.532920837402344,33.502403259277344,34.12833023071289,1025.14453125,0.322265625,1.0,103.0,31551,16502,live,910GCANWHRF,Canary Wharf,,,,
7260,2026-08-12T16:04:06.000+01:00,20.761011123657227,26.575227737426758,32.386207580566406,650.0,30.52490997314453,33.49816131591797,34.087127685546875,1025.1910400390625,0.465087890625,1.0,101.0,31561,16500,live,910GCANWHRF,Canary Wharf,,,,
7261,2026-08-12T16:04:16.000+01:00,21.22438621520996,27.205900192260742,33.19375991821289,648.0,30.543601989746094,33.508644104003906,34.070343017578125,1025.1485595703125,0.4248046875,1.0,101.0,31554,16490,live,910GCANWHRF,Canary Wharf,,,,
7262,2026-08-12T16:04:26.000+01:00,21.315105438232422,27.35171890258789,33.40230178833008,647.0,30.551612854003906,33.506378173828125,34.061187744140625,1025.1427001953125,0.05859375,1.0,101.0,31554,16485,live,910GCANWHRF,Canary Wharf,,,,
7263,2026-08-12T16:04:36.000+01:00,22.05408477783203,28.338529586791992,34.64735794067383,646.0,30.54894256591797,33.513465881347656,34.053558349609375,1025.1600341796875,0.17333984375,1.0,101.0,31540,16477,live,,,,,51.50584180285963,-0.017249823962322424
7264,2026-08-12T16:04:46.000+01:00,10.309152603149414,13.156112670898438,15.99112319946289,646.0,30.49553680419922,33.502403259277344,33.887237548828125,1025.1717529296875,0.1171875,1.0,156.0,31116,16482,live,,,,,51.50583164621526,-0.017113633866031718
7265,2026-08-12T16:04:56.000+01:00,7.929719924926758,10.082168579101562,12.215792655944824,669.0,30.51689910888672,33.502403259277344,33.621726989746094,1025.1842041015625,0.12451171875,1.0,221.0,30918,16451,live,,,,,51.50583370661233,-0.01714367102415689
7266,2026-08-12T16:05:06.000+01:00,7.064239025115967,8.926456451416016,10.757664680480957,792.0,30.511558532714844,33.48369598388672,33.594261169433594,1025.1474609375,0.367431640625,1.0,254.0,30814,16442,live,,,,,51.50584046354363,-0.01721488732665031
7267,2026-08-12T16:05:16.000+01:00,6.640084266662598,8.339771270751953,9.997254371643066,892.0,30.54894256591797,33.49021911621094,33.536277770996094,1025.1724853515625,0.250244140625,1.0,253.0,30771,16427,live,,,,,51.50583309286593,-0.017160407403170246
7268,2026-08-12T16:05:26.000+01:00,7.175967216491699,8.99239730834961,10.757960319519043,966.0,30.54894256591797,33.48766326904297,33.522544860839844,1025.1419677734375,0.30517578125,1.0,239.0,30701,16416,live,,,,,51.50583309286593,-0.017160407403170246
7269,2026-08-12T16:05:36.000+01:00,8.573022842407227,10.75391674041748,12.876827239990234,1066.0,30.55962371826172,33.49163818359375,33.508811950683594,1025.09814453125,0.438232421875,1.0,221.0,30684,16406,live,,,,,51.5058228088119,-0.017045382659259693
7270,2026-08-12T16:05:46.000+01:00,8.907000541687012,11.088923454284668,13.188996315002441,1147.0,30.578317642211914,33.486244201660156,33.531700134277344,1025.74365234375,6.455078125,1.0,196.0,30673,16408,live,,,,,51.50584560178243,-0.017286804264548154
7271,2026-08-12T16:05:56.000+01:00,9.595922470092773,11.853558540344238,13.999056816101074,1207.0,30.588998794555664,33.49248504638672,33.530174255371094,1026.010986328125,2.67333984375,1.0,177.0,30624,16402,live,,,,,,
7272,2026-08-12T16:06:06.000+01:00,10.305194854736328,12.717658042907715,15.006597518920898,1260.0,30.599679946899414,33.489646911621094,33.490501403808594,1025.7158203125,2.95166015625,1.0,162.0,30621,16394,live,,,,,,
7273,2026-08-12T16:06:16.000+01:00,11.612041473388672,14.412101745605469,17.093997955322266,1299.0,30.610361099243164,33.50269317626953,33.450828552246094,1025.3948974609375,3.209228515625,1.0,147.0,30627,16389,live,,,,,,
7274,2026-08-12T16:06:26.000+01:00,12.705137252807617,15.719239234924316,18.591299057006836,1337.0,30.631723403930664,33.50183868408203,33.437095642089844,1024.32275390625,10.721435546875,1.0,134.0,30606,16381,live,,,,,,
7275,2026-08-12T16:06:36.000+01:00,13.227052688598633,16.24147605895996,19.076231002807617,1371.0,30.62371253967285,33.50751495361328,33.438621520996094,1023.6448364257812,6.7791748046875,1.0,124.0,30664,16375,live,,,,,,
7276,2026-08-12T16:06:46.000+01:00,13.205323219299316,16.117660522460938,18.82561492919922,1386.0,30.65842628479004,33.497589111328125,33.35469436645508,1023.1400756835938,5.047607421875,1.0,119.0,30678,16365,live,,,,,,
7277,2026-08-12T16:06:56.000+01:00,11.923572540283203,14.49874210357666,16.875341415405273,1407.0,30.661096572875977,33.498443603515625,33.444725036621094,1022.3579711914062,7.821044921875,1.0,118.0,30645,16358,live,910GCANWHRF,Canary Wharf,,,,
7278,2026-08-12T16:07:06.000+01:00,11.04102611541748,13.313953399658203,15.37426471710205,1428.0,30.6557559967041,33.493621826171875,33.594261169433594,1021.702880859375,6.5509033203125,1.0,118.0,30632,16354,live,910GCANWHRF,Canary Wharf,,,,
7279,2026-08-12T16:07:16.000+01:00,9.189550399780273,10.996624946594238,12.60493278503418,1458.0,30.66910743713379,33.481712341308594,33.70870590209961,1021.4035034179688,2.9937744140625,1.0,117.0,30652,16353,live,910GCANWHRF,Canary Wharf,,,,
7280,2026-08-12T16:07:26.000+01:00,8.467926979064941,10.04164981842041,11.408669471740723,1509.0,30.6557559967041,33.48766326904297,34.012359619140625,1022.9091186523438,,1.0,117.0,30656,16358,buffered,,,,,,
7281,2026-08-12T16:07:36.000+01:00,8.578949928283691,10.07830810546875,11.343796730041504,1567.0,30.674448013305664,33.48738098144531,34.13595962524414,1020.9224853515625,4.8101806640625,1.0,116.0,30601,16362,live,,,,,,
7282,2026-08-12T16:07:46.000+01:00,8.067534446716309,9.403741836547852,10.501029968261719,1593.0,30.66643714904785,33.47972106933594,34.25192642211914,1022.5670166015625,16.4453125,1.0,117.0,30581,16376,live,,,,,,
7283,2026-08-12T16:07:56.000+01:00,7.493751525878906,8.658763885498047,9.58224105834961,1619.0,30.66643714904785,33.47206115722656,34.32822036743164,1022.2158813476562,,1.0,116.0,30593,16368,buffered,,,,,,
7284,2026-08-12T16:08:06.000+01:00,7.474930763244629,8.59555435180664,9.464573860168457,1648.0,30.66643714904785,33.46611022949219,34.480812072753906,1023.5250244140625,,1.0,115.0,30652,16367,buffered,,,,,,
7285,2026-08-12T16:08:16.000+01:00,7.305172443389893,8.369338989257812,9.179635047912598,1671.0,30.687801361083984,33.45335388183594,34.483863830566406,1023.7717895507812,12.0477294921875,1.0,115.0,30625,16369,live,,,,,,
7286,2026-08-12T16:08:26.000+01:00,7.324542045593262,8.361209869384766,9.135531425476074,1683.0,30.650415420532227,33.45874786376953,34.67765426635742,1023.6748657226562,0.96923828125,1.0,114.0,30625,16368,live,,,,,,
7287,2026-08-12T16:08:36.000+01:00,7.323610782623291,8.337422370910645,9.08306884765625,1693.0,30.62371253967285,33.46582794189453,34.65324020385742,1024.25732421875,5.8245849609375,1.0,114.0,30609,16372,live,,,,,,
7288,2026-08-12T16:08:46.000+01:00,27.117765426635742,30.889211654663086,33.67220687866211,1694.0,30.554283142089844,33.45222473144531,34.34958267211914,1024.3321533203125,0.748291015625,1.0,112.0,30851,16364,live,910GWCHAPXR,Whitechapel,,,,
7289,2026-08-12T16:08:56.000+01:00,24.89541244506836,28.68941879272461,31.661357879638672,1585.0,30.476844787597656,33.45874786376953,34.416725158691406,1024.3330078125,0.008544921875,1.0,83.0,31082,16338,live,910GWCHAPXR,Whitechapel,,,,
7290,2026-08-12T16:09:06.000+01:00,22.92633056640625,26.911945343017578,30.26710319519043,1444.0,30.487525939941406,33.45051574707031,34.33127212524414,1024.3511962890625,0.181884765625,1.0,61.0,31181,16330,live,910GWCHAPXR,Whitechapel,,,,
7291,2026-08-12T16:09:16.000+01:00,27.139286041259766,32.75019454956055,37.84465408325195,1307.0,30.42877769470215,33.44428253173828,34.36789321899414,1024.3809814453125,0.2978515625,1.0,50.0,31247,16329,live,910GWCHAPXR,Whitechapel,,,,
7292,2026-08-12T16:09:26.000+01:00,32.09082794189453,39.43234634399414,46.34517288208008,1187.0,30.28458023071289,33.419334411621094,34.22140884399414,1024.3701171875,0.108642578125,1.0,52.0,31146,16325,live,910GWCHAPXR,Whitechapel,,,,
7293,2026-08-12T16:09:36.000+01:00,34.367774963378906,42.96271514892578,51.287139892578125,1081.0,30.183107376098633,33.402313232421875,34.113067626953125,1024.3731689453125,0.030517578125,1.0,75.0,31029,16298,live,910GWCHAPXR,Whitechapel,,,,
7294,2026-08-12T16:09:46.000+01:00,34.966548919677734,44.20985794067383,53.30630111694336,1009.0,30.212482452392578,33.383323669433594,33.907073974609375,1024.326171875,0.469970703125,1.0,83.0,30957,16282,live,910GWCHAPXR,Whitechapel,,,,
7295,2026-08-12T16:09:56.000+01:00,34.02164077758789,43.25743103027344,52.41270065307617,924.0,30.217823028564453,33.371124267578125,33.902496337890625,1024.29345703125,0.3271484375,1.0,90.0,30991,16265,live,910GWCHAPXR,Whitechapel,,,,
7296,2026-08-12T16:10:06.000+01:00,30.199201583862305,38.66852569580078,47.13618850708008,860.0,30.10032844543457,33.35978698730469,34.010833740234375,1024.404541015625,1.11083984375,1.0,91.0,31114,16263,live,910GWCHAPXR,Whitechapel,,,,
7297,2026-08-12T16:10:16.000+01:00,27.213279724121094,35.452640533447266,43.84688949584961,834.0,30.036239624023438,33.344749450683594,34.120697021484375,1024.307373046875,0.9716796875,1.0,89.0,31191,16251,live,910GWCHAPXR,Whitechapel,,,,
7298,2026-08-12T16:10:26.000+01:00,26.851699829101562,34.925209045410156,43.13703155517578,808.0,30.04425048828125,33.30250549316406,34.19089126586914,1024.3155517578125,0.081787109375,1.0,84.0,31177,16251,live,910GWCHAPXR,Whitechapel,,,,
7299,2026-08-12T16:10:36.000+01:00,29.10198402404785,37.644020080566406,46.282405853271484,791.0,30.057601928710938,33.289459228515625,34.28244400024414,1024.322998046875,,1.0,85.0,31153,16251,buffered,,,,,,
7300,2026-08-12T16:10:46.000+01:00,29.940879821777344,38.757530212402344,47.68061447143555,777.0,30.049591064453125,33.264793395996094,34.16647720336914,1024.3397216796875,0.24169921875,1.0,87.0,31127,16267,live,910GWCHAPXR,Whitechapel,,,,
7301,2026-08-12T16:10:56.000+01:00,29.734304428100586,38.162628173828125,46.612335205078125,760.0,30.062944412231445,33.25458526611328,34.19394302368164,1024.3179931640625,0.21728515625,1.0,88.0,31106,16249,live,910GWCHAPXR,Whitechapel,,,,
7302,2026-08-12T16:11:06.000+01:00,29.8713436126709,38.502288818359375,47.19688034057617,745.0,30.073625564575195,33.241546630859375,34.18631362915039,1024.361572265625,0.435791015625,1.0,89.0,31072,16253,live,910GWCHAPXR,Whitechapel,,,,
7303,2026-08-12T16:11:16.000+01:00,31.13395118713379,40.59172821044922,50.23478698730469,732.0,30.08964729309082,33.2154541015625,34.21530532836914,1024.3729248046875,0.113525390625,1.0,92.0,31060,16248,live,910GWCHAPXR,Whitechapel,,,,
7304,2026-08-12T16:11:26.000+01:00,31.756975173950195,41.616554260253906,51.7198371887207,725.0,30.08964729309082,33.212623596191406,34.16800308227539,1024.4066162109375,0.3369140625,1.0,94.0,31065,16252,live,910GWCHAPXR,Whitechapel,,,,
7305,2026-08-12T16:11:36.000+01:00,32.80995178222656,42.78703308105469,52.96198654174805,722.0,30.108339309692383,33.19390106201172,34.18478775024414,1024.4246826171875,0.1806640625,1.0,98.0,31059,16240,live,910GWCHAPXR,Whitechapel,,,,
7306,2026-08-12T16:11:46.000+01:00,34.77619934082031,44.69189453125,54.647586822509766,712.0,30.127031326293945,33.18370056152344,34.122222900390625,1024.452392578125,0.277099609375,1.0,99.0,31034,16237,live,910GWCHAPXR,Whitechapel,,,,
7307,2026-08-12T16:11:56.000+01:00,34.653133392333984,44.43758010864258,54.23712158203125,702.0,30.08964729309082,33.174903869628906,34.116119384765625,1024.52978515625,0.77392578125,1.0,100.0,31042,16241,live,910GWCHAPXR,Whitechapel,,,,
7308,2026-08-12T16:12:06.000+01:00,34.52241516113281,44.16041946411133,53.785274505615234,697.0,30.119020462036133,33.17406463623047,34.000152587890625,1024.537841796875,0.08056640625,1.0,100.0,31058,16227,live,910GWCHAPXR,Whitechapel,,,,
7309,2026-08-12T16:12:16.000+01:00,35.69484329223633,45.52387619018555,55.304229736328125,689.0,30.119020462036133,33.15534210205078,34.000152587890625,1024.5791015625,0.41259765625,1.0,100.0,31098,16215,live,910GWCHAPXR,Whitechapel,,,,
7310,2026-08-12T16:12:26.000+01:00,36.327754974365234,46.06145477294922,55.67618179321289,684.0,30.119020462036133,33.13634490966797,34.000152587890625,1024.5552978515625,0.238037109375,1.0,99.0,31111,16215,live,910GWCHAPXR,Whitechapel,,,,
7311,2026-08-12T16:12:36.000+01:00,37.40121078491211,48.2097053527832,59.09838104248047,677.0,30.129701614379883,33.11139678955078,34.000152587890625,1024.5224609375,0.328369140625,1.0,94.0,31263,16221,live,910GWCHAPXR,Whitechapel,,,,
7312,2026-08-12T16:12:46.000+01:00,37.21033477783203,49.172786712646484,61.526283264160156,670.0,30.113679885864258,33.117347717285156,33.945220947265625,1024.4912109375,0.3125,1.0,83.0,31290,16217,live,910GWCHAPXR,Whitechapel,,,,
7313,2026-08-12T16:12:56.000+01:00,35.81515121459961,48.328636169433594,61.47584533691406,660.0,30.137712478637695,33.10968780517578,33.925384521484375,1024.5972900390625,1.060791015625,1.0,77.0,31300,16208,live,910GWCHAPXR,Whitechapel,,,,
7314,2026-08-12T16:13:06.000+01:00,37.793766021728516,50.85811233520508,64.55501556396484,649.0,30.13237190246582,33.09410095214844,33.87044906616211,1024.41259765625,1.846923828125,1.0,73.0,31373,16210,live,910GWCHAPXR,Whitechapel,,,,
7315,2026-08-12T16:13:16.000+01:00,38.02915954589844,50.591251373291016,63.639591217041016,642.0,30.105669021606445,33.102882385253906,33.81093978881836,1024.32177734375,0.908203125,1.0,72.0,31373,16209,live,910GWCHAPXR,Whitechapel,,,,
7316,2026-08-12T16:13:26.000+01:00,39.126556396484375,51.587432861328125,64.42920684814453,636.0,30.10032844543457,33.108558654785156,33.77431869506836,1024.4097900390625,0.880126953125,1.0,73.0,31402,16199,live,910GWCHAPXR,Whitechapel,,,,
7317,2026-08-12T16:13:36.000+01:00,40.697906494140625,53.40968704223633,66.45343780517578,625.0,30.124361038208008,33.112525939941406,33.81399154663086,1024.443115234375,0.333251953125,1.0,75.0,31419,16193,live,910GWCHAPXR,Whitechapel,,,,
7318,2026-08-12T16:13:46.000+01:00,41.43327713012695,55.20393371582031,69.52603912353516,625.0,30.127031326293945,33.1082763671875,33.78957748413086,1024.4561767578125,0.130615234375,1.0,77.0,31433,16190,live,910GWCHAPXR,Whitechapel,,,,
7319,2026-08-12T16:13:56.000+01:00,39.943336486816406,53.54426574707031,67.7605972290039,624.0,30.129701614379883,33.09919738769531,33.82314682006836,1024.4500732421875,0.06103515625,1.0,78.0,31486,16196,live,,,,,,
7320,2026-08-12T16:14:06.000+01:00,7.094569683074951,9.450300216674805,11.899883270263672,625.0,30.08964729309082,33.07963562011719,33.376060485839844,1024.4766845703125,0.26611328125,1.0,75.0,31526,16208,live,,,,,,
7321,2026-08-12T16:14:16.000+01:00,6.0192670822143555,7.984690189361572,10.021178245544434,673.0,30.08964729309082,33.072837829589844,32.75349044799805,1024.6121826171875,1.35498046875,1.0,77.0,31503,16168,live,,,,,,
7322,2026-08-12T16:14:26.000+01:00,7.9452385902404785,10.519957542419434,13.183445930480957,757.0,30.10032844543457,33.08672332763672,32.288089752197266,1024.79541015625,1.832275390625,1.0,79.0,31492,16134,live,,,,,,
7323,2026-08-12T16:14:36.000+01:00,9.697402954101562,12.819931983947754,16.045654296875,826.0,30.127031326293945,33.0810546875,31.886777877807617,1025.05419921875,2.587890625,1.0,81.0,31485,16108,live,,,,,,
7324,2026-08-12T16:14:46.000+01:00,12.049356460571289,15.734371185302734,19.497446060180664,914.0,30.129701614379883,33.08445739746094,31.6075382232666,1025.099609375,0.4541015625,1.0,81.0,31485,16091,live,,,,,,
7325,2026-08-12T16:14:56.000+01:00,12.635515213012695,16.374244689941406,20.162513732910156,998.0,30.127031326293945,33.071983337402344,31.396963119506836,1024.7733154296875,3.262939453125,1.0,82.0,31504,16065,live,,,,,,
7326,2026-08-12T16:15:06.000+01:00,14.122840881347656,18.270694732666016,22.465946197509766,1016.0,30.148393630981445,33.087860107421875,31.15587043762207,1023.9915771484375,7.8173828125,1.0,82.0,31449,16053,live,,,,,,
7327,2026-08-12T16:15:16.000+01:00,16.267568588256836,20.98019790649414,25.730653762817383,1033.0,30.156404495239258,33.08899688720703,30.881208419799805,1023.59326171875,3.983154296875,1.0,83.0,31484,16042,live,,,,,,
7328,2026-08-12T16:15:26.000+01:00,16.37575340270996,21.113574981689453,25.88789176940918,1043.0,30.177766799926758,33.091835021972656,30.759136199951172,1023.14404296875,4.4921875,1.0,84.0,31468,16019,live,,,,,,
7329,2026-08-12T16:15:36.000+01:00,15.587932586669922,20.222227096557617,24.923288345336914,1055.0,30.193790435791016,33.077369689941406,30.64011573791504,1022.5556030273438,5.8843994140625,1.0,85.0,31480,16013,live,,,,,,
7330,2026-08-12T16:15:46.000+01:00,13.665069580078125,17.849666595458984,22.12420082092285,1073.0,30.151063919067383,33.07850646972656,30.537879943847656,1023.0222778320312,4.666748046875,1.0,87.0,31478,16007,live,,,,,,
7331,2026-08-12T16:15:56.000+01:00,12.597122192382812,16.3404541015625,20.137287139892578,1098.0,30.18844985961914,33.07311248779297,30.460060119628906,1022.5745239257812,4.4775390625,1.0,87.0,31473,15994,live,,,,,,
7332,2026-08-12T16:16:06.000+01:00,11.540337562561035,14.873064994812012,18.229938507080078,1124.0,30.191120147705078,33.06006622314453,30.337987899780273,1024.799560546875,22.2503662109375,1.0,89.0,31473,15993,live,,,,,,
7333,2026-08-12T16:16:16.000+01:00,11.511832237243652,14.847716331481934,18.210617065429688,1134.0,30.191120147705078,33.05780029296875,30.24643325805664,1024.73193359375,0.67626953125,1.0,90.0,31475,15980,live,,,,,,
7334,2026-08-12T16:16:26.000+01:00,11.182087898254395,14.426440238952637,17.69807243347168,1150.0,30.191120147705078,33.05525207519531,30.22049331665039,1024.9744873046875,2.425537109375,1.0,90.0,31478,15975,live,,,,,,
7335,2026-08-12T16:16:36.000+01:00,15.418224334716797,19.762588500976562,24.111343383789062,1162.0,30.18577766418457,33.01527404785156,30.080110549926758,1025.3397216796875,3.65234375,1.0,91.0,31426,15968,live,910GLIVSTLL,Liverpool Street,,,,
7336,2026-08-12T16:16:46.000+01:00,19.91104507446289,25.541345596313477,31.182462692260742,1161.0,30.13237190246582,33.00563049316406,30.746929168701172,1025.37158203125,0.318603515625,1.0,97.0,31365,15956,live,910GLIVSTLL,Liverpool Street,,,,
7337,2026-08-12T16:16:56.000+01:00,31.63738441467285,40.44947814941406,49.24424362182617,1133.0,30.073625564575195,33.01470184326172,32.219425201416016,1025.3692626953125,0.023193359375,1.0,111.0,31342,15994,live,910GLIVSTLL,Liverpool Street,,,,
7338,2026-08-12T16:17:06.000+01:00,33.430809020996094,42.612876892089844,51.7432861328125,1093.0,29.969482421875,33.010169982910156,32.89692687988281,1025.3536376953125,0.15625,1.0,113.0,31354,16074,live,910GLIVSTLL,Liverpool Street,,,,
7339,2026-08-12T16:17:16.000+01:00,31.762460708618164,40.84416580200195,49.96891403198242,1050.0,29.998855590820312,33.0107421875,33.29060745239258,1025.2930908203125,0.60546875,1.0,111.0,31369,16098,live,910GLIVSTLL,Liverpool Street,,,,
7340,2026-08-12T16:17:26.000+01:00,28.546018600463867,36.80427169799805,45.12598419189453,1018.0,29.966812133789062,33.01838684082031,33.72701644897461,1025.2744140625,0.186767578125,1.0,110.0,31345,16129,live,910GLIVSTLL,Liverpool Street,,,,
7341,2026-08-12T16:17:36.000+01:00,25.16573715209961,32.458614349365234,39.8106575012207,996.0,29.972152709960938,33.027748107910156,34.34958267211914,1025.3712158203125,0.968017578125,1.0,111.0,31328,16146,live,910GLIVSTLL,Liverpool Street,,,,
7342,2026-08-12T16:17:46.000+01:00,25.664793014526367,33.41689682006836,41.310325622558594,981.0,29.988174438476562,33.02264404296875,34.549476623535156,1025.2186279296875,1.52587890625,1.0,112.0,31303,16179,live,910GLIVSTLL,Liverpool Street,,,,
7343,2026-08-12T16:17:56.000+01:00,22.871091842651367,29.599655151367188,36.40789794921875,975.0,29.969482421875,33.01384735107422,34.81040573120117,1025.3330078125,1.143798828125,1.0,117.0,31249,16189,live,910GLIVSTLL,Liverpool Street,,,,
7344,2026-08-12T16:18:06.000+01:00,16.345298767089844,21.143861770629883,25.996763229370117,969.0,29.993515014648438,33.020652770996094,35.01335144042969,1025.267578125,0.654296875,1.0,119.0,31243,16194,live,910GLIVSTLL,Liverpool Street,,,,
7345,2026-08-12T16:18:16.000+01:00,13.65153980255127,17.7528018951416,21.92352294921875,964.0,29.977493286132812,32.96876525878906,35.2040901184082,1025.3642578125,0.966796875,1.0,115.0,31341,16214,live,,,,,,
7346,2026-08-12T16:18:26.000+01:00,11.046598434448242,14.335022926330566,17.671865463256836,973.0,29.868009567260742,32.958839416503906,34.21377944946289,1025.4423828125,0.78125,1.0,113.0,31261,16230,live,,,,,,
7347,2026-08-12T16:18:36.000+01:00,11.127830505371094,14.208253860473633,17.277673721313477,1049.0,29.900053024291992,32.93360900878906,33.482872009277344,1025.5018310546875,0.594482421875,1.0,112.0,31286,16156,live,,,,,,
7348,2026-08-12T16:18:46.000+01:00,16.5006103515625,20.905248641967773,25.251588821411133,1117.0,29.894712448120117,32.92992401123047,32.95033264160156,1025.9560546875,4.542236328125,1.0,112.0,31263,16114,live,,,,,,
7349,2026-08-12T16:18:56.000+01:00,18.70033073425293,23.697322845458984,28.62958335876465,1180.0,29.905393600463867,32.93389129638672,32.45441436767578,1025.9451904296875,0.108642578125,1.0,111.0,31283,16087,live,,,,,,
7350,2026-08-12T16:19:06.000+01:00,20.160133361816406,25.41674041748047,30.56997299194336,1214.0,29.755855560302734,32.91886901855469,32.0347900390625,1025.54296875,4.022216796875,1.0,111.0,31330,16056,live,,,,,,
7351,2026-08-12T16:19:16.000+01:00,21.0472469329834,26.38856315612793,31.584213256835938,1241.0,29.571603775024414,32.8746337890625,31.842527389526367,1024.8961181640625,6.468505859375,1.0,110.0,31338,16013,live,,,,,,
7352,2026-08-12T16:19:26.000+01:00,20.786243438720703,25.922006607055664,30.878032684326172,1268.0,29.438087463378906,32.845428466796875,31.67620277404785,1023.5525512695312,13.4356689453125,1.0,109.0,31319,15976,live,,,,,,
7353,2026-08-12T16:19:36.000+01:00,20.511104583740234,25.63427734375,30.5943603515625,1289.0,29.30990982055664,32.81451416015625,31.54955291748047,1023.2365112304688,3.160400390625,1.0,109.0,31294,15955,live,,,,,,
7354,2026-08-12T16:19:46.000+01:00,21.37677574157715,26.759714126586914,31.983888626098633,1320.0,29.293888092041016,32.78276062011719,31.48241424560547,1023.34375,1.0723876953125,1.0,109.0,31267,15932,live,,,,,,
7355,2026-08-12T16:19:56.000+01:00,21.165416717529297,27.044437408447266,32.90767288208008,1348.0,29.29922866821289,32.752418518066406,31.50682830810547,1023.00537109375,3.3837890625,1.0,109.0,31246,15921,live,,,,,,
7356,2026-08-12T16:20:06.000+01:00,20.28931999206543,25.84783172607422,31.371355056762695,1369.0,29.31258201599121,32.707618713378906,31.55870819091797,1023.092041015625,0.86669921875,1.0,110.0,31234,15915,live,,,,,,
7357,2026-08-12T16:20:16.000+01:00,19.528223037719727,24.75661277770996,29.920011520385742,1402.0,29.291217803955078,32.663665771484375,31.6716251373291,1024.1256103515625,10.335693359375,1.0,110.0,31207,15931,live,,,,,,
7358,2026-08-12T16:20:26.000+01:00,20.352367401123047,25.758466720581055,31.085779190063477,1399.0,29.24582290649414,32.57209014892578,32.207218170166016,1024.339111328125,2.135009765625,1.0,109.0,31378,15932,live,910GFRNDXR,Farringdon,,,,
7359,2026-08-12T16:20:36.000+01:00,20.38273048400879,25.77179718017578,31.07550048828125,1312.0,29.208438873291016,32.541175842285156,32.7977409362793,1024.4112548828125,0.721435546875,1.0,100.0,31496,15965,live,910GFRNDXR,Farringdon,,,,
7360,2026-08-12T16:20:46.000+01:00,27.60405921936035,35.12930679321289,42.59736633300781,1189.0,29.21377944946289,32.513389587402344,33.23567581176758,1024.6009521484375,1.89697265625,1.0,84.0,31519,15995,live,910GFRNDXR,Farringdon,,,,
7361,2026-08-12T16:20:56.000+01:00,30.353918075561523,40.02467727661133,49.99189758300781,1084.0,29.144350051879883,32.51112365722656,33.66903305053711,1024.401123046875,1.998291015625,1.0,76.0,31535,16021,live,910GFRNDXR,Farringdon,,,,
7362,2026-08-12T16:21:06.000+01:00,38.198299407958984,50.823551177978516,63.939109802246094,985.0,29.11497688293457,32.48474884033203,33.974212646484375,1024.0648193359375,3.363037109375,1.0,76.0,31547,16038,live,910GFRNDXR,Farringdon,,,,
7363,2026-08-12T16:21:16.000+01:00,43.33537673950195,57.25966262817383,71.63749694824219,910.0,29.085603713989258,32.466033935546875,34.19699478149414,1024.3441162109375,2.79296875,1.0,77.0,31571,16057,live,910GFRNDXR,Farringdon,,,,
7364,2026-08-12T16:21:26.000+01:00,42.981266021728516,56.88578796386719,71.26435089111328,860.0,29.122987747192383,32.441368103027344,34.26413345336914,1024.268798828125,0.753173828125,1.0,78.0,31575,16069,live,910GFRNDXR,Farringdon,,,,
7365,2026-08-12T16:21:36.000+01:00,43.38208770751953,57.07988357543945,71.16954803466797,816.0,29.14702033996582,32.424072265625,34.30075454711914,1024.587890625,3.19091796875,1.0,80.0,31563,16074,live,910GFRNDXR,Farringdon,,,,
7366,2026-08-12T16:21:46.000+01:00,43.52256393432617,57.826255798339844,72.66764831542969,780.0,29.133668899536133,32.410743713378906,34.381629943847656,1024.2230224609375,3.648681640625,1.0,82.0,31603,16068,live,910GFRNDXR,Farringdon,,,,
7367,2026-08-12T16:21:56.000+01:00,42.40391159057617,56.54198455810547,71.25592803955078,749.0,29.173723220825195,32.41754913330078,34.456398010253906,1024.3427734375,1.197509765625,1.0,83.0,31569,16079,live,910GFRNDXR,Farringdon,,,,
7368,2026-08-12T16:22:06.000+01:00,40.002960205078125,53.46637725830078,67.50546264648438,716.0,29.211109161376953,32.396278381347656,34.555580139160156,1024.3553466796875,0.125732421875,1.0,84.0,31585,16087,live,910GFRNDXR,Farringdon,,,,
7369,2026-08-12T16:22:16.000+01:00,37.42823028564453,50.34638595581055,63.88588333129883,700.0,29.221790313720703,32.369346618652344,34.547950744628906,1024.16748046875,1.878662109375,1.0,84.0,31598,16090,live,910GFRNDXR,Farringdon,,,,
7370,2026-08-12T16:22:26.000+01:00,29.529537200927734,39.99938201904297,51.030982971191406,697.0,29.22446060180664,32.37274932861328,34.584571838378906,1024.24267578125,0.751953125,1.0,85.0,31567,16093,live,,,,,,
7371,2026-08-12T16:22:36.000+01:00,14.25665283203125,19.21097755432129,24.41065216064453,708.0,29.22446060180664,32.37445068359375,34.590675354003906,1024.2879638671875,0.452880859375,1.0,96.0,31363,16098,live,,,,,,
7372,2026-08-12T16:22:46.000+01:00,12.316264152526855,16.236408233642578,20.275867462158203,755.0,29.261844635009766,32.369911193847656,34.436561584472656,1024.15234375,1.356201171875,1.0,154.0,31171,16095,live,,,,,,
7373,2026-08-12T16:22:56.000+01:00,12.516149520874023,16.185789108276367,19.89580726623535,827.0,29.27786636352539,32.38011932373047,34.398414611816406,1024.06298828125,0.8935546875,1.0,189.0,31085,16082,live,,,,,,
7374,2026-08-12T16:23:06.000+01:00,13.389768600463867,17.04804801940918,20.68065643310547,904.0,29.28854751586914,32.380401611328125,34.31601333618164,1024.3790283203125,3.160400390625,1.0,199.0,31041,16079,live,,,,,,
7375,2026-08-12T16:23:16.000+01:00,14.348310470581055,17.987838745117188,21.527610778808594,959.0,29.32326316833496,32.379554748535156,34.22140884399414,1023.1549072265625,12.2412109375,1.0,192.0,31001,16067,live,,,,,,
7376,2026-08-12T16:23:26.000+01:00,13.931246757507324,17.255138397216797,20.428146362304688,1021.0,29.349966049194336,32.388343811035156,34.006256103515625,1022.3033447265625,8.515625,1.0,175.0,31029,16057,live,,,,,,
7377,2026-08-12T16:23:36.000+01:00,13.568611145019531,16.6351375579834,19.51072883605957,1063.0,29.349966049194336,32.39430236816406,34.012359619140625,1020.78076171875,15.225830078125,1.0,164.0,30944,16047,live,,,,,,
7378,2026-08-12T16:23:47.000+01:00,12.659822463989258,15.39246654510498,17.913883209228516,1131.0,29.373998641967773,32.40110778808594,33.925384521484375,1019.7279052734375,10.528564453125,1.0,157.0,30914,16046,live,,,,,,
7379,2026-08-12T16:23:56.000+01:00,12.595967292785645,15.157342910766602,17.46800994873047,1180.0,29.395360946655273,32.41754913330078,34.055084228515625,1021.042236328125,13.143310546875,1.0,153.0,30868,16031,live,,,,,,
7380,2026-08-12T16:24:06.000+01:00,12.498601913452148,14.951903343200684,17.133708953857422,1213.0,29.42206382751465,32.41613006591797,33.969635009765625,1020.891357421875,1.5087890625,1.0,154.0,30802,16045,live,,,,,,
7381,2026-08-12T16:24:16.000+01:00,12.354500770568848,14.68242359161377,16.71698570251465,1253.0,29.43007469177246,32.41981506347656,33.940643310546875,1021.34228515625,4.50927734375,1.0,155.0,30757,16033,live,,,,,,
7382,2026-08-12T16:24:26.000+01:00,11.12725830078125,13.167058944702148,14.927996635437012,1291.0,29.459449768066406,32.426055908203125,33.960479736328125,1021.92822265625,5.859375,1.0,153.0,30715,16027,live,,,,,,
7383,2026-08-12T16:24:36.000+01:00,11.609395980834961,13.71535873413086,15.524656295776367,1315.0,29.459449768066406,32.4337158203125,33.946746826171875,1022.1264038085938,1.9818115234375,1.0,152.0,30688,16032,live,,,,,,
7384,2026-08-12T16:24:46.000+01:00,11.852294921875,13.982831954956055,15.8054780960083,1343.0,29.483482360839844,32.44987487792969,33.87350082397461,1021.06005859375,10.6634521484375,1.0,148.0,30662,16023,live,,,,,,
7385,2026-08-12T16:24:56.000+01:00,11.927533149719238,14.090298652648926,15.94803524017334,1369.0,29.47547149658203,32.43910217285156,33.77279281616211,1021.3052978515625,2.452392578125,1.0,139.0,30657,16020,live,940GZZLUGDG,Goodge Street,,,,
7386,2026-08-12T16:25:06.000+01:00,11.703232765197754,13.862120628356934,15.731186866760254,1378.0,29.494163513183594,32.46178436279297,33.73769760131836,1021.0713500976562,2.3394775390625,1.0,133.0,30653,16009,live,940GZZLUGDG,Goodge Street,,,,
7387,2026-08-12T16:25:16.000+01:00,11.402430534362793,13.472146987915039,15.250819206237793,1395.0,29.50751495361328,32.457252502441406,33.67208480834961,1022.03662109375,9.6527099609375,1.0,129.0,30682,16011,live,940GZZLUGDG,Goodge Street,,,,
7388,2026-08-12T16:25:26.000+01:00,38.56648635864258,45.82569122314453,52.1671142578125,1415.0,29.53154754638672,32.433433532714844,33.68734359741211,1022.458984375,4.2236328125,1.0,128.0,30729,16009,live,910GTOTCTRD,Tottenham Court Road,,,,
7389,2026-08-12T16:25:36.000+01:00,48.00367736816406,58.385292053222656,67.97108459472656,1407.0,29.50751495361328,32.42179870605469,34.395362854003906,1022.7217407226562,2.6275634765625,1.0,111.0,30950,16013,live,910GTOTCTRD,Tottenham Court Road,,,,
7390,2026-08-12T16:25:46.000+01:00,48.915042877197266,60.215206146240234,70.89019012451172,1355.0,29.52887725830078,32.433143615722656,34.82108688354492,1022.5524291992188,1.693115234375,1.0,84.0,31020,16064,live,910GTOTCTRD,Tottenham Court Road,,,,
7391,2026-08-12T16:25:56.000+01:00,49.52031707763672,62.228031158447266,74.62918853759766,1269.0,29.53955841064453,32.44335174560547,35.03013610839844,1022.4330444335938,1.19384765625,1.0,70.0,31056,16096,live,910GTOTCTRD,Tottenham Court Road,,,,
7392,2026-08-12T16:26:06.000+01:00,49.8487663269043,64.1432113647461,78.515869140625,1189.0,29.555580139160156,32.457252502441406,35.2010383605957,1022.4962768554688,0.63232421875,1.0,65.0,31090,16113,live,910GTOTCTRD,Tottenham Court Road,,,,
7393,2026-08-12T16:26:16.000+01:00,47.885677337646484,61.838104248046875,75.92254638671875,1123.0,29.56092071533203,32.45696258544922,35.3322639465332,1022.5225830078125,0.2630615234375,1.0,67.0,31092,16131,live,910GTOTCTRD,Tottenham Court Road,,,,
7394,2026-08-12T16:26:26.000+01:00,43.90024948120117,57.21506118774414,70.78569030761719,1079.0,29.590295791625977,32.45951843261719,35.52910614013672,1022.565673828125,0.430908203125,1.0,78.0,31021,16148,live,910GTOTCTRD,Tottenham Court Road,,,,
7395,2026-08-12T16:26:36.000+01:00,41.80261993408203,54.95716094970703,68.47784423828125,1049.0,29.6063175201416,32.470855712890625,35.881591796875,1022.5956420898438,0.2996826171875,1.0,87.0,31012,16164,live,910GTOTCTRD,Tottenham Court Road,,,,
7396,2026-08-12T16:26:46.000+01:00,39.36123275756836,51.0827522277832,62.97787094116211,1034.0,29.611658096313477,32.45611572265625,36.113525390625,1022.5042114257812,0.914306640625,1.0,92.0,30956,16195,live,910GTOTCTRD,Tottenham Court Road,,,,
7397,2026-08-12T16:26:56.000+01:00,37.375732421875,48.16831588745117,59.038818359375,1022.0,29.622339248657227,32.42151641845703,36.67658615112305,1022.5335083007812,0.29296875,1.0,94.0,30904,16220,live,910GTOTCTRD,Tottenham Court Road,,,,
7398,2026-08-12T16:27:06.000+01:00,36.555152893066406,47.883567810058594,59.48714065551758,1022.0,29.59830665588379,32.38749694824219,37.608909606933594,1022.5048217773438,0.286865234375,1.0,99.0,30871,16269,live,910GTOTCTRD,Tottenham Court Road,,,,
7399,2026-08-12T16:27:16.000+01:00,36.3512077331543,46.8878059387207,57.510459899902344,1025.0,29.592966079711914,32.37983703613281,38.031585693359375,1022.5342407226562,0.294189453125,1.0,102.0,30910,16315,live,910GTOTCTRD,Tottenham Court Road,,,,
7400,2026-08-12T16:27:26.000+01:00,34.24458694458008,43.64521408081055,52.99165344238281,1026.0,29.611658096313477,32.35034942626953,38.21927261352539,1022.5390625,0.0482177734375,1.0,102.0,30946,16347,live,910GTOTCTRD,Tottenham Court Road,,,,
7401,2026-08-12T16:27:36.000+01:00,33.493812561035156,42.07199478149414,50.438499450683594,1031.0,29.59830665588379,32.35205078125,38.382545471191406,1022.5114135742188,0.2764892578125,1.0,102.0,30946,16359,live,910GTOTCTRD,Tottenham Court Road,,,,
7402,2026-08-12T16:27:46.000+01:00,32.935813903808594,40.61753845214844,47.89710998535156,1034.0,29.625009536743164,32.33418273925781,38.426795959472656,1022.48681640625,0.2459716796875,1.0,101.0,30958,16366,live,910GTOTCTRD,Tottenham Court Road,,,,
7403,2026-08-12T16:27:56.000+01:00,32.59305191040039,39.848846435546875,46.61760711669922,1036.0,29.579614639282227,32.244300842285156,38.471046447753906,1022.4808349609375,0.059814453125,1.0,100.0,30979,16381,live,910GTOTCTRD,Tottenham Court Road,,,,
7404,2026-08-12T16:28:06.000+01:00,31.409337997436523,38.42820739746094,44.98456954956055,1038.0,29.534217834472656,32.173980712890625,38.495460510253906,1022.5068969726562,0.2606201171875,1.0,97.0,31035,16382,live,910GTOTCTRD,Tottenham Court Road,,,,
7405,2026-08-12T16:28:16.000+01:00,26.954647064208984,33.26278305053711,39.24732208251953,1039.0,29.472801208496094,32.091468811035156,38.33676528930664,1022.5466918945312,0.39794921875,1.0,88.0,31102,16384,live,910GTOTCTRD,Tottenham Court Road,,,,
7406,2026-08-12T16:28:26.000+01:00,20.191762924194336,25.049484252929688,29.698848724365234,1036.0,29.438087463378906,32.024269104003906,38.112457275390625,1022.5006103515625,0.4608154296875,1.0,75.0,31273,16369,live,910GTOTCTRD,Tottenham Court Road,,,,
7407,2026-08-12T16:28:36.000+01:00,13.23701000213623,16.333057403564453,19.269729614257812,1020.0,29.427404403686523,31.9998779296875,37.592124938964844,1022.4861450195312,0.1446533203125,1.0,61.0,31351,16352,live,910GTOTCTRD,Tottenham Court Road,,,,
7408,2026-08-12T16:28:46.000+01:00,9.308547973632812,11.39120864868164,13.337450981140137,931.0,29.459449768066406,32.06537628173828,37.09010314941406,1022.5138549804688,0.277099609375,1.0,54.0,31414,16323,live,910GTOTCTRD,Tottenham Court Road,,,,
7409,2026-08-12T16:28:56.000+01:00,8.635530471801758,10.488611221313477,12.194801330566406,889.0,29.491493225097656,32.1070556640625,36.79865646362305,1022.446533203125,0.6732177734375,1.0,54.0,31420,16299,live,910GTOTCTRD,Tottenham Court Road,,,,
7410,2026-08-12T16:29:06.000+01:00,8.627350807189941,10.407634735107422,12.022873878479004,858.0,29.52887725830078,32.15016174316406,36.59265899658203,1022.4567260742188,0.1019287109375,1.0,60.0,31428,16283,live,910GTOTCTRD,Tottenham Court Road,,,,
7411,2026-08-12T16:29:16.000+01:00,17.04743194580078,20.597209930419922,23.8291015625,810.0,29.582284927368164,32.19213104248047,36.362247467041016,1022.4462280273438,0.10498046875,1.0,67.0,31435,16278,live,910GTOTCTRD,Tottenham Court Road,,,,
7412,2026-08-12T16:29:26.000+01:00,13.010137557983398,15.691166877746582,18.12236785888672,779.0,29.582284927368164,32.238067626953125,36.159305572509766,1022.4826049804688,0.36376953125,1.0,70.0,31487,16268,live,910GTOTCTRD,Tottenham Court Road,,,,
7413,2026-08-12T16:29:36.000+01:00,11.279962539672852,13.464898109436035,15.397303581237793,747.0,29.6063175201416,32.253662109375,35.942626953125,1022.44140625,0.4119873046875,1.0,71.0,31509,16250,live,,,,,51.51574806044037,-0.13419321420259797
7414,2026-08-12T16:29:46.000+01:00,10.630707740783691,12.561092376708984,14.220324516296387,732.0,29.611658096313477,32.2879638671875,35.782405853271484,1022.4776611328125,0.362548828125,1.0,76.0,31484,16241,live,,,,,51.51574806044037,-0.13419321420259797
7415,2026-08-12T16:29:56.000+01:00,9.627065658569336,11.287919998168945,12.680747032165527,732.0,29.63836097717285,32.309234619140625,35.56114959716797,1022.4820556640625,0.0439453125,1.0,81.0,31468,16228,live,,,,,51.51574806044037,-0.13419321420259797
7416,2026-08-12T16:30:06.000+01:00,8.942811012268066,10.423129081726074,11.638384819030762,735.0,29.654382705688477,32.352622985839844,35.02555847167969,1022.44482421875,0.372314453125,1.0,84.0,31465,16222,live,,,,,51.51574806044037,-0.13419321420259797
7417,2026-08-12T16:30:16.000+01:00,8.076268196105957,9.340206146240234,10.345991134643555,775.0,29.6490421295166,32.37388610839844,34.465553283691406,1022.4519653320312,0.0714111328125,1.0,85.0,31449,16188,live,,,,,51.51574806044037,-0.13419321420259797
7418,2026-08-12T16:30:26.000+01:00,7.746585369110107,8.91913890838623,9.833830833435059,858.0,29.646371841430664,32.39032745361328,34.17410659790039,1022.0106811523438,4.412841796875,1.0,86.0,31424,16150,live,,,,,51.51574806044037,-0.13419321420259797
7419,2026-08-12T16:30:36.000+01:00,7.115423679351807,8.148426055908203,8.933244705200195,905.0,29.63836097717285,32.411033630371094,34.029144287109375,1021.574951171875,4.3572998046875,1.0,87.0,31406,16139,live,,,,,51.51574806044037,-0.13419321420259797
7420,2026-08-12T16:30:46.000+01:00,6.861934185028076,7.811870098114014,8.510553359985352,942.0,29.67307472229004,32.41981506347656,33.85519027709961,1022.538818359375,9.638671875,1.0,89.0,31409,16120,live,,,,,,
7421,2026-08-12T16:30:56.000+01:00,6.477708339691162,7.34056282043457,7.957508087158203,1001.0,29.67307472229004,32.4337158203125,33.77431869506836,1021.53125,10.07568359375,1.0,92.0,31389,16117,live,,,,,,
7422,2026-08-12T16:31:06.000+01:00,6.603975772857666,7.4585113525390625,8.05587100982666,1049.0,29.702449798583984,32.44873809814453,33.585105895996094,1021.2510375976562,2.8021240234375,1.0,94.0,31372,16105,live,,,,,,
7423,2026-08-12T16:31:16.000+01:00,6.658300399780273,7.517178058624268,8.11607551574707,1089.0,29.715801239013672,32.458091735839844,33.438621520996094,1022.5780639648438,13.270263671875,1.0,96.0,31366,16099,live,,,,,,
7424,2026-08-12T16:31:26.000+01:00,6.917800426483154,7.806629180908203,8.424436569213867,1132.0,29.713130950927734,32.460365295410156,33.22957229614258,1023.124755859375,5.4669189453125,1.0,98.0,31364,16091,live,,,,,,
7425,2026-08-12T16:31:36.000+01:00,6.558816909790039,7.385782718658447,7.951739311218262,1176.0,29.737163543701172,32.47368621826172,33.14412307739258,1023.08154296875,0.43212890625,1.0,99.0,31366,16070,live,,,,,,
7426,2026-08-12T16:31:46.000+01:00,5.911259174346924,6.636809349060059,7.1220316886901855,1205.0,29.753185272216797,32.47454071044922,32.92744445800781,1022.7684326171875,3.131103515625,1.0,99.0,31345,16064,live,,,,,,
7427,2026-08-12T16:31:56.000+01:00,8.215349197387695,9.240890502929688,9.93685245513916,1227.0,29.758525848388672,32.465187072753906,32.6970329284668,1022.8289184570312,0.6048583984375,1.0,99.0,31388,16055,live,910GBONDST,Bond Street,,,,
7428,2026-08-12T16:32:06.000+01:00,9.020716667175293,10.184831619262695,10.996851921081543,1233.0,29.731822967529297,32.4776611328125,33.03425598144531,1022.8446655273438,0.157470703125,1.0,100.0,31339,16035,live,910GBONDST,Bond Street,,,,
7429,2026-08-12T16:32:16.000+01:00,8.848369598388672,10.034149169921875,10.885862350463867,1214.0,29.742504119873047,32.48418426513672,33.394371032714844,1022.847900390625,0.0323486328125,1.0,100.0,31357,16053,live,910GBONDST,Bond Street,,,,
7430,2026-08-12T16:32:26.000+01:00,8.587010383605957,9.816841125488281,10.742833137512207,1173.0,29.753185272216797,32.49041748046875,33.615623474121094,1023.0825805664062,2.3468017578125,1.0,100.0,31355,16083,live,910GBONDST,Bond Street,,,,
7431,2026-08-12T16:32:36.000+01:00,8.681851387023926,10.020135879516602,11.075650215148926,1130.0,29.774547576904297,32.50346374511719,33.86129379272461,1022.744873046875,3.3770751953125,1.0,100.0,31339,16085,live,910GBONDST,Bond Street,,,,
7432,2026-08-12T16:32:46.000+01:00,9.600885391235352,11.108925819396973,12.311490058898926,1092.0,29.77187728881836,32.505165100097656,34.053558349609375,1022.8008422851562,0.5596923828125,1.0,100.0,31351,16097,live,910GBONDST,Bond Street,,,,
7433,2026-08-12T16:32:56.000+01:00,9.781827926635742,11.352234840393066,12.620152473449707,1052.0,29.798580169677734,32.52189636230469,34.441139221191406,1022.8616333007812,0.60791015625,1.0,100.0,31325,16114,live,910GBONDST,Bond Street,,,,
7434,2026-08-12T16:33:06.000+01:00,9.363384246826172,10.8424711227417,12.02579116821289,1021.0,29.787899017333984,32.541748046875,34.595252990722656,1022.87890625,0.1727294921875,1.0,101.0,31325,16133,live,910GBONDST,Bond Street,,,,
7435,2026-08-12T16:33:16.000+01:00,8.881305694580078,10.260502815246582,11.353047370910645,988.0,29.77187728881836,32.5400390625,34.86075973510742,1022.9346313476562,0.5572509765625,1.0,101.0,31310,16138,live,910GBONDST,Bond Street,,,,
7436,2026-08-12T16:33:26.000+01:00,9.308595657348633,10.748392105102539,11.886261940002441,966.0,29.777217864990234,32.549964904785156,35.01029968261719,1022.9000854492188,0.345458984375,1.0,101.0,31318,16147,live,910GBONDST,Bond Street,,,,
7437,2026-08-12T16:33:36.000+01:00,9.311450004577637,10.779011726379395,11.951591491699219,954.0,29.774547576904297,32.56243896484375,35.13542556762695,1022.8269653320312,0.731201171875,1.0,102.0,31270,16151,live,910GBONDST,Bond Street,,,,
7438,2026-08-12T16:33:46.000+01:00,9.0762939453125,10.51478385925293,11.667797088623047,947.0,29.801250457763672,32.565284729003906,35.2498664855957,1022.8571166992188,0.301513671875,1.0,102.0,31307,16163,live,910GBONDST,Bond Street,,,,
7439,2026-08-12T16:33:56.000+01:00,9.045162200927734,10.52542781829834,11.73322582244873,933.0,29.779888153076172,32.58229064941406,35.44518280029297,1022.8696899414062,0.125732421875,1.0,103.0,31272,16170,live,910GBONDST,Bond Street,,,,
7440,2026-08-12T16:34:06.000+01:00,8.883831977844238,10.356311798095703,11.565973281860352,925.0,29.801250457763672,32.590232849121094,35.667964935302734,1022.8796997070312,0.10009765625,1.0,104.0,31256,16165,live,910GBONDST,Bond Street,,,,
7441,2026-08-12T16:34:16.000+01:00,8.893034934997559,10.389937400817871,11.629648208618164,916.0,29.819944381713867,32.58909606933594,35.811397552490234,1022.99853515625,1.1883544921875,1.0,105.0,31246,16179,live,910GBONDST,Bond Street,,,,
7442,2026-08-12T16:34:26.000+01:00,8.690402030944824,10.182516098022461,11.430841445922852,914.0,29.806591033935547,32.59789276123047,35.817501068115234,1022.9548950195312,0.4364013671875,1.0,105.0,31243,16188,live,910GBONDST,Bond Street,,,,
7443,2026-08-12T16:34:36.000+01:00,8.198556900024414,9.623137474060059,10.82208251953125,909.0,29.830625534057617,32.60582733154297,35.861751556396484,1022.9188842773438,0.360107421875,1.0,105.0,31239,16184,live,910GBONDST,Bond Street,,,,
7444,2026-08-12T16:34:46.000+01:00,8.64648723602295,10.178376197814941,11.479889869689941,907.0,29.81727409362793,32.61149597167969,35.9029541015625,1022.953369140625,0.3448486328125,1.0,106.0,31232,16182,live,910GBONDST,Bond Street,,,,
7445,2026-08-12T16:34:56.000+01:00,9.300948143005371,10.931159019470215,12.309020042419434,903.0,29.833295822143555,32.62000274658203,36.0555419921875,1022.8597412109375,0.936279296875,1.0,106.0,31204,16191,live,910GBONDST,Bond Street,,,,
7446,2026-08-12T16:35:06.000+01:00,9.048230171203613,10.614936828613281,11.931204795837402,901.0,29.822614669799805,32.63105773925781,36.177616119384766,1022.8230590820312,0.3668212890625,1.0,106.0,31202,16202,live,910GBONDST,Bond Street,,,,
7447,2026-08-12T16:35:16.000+01:00,9.244837760925293,10.819791793823242,12.132222175598145,898.0,29.81727409362793,32.650909423828125,36.168460845947266,1022.8948974609375,0.7183837890625,1.0,107.0,31207,16201,live,910GBONDST,Bond Street,,,,
7448,2026-08-12T16:35:26.000+01:00,9.607667922973633,11.237056732177734,12.591723442077637,895.0,29.80392074584961,32.65686798095703,36.243228912353516,1022.94140625,0.465087890625,1.0,107.0,31217,16202,live,910GBONDST,Bond Street,,,,
7449,2026-08-12T16:35:36.000+01:00,9.330373764038086,10.941971778869629,12.294303894042969,886.0,29.83863639831543,32.6585693359375,36.145572662353516,1022.807861328125,1.33544921875,1.0,106.0,31222,16203,live,910GBONDST,Bond Street,,,,
7450,2026-08-12T16:35:46.000+01:00,9.310293197631836,10.988097190856934,12.425129890441895,886.0,29.81727409362793,32.66593933105469,36.11505126953125,1022.799560546875,,1.0,106.0,31220,16205,buffered,,,,,,
7451,2026-08-12T16:35:56.000+01:00,8.494242668151855,10.010369300842285,11.30306339263916,904.0,29.835966110229492,32.672462463378906,35.48638153076172,1022.6646728515625,1.431884765625,1.0,106.0,31220,16201,live,,,,,51.515747261596616,-0.13419974553226208
7452,2026-08-12T16:36:06.000+01:00,8.275107383728027,9.71237564086914,10.921745300292969,961.0,29.846647262573242,32.67472839355469,35.1918830871582,1022.2750244140625,3.896484375,1.0,106.0,31231,16165,live,,,,,51.515747261596616,-0.13419974553226208
7453,2026-08-12T16:36:16.000+01:00,8.041009902954102,9.390357971191406,10.506086349487305,1015.0,29.851987838745117,32.6832275390625,34.81650924682617,1021.6353759765625,6.396484375,1.0,106.0,31216,16147,live,,,,,51.515747261596616,-0.13419974553226208
7454,2026-08-12T16:36:26.000+01:00,8.233027458190918,9.592323303222656,10.706684112548828,1069.0,29.857328414916992,32.66651153564453,34.566261291503906,1023.3523559570312,17.1697998046875,1.0,105.0,31223,16125,live,,,,,,
7455,2026-08-12T16:36:36.000+01:00,8.44950008392334,9.803836822509766,10.896322250366211,1133.0,29.868009567260742,32.67218017578125,34.24124526977539,1022.5126342773438,8.397216796875,1.0,105.0,31203,16113,live,,,,,,
7456,2026-08-12T16:36:46.000+01:00,8.32728385925293,9.624279022216797,10.653491973876953,1187.0,29.85999870300293,32.67755889892578,33.83840560913086,1021.7892456054688,7.23388671875,1.0,105.0,31185,16092,live,,,,,,
7457,2026-08-12T16:36:56.000+01:00,8.827139854431152,10.183852195739746,11.252037048339844,1250.0,29.886701583862305,32.68408203125,33.508811950683594,1021.1124267578125,6.7681884765625,1.0,106.0,31141,16064,live,,,,,,
7458,2026-08-12T16:37:06.000+01:00,8.694314002990723,10.020902633666992,11.060809135437012,1304.0,29.88136100769043,32.69231414794922,33.31349563598633,1020.5321655273438,5.8026123046875,1.0,113.0,31094,16042,live,,,,,,
7459,2026-08-12T16:37:16.000+01:00,7.984623432159424,9.188082695007324,10.124436378479004,1384.0,29.886701583862305,32.67841339111328,33.16395950317383,1019.8831787109375,6.4898681640625,1.0,123.0,31074,16033,live,,,,,,
7460,2026-08-12T16:37:26.000+01:00,8.024155616760254,9.192776679992676,10.082470893859863,1420.0,29.926755905151367,32.673316955566406,33.08308410644531,1018.93896484375,9.442138671875,1.0,128.0,31078,16022,live,,,,,,
7461,2026-08-12T16:37:36.000+01:00,7.842933654785156,8.943655014038086,9.761061668395996,1455.0,29.908063888549805,32.67784881591797,32.90608215332031,1019.4505615234375,5.115966796875,1.0,130.0,31076,16020,live,,,,,,
7462,2026-08-12T16:37:46.000+01:00,7.828614234924316,8.915436744689941,9.716402053833008,1485.0,29.921415328979492,32.683799743652344,32.76874923706055,1021.5741577148438,21.2359619140625,1.0,129.0,31066,16016,live,,,,,,
7463,2026-08-12T16:37:56.000+01:00,7.225072860717773,8.211307525634766,8.929396629333496,1512.0,29.918745040893555,32.675865173339844,32.52155303955078,1022.0699462890625,4.9578857421875,1.0,125.0,31096,15997,live,,,,,,
7464,2026-08-12T16:38:06.000+01:00,6.89168119430542,7.82667875289917,8.50442886352539,1531.0,29.897382736206055,32.6761474609375,32.42237091064453,1022.0225219726562,0.4742431640625,1.0,122.0,31109,15983,live,,,,,,
7465,2026-08-12T16:38:16.000+01:00,6.880138874053955,7.801912784576416,8.463869094848633,1543.0,29.908063888549805,32.66991424560547,32.111083984375,1021.7496948242188,2.728271484375,1.0,120.0,31123,15978,live,,,,,,
7466,2026-08-12T16:38:26.000+01:00,6.887042045593262,7.790451526641846,8.428817749023438,1551.0,29.87067985534668,32.62907409667969,32.013427734375,1021.8375854492188,0.87890625,1.0,118.0,31269,15970,live,910GPADTLL,Paddington,,,,
7467,2026-08-12T16:38:36.000+01:00,6.599948883056641,7.453588962554932,8.050117492675781,1499.0,29.846647262573242,32.63304901123047,32.57495880126953,1021.8446655273438,0.07080078125,1.0,94.0,31354,15972,live,910GPADTLL,Paddington,,,,
7468,2026-08-12T16:38:46.000+01:00,6.0505571365356445,6.831598281860352,7.376530170440674,1363.0,29.822614669799805,32.638145446777344,32.80537033081055,1021.8428344726562,0.018310546875,1.0,68.0,31494,16023,live,910GPADTLL,Paddington,,,,
7469,2026-08-12T16:38:56.000+01:00,5.779971599578857,6.516602039337158,7.025242805480957,1149.0,29.790569305419922,32.655731201171875,32.91065979003906,1021.8434448242188,0.006103515625,1.0,50.0,31549,16042,live,910GPADTLL,Paddington,,,,
7470,2026-08-12T16:39:06.000+01:00,5.412563800811768,6.0813374519348145,6.531200408935547,1027.0,29.766536712646484,32.65232849121094,32.93659973144531,1021.8524780273438,0.09033203125,1.0,39.0,31600,16054,live,910GPADTLL,Paddington,,,,
7471,2026-08-12T16:39:16.000+01:00,5.494349479675293,6.175590515136719,6.635220050811768,943.0,29.80392074584961,32.620574951171875,33.07240295410156,1021.8369750976562,0.155029296875,1.0,32.0,31617,16067,live,910GPADTLL,Paddington,,,,
7472,2026-08-12T16:39:26.000+01:00,5.763996124267578,6.470022678375244,6.941333770751953,866.0,29.766536712646484,32.634185791015625,33.25703811645508,1021.8348999023438,0.020751953125,1.0,29.0,31619,16080,live,910GPADTLL,Paddington,,,,
7473,2026-08-12T16:39:36.000+01:00,5.702627658843994,6.375330924987793,6.809176921844482,810.0,29.78255844116211,32.64552307128906,33.398948669433594,1021.832275390625,0.0262451171875,1.0,29.0,31605,16088,live,910GPADTLL,Paddington,,,,
7474,2026-08-12T16:39:46.000+01:00,5.116219997406006,5.707858085632324,6.082137107849121,768.0,29.80392074584961,32.64353942871094,33.30586624145508,1021.8450927734375,0.128173828125,1.0,31.0,31629,16111,live,910GPADTLL,Paddington,,,,
7475,2026-08-12T16:39:56.000+01:00,5.039882659912109,5.60977840423584,5.962234973907471,731.0,29.811931610107422,32.640708923339844,33.33028030395508,1021.83056640625,0.145263671875,1.0,31.0,31646,16112,live,910GPADTLL,Paddington,,,,
7476,2026-08-12T16:40:06.000+01:00,5.555728912353516,6.175047397613525,6.552377223968506,704.0,29.822614669799805,32.651763916015625,33.397422790527344,1021.8264770507812,0.0408935546875,1.0,32.0,31642,16117,live,910GPADTLL,Paddington,,,,
7477,2026-08-12T16:40:16.000+01:00,5.73008918762207,6.361313819885254,6.741015434265137,679.0,29.854658126831055,32.65318298339844,33.417259216308594,1021.81494140625,0.1153564453125,1.0,34.0,31650,16127,live,910GPADTLL,Paddington,,,,
7478,2026-08-12T16:40:26.000+01:00,5.839397430419922,6.472647666931152,6.846999645233154,659.0,29.865339279174805,32.651763916015625,33.449302673339844,1021.821533203125,0.06591796875,1.0,38.0,31619,16133,live,910GPADTLL,Paddington,,,,
7479,2026-08-12T16:40:36.000+01:00,7.428491115570068,8.226319313049316,8.692801475524902,649.0,29.89204216003418,32.67755889892578,33.466087341308594,1021.8156127929688,0.0592041015625,1.0,41.0,31632,16136,live,910GPADTLL,Paddington,,,,
7480,2026-08-12T16:40:46.000+01:00,8.135612487792969,9.01719856262207,9.537907600402832,637.0,29.897382736206055,32.68975067138672,33.614097595214844,1021.8233642578125,0.0775146484375,1.0,45.0,31604,16136,live,910GPADTLL,Paddington,,,,
7481,2026-08-12T16:40:56.000+01:00,8.757790565490723,9.715143203735352,10.28617000579834,634.0,29.9481201171875,32.714141845703125,33.65682601928711,1021.7970581054688,0.2630615234375,1.0,50.0,31609,16144,live,910GPADTLL,Paddington,,,,
7482,2026-08-12T16:41:06.000+01:00,9.24359130859375,10.253517150878906,10.855549812316895,631.0,29.93476676940918,32.726898193359375,33.74837875366211,1021.82275390625,0.2569580078125,1.0,54.0,31582,16158,live,910GPADTLL,Paddington,,,,
7483,2026-08-12T16:41:16.000+01:00,9.172222137451172,10.192622184753418,10.812983512878418,628.0,29.966812133789062,32.71868133544922,33.82619857788086,1021.8234252929688,,1.0,59.0,31556,16163,buffered,,,,,,
7484,2026-08-12T16:41:26.000+01:00,8.171030044555664,9.110214233398438,9.700790405273438,628.0,29.93476676940918,32.747314453125,33.952850341796875,1021.8113403320312,0.1141357421875,1.0,63.0,31567,16173,live,,,,,51.51655692915908,-0.17805382172375178
7485,2026-08-12T16:41:36.000+01:00,7.077218532562256,7.8952555656433105,8.412527084350586,629.0,29.945449829101562,32.73541259765625,33.978790283203125,1021.5072021484375,3.0413818359375,1.0,64.0,31593,16190,live,,,,,51.51653001623721,-0.17801777497520777
7486,2026-08-12T16:41:46.000+01:00,6.151248931884766,6.868270397186279,7.325425624847412,630.0,29.9481201171875,32.77283477783203,33.940643310546875,1021.0946044921875,4.1259765625,1.0,64.0,31586,16189,live,,,,,51.516447405950814,-0.1779056226882694
7487,2026-08-12T16:41:56.000+01:00,5.599833965301514,6.253840446472168,6.671601295471191,631.0,29.982833862304688,32.75922393798828,33.960479736328125,1021.0487670898438,0.4583740234375,1.0,63.0,31628,16198,live,,,,,51.516447405950814,-0.1779056226882694
7488,2026-08-12T16:42:06.000+01:00,5.983704566955566,6.667664527893066,7.095354080200195,630.0,29.988174438476562,32.743064880371094,33.77889633178711,1021.0523681640625,,1.0,59.0,31674,16213,buffered,,,,,,
7489,2026-08-12T16:42:16.000+01:00,6.161779880523682,6.864343166351318,7.302558898925781,630.0,30.00152587890625,32.77595520019531,33.71328353881836,1021.0585327148438,,1.0,58.0,31596,16196,buffered,,,,,,
7490,2026-08-12T16:42:26.000+01:00,6.148091793060303,6.841934680938721,7.2701735496521,627.0,30.00152587890625,32.802894592285156,33.71328353881836,1021.0607299804688,,1.0,59.0,31646,16197,buffered,,,,,,
7491,2026-08-12T16:42:36.000+01:00,6.181511402130127,6.8515753746032715,7.247499942779541,626.0,30.017547607421875,32.814796447753906,33.74227523803711,1021.2115478515625,,1.0,55.0,31674,16200,buffered,,,,,,
7492,2026-08-12T16:42:46.000+01:00,5.994263648986816,6.610019683837891,6.951184272766113,623.0,30.049591064453125,32.850807189941406,33.65530014038086,1021.6367797851562,,1.0,53.0,31657,16194,buffered,,,,,,
7493,2026-08-12T16:42:56.000+01:00,6.465580463409424,7.108409404754639,7.449561595916748,619.0,30.102998733520508,32.88341522216797,33.68429183959961,1021.8453979492188,7.96630859375,1.0,54.0,31639,16193,live,,,,,51.51651386512167,-0.17799651024113158
7494,2026-08-12T16:43:06.000+01:00,7.163647651672363,7.8681535720825195,8.236420631408691,620.0,30.10032844543457,32.917449951171875,33.77431869506836,1021.8304443359375,0.1495361328125,1.0,56.0,31632,16197,live,,,,,51.51651386512167,-0.17799651024113158
7495,2026-08-12T16:43:16.000+01:00,7.925002098083496,8.688558578491211,9.076066970825195,620.0,30.094987869262695,32.94636535644531,33.87044906616211,1021.822021484375,,1.0,58.0,31611,16200,buffered,,,,,,
7496,2026-08-12T16:43:26.000+01:00,11.250280380249023,12.339886665344238,12.897114753723145,623.0,30.137712478637695,32.96649932861328,33.879608154296875,1021.8245849609375,,1.0,61.0,31588,16209,buffered,,,,,,
7497,2026-08-12T16:43:36.000+01:00,16.58608055114746,18.253372192382812,19.151473999023438,629.0,30.15373420715332,33.003082275390625,33.84908676147461,1021.84130859375,,1.0,65.0,31438,16209,buffered,,,,,,
7498,2026-08-12T16:43:46.000+01:00,22.288440704345703,24.81272315979004,26.37642478942871,628.0,30.196460723876953,33.05213165283203,33.904022216796875,1021.827392578125,,1.0,89.0,31302,16198,buffered,,,,,,
7499,2026-08-12T16:43:56.000+01:00,22.650068283081055,25.382217407226562,27.181171417236328,630.0,30.247196197509766,33.087860107421875,33.949798583984375,1021.846435546875,0.159912109375,1.0,153.0,31165,16191,live,,,,,51.516520594613766,-0.17799225301980773
7500,2026-08-12T16:44:06.000+01:00,9.269439697265625,10.431680679321289,11.223372459411621,632.0,30.279239654541016,33.117637634277344,33.499656677246094,1021.8721313476562,0.2569580078125,1.0,225.0,31070,16200,live,,,,,51.51655500551085,-0.1780656340054496
7501,2026-08-12T16:44:16.000+01:00,4.3346967697143555,4.894953727722168,5.286242485046387,633.0,30.292591094970703,33.15874481201172,33.04646301269531,1021.89111328125,,1.0,260.0,31138,16164,buffered,,,,,,
7502,2026-08-12T16:44:26.000+01:00,3.906813621520996,4.428234100341797,4.801605224609375,633.0,30.31929588317871,33.20014953613281,32.71992111206055,1021.8886108398438,,1.0,270.0,31161,16129,buffered,,,,,,
7503,2026-08-12T16:44:36.000+01:00,5.595687389373779,6.350656032562256,6.895670413970947,631.0,30.38338279724121,33.23218536376953,32.368961334228516,1021.8831176757812,,1.0,277.0,31135,16098,buffered,,,,,,
7504,2026-08-12T16:44:46.000+01:00,11.472146034240723,13.012831687927246,14.121241569519043,628.0,30.38338279724121,33.265647888183594,32.246891021728516,1021.8822021484375,,1.0,281.0,31130,16067,buffered,,,,,,
7505,2026-08-12T16:44:56.000+01:00,13.140191078186035,14.915719985961914,16.19890594482422,623.0,30.412755966186523,33.30760955810547,32.0775146484375,1021.8931884765625,,1.0,285.0,31127,16055,buffered,,,,,,
7506,2026-08-12T16:45:06.000+01:00,13.722432136535645,15.737997055053711,17.280942916870117,616.0,30.431447982788086,33.333984375,31.96612548828125,1021.654296875,,1.0,287.0,31130,16030,buffered,,,,,,
7507,2026-08-12T16:45:16.000+01:00,14.408271789550781,16.661252975463867,18.45318603515625,617.0,30.44213104248047,33.36687469482422,31.760128021240234,1022.5677490234375,,1.0,287.0,31125,16022,buffered,,,,,,
7508,2026-08-12T16:45:26.000+01:00,14.40029239654541,16.677261352539062,18.49993324279785,621.0,30.476844787597656,33.398345947265625,31.731136322021484,1022.419189453125,,1.0,287.0,31129,15994,buffered,,,,,,
7509,2026-08-12T16:45:36.000+01:00,13.979741096496582,16.190431594848633,17.960145950317383,622.0,30.49553680419922,33.42897033691406,31.729610443115234,1023.0447387695312,,1.0,286.0,31121,16003,buffered,,,,,,
7510,2026-08-12T16:45:46.000+01:00,13.719853401184082,15.843862533569336,17.523361206054688,624.0,30.551612854003906,33.44513702392578,31.65484046936035,1021.8577880859375,,1.0,288.0,31104,15990,buffered,,,,,,
7511,2026-08-12T16:45:56.000+01:00,12.122222900390625,13.995137214660645,15.474333763122559,627.0,30.540931701660156,33.47291564941406,31.5648136138916,1021.1670532226562,,1.0,289.0,31105,15986,buffered,,,,,,
7512,2026-08-12T16:46:06.000+01:00,11.384273529052734,13.178091049194336,14.6111478805542,627.0,30.567636489868164,33.499290466308594,31.313039779663086,1020.691162109375,11.8096923828125,1.0,288.0,31121,15974,live,,,,,,
7513,2026-08-12T16:46:16.000+01:00,11.045122146606445,12.80691146850586,14.224199295043945,628.0,30.597009658813477,33.535011291503906,31.17265510559082,1020.7921142578125,1.009521484375,1.0,287.0,31120,15963,live,,,,,,
7514,2026-08-12T16:46:26.000+01:00,10.560165405273438,12.272432327270508,13.662489891052246,627.0,30.60235023498535,33.55713653564453,31.023117065429688,1020.6528930664062,1.3922119140625,1.0,286.0,31116,15946,live,,,,,,
7515,2026-08-12T16:46:36.000+01:00,9.741451263427734,11.337861061096191,12.64139175415039,627.0,30.597009658813477,33.563377380371094,30.847639083862305,1020.3954467773438,2.574462890625,1.0,285.0,31102,15929,live,,,,,,
7516,2026-08-12T16:46:46.000+01:00,9.469742774963379,11.05390739440918,12.361671447753906,628.0,30.6557559967041,33.585205078125,30.65690040588379,1020.3077392578125,0.8770751953125,1.0,288.0,31086,15910,live,,,,,,
7517,2026-08-12T16:46:56.000+01:00,8.427356719970703,9.784114837646484,10.881246566772461,627.0,30.650415420532227,33.59967041015625,30.373083114624023,1020.7654418945312,4.5770263671875,1.0,291.0,31079,15898,live,,,,,,
7518,2026-08-12T16:47:06.000+01:00,7.7042741775512695,8.904666900634766,9.857422828674316,626.0,30.67978858947754,33.571311950683594,30.177766799926758,1022.1068115234375,13.4136962890625,1.0,289.0,31125,15882,live,910GPADTLL,Paddington,,,,
7519,2026-08-12T16:47:16.000+01:00,7.357176780700684,8.487594604492188,9.37743854522705,626.0,30.66910743713379,33.581520080566406,29.910734176635742,1022.0122680664062,0.9454345703125,1.0,285.0,31098,15870,live,,,,,,
7520,2026-08-12T16:47:26.000+01:00,7.38427734375,8.493412017822266,9.354537010192871,627.0,30.698482513427734,33.60051727294922,29.39192771911621,1022.2078857421875,1.9561767578125,1.0,291.0,31038,15856,live,,,,,,
7521,2026-08-12T16:47:36.000+01:00,15.041290283203125,17.288496017456055,19.027427673339844,628.0,30.6557559967041,33.53728485107422,29.35530662536621,1022.7991943359375,5.9130859375,1.0,303.0,31073,15827,live,,,,,,
7522,2026-08-12T16:47:46.000+01:00,11.152765274047852,12.797825813293457,14.06055736541748,630.0,30.6130313873291,33.50127410888672,30.348669052124023,1022.7891235351562,0.1007080078125,1.0,273.0,31238,15824,live,,,,,51.513388143083226,-0.14920600376077783
7523,2026-08-12T16:47:56.000+01:00,9.44360637664795,10.845322608947754,11.925558090209961,631.0,30.586328506469727,33.421600341796875,31.14671516418457,1022.8259887695312,0.36865234375,1.0,238.0,31299,15906,live,,,,,51.513388143083226,-0.14920600376077783
7524,2026-08-12T16:48:06.000+01:00,7.642463684082031,8.790260314941406,9.68134593963623,629.0,30.54627227783203,33.43775939941406,31.708248138427734,1022.8068237304688,0.191650390625,1.0,202.0,31391,15957,live,,,,,51.51338640027287,-0.14918566009295092
7525,2026-08-12T16:48:16.000+01:00,6.077939987182617,7.005760669708252,7.733283519744873,624.0,30.47417449951172,33.41026306152344,32.10040283203125,1022.77099609375,0.3582763671875,1.0,179.0,31420,16000,live,,,,,51.51338640027287,-0.14918566009295092
7526,2026-08-12T16:48:26.000+01:00,4.914167404174805,5.671644687652588,6.269057273864746,623.0,30.38338279724121,33.39720916748047,32.45288848876953,1022.440185546875,3.30810546875,1.0,177.0,31373,16023,live,,,,,51.51338640027287,-0.14918566009295092
7527,2026-08-12T16:48:36.000+01:00,3.926889419555664,4.52312707901001,4.989126682281494,624.0,30.3967342376709,33.34674072265625,32.6604118347168,1022.0086059570312,4.3157958984375,1.0,170.0,31447,16040,live,,,,,51.51338640027287,-0.14918566009295092
7528,2026-08-12T16:48:46.000+01:00,4.393421173095703,5.0596537590026855,5.579957485198975,623.0,30.38338279724121,33.255157470703125,32.6787223815918,1021.9542236328125,0.5438232421875,1.0,154.0,31281,16067,live,,,,,51.51338640027287,-0.14918566009295092
7529,2026-08-12T16:48:56.000+01:00,5.466468811035156,6.326625823974609,7.013246536254883,626.0,30.27389907836914,33.17774200439453,33.36079788208008,1022.0410766601562,0.8685302734375,1.0,188.0,30942,16056,live,,,,,51.51338640027287,-0.14918566009295092
7530,2026-08-12T16:49:06.000+01:00,10.701752662658691,12.513517379760742,14.018458366394043,684.0,30.183107376098633,33.09239959716797,34.477760314941406,1021.9393920898438,1.016845703125,1.0,258.0,30895,16092,live,,,,,51.51338640027287,-0.14918566009295092
7531,2026-08-12T16:49:16.000+01:00,13.62354850769043,16.13728141784668,18.31379508972168,737.0,30.167085647583008,33.0450439453125,35.23918533325195,1021.9686889648438,0.29296875,1.0,295.0,30939,16150,live,,,,,51.51338640027287,-0.14918566009295092
7532,2026-08-12T16:49:26.000+01:00,16.582300186157227,19.87101173400879,22.8082332611084,783.0,30.116350173950195,33.04759216308594,35.739681243896484,1021.9970092773438,0.283203125,1.0,311.0,30957,16210,live,,,,,51.51338640027287,-0.14918566009295092
7533,2026-08-12T16:49:36.000+01:00,17.468151092529297,20.941198348999023,24.046207427978516,817.0,30.137712478637695,33.03199768066406,36.089111328125,1021.9849853515625,0.1202392578125,1.0,320.0,30940,16250,live,,,,,51.51338640027287,-0.14918566009295092
7534,2026-08-12T16:49:46.000+01:00,18.189815521240234,21.849258422851562,25.136503219604492,847.0,30.196460723876953,33.04192352294922,36.41260528564453,1022.0438842773438,0.5889892578125,1.0,330.0,30911,16283,live,,,,,51.5135209184057,-0.14916657518473722
7535,2026-08-12T16:49:56.000+01:00,22.63949966430664,27.380550384521484,31.706340789794922,881.0,30.148393630981445,32.97642517089844,36.67353439331055,1021.98583984375,0.5804443359375,1.0,340.0,30893,16317,live,,,,,51.513571083939084,-0.14914960947863226
7536,2026-08-12T16:50:06.000+01:00,30.83978271484375,37.84284210205078,44.420475006103516,898.0,30.127031326293945,32.906951904296875,37.05805969238281,1022.1511840820312,1.6534423828125,1.0,345.0,30908,16337,live,,,,,51.51342765252149,-0.1491823631904324
7537,2026-08-12T16:50:16.000+01:00,40.48362350463867,50.14000701904297,59.357234954833984,912.0,30.081636428833008,32.950340270996094,37.442588806152344,1021.9444580078125,2.0672607421875,1.0,340.0,30972,16357,live,,,,,51.51366315218906,-0.14914285846435368
7538,2026-08-12T16:50:26.000+01:00,41.435665130615234,53.22520065307617,65.05595397949219,928.0,30.145723342895508,33.009315490722656,37.547874450683594,1021.9939575195312,0.4949951171875,1.0,329.0,31004,16376,live,,,,,51.51383255690671,-0.1491399821067854
7539,2026-08-12T16:50:36.000+01:00,38.99195098876953,50.370880126953125,61.86189270019531,930.0,30.156404495239258,33.03710174560547,37.63637924194336,1022.4893798828125,4.9542236328125,1.0,321.0,30972,16401,live,,,,,51.51385284751265,-0.14922122102313282
7540,2026-08-12T16:50:46.000+01:00,86.1957015991211,109.10717010498047,131.68899536132812,931.0,30.177766799926758,33.06603240966797,37.63027572631836,1022.3789672851562,1.1041259765625,1.0,320.0,30918,16415,live,940GZZLUBND,Bond Street,,,,
7541,2026-08-12T16:50:56.000+01:00,104.23091888427734,130.11117553710938,155.12295532226562,934.0,30.196460723876953,33.10260009765625,38.529029846191406,1022.5603637695312,1.81396484375,1.0,342.0,30769,16431,live,940GZZLUBND,Bond Street,,,,
7542,2026-08-12T16:51:06.000+01:00,109.4893798828125,134.7237091064453,158.54336547851562,937.0,30.212482452392578,33.146270751953125,39.06004333496094,1022.3859252929688,1.744384765625,1.0,363.0,30730,16482,live,940GZZLUBND,Bond Street,,,,
7543,2026-08-12T16:51:16.000+01:00,113.77741241455078,137.32542419433594,158.7147674560547,943.0,30.268558502197266,33.17633056640625,39.36369705200195,1022.4620971679688,0.76171875,1.0,378.0,30719,16511,live,940GZZLUBND,Bond Street,,,,
7544,2026-08-12T16:51:26.000+01:00,116.25354766845703,140.2664794921875,162.06153869628906,953.0,30.32997703552246,33.225669860839844,39.635311126708984,1022.4996337890625,0.3753662109375,1.0,386.0,30705,16531,live,,,,,51.51391513000953,-0.14920859190742242
7545,2026-08-12T16:51:36.000+01:00,114.5376968383789,136.3221893310547,155.4390411376953,965.0,30.39406394958496,33.27471923828125,39.775691986083984,1022.5960693359375,,1.0,391.0,30689,16550,buffered,,,,,,
7546,2026-08-12T16:51:46.000+01:00,114.75115966796875,136.0410614013672,154.5206298828125,979.0,30.476844787597656,33.33000946044922,39.92218017578125,1022.9403076171875,4.40673828125,1.0,394.0,30687,16556,live,,,,,,
7547,2026-08-12T16:51:56.000+01:00,112.15210723876953,132.8025665283203,150.66583251953125,1016.0,30.53826141357422,33.40940856933594,40.328067779541016,1025.7869873046875,28.466796875,1.0,399.0,30639,16571,live,,,,,,
7548,2026-08-12T16:52:06.000+01:00,108.70746612548828,128.38763427734375,145.27969360351562,1046.0,30.60502052307129,33.46015930175781,40.97047424316406,1021.822265625,39.647216796875,1.0,405.0,30598,16593,live,,,,,,
7549,2026-08-12T16:52:16.000+01:00,103.68953704833984,122.33726501464844,138.2936553955078,1060.0,30.64507484436035,33.50666046142578,41.22835159301758,1022.2029418945312,3.8067626953125,1.0,423.0,30050,16631,live,,,,,,
7550,2026-08-12T16:52:26.000+01:00,106.45196533203125,125.4550552368164,141.65870666503906,1101.0,30.709163665771484,33.56678009033203,41.483177185058594,1022.67822265625,4.7528076171875,1.0,450.0,29134,16644,live,,,,,,
7551,2026-08-12T16:52:36.000+01:00,107.02642059326172,125.52518463134766,141.05319213867188,1119.0,30.821317672729492,33.66034698486328,42.000457763671875,1022.5306396484375,1.475830078125,1.0,469.0,28974,16659,live,,,,,,
7552,2026-08-12T16:52:46.000+01:00,112.3518295288086,134.47080993652344,154.166259765625,1137.0,30.890745162963867,33.720176696777344,42.26901626586914,1022.413818359375,1.168212890625,1.0,480.0,29092,16683,live,940GZZLUOXC,Oxford Circus,,,,
7553,2026-08-12T16:52:56.000+01:00,134.37278747558594,165.48580932617188,194.8996124267578,1153.0,30.933469772338867,33.79077911376953,42.23544692993164,1022.5099487304688,0.9613037109375,1.0,483.0,29742,16699,live,940GZZLUOXC,Oxford Circus,,,,
7554,2026-08-12T16:53:06.000+01:00,143.09353637695312,180.12118530273438,216.3422393798828,1161.0,31.024261474609375,33.85627746582031,42.043182373046875,1022.508056640625,0.0189208984375,1.0,477.0,29878,16699,live,940GZZLUOXC,Oxford Circus,,,,
7555,2026-08-12T16:53:16.000+01:00,145.27047729492188,183.31277465820312,220.65237426757812,1164.0,31.05096435546875,33.92943572998047,41.930267333984375,1022.3431396484375,1.649169921875,1.0,469.0,30100,16690,live,940GZZLUOXC,Oxford Circus,,,,
7556,2026-08-12T16:53:26.000+01:00,147.0412139892578,182.82240295410156,217.19085693359375,1165.0,31.053634643554688,34.028114318847656,42.049285888671875,1021.8380737304688,5.0506591796875,1.0,452.0,30271,16692,live,940GZZLUOXC,Oxford Circus,,,,
7557,2026-08-12T16:53:36.000+01:00,147.06504821777344,181.6381378173828,214.4857635498047,1165.0,31.11772346496582,34.165061950683594,42.020294189453125,1022.2001342773438,3.62060546875,1.0,434.0,30334,16690,live,940GZZLUOXC,Oxford Circus,,,,
7558,2026-08-12T16:53:46.000+01:00,148.9139404296875,183.60595703125,216.46946716308594,1164.0,31.192493438720703,34.252113342285156,41.898223876953125,1022.705322265625,5.0518798828125,1.0,418.0,30393,16694,live,940GZZLUOXC,Oxford Circus,,,,
7559,2026-08-12T16:53:56.000+01:00,148.22109985351562,182.73597717285156,215.4268341064453,1164.0,31.267261505126953,34.33831024169922,41.73952865600586,1023.2257690429688,5.2044677734375,1.0,403.0,30430,16696,live,940GZZLUOXC,Oxford Circus,,,,
7560,2026-08-12T16:54:06.000+01:00,151.04782104492188,185.58187866210938,218.09259033203125,1164.0,31.32600975036621,34.55409240722656,41.504539489746094,1022.7175903320312,5.081787109375,1.0,392.0,30458,16694,live,940GZZLUOXC,Oxford Circus,,,,
7561,2026-08-12T16:54:16.000+01:00,151.16673278808594,186.74012756347656,220.54920959472656,1163.0,31.47821807861328,34.623565673828125,41.11848449707031,1022.4943237304688,2.232666015625,1.0,382.0,30456,16695,live,940GZZLUOXC,Oxford Circus,,,,
7562,2026-08-12T16:54:26.000+01:00,147.44346618652344,179.88919067382812,210.0343780517578,1161.0,31.582361221313477,34.737548828125,41.19630813598633,1022.3442993164062,1.500244140625,1.0,377.0,30442,16689,live,,,,,,
7563,2026-08-12T16:54:36.000+01:00,145.7118682861328,179.06106567382812,210.4674530029297,1158.0,31.681161880493164,34.7999267578125,41.29701614379883,1022.3577270507812,0.13427734375,1.0,373.0,30449,16693,live,,,,,,
7564,2026-08-12T16:54:46.000+01:00,142.7976531982422,177.49349975585938,210.8037872314453,1157.0,31.782634735107422,34.86656951904297,41.29396438598633,1022.7843627929688,4.266357421875,1.0,370.0,30433,16703,live,,,,,,
7565,2026-08-12T16:54:56.000+01:00,138.61834716796875,172.72760009765625,205.60226440429688,1157.0,31.881437301635742,34.9439697265625,41.33668899536133,1023.66650390625,8.8214111328125,1.0,369.0,30425,16713,live,,,,,,
7566,2026-08-12T16:55:06.000+01:00,135.5216827392578,168.61550903320312,200.4370880126953,1158.0,31.969558715820312,35.005218505859375,41.36110305786133,1023.7125854492188,0.4608154296875,1.0,370.0,30404,16714,live,,,,,,
7567,2026-08-12T16:55:16.000+01:00,133.8992156982422,164.61825561523438,193.57086181640625,1159.0,32.0469970703125,35.08092498779297,41.21004104614258,1022.122314453125,15.9027099609375,1.0,369.0,30418,16716,live,,,,,,
7568,2026-08-12T16:55:26.000+01:00,133.0406494140625,161.8674774169922,188.50283813476562,1163.0,32.1351203918457,35.13621520996094,41.28633499145508,1021.962158203125,1.6015625,1.0,369.0,30403,16712,live,,,,,,
7569,2026-08-12T16:55:36.000+01:00,133.418212890625,161.86032104492188,187.9845428466797,1168.0,32.20988845825195,35.22723388671875,41.29243850708008,1022.5460205078125,5.838623046875,1.0,369.0,30396,16713,live,,,,,,
7570,2026-08-12T16:55:46.000+01:00,133.2732391357422,162.30535888671875,189.18197631835938,1181.0,32.28999710083008,35.290184020996094,41.437400817871094,1022.2412719726562,3.0474853515625,1.0,369.0,30378,16720,live,940GZZLUTCR,Tottenham Court Road,,,,
7571,2026-08-12T16:55:56.000+01:00,139.39703369140625,171.307861328125,201.36184692382812,1186.0,32.3701057434082,35.39226531982422,41.15205764770508,1022.0021362304688,2.391357421875,1.0,368.0,30395,16732,live,940GZZLUTCR,Tottenham Court Road,,,,
7572,2026-08-12T16:56:06.000+01:00,143.16275024414062,175.5956268310547,206.033935546875,1187.0,32.450218200683594,35.47875213623047,40.91096496582031,1022.2112426757812,2.091064453125,1.0,367.0,30384,16726,live,940GZZLUTCR,Tottenham Court Road,,,,
7573,2026-08-12T16:56:16.000+01:00,147.36767578125,180.1849822998047,210.8029022216797,1187.0,32.524986267089844,35.633277893066406,40.7507438659668,1021.9556884765625,2.5555419921875,1.0,366.0,30374,16715,live,940GZZLUTCR,Tottenham Court Road,,,,
7574,2026-08-12T16:56:26.000+01:00,150.94374084472656,183.991455078125,214.6407012939453,1187.0,32.53032684326172,35.74358367919922,40.53864288330078,1022.343017578125,3.873291015625,1.0,364.0,30417,16716,live,940GZZLUTCR,Tottenham Court Road,,,,
7575,2026-08-12T16:56:36.000+01:00,149.1240692138672,180.2249755859375,208.55772399902344,1187.0,32.618446350097656,35.82439422607422,40.53711700439453,1022.4837646484375,1.407470703125,1.0,361.0,30397,16710,live,940GZZLUTCR,Tottenham Court Road,,,,
7576,2026-08-12T16:56:46.000+01:00,151.6248779296875,183.08018493652344,211.6778564453125,1187.0,32.71992111206055,35.89727020263672,40.39063262939453,1022.3357543945312,1.4801025390625,1.0,361.0,30385,16717,live,940GZZLUTCR,Tottenham Court Road,,,,
7577,2026-08-12T16:56:56.000+01:00,151.80181884765625,183.82723999023438,213.12905883789062,1188.0,32.7946891784668,35.94886779785156,40.233463287353516,1022.396728515625,0.6097412109375,1.0,360.0,30404,16719,live,940GZZLUTCR,Tottenham Court Road,,,,
7578,2026-08-12T16:57:06.000+01:00,144.45462036132812,178.7214813232422,211.37265014648438,1190.0,32.8374137878418,35.991119384765625,39.98016357421875,1022.1799926757812,2.1673583984375,1.0,353.0,30476,16727,live,940GZZLUTCR,Tottenham Court Road,,,,
7579,2026-08-12T16:57:16.000+01:00,138.2974395751953,170.81631469726562,201.71437072753906,1188.0,32.88548278808594,36.047264099121094,39.659725189208984,1022.4193725585938,2.393798828125,1.0,347.0,30486,16723,live,940GZZLUTCR,Tottenham Court Road,,,,
7580,2026-08-12T16:57:26.000+01:00,134.9677276611328,166.54212951660156,196.4931182861328,1186.0,32.930877685546875,36.141685485839844,39.33623123168945,1022.9949340820312,5.755615234375,1.0,341.0,30487,16716,live,940GZZLUTCR,Tottenham Court Road,,,,
7581,2026-08-12T16:57:36.000+01:00,142.16262817382812,174.82708740234375,205.62892150878906,1183.0,32.96025085449219,36.23213195800781,39.3713264465332,1022.755859375,2.3907470703125,1.0,342.0,30420,16703,live,940GZZLUTCR,Tottenham Court Road,,,,
7582,2026-08-12T16:57:46.000+01:00,159.49618530273438,194.02850341796875,225.9266357421875,1169.0,32.93621826171875,36.291969299316406,39.42473602294922,1022.5303955078125,2.254638671875,1.0,345.0,30405,16711,live,940GZZLUTCR,Tottenham Court Road,,,,
7583,2026-08-12T16:57:56.000+01:00,159.41749572753906,193.9061737060547,225.75509643554688,1169.0,32.9041748046875,36.335914611816406,39.47203826904297,1022.5030517578125,0.2734375,1.0,346.0,30416,16702,live,940GZZLUTCR,Tottenham Court Road,,,,
7584,2026-08-12T16:58:06.000+01:00,154.5316162109375,186.8796844482422,216.38990783691406,1168.0,32.99763488769531,36.4036865234375,39.3163948059082,1022.331787109375,1.712646484375,1.0,347.0,30398,16698,live,940GZZLUTCR,Tottenham Court Road,,,,
7585,2026-08-12T16:58:16.000+01:00,150.74542236328125,181.5734405517578,209.44589233398438,1167.0,33.069732666015625,36.45188903808594,39.2462043762207,1022.4349975585938,1.0321044921875,1.0,348.0,30378,16687,live,,,,,51.51622375037173,-0.13017604741079228
7586,2026-08-12T16:58:26.000+01:00,145.3734130859375,173.4056854248047,198.1508026123047,1168.0,33.1418342590332,36.519371032714844,39.39727020263672,1022.7056274414062,2.706298828125,1.0,350.0,30356,16694,live,,,,,51.51622375037173,-0.13017604741079228
7587,2026-08-12T16:58:36.000+01:00,138.4275360107422,164.9536895751953,188.3068389892578,1168.0,33.235294342041016,36.58146667480469,39.49492645263672,1024.49072265625,17.8509521484375,1.0,352.0,30328,16694,live,,,,,51.516188099970684,-0.13011058174972753
7588,2026-08-12T16:58:46.000+01:00,135.92181396484375,161.83206176757812,184.59173583984375,1169.0,33.331424713134766,36.638458251953125,39.649044036865234,1023.6683349609375,8.223876953125,1.0,356.0,30315,16705,live,,,,,51.516188099970684,-0.13011058174972753
7589,2026-08-12T16:58:56.000+01:00,136.87718200683594,163.7493133544922,187.6494598388672,1176.0,33.38483428955078,36.69800567626953,39.716182708740234,1024.1119384765625,4.43603515625,1.0,358.0,30309,16712,live,,,,,51.516188099970684,-0.13011058174972753
7590,2026-08-12T16:59:06.000+01:00,135.97032165527344,163.4846649169922,188.25794982910156,1200.0,33.464942932128906,36.751312255859375,39.745174407958984,1023.0525512695312,10.5938720703125,1.0,361.0,30264,16712,live,,,,,51.516188099970684,-0.13011058174972753
7591,2026-08-12T16:59:16.000+01:00,137.38119506835938,165.902587890625,191.84017944335938,1207.0,33.531700134277344,36.817100524902344,39.822994232177734,1022.4586181640625,5.9393310546875,1.0,363.0,30285,16716,live,940GZZLUTCR,Tottenham Court Road,,,,
7593,2026-08-12T16:59:36.000+01:00,133.663330078125,160.1846466064453,183.8759002685547,1251.0,33.69993209838867,36.94072723388672,39.848934173583984,1022.7400512695312,2.8143310546875,1.0,365.0,30264,16714,live,,,,,,
7594,2026-08-12T16:59:46.000+01:00,134.7642059326172,159.529052734375,180.93211364746094,1266.0,33.75600814819336,36.99601745605469,39.847408294677734,1023.058837890625,3.1878662109375,1.0,365.0,30245,16718,live,,,,,,
7595,2026-08-12T16:59:56.000+01:00,133.63055419921875,157.0483856201172,176.83953857421875,1282.0,33.814754486083984,37.075408935546875,39.844356536865234,1023.0357666015625,0.230712890625,1.0,365.0,30243,16718,live,,,,,,
7596,2026-08-12T17:00:06.000+01:00,131.8118896484375,156.4827423095703,177.98094177246094,1284.0,33.86281967163086,37.11766052246094,39.89166259765625,1023.0530395507812,0.1727294921875,1.0,363.0,30309,16732,live,940GZZLUHBN,Holborn,,,,
7597,2026-08-12T17:00:16.000+01:00,128.85934448242188,155.21157836914062,179.03733825683594,1285.0,33.916229248046875,37.18571472167969,39.34538650512695,1023.2637329101562,2.10693359375,1.0,356.0,30341,16735,live,940GZZLUHBN,Holborn,,,,
7598,2026-08-12T17:00:26.000+01:00,126.82295227050781,154.97265625,181.20574951171875,1277.0,33.980316162109375,37.25007629394531,39.02189636230469,1023.1334228515625,1.3031005859375,1.0,351.0,30373,16719,live,940GZZLUHBN,Holborn,,,,
7599,2026-08-12T17:00:36.000+01:00,124.45189666748047,151.32606506347656,176.12657165527344,1258.0,34.00434875488281,37.318695068359375,38.518348693847656,1023.0365600585938,0.9686279296875,1.0,344.0,30438,16719,live,940GZZLUHBN,Holborn,,,,
7600,2026-08-12T17:00:46.000+01:00,127.78141784667969,155.35008239746094,180.78334045410156,1226.0,33.8227653503418,37.34931945800781,38.20706558227539,1021.8358764648438,12.0068359375,1.0,339.0,30395,16707,live,940GZZLUHBN,Holborn,,,,
7601,2026-08-12T17:00:56.000+01:00,123.91241455078125,151.6828155517578,177.64930725097656,1214.0,33.81208419799805,37.30083465576172,37.943084716796875,1022.26416015625,4.2828369140625,1.0,335.0,30500,16685,live,940GZZLUHBN,Holborn,,,,
7602,2026-08-12T17:01:06.000+01:00,120.16169738769531,146.35858154296875,170.61744689941406,1187.0,33.486305236816406,37.33514404296875,37.83016586303711,1022.9927368164062,7.2857666015625,1.0,333.0,30477,16683,live,940GZZLUHBN,Holborn,,,,
7603,2026-08-12T17:01:16.000+01:00,124.41829681396484,151.27908325195312,176.06520080566406,1156.0,33.553062438964844,37.380226135253906,37.64095687866211,1023.2830200195312,2.90283203125,1.0,332.0,30434,16650,live,940GZZLUHBN,Holborn,,,,
7604,2026-08-12T17:01:26.000+01:00,126.34219360351562,153.98123168945312,179.60693359375,1140.0,33.6305046081543,37.41056823730469,37.602806091308594,1023.4078979492188,1.248779296875,1.0,332.0,30415,16647,live,940GZZLUHBN,Holborn,,,,
7605,2026-08-12T17:01:36.000+01:00,127.65338897705078,156.12962341308594,182.7133026123047,1131.0,33.71328353881836,37.4471435546875,37.584495544433594,1023.5320434570312,1.241455078125,1.0,332.0,30317,16654,live,940GZZLUHBN,Holborn,,,,
7606,2026-08-12T17:01:46.000+01:00,129.19140625,157.46426391601562,183.6811065673828,1124.0,33.75333786010742,37.488258361816406,37.470054626464844,1023.3931884765625,1.3885498046875,1.0,334.0,30270,16665,live,940GZZLUHBN,Holborn,,,,
7607,2026-08-12T17:01:56.000+01:00,130.27694702148438,157.6309814453125,182.61402893066406,1119.0,33.7800407409668,37.53277587890625,37.413597106933594,1023.2371826171875,1.56005859375,1.0,337.0,30299,16663,live,940GZZLUHBN,Holborn,,,,
7608,2026-08-12T17:02:06.000+01:00,133.29457092285156,160.13662719726562,184.25787353515625,1114.0,33.86014938354492,37.57530975341797,37.28541946411133,1023.4342041015625,1.97021484375,1.0,337.0,30326,16673,live,940GZZLUHBN,Holborn,,,,
7609,2026-08-12T17:02:16.000+01:00,133.17959594726562,160.26939392089844,184.7104034423828,1108.0,33.86014938354492,37.613868713378906,37.32204055786133,1022.4410400390625,9.931640625,1.0,337.0,30335,16666,live,940GZZLUHBN,Holborn,,,,
7610,2026-08-12T17:02:26.000+01:00,134.47491455078125,161.8826446533203,186.62986755371094,1102.0,33.926910400390625,37.640525817871094,37.10993957519531,1022.6886596679688,2.4761962890625,1.0,336.0,30349,16677,live,940GZZLUHBN,Holborn,,,,
7611,2026-08-12T17:02:36.000+01:00,136.9707489013672,163.83059692382812,187.7085723876953,1102.0,33.96162414550781,37.67511749267578,36.98176574707031,1022.7151489257812,0.264892578125,1.0,334.0,30353,16667,live,,,,,,
7612,2026-08-12T17:02:46.000+01:00,137.93341064453125,164.51832580566406,187.98104858398438,1099.0,34.05775451660156,37.71056365966797,37.476158142089844,1022.675537109375,0.3961181640625,1.0,334.0,30293,16657,live,,,,,,
7613,2026-08-12T17:02:56.000+01:00,137.79946899414062,164.0261993408203,187.04818725585938,1109.0,34.108489990234375,37.75224304199219,38.045318603515625,1023.0380249023438,3.6248779296875,1.0,338.0,30148,16684,live,,,,,,
7614,2026-08-12T17:03:06.000+01:00,135.61253356933594,163.33258056640625,188.39036560058594,1137.0,34.17258071899414,37.778045654296875,38.17654800415039,1023.5292358398438,4.912109375,1.0,353.0,29997,16706,live,,,,,,
7615,2026-08-12T17:03:16.000+01:00,135.39674377441406,163.2835693359375,188.56666564941406,1175.0,34.24734878540039,37.83589172363281,38.33066177368164,1023.03759765625,4.9163818359375,1.0,369.0,29956,16712,live,,,,,,
7616,2026-08-12T17:03:26.000+01:00,134.34014892578125,162.48597717285156,188.1710662841797,1216.0,34.274051666259766,37.89061737060547,38.565650939941406,1021.8247680664062,12.1282958984375,1.0,373.0,30092,16719,live,,,,,,
7617,2026-08-12T17:03:36.000+01:00,136.7207794189453,163.8769073486328,188.1455078125,1244.0,34.316776275634766,37.92237091064453,38.71671676635742,1022.6219482421875,7.9718017578125,1.0,371.0,30113,16724,live,,,,,,
7618,2026-08-12T17:03:46.000+01:00,136.1236572265625,162.54937744140625,185.94268798828125,1272.0,34.40489959716797,37.94108581542969,38.72434616088867,1022.54248046875,0.794677734375,1.0,369.0,30097,16730,live,940GZZLUCHL,Chancery Lane,,,,
7619,2026-08-12T17:03:56.000+01:00,134.97886657714844,161.3914031982422,184.85086059570312,1278.0,34.42626190185547,37.985321044921875,38.63279342651367,1022.528564453125,0.13916015625,1.0,361.0,30245,16742,live,940GZZLUCHL,Chancery Lane,,,,
7620,2026-08-12T17:04:06.000+01:00,136.98838806152344,164.6217803955078,189.47116088867188,1278.0,34.463645935058594,38.03266906738281,37.984283447265625,1022.799560546875,2.7099609375,1.0,352.0,30292,16740,live,940GZZLUCHL,Chancery Lane,,,,
7621,2026-08-12T17:04:16.000+01:00,139.12362670898438,166.6242218017578,191.15235900878906,1271.0,34.517051696777344,38.07463836669922,37.68978500366211,1022.6986083984375,1.009521484375,1.0,346.0,30254,16711,live,940GZZLUCHL,Chancery Lane,,,,
7622,2026-08-12T17:04:26.000+01:00,136.4562530517578,163.92166137695312,188.59825134277344,1244.0,34.56244659423828,38.080589294433594,37.35560989379883,1022.0728149414062,6.2579345703125,1.0,343.0,30370,16712,live,940GZZLUCHL,Chancery Lane,,,,
7623,2026-08-12T17:04:36.000+01:00,124.63224792480469,148.58883666992188,169.70761108398438,1204.0,34.46898651123047,38.12113952636719,36.7238883972168,1021.8590087890625,2.1380615234375,1.0,341.0,30437,16707,live,940GZZLUCHL,Chancery Lane,,,,
7624,2026-08-12T17:04:46.000+01:00,125.32098388671875,150.53005981445312,173.1740264892578,1194.0,34.45563507080078,38.12992858886719,36.64301681518555,1022.0311889648438,1.7218017578125,1.0,339.0,30360,16665,live,940GZZLUCHL,Chancery Lane,,,,
7625,2026-08-12T17:04:56.000+01:00,130.8965606689453,156.99896240234375,180.3633575439453,1176.0,34.442283630371094,38.12199401855469,36.6536979675293,1021.9141235351562,1.170654296875,1.0,337.0,30338,16662,live,940GZZLUCHL,Chancery Lane,,,,
7626,2026-08-12T17:05:06.000+01:00,135.6478271484375,164.0850830078125,190.04214477539062,1163.0,34.47966766357422,38.12681579589844,36.58350372314453,1022.1395874023438,2.254638671875,1.0,335.0,30326,16667,live,940GZZLUCHL,Chancery Lane,,,,
7628,2026-08-12T17:05:26.000+01:00,140.75628662109375,167.88629150390625,191.83042907714844,1147.0,34.485008239746094,38.12482452392578,36.59418487548828,1023.178955078125,10.3936767578125,1.0,332.0,30337,16668,live,940GZZLUCHL,Chancery Lane,,,,
7629,2026-08-12T17:05:36.000+01:00,140.98130798339844,169.04917907714844,194.1563720703125,1143.0,34.396888732910156,38.106117248535156,36.59723663330078,1022.9198608398438,2.5909423828125,1.0,330.0,30356,16670,live,940GZZLUCHL,Chancery Lane,,,,
7630,2026-08-12T17:05:46.000+01:00,138.38998413085938,167.22117614746094,193.47547912597656,1129.0,34.35149002075195,38.142974853515625,36.49805450439453,1022.1878662109375,7.3199462890625,1.0,328.0,30350,16655,live,940GZZLUCHL,Chancery Lane,,,,
7631,2026-08-12T17:05:56.000+01:00,138.3845672607422,167.97259521484375,195.17897033691406,1127.0,34.442283630371094,38.16197204589844,36.40345001220703,1021.8975830078125,2.90283203125,1.0,325.0,30372,16647,live,,,,,,
7632,2026-08-12T17:06:06.000+01:00,137.21934509277344,164.6239013671875,189.1688232421875,1126.0,34.50904083251953,38.21612548828125,36.47974395751953,1022.490478515625,5.928955078125,1.0,323.0,30329,16647,live,,,,,,
7633,2026-08-12T17:06:16.000+01:00,137.016845703125,163.0143280029297,185.80459594726562,1135.0,34.61585235595703,38.26263427734375,36.71320724487305,1022.66015625,1.69677734375,1.0,322.0,30327,16652,live,,,,,,
7636,2026-08-12T17:06:46.000+01:00,140.2939453125,166.36572265625,189.0126190185547,1181.0,34.8081169128418,38.401283264160156,37.23353958129883,1024.477294921875,18.17138671875,1.0,321.0,30271,16684,live,,,,,,
7637,2026-08-12T17:06:56.000+01:00,135.01600646972656,159.8341522216797,181.28604125976562,1197.0,34.82680892944336,38.479827880859375,37.36629104614258,1021.9093627929688,25.6793212890625,1.0,321.0,30273,16697,live,,,,,,
7638,2026-08-12T17:07:06.000+01:00,126.98666381835938,151.00210571289062,172.02479553222656,1206.0,34.832149505615234,38.5186767578125,37.431907653808594,1018.5580444335938,33.51318359375,1.0,321.0,30256,16709,live,,,,,,
7639,2026-08-12T17:07:16.000+01:00,123.31083679199219,145.71986389160156,164.9882049560547,1216.0,34.88555908203125,38.57085418701172,37.36781692504883,1020.1808471679688,16.22802734375,1.0,321.0,30256,16711,live,,,,,,
7640,2026-08-12T17:07:26.000+01:00,123.24273681640625,146.55210876464844,166.95745849609375,1230.0,34.965667724609375,38.616783142089844,37.483787536621094,1023.591552734375,34.1070556640625,1.0,321.0,30255,16707,live,,,,,,
7641,2026-08-12T17:07:36.000+01:00,122.41387939453125,146.5054168701172,167.95416259765625,1243.0,35.019073486328125,38.65959930419922,37.564659118652344,1023.6624755859375,0.709228515625,1.0,321.0,30237,16728,live,,,,,,
7642,2026-08-12T17:07:46.000+01:00,121.98454284667969,146.5545654296875,168.6360321044922,1249.0,35.05912780761719,38.69476318359375,37.418174743652344,1023.8364868164062,1.7401123046875,1.0,321.0,30272,16731,live,,,,,,
7643,2026-08-12T17:07:56.000+01:00,121.65657806396484,146.01426696777344,167.85240173339844,1252.0,35.1766242980957,38.72850036621094,37.450218200683594,1023.7958374023438,0.406494140625,1.0,321.0,30224,16726,live,,,,,,
7644,2026-08-12T17:08:06.000+01:00,118.856689453125,144.1149444580078,167.2877655029297,1255.0,35.20065689086914,38.77471923828125,37.392234802246094,1024.0986328125,3.0279541015625,1.0,322.0,30211,16734,live,,,,,,
7650,2026-08-12T17:09:06.000+01:00,116.21803283691406,143.37782287597656,169.13243103027344,1263.0,35.50507354736328,39.03303527832031,37.04432678222656,1022.8357543945312,12.6287841796875,1.0,322.0,30219,16725,live,,,,,51.51820945561541,-0.11151428138466497
7651,2026-08-12T17:09:16.000+01:00,114.6988296508789,140.38589477539062,164.39842224121094,1263.0,35.52910614013672,39.07868194580078,37.12214660644531,1023.5205688476562,6.84814453125,1.0,322.0,30254,16736,live,,,,,51.51820945561541,-0.11151428138466497
7652,2026-08-12T17:09:26.000+01:00,116.58721923828125,141.30201721191406,163.9554901123047,1263.0,35.574501037597656,39.11979675292969,37.07026672363281,1023.271728515625,2.4884033203125,1.0,322.0,30235,16746,live,,,,,51.51346035230367,-0.08904537885153667
7653,2026-08-12T17:09:36.000+01:00,117.46026611328125,141.27906799316406,162.7428436279297,1261.0,35.609214782714844,39.142486572265625,36.6872673034668,1023.3768920898438,1.0516357421875,1.0,321.0,30338,16750,live,940GZZLUBNK,Bank,,,,
7654,2026-08-12T17:09:46.000+01:00,118.11106872558594,143.24072265625,166.30577087402344,1256.0,35.625240325927734,39.16630554199219,36.0738525390625,1023.3367919921875,0.4010009765625,1.0,316.0,30387,16739,live,940GZZLUBNK,Bank,,,,
7655,2026-08-12T17:09:56.000+01:00,120.43242645263672,146.47149658203125,170.51235961914062,1224.0,35.63058090209961,39.200042724609375,35.634395599365234,1023.3627319335938,0.2593994140625,1.0,310.0,30338,16714,live,940GZZLUBNK,Bank,,,,
7656,2026-08-12T17:10:06.000+01:00,118.1161117553711,143.92454528808594,167.84275817871094,1208.0,35.65461349487305,39.23066711425781,35.41619110107422,1023.3016967773438,0.6103515625,1.0,306.0,30302,16693,live,940GZZLUBNK,Bank,,,,
7657,2026-08-12T17:10:16.000+01:00,117.10243225097656,144.85450744628906,171.2899932861328,1179.0,35.67063522338867,39.28539276123047,35.32768630981445,1023.33251953125,0.3082275390625,1.0,304.0,30346,16686,live,940GZZLUBNK,Bank,,,,
7658,2026-08-12T17:10:26.000+01:00,116.69092559814453,144.21630859375,170.396484375,1143.0,35.67063522338867,39.323387145996094,35.13542556762695,1023.2470092773438,0.8551025390625,1.0,301.0,30302,16682,live,940GZZLUBNK,Bank,,,,
7659,2026-08-12T17:10:36.000+01:00,115.07190704345703,144.0413055419922,172.1541748046875,1138.0,35.63859176635742,39.32678985595703,34.90806579589844,1023.252685546875,0.0567626953125,1.0,300.0,30328,16674,live,940GZZLUBNK,Bank,,,,
7660,2026-08-12T17:10:46.000+01:00,104.13444519042969,131.71128845214844,158.86341857910156,1141.0,35.50507354736328,39.360252380371094,35.10643005371094,1023.331298828125,0.7861328125,1.0,301.0,30265,16642,live,940GZZLUBNK,Bank,,,,
7661,2026-08-12T17:10:56.000+01:00,95.41197204589844,122.41804504394531,149.4827117919922,1147.0,35.3688850402832,39.38549041748047,35.39482879638672,1023.39697265625,0.65673828125,1.0,303.0,30244,16620,live,940GZZLUBNK,Bank,,,,
7662,2026-08-12T17:11:06.000+01:00,86.68572998046875,110.21870422363281,133.54666137695312,1155.0,35.21400833129883,39.38463592529297,35.53520965576172,1023.3516235351562,0.4534912109375,1.0,304.0,30276,16609,live,940GZZLUBNK,Bank,,,,
7663,2026-08-12T17:11:16.000+01:00,77.4883041381836,98.47465515136719,119.26492309570312,1199.0,34.965667724609375,39.379249572753906,35.638973236083984,1023.2966918945312,0.54931640625,1.0,304.0,30276,16583,live,940GZZLUBNK,Bank,,,,
7664,2026-08-12T17:11:26.000+01:00,91.71956634521484,114.83026123046875,137.2635040283203,1211.0,34.890899658203125,39.35118103027344,35.774776458740234,1023.216552734375,0.8013916015625,1.0,303.0,30324,16562,live,940GZZLUBNK,Bank,,,,
7665,2026-08-12T17:11:36.000+01:00,113.47225189208984,140.51760864257812,166.32672119140625,1213.0,34.97100830078125,39.348060607910156,35.52910614013672,1023.333984375,1.17431640625,1.0,300.0,30365,16565,live,940GZZLUBNK,Bank,,,,
7666,2026-08-12T17:11:46.000+01:00,118.19961547851562,145.94808959960938,172.2998046875,1211.0,35.029754638671875,39.34522247314453,35.3597297668457,1023.3220825195312,0.1190185546875,1.0,295.0,30377,16564,live,940GZZLUBNK,Bank,,,,
7667,2026-08-12T17:11:56.000+01:00,117.44197082519531,144.08656311035156,169.1049041748047,1208.0,35.11253356933594,39.360816955566406,35.23613357543945,1023.2920532226562,0.30029296875,1.0,292.0,30357,16562,live,940GZZLUBNK,Bank,,,,
7668,2026-08-12T17:12:06.000+01:00,112.14363098144531,136.34213256835938,158.66746520996094,1201.0,35.184635162353516,39.38037872314453,35.2162971496582,1023.3552856445312,0.63232421875,1.0,290.0,30350,16564,live,940GZZLUBNK,Bank,,,,
7669,2026-08-12T17:12:16.000+01:00,102.77359008789062,123.90315246582031,143.0465087890625,1189.0,35.26474380493164,39.39030456542969,35.16289138793945,1023.34716796875,0.0811767578125,1.0,290.0,30349,16569,live,940GZZLUBNK,Bank,,,,
7670,2026-08-12T17:12:26.000+01:00,72.63152313232422,86.8886947631836,99.56832885742188,1186.0,35.29411697387695,39.37754821777344,35.01335144042969,1023.4476318359375,1.004638671875,1.0,288.0,30386,16563,live,940GZZLUBNK,Bank,,,,
7671,2026-08-12T17:12:36.000+01:00,70.57647705078125,83.4853515625,94.61805725097656,1185.0,35.366214752197266,39.39399719238281,34.72648239135742,1023.38818359375,0.594482421875,1.0,284.0,30410,16555,live,940GZZLUBNK,Bank,,,,
7672,2026-08-12T17:12:46.000+01:00,62.651187896728516,73.73259735107422,83.14002227783203,1182.0,35.42229461669922,39.40306854248047,34.557106018066406,1023.4036865234375,0.155029296875,1.0,281.0,30418,16535,live,940GZZLUBNK,Bank,,,,
7673,2026-08-12T17:12:56.000+01:00,84.16948699951172,98.95172119140625,111.45787811279297,1182.0,35.481040954589844,39.421783447265625,34.34653091430664,1023.4280395507812,0.2435302734375,1.0,279.0,30387,16524,live,940GZZLUBNK,Bank,,,,
7674,2026-08-12T17:13:06.000+01:00,108.16993713378906,127.70863342285156,144.46163940429688,1183.0,35.513084411621094,39.44219207763672,34.409095764160156,1023.495849609375,0.6781005859375,1.0,281.0,30354,16511,live,940GZZLUBNK,Bank,,,,
7675,2026-08-12T17:13:16.000+01:00,113.34724426269531,134.72909545898438,153.4257049560547,1185.0,35.574501037597656,39.463462829589844,34.502174377441406,1023.4993896484375,0.035400390625,1.0,283.0,30337,16512,live,940GZZLUBNK,Bank,,,,
7676,2026-08-12T17:13:26.000+01:00,113.53133392333984,135.68199157714844,155.33203125,1185.0,35.62256622314453,39.4725341796875,34.494544982910156,1023.5867919921875,0.8740234375,1.0,286.0,30340,16516,live,940GZZLUBNK,Bank,,,,
7677,2026-08-12T17:13:36.000+01:00,116.62825775146484,138.9102325439453,158.50161743164062,1186.0,35.65461349487305,39.50145721435547,34.604408264160156,1023.4876708984375,0.9912109375,1.0,287.0,30314,16519,live,940GZZLUBNK,Bank,,,,
7678,2026-08-12T17:13:46.000+01:00,113.84321594238281,135.0501251220703,153.49093627929688,1185.0,35.70267868041992,39.52357482910156,34.69291305541992,1023.5421752929688,0.5450439453125,1.0,288.0,30320,16533,live,940GZZLUBNK,Bank,,,,
7679,2026-08-12T17:13:56.000+01:00,114.73481750488281,136.41098022460938,155.37744140625,1185.0,35.75608444213867,39.54625701904297,34.77531051635742,1023.4871826171875,0.5499267578125,1.0,289.0,30307,16538,live,940GZZLUBNK,Bank,,,,
7680,2026-08-12T17:14:06.000+01:00,113.758056640625,135.32571411132812,154.2262420654297,1192.0,35.78011703491211,39.572914123535156,34.89738464355469,1023.5845947265625,0.97412109375,1.0,290.0,30282,16552,live,940GZZLUBNK,Bank,,,,
7681,2026-08-12T17:14:16.000+01:00,116.48528289794922,138.53530883789062,157.84536743164062,1195.0,35.817501068115234,39.59105682373047,34.88059997558594,1023.6521606445312,0.6756591796875,1.0,292.0,30260,16553,live,940GZZLUBNK,Bank,,,,
7682,2026-08-12T17:14:26.000+01:00,115.82825469970703,140.019287109375,162.06898498535156,1195.0,35.860225677490234,39.60552215576172,34.83329391479492,1023.7745971679688,1.224365234375,1.0,293.0,30262,16555,live,940GZZLUBNK,Bank,,,,
7683,2026-08-12T17:14:36.000+01:00,111.15847778320312,134.1973114013672,155.13565063476562,1197.0,35.870906829833984,39.63642883300781,34.73716354370117,1023.818115234375,0.4351806640625,1.0,294.0,30305,16567,live,940GZZLUBNK,Bank,,,,
7684,2026-08-12T17:14:46.000+01:00,111.00782012939453,132.69659423828125,151.9481964111328,1198.0,35.90028381347656,39.6534423828125,34.70206832885742,1023.591064453125,2.2705078125,1.0,294.0,30264,16554,live,940GZZLUBNK,Bank,,,,
7685,2026-08-12T17:14:56.000+01:00,110.86014556884766,131.88052368164062,150.3022918701172,1197.0,35.92164611816406,39.676979064941406,34.71427536010742,1023.6389770507812,0.4791259765625,1.0,295.0,30255,16551,live,940GZZLUBNK,Bank,,,,
7686,2026-08-12T17:15:06.000+01:00,108.81888580322266,130.55252075195312,150.01864624023438,1197.0,35.940338134765625,39.68321228027344,34.566261291503906,1023.7625122070312,1.2353515625,1.0,294.0,30314,16563,live,940GZZLUBNK,Bank,,,,
7687,2026-08-12T17:15:16.000+01:00,111.48282623291016,133.93234252929688,154.10621643066406,1189.0,35.92164611816406,39.720924377441406,34.444190979003906,1023.3796997070312,3.828125,1.0,293.0,30301,16560,live,940GZZLUBNK,Bank,,,,
7688,2026-08-12T17:15:26.000+01:00,114.63770294189453,138.29736328125,159.7649688720703,1171.0,35.92164611816406,39.75353240966797,34.20767593383789,1023.2485961914062,1.31103515625,1.0,291.0,30358,16557,live,940GZZLUBNK,Bank,,,,
7689,2026-08-12T17:15:37.000+01:00,116.84722137451172,141.3795166015625,163.7847442626953,1170.0,35.91363525390625,39.770263671875,34.004730224609375,1023.4230346679688,1.744384765625,1.0,287.0,30370,16549,live,940GZZLUBNK,Bank,,,,
7690,2026-08-12T17:15:46.000+01:00,119.59862518310547,145.35296630859375,169.0960235595703,1154.0,35.91630554199219,39.796630859375,33.986419677734375,1023.513671875,0.9063720703125,1.0,285.0,30332,16535,live,940GZZLUBNK,Bank,,,,
7691,2026-08-12T17:15:56.000+01:00,118.09754943847656,142.27894592285156,164.15257263183594,1130.0,35.9029541015625,39.816200256347656,33.990997314453125,1023.322998046875,1.90673828125,1.0,286.0,30270,16540,live,,,,,51.513456748861195,-0.08904075108517479
7692,2026-08-12T17:16:06.000+01:00,114.56713104248047,138.2526397705078,159.7578125,1126.0,35.94834899902344,39.83689880371094,34.21225357055664,1023.3975219726562,0.7452392578125,1.0,288.0,30296,16537,live,,,,,51.513456748861195,-0.08904075108517479
7693,2026-08-12T17:16:16.000+01:00,110.85978698730469,134.01129150390625,155.1128692626953,1127.0,35.98573303222656,39.860435485839844,34.66697311401367,1023.5761108398438,1.785888671875,1.0,290.0,30245,16555,live,,,,,51.513456748861195,-0.08904075108517479
7694,2026-08-12T17:16:26.000+01:00,107.9591064453125,128.66360473632812,146.8977813720703,1167.0,36.03913879394531,39.872344970703125,35.98077392578125,1023.3963012695312,1.798095703125,1.0,292.0,30193,16581,live,,,,,51.513456748861195,-0.08904075108517479
7695,2026-08-12T17:16:36.000+01:00,105.0338363647461,124.05545806884766,140.38485717773438,1225.0,36.09254455566406,39.891624450683594,36.353092193603516,1023.18994140625,2.0635986328125,1.0,293.0,30163,16654,live,,,,,51.513456748861195,-0.08904075108517479
7696,2026-08-12T17:16:46.000+01:00,100.30477142333984,120.21099090576172,137.99444580078125,1291.0,36.12458801269531,39.90721893310547,36.77424240112305,1023.574462890625,3.84521484375,1.0,293.0,30108,16672,live,,,,,51.513456748861195,-0.08904075108517479
7697,2026-08-12T17:16:56.000+01:00,100.46611785888672,122.20606231689453,142.28366088867188,1377.0,36.13527297973633,39.920257568359375,37.16182327270508,1023.6068115234375,0.323486328125,1.0,295.0,30082,16691,live,940GZZLUBNK,Bank,,,,
7698,2026-08-12T17:17:06.000+01:00,101.4211654663086,124.03020477294922,145.13162231445312,1440.0,36.18867874145508,39.94379425048828,37.476158142089844,1022.830078125,7.767333984375,1.0,298.0,30040,16694,live,940GZZLUBNK,Bank,,,,
7699,2026-08-12T17:17:16.000+01:00,104.07384490966797,127.85832977294922,150.2461700439453,1491.0,36.21805191040039,39.977821350097656,37.72640609741211,1022.4949951171875,3.350830078125,1.0,305.0,30017,16703,live,940GZZLUBNK,Bank,,,,
7701,2026-08-12T17:17:36.000+01:00,104.90472412109375,128.90728759765625,151.5093231201172,1600.0,36.298160552978516,40.02460479736328,38.27725601196289,1023.47705078125,9.820556640625,1.0,320.0,29976,16719,live,,,,,51.51345324253307,-0.08902699596357277
7702,2026-08-12T17:17:46.000+01:00,105.416259765625,128.44471740722656,149.78489685058594,1668.0,36.32486343383789,40.06401824951172,38.99748229980469,1023.5526733398438,0.7562255859375,1.0,328.0,29923,16717,live,,,,,51.51345324253307,-0.08902699596357277
7703,2026-08-12T17:17:56.000+01:00,79.28470611572266,96.80789947509766,113.11366271972656,1729.0,36.35690689086914,40.08330535888672,39.59410858154297,1023.3682250976562,1.844482421875,1.0,332.0,30059,16749,live,940GZZLULVT,Liverpool Street,,,,
7704,2026-08-12T17:18:06.000+01:00,55.727142333984375,68.2093276977539,79.87843322753906,1731.0,36.3328742980957,40.094078063964844,37.83169174194336,1023.4938354492188,1.256103515625,1.0,323.0,30221,16789,live,940GZZLULVT,Liverpool Street,,,,
7705,2026-08-12T17:18:16.000+01:00,54.574676513671875,67.11658477783203,78.94404602050781,1694.0,36.36758804321289,40.126686096191406,36.98023986816406,1023.5220336914062,0.281982421875,1.0,321.0,30211,16701,live,940GZZLULVT,Liverpool Street,,,,
7706,2026-08-12T17:18:26.000+01:00,53.04435348510742,65.73981475830078,77.8709487915039,1604.0,36.402305603027344,40.14794921875,36.137943267822266,1023.5469360351562,0.2490234375,1.0,321.0,30241,16666,live,940GZZLULVT,Liverpool Street,,,,
7707,2026-08-12T17:18:36.000+01:00,54.102272033691406,67.00767517089844,79.32634735107422,1503.0,36.42900848388672,40.16808319091797,35.718318939208984,1023.3106079101562,2.36328125,1.0,319.0,30246,16623,live,940GZZLULVT,Liverpool Street,,,,
7708,2026-08-12T17:18:46.000+01:00,57.89670944213867,72.02922821044922,85.61676788330078,1440.0,36.453041076660156,40.197853088378906,35.38719940185547,1023.55908203125,2.4847412109375,1.0,315.0,30254,16608,live,940GZZLULVT,Liverpool Street,,,,
7709,2026-08-12T17:18:56.000+01:00,62.226322174072266,77.49107360839844,92.1894760131836,1378.0,36.46105194091797,40.22337341308594,35.2346076965332,1023.6459350585938,0.8685302734375,1.0,311.0,30232,16591,live,940GZZLULVT,Liverpool Street,,,,
7710,2026-08-12T17:19:06.000+01:00,66.27239227294922,81.96493530273438,96.90895080566406,1351.0,36.506446838378906,40.245208740234375,35.00877380371094,1023.4564208984375,1.8951416015625,1.0,308.0,30222,16586,live,940GZZLULVT,Liverpool Street,,,,
7711,2026-08-12T17:19:16.000+01:00,69.76461029052734,86.0277099609375,101.43682861328125,1323.0,36.498435974121094,40.256263732910156,34.89891052246094,1023.42724609375,0.291748046875,1.0,306.0,30216,16574,live,940GZZLULVT,Liverpool Street,,,,
7712,2026-08-12T17:19:26.000+01:00,71.14663696289062,88.22331237792969,104.55559539794922,1301.0,36.541160583496094,40.27611541748047,34.73868942260742,1023.5831909179688,1.5594482421875,1.0,304.0,30187,16569,live,940GZZLULVT,Liverpool Street,,,,
7713,2026-08-12T17:19:36.000+01:00,71.11224365234375,88.7759780883789,105.84895324707031,1271.0,36.541160583496094,40.295677185058594,34.468605041503906,1023.5494384765625,0.3375244140625,1.0,303.0,30230,16569,live,940GZZLULVT,Liverpool Street,,,,
7714,2026-08-12T17:19:46.000+01:00,69.52493286132812,87.95569610595703,106.10784912109375,1237.0,36.583885192871094,40.320068359375,34.22598648071289,1023.3993530273438,1.5008544921875,1.0,301.0,30267,16551,live,940GZZLULVT,Liverpool Street,,,,
7715,2026-08-12T17:19:56.000+01:00,66.7754898071289,83.50038146972656,99.70614624023438,1181.0,36.402305603027344,40.31354522705078,33.64919662475586,1023.4664306640625,0.6707763671875,1.0,295.0,30344,16553,live,940GZZLULVT,Liverpool Street,,,,
7716,2026-08-12T17:20:06.000+01:00,63.7752799987793,79.4877700805664,94.63728332519531,1152.0,36.38628387451172,40.320068359375,33.409629821777344,1023.51611328125,0.496826171875,1.0,288.0,30338,16509,live,940GZZLULVT,Liverpool Street,,,,
7717,2026-08-12T17:20:16.000+01:00,85.54473876953125,106.01799011230469,125.58094024658203,1150.0,36.412986755371094,40.332542419433594,33.68124008178711,1023.43798828125,0.78125,1.0,288.0,30205,16494,live,,,,,51.51345324253307,-0.08902699596357277
7718,2026-08-12T17:20:26.000+01:00,91.03111267089844,111.96280670166016,131.70582580566406,1157.0,36.442359924316406,40.34075927734375,34.19546890258789,1023.5302124023438,0.9222412109375,1.0,291.0,30159,16507,live,,,,,51.51345324253307,-0.08902699596357277
7719,2026-08-12T17:20:36.000+01:00,89.40298461914062,108.2276382446289,125.43878173828125,1170.0,36.453041076660156,40.35096740722656,34.401466369628906,1023.4880981445312,0.421142578125,1.0,293.0,30116,16533,live,,,,,51.51345324253307,-0.08902699596357277
7720,2026-08-12T17:20:46.000+01:00,88.28369903564453,106.11266326904297,122.15265655517578,1199.0,36.50110626220703,40.37139129638672,34.78446578979492,1023.710693359375,2.2259521484375,1.0,294.0,30100,16541,live,,,,,51.51345324253307,-0.08902699596357277
7721,2026-08-12T17:20:56.000+01:00,90.20310974121094,107.39241790771484,122.4894027709961,1247.0,36.53314971923828,40.37592315673828,35.16594314575195,1022.9718017578125,7.388916015625,1.0,294.0,30079,16549,live,,,,,51.51345324253307,-0.08902699596357277
7722,2026-08-12T17:21:06.000+01:00,90.37356567382812,109.50022888183594,127.0210189819336,1300.0,36.559852600097656,40.401161193847656,35.57030487060547,1023.7859497070312,8.1414794921875,1.0,295.0,30063,16569,live,,,,,51.51345324253307,-0.08902699596357277
7723,2026-08-12T17:21:16.000+01:00,87.83493041992188,106.79747772216797,124.29533386230469,1355.0,36.583885192871094,40.417320251464844,35.97314453125,1022.09765625,16.8829345703125,1.0,297.0,30037,16592,live,,,,,51.51345324253307,-0.08902699596357277
7724,2026-08-12T17:21:26.000+01:00,82.63900756835938,99.77599334716797,115.35372924804688,1390.0,36.605247497558594,40.427528381347656,36.03875732421875,1020.0261840820312,20.7147216796875,1.0,301.0,29976,16613,live,,,,,51.51345324253307,-0.08902699596357277
7725,2026-08-12T17:21:36.000+01:00,80.2894287109375,96.31047821044922,110.65476989746094,1419.0,36.615928649902344,40.45928955078125,35.9365234375,1019.5153198242188,5.108642578125,1.0,307.0,29985,16618,live,,,,,51.51345324253307,-0.08902699596357277
7726,2026-08-12T17:21:46.000+01:00,77.75743865966797,93.41326141357422,107.4812240600586,1416.0,36.62126922607422,40.47460174560547,35.9853515625,1018.923583984375,5.9173583984375,1.0,313.0,29976,16612,live,,,,,51.51345324253307,-0.08902699596357277
7727,2026-08-12T17:21:56.000+01:00,77.33116912841797,92.87032318115234,106.82238006591797,1415.0,36.65598678588867,40.48707580566406,35.815975189208984,1019.597900390625,6.7431640625,1.0,318.0,29987,16622,live,,,,,51.51345324253307,-0.08902699596357277
7728,2026-08-12T17:22:06.000+01:00,77.20421600341797,92.41228485107422,105.95720672607422,1403.0,36.653316497802734,40.50323486328125,35.671016693115234,1019.876708984375,2.7880859375,1.0,321.0,30014,16621,live,,,,,51.51345324253307,-0.08902699596357277
7729,2026-08-12T17:22:16.000+01:00,78.3576889038086,93.85508728027344,107.68048095703125,1381.0,36.6933708190918,40.52790832519531,35.55046844482422,1020.2575073242188,3.8079833984375,1.0,322.0,30017,16619,live,940GZZLUBNK,Bank,,,,
7730,2026-08-12T17:22:26.000+01:00,81.88996887207031,98.04623413085938,112.44488525390625,1349.0,36.68001937866211,40.53783416748047,35.41619110107422,1020.421875,1.6436767578125,1.0,322.0,30039,16615,live,,,,,51.51345324253307,-0.08902699596357277
7731,2026-08-12T17:22:36.000+01:00,85.37857818603516,102.97901153564453,118.9415512084961,1334.0,36.706722259521484,40.55229187011719,35.30327224731445,1020.208740234375,2.13134765625,1.0,322.0,30044,16610,live,,,,,51.51345324253307,-0.08902699596357277
7732,2026-08-12T17:22:46.000+01:00,88.11687469482422,106.38545227050781,122.99032592773438,1305.0,36.72274398803711,40.57440948486328,35.2101936340332,1022.460693359375,22.51953125,1.0,321.0,30069,16607,live,,,,,51.51345324253307,-0.08902699596357277
7733,2026-08-12T17:22:56.000+01:00,91.77739715576172,110.73197937011719,127.93496704101562,1291.0,36.74410629272461,40.581214904785156,35.23003005981445,1023.02099609375,5.60302734375,1.0,320.0,30078,16603,live,,,,,51.51345324253307,-0.08902699596357277
7734,2026-08-12T17:23:06.000+01:00,108.37968444824219,131.45486450195312,152.63966369628906,1277.0,36.76279830932617,40.5712890625,35.2224006652832,1022.848876953125,1.72119140625,1.0,320.0,30102,16614,live,940GZZLUBLG,Bethnal Green,,,,
7735,2026-08-12T17:23:16.000+01:00,183.27796936035156,224.76446533203125,263.6886901855469,1219.0,36.65865707397461,40.40824890136719,33.86129379272461,1022.9994506835938,1.5057373046875,1.0,314.0,30501,16637,live,940GZZLUBLG,Bethnal Green,,,,
7736,2026-08-12T17:23:26.000+01:00,185.404052734375,229.0886993408203,270.6234130859375,1152.0,36.62126922607422,40.446815490722656,33.00984191894531,1023.0933837890625,0.9393310546875,1.0,290.0,30491,16572,live,940GZZLUBLG,Bethnal Green,,,,
7737,2026-08-12T17:23:36.000+01:00,174.96409606933594,220.8629150390625,265.93609619140625,1093.0,36.60791778564453,40.48650360107422,32.45746612548828,1023.0626831054688,0.3070068359375,1.0,270.0,30526,16529,live,940GZZLUBLG,Bethnal Green,,,,
7738,2026-08-12T17:23:46.000+01:00,130.63194274902344,164.78628540039062,198.2947235107422,1080.0,36.442359924316406,40.39775848388672,32.11260986328125,1022.85498046875,2.0770263671875,1.0,256.0,30581,16504,live,940GZZLUBLG,Bethnal Green,,,,
7739,2026-08-12T17:23:56.000+01:00,114.03790283203125,142.967041015625,171.10403442382812,1021.0,36.27145767211914,40.37705993652344,31.834897994995117,1022.8363037109375,0.186767578125,1.0,242.0,30648,16484,live,940GZZLUBLG,Bethnal Green,,,,
7740,2026-08-12T17:24:06.000+01:00,93.21772003173828,116.38247680664062,138.77542114257812,977.0,36.15396499633789,40.360328674316406,31.50072479248047,1022.9221801757812,0.8587646484375,1.0,230.0,30690,16468,live,940GZZLUBLG,Bethnal Green,,,,
7741,2026-08-12T17:24:16.000+01:00,89.34980010986328,111.13225555419922,132.06651306152344,917.0,36.009765625,40.301918029785156,31.233692169189453,1022.7694702148438,1.527099609375,1.0,221.0,30715,16443,live,940GZZLUBLG,Bethnal Green,,,,
7742,2026-08-12T17:24:26.000+01:00,92.82437133789062,116.3488540649414,139.22256469726562,892.0,35.92698669433594,40.301918029785156,31.058212280273438,1022.937255859375,1.6778564453125,1.0,215.0,30706,16417,live,940GZZLUBLG,Bethnal Green,,,,
7743,2026-08-12T17:24:36.000+01:00,104.03864288330078,128.67630004882812,152.1395263671875,864.0,35.95368957519531,40.309852600097656,30.948348999023438,1022.7499389648438,1.8731689453125,1.0,212.0,30677,16401,live,940GZZLUBLG,Bethnal Green,,,,
7744,2026-08-12T17:24:46.000+01:00,106.96862030029297,131.8298797607422,155.36253356933594,852.0,36.00175476074219,40.309852600097656,30.963607788085938,1022.7606811523438,0.107421875,1.0,213.0,30629,16411,live,940GZZLUBLG,Bethnal Green,,,,
7745,2026-08-12T17:24:56.000+01:00,108.17716217041016,133.84603881835938,158.30691528320312,850.0,36.04981994628906,40.309852600097656,31.294727325439453,1022.8130493164062,0.523681640625,1.0,216.0,30579,16416,live,940GZZLUBLG,Bethnal Green,,,,
7746,2026-08-12T17:25:06.000+01:00,111.49437713623047,140.7731170654297,169.53350830078125,848.0,36.111236572265625,40.30730438232422,31.50225067138672,1022.700927734375,1.1212158203125,1.0,222.0,30542,16434,live,,,,,51.52725576619847,-0.05539864621771332
7749,2026-08-12T17:25:36.000+01:00,110.57154846191406,135.10308837890625,157.96080017089844,869.0,36.25810623168945,40.31524658203125,31.905088424682617,1018.2467041015625,44.542236328125,1.0,233.0,30532,16480,live,,,,,,
7750,2026-08-12T17:25:46.000+01:00,110.76502990722656,134.7190704345703,156.8366241455078,869.0,36.29549026489258,40.32942199707031,31.860837936401367,1017.0326538085938,12.1405029296875,1.0,235.0,30512,16484,live,,,,,,
7751,2026-08-12T17:25:56.000+01:00,114.17537689208984,137.89442443847656,159.47006225585938,874.0,36.31685256958008,40.34075927734375,31.94476318359375,1015.9779663085938,10.546875,1.0,237.0,30488,16487,live,,,,,,
7752,2026-08-12T17:26:06.000+01:00,112.38177490234375,137.741943359375,161.51083374023438,880.0,36.35957717895508,40.336509704589844,31.95697021484375,1017.434814453125,14.5684814453125,1.0,240.0,30481,16493,live,940GZZLUBLG,Bethnal Green,,,,
7753,2026-08-12T17:26:16.000+01:00,114.35684204101562,140.38316345214844,164.8470001220703,889.0,36.38361358642578,40.35040283203125,32.06378173828125,1020.2620239257812,28.2720947265625,1.0,242.0,30449,16494,live,,,,,,
7754,2026-08-12T17:26:26.000+01:00,121.8466796875,149.0707244873047,174.49942016601562,896.0,36.434349060058594,40.35749053955078,32.195011138916016,1021.0619506835938,7.999267578125,1.0,244.0,30480,16497,live,,,,,51.52725576619847,-0.05539864621771332
7755,2026-08-12T17:26:36.000+01:00,129.6416473388672,159.08323669433594,186.73716735839844,906.0,36.47173309326172,40.37139129638672,32.219425201416016,1023.8662719726562,28.043212890625,1.0,245.0,30472,16505,live,,,,,51.52725576619847,-0.05539864621771332
7756,2026-08-12T17:26:46.000+01:00,135.80844116210938,167.3403778076172,197.1772003173828,918.0,36.47974395751953,40.38074493408203,32.367435455322266,1020.864501953125,30.0177001953125,1.0,245.0,30463,16506,live,,,,,51.52725576619847,-0.05539864621771332
7757,2026-08-12T17:26:56.000+01:00,139.3118896484375,173.6140899658203,206.68128967285156,927.0,36.527809143066406,40.40484619140625,32.303348541259766,1019.6316528320312,12.3284912109375,1.0,247.0,30453,16514,live,,,,,51.52725576619847,-0.05539864621771332
7758,2026-08-12T17:27:06.000+01:00,140.50045776367188,177.48133850097656,213.83094787597656,933.0,36.570533752441406,40.41618347167969,32.51087188720703,1022.5401611328125,29.0850830078125,1.0,247.0,30458,16508,live,,,,,,
7759,2026-08-12T17:27:16.000+01:00,139.4476318359375,179.02688598632812,218.7198486328125,940.0,36.58655548095703,40.421287536621094,32.54291534423828,1022.2139282226562,3.2623291015625,1.0,247.0,30495,16521,live,940GZZLUMED,Mile End,,,,
7760,2026-08-12T17:27:26.000+01:00,129.23739624023438,166.14385986328125,203.21368408203125,941.0,36.56519317626953,40.4176025390625,32.144657135009766,1022.1737670898438,0.401611328125,1.0,241.0,30585,16505,live,940GZZLUMED,Mile End,,,,
7761,2026-08-12T17:27:36.000+01:00,123.36365509033203,159.09234619140625,195.10557556152344,936.0,36.562522888183594,40.41845703125,31.801326751708984,1021.95947265625,2.1429443359375,1.0,234.0,30607,16477,live,940GZZLUMED,Mile End,,,,
7762,2026-08-12T17:27:46.000+01:00,122.49555206298828,157.460693359375,192.57652282714844,921.0,36.56786346435547,40.399742126464844,31.5678653717041,1021.5159301757812,4.4354248046875,1.0,230.0,30612,16437,live,940GZZLUMED,Mile End,,,,
7763,2026-08-12T17:27:56.000+01:00,121.58068084716797,155.30357360839844,188.92344665527344,907.0,36.51445770263672,40.32942199707031,31.261157989501953,1021.330322265625,1.8560791015625,1.0,224.0,30673,16416,live,940GZZLUMED,Mile End,,,,
7764,2026-08-12T17:28:06.000+01:00,119.17066955566406,152.75970458984375,186.38540649414062,892.0,36.52513885498047,40.282920837402344,31.010910034179688,1021.5240478515625,1.937255859375,1.0,219.0,30681,16386,live,940GZZLUMED,Mile End,,,,
7765,2026-08-12T17:28:16.000+01:00,112.22611999511719,145.17031860351562,178.48695373535156,881.0,36.498435974121094,40.24775695800781,30.911725997924805,1021.4683837890625,0.556640625,1.0,214.0,30681,16362,live,940GZZLUMED,Mile End,,,,
7766,2026-08-12T17:28:26.000+01:00,100.39649963378906,129.82269287109375,159.57040405273438,874.0,36.466392517089844,40.24378967285156,30.452430725097656,1021.0882568359375,3.80126953125,1.0,208.0,30768,16350,live,940GZZLUMED,Mile End,,,,
7767,2026-08-12T17:28:36.000+01:00,101.40635681152344,131.06918334960938,161.0414581298828,869.0,36.47974395751953,40.26703643798828,30.353246688842773,1021.835205078125,7.469482421875,1.0,204.0,30749,16310,live,940GZZLUMED,Mile End,,,,
7769,2026-08-12T17:28:56.000+01:00,117.563720703125,148.9783935546875,179.986083984375,865.0,36.51445770263672,40.318077087402344,30.876630783081055,1021.99560546875,1.60400390625,1.0,216.0,30546,16291,live,,,,,,
7770,2026-08-12T17:29:06.000+01:00,119.92535400390625,152.35446166992188,184.46710205078125,869.0,36.498435974121094,40.357208251953125,31.50377655029297,1022.090576171875,0.94970703125,1.0,228.0,30400,16322,live,,,,,,
7771,2026-08-12T17:29:16.000+01:00,122.87092590332031,155.0214385986328,186.5709228515625,887.0,36.498435974121094,40.36940002441406,31.903562545776367,1022.2132568359375,1.226806640625,1.0,242.0,30289,16360,live,,,,,,
7772,2026-08-12T17:29:26.000+01:00,122.42595672607422,153.456787109375,183.63047790527344,916.0,36.52246856689453,40.37535858154297,32.152286529541016,1025.7327880859375,35.1953125,1.0,251.0,30233,16380,live,,,,,,
7773,2026-08-12T17:29:36.000+01:00,120.63809204101562,150.4088897705078,179.1273651123047,940.0,36.583885192871094,40.39265441894531,32.359806060791016,1023.6668701171875,20.6591796875,1.0,253.0,30184,16391,live,,,,,51.52725576619847,-0.05539864621771332
7774,2026-08-12T17:29:46.000+01:00,118.0315170288086,146.82460021972656,174.50201416015625,973.0,36.61058807373047,40.39832305908203,32.46509552001953,1024.5018310546875,8.349609375,1.0,256.0,30198,16413,live,,,,,51.52725576619847,-0.05539864621771332
7775,2026-08-12T17:29:56.000+01:00,115.61223602294922,142.64187622070312,168.27658081054688,999.0,36.66132736206055,40.40626525878906,32.63447189331055,1023.794921875,7.069091796875,1.0,260.0,30238,16410,live,,,,,51.52725576619847,-0.05539864621771332
7776,2026-08-12T17:30:06.000+01:00,112.07825469970703,137.4030303955078,161.1493377685547,1033.0,36.6933708190918,40.426109313964844,32.7397575378418,1026.2835693359375,24.886474609375,1.0,263.0,30301,16420,live,,,,,51.52725576619847,-0.05539864621771332
7777,2026-08-12T17:30:16.000+01:00,110.80704498291016,134.7952423095703,156.9527130126953,1045.0,36.70939254760742,40.42185974121094,32.89387512207031,1026.302001953125,0.184326171875,1.0,264.0,30332,16425,live,,,,,51.52725576619847,-0.05539864621771332
7778,2026-08-12T17:30:26.000+01:00,106.53593444824219,129.3217010498047,150.2758331298828,1049.0,36.7360954284668,40.44908142089844,32.8618278503418,1021.9417114257812,43.6029052734375,1.0,264.0,30364,16429,live,,,,,51.52725576619847,-0.05539864621771332
7779,2026-08-12T17:30:36.000+01:00,107.71987915039062,131.82235717773438,154.34657287597656,1056.0,36.76279830932617,40.46070098876953,32.86640548706055,1027.7276611328125,57.8594970703125,1.0,264.0,30378,16426,live,940GZZLUBLG,Bethnal Green,,,,
7780,2026-08-12T17:30:46.000+01:00,107.06307983398438,132.62533569335938,157.0326385498047,1055.0,36.78683090209961,40.48027038574219,33.02052307128906,1024.85693359375,28.707275390625,1.0,264.0,30387,16421,live,940GZZLUBLG,Bethnal Green,,,,
7783,2026-08-12T17:31:16.000+01:00,104.6245346069336,126.45472717285156,146.34535217285156,1051.0,36.85091781616211,40.549171447753906,32.63142013549805,1024.3570556640625,4.998779296875,1.0,262.0,30422,16407,live,,,,,,
7784,2026-08-12T17:31:26.000+01:00,102.86029052734375,125.37541961669922,146.25479125976562,1050.0,36.86159896850586,40.569305419921875,32.66193771362305,1023.685546875,6.715087890625,1.0,261.0,30430,16393,live,,,,,,
7785,2026-08-12T17:31:36.000+01:00,101.56892395019531,124.04918670654297,144.97801208496094,1046.0,36.89097595214844,40.57752990722656,32.7122917175293,1023.414306640625,2.71240234375,1.0,258.0,30473,16387,live,,,,,,
7786,2026-08-12T17:31:46.000+01:00,102.74848937988281,125.33168029785156,146.3047332763672,1046.0,36.93370056152344,40.598228454589844,32.7122917175293,1023.28369140625,1.30615234375,1.0,254.0,30481,16387,live,,,,,51.52725576619847,-0.05539864621771332
7787,2026-08-12T17:31:56.000+01:00,99.86820220947266,121.69058990478516,141.91505432128906,1044.0,36.947052001953125,40.62006378173828,32.67109298706055,1021.8049926757812,14.7869873046875,1.0,250.0,30497,16386,live,,,,,51.52725576619847,-0.05539864621771332
7788,2026-08-12T17:32:06.000+01:00,100.79452514648438,122.56793212890625,142.66390991210938,1036.0,36.9737548828125,40.63848876953125,32.65278244018555,1021.77294921875,0.3204345703125,1.0,247.0,30484,16379,live,,,,,51.52725576619847,-0.05539864621771332
7789,2026-08-12T17:32:16.000+01:00,98.91911315917969,119.57854461669922,138.40924072265625,1030.0,37.000457763671875,40.66259002685547,32.62531661987305,1022.498779296875,7.25830078125,1.0,245.0,30477,16380,live,,,,,51.52725576619847,-0.05539864621771332
7791,2026-08-12T17:32:36.000+01:00,99.0404052734375,119.14885711669922,137.27796936035156,1027.0,37.02449035644531,40.717315673828125,32.51850128173828,1022.4024047851562,,1.0,245.0,30454,16355,live,,,,,,
7792,2026-08-12T17:32:46.000+01:00,98.70521545410156,118.31988525390625,135.85232543945312,1025.0,37.075225830078125,40.731773376464844,32.60242462158203,1022.3145141601562,0.87890625,1.0,246.0,30443,16350,live,,,,,,
7793,2026-08-12T17:32:56.000+01:00,97.76020812988281,116.57418060302734,133.16806030273438,1016.0,37.085906982421875,40.749359130859375,32.61615753173828,1022.33154296875,0.1702880859375,1.0,248.0,30418,16358,live,,,,,,
7794,2026-08-12T17:33:06.000+01:00,95.1281967163086,113.4334945678711,129.5779266357422,1012.0,37.09925842285156,40.79047393798828,32.67414474487305,1022.05517578125,2.763671875,1.0,248.0,30445,16356,live,,,,,,
7795,2026-08-12T17:33:16.000+01:00,90.2918701171875,108.76150512695312,125.46199798583984,1013.0,37.11260986328125,40.811737060546875,32.66498947143555,1021.9686889648438,0.8648681640625,1.0,249.0,30423,16352,live,,,,,,
7796,2026-08-12T17:33:26.000+01:00,88.4832992553711,108.61566925048828,127.53765869140625,1013.0,37.15266799926758,40.83697509765625,32.7000846862793,1021.968505859375,0.0018310546875,1.0,249.0,30420,16349,live,,,,,51.541969413573874,-0.003257108300941511
7797,2026-08-12T17:33:36.000+01:00,83.78401184082031,103.25236511230469,121.67896270751953,1014.0,37.17403030395508,40.863914489746094,32.69550704956055,1021.87939453125,0.89111328125,1.0,249.0,30429,16357,live,,,,,51.542011928297356,-0.003104718030880607
7798,2026-08-12T17:33:46.000+01:00,6.792284965515137,8.336544036865234,9.787589073181152,1012.0,37.15266799926758,40.82592010498047,31.63958168029785,1021.876220703125,0.03173828125,1.0,235.0,30854,16366,live,940GZZLUSTD,Stratford,,,,
7799,2026-08-12T17:33:56.000+01:00,6.3059492111206055,7.672914505004883,8.936162948608398,983.0,37.144657135009766,40.84236145019531,30.60349464416504,1021.88427734375,0.08056640625,1.0,212.0,30916,16303,live,940GZZLUSTD,Stratford,,,,
7800,2026-08-12T17:34:06.000+01:00,6.246843338012695,7.5398993492126465,8.714483261108398,921.0,37.166019439697266,40.82392883300781,29.877164840698242,1021.8652954101562,0.1898193359375,1.0,192.0,31007,16248,live,940GZZLUSTD,Stratford,,,,
7801,2026-08-12T17:34:16.000+01:00,6.2814249992370605,7.542898654937744,8.675267219543457,856.0,37.14999771118164,40.79869842529297,29.027236938476562,1021.8753662109375,0.1007080078125,1.0,176.0,31099,16206,live,940GZZLUSTD,Stratford,,,,
7802,2026-08-12T17:34:26.000+01:00,6.062674522399902,7.2427544593811035,8.288582801818848,807.0,37.123291015625,40.812591552734375,28.191043853759766,1021.8599853515625,0.15380859375,1.0,163.0,31099,16150,live,940GZZLUSTD,Stratford,,,,
7803,2026-08-12T17:34:36.000+01:00,5.416726589202881,6.448360443115234,7.354199409484863,750.0,37.14999771118164,40.843780517578125,27.64934730529785,1021.856201171875,0.037841796875,1.0,157.0,31056,16086,live,940GZZLUSTD,Stratford,,,,
7804,2026-08-12T17:34:46.000+01:00,4.855099678039551,5.753831386566162,6.533132553100586,721.0,37.16334915161133,40.795860290527344,27.417409896850586,1021.82861328125,0.27587890625,1.0,153.0,31136,16049,live,940GZZLUSTD,Stratford,,,,
7805,2026-08-12T17:34:56.000+01:00,4.175747871398926,4.919567584991455,5.553161144256592,685.0,37.09925842285156,40.81627655029297,26.826887130737305,1021.8361206054688,0.0750732421875,1.0,146.0,31162,16037,live,940GZZLUSTD,Stratford,,,,
7806,2026-08-12T17:35:06.000+01:00,3.9470608234405518,4.648388862609863,5.245075225830078,653.0,37.04585266113281,40.80238342285156,26.521705627441406,1021.8417358398438,0.05615234375,1.0,140.0,31161,15982,live,940GZZLUSTD,Stratford,,,,
7807,2026-08-12T17:35:16.000+01:00,3.3535361289978027,3.9484376907348633,4.4541850090026855,615.0,36.989776611328125,40.829322814941406,25.993743896484375,1021.8429565429688,0.01220703125,1.0,137.0,31161,15945,live,940GZZLUSTD,Stratford,,,,
7808,2026-08-12T17:35:26.000+01:00,3.1560006141662598,3.7029850482940674,4.1627516746521,599.0,36.94171142578125,40.82506561279297,25.74807357788086,1021.843994140625,0.0103759765625,1.0,135.0,31172,15903,live,940GZZLUSTD,Stratford,,,,
7809,2026-08-12T17:35:36.000+01:00,3.011124849319458,3.511296510696411,3.9226667881011963,583.0,36.936370849609375,40.832725524902344,25.593957901000977,1021.85302734375,0.09033203125,1.0,134.0,31179,15880,live,940GZZLUSTD,Stratford,,,,
7810,2026-08-12T17:35:46.000+01:00,3.281719207763672,3.8167355060577393,4.252368450164795,570.0,36.91767883300781,40.825347900390625,25.491722106933594,1021.8390502929688,0.1397705078125,1.0,133.0,31170,15862,live,940GZZLUSTD,Stratford,,,,
7811,2026-08-12T17:35:56.000+01:00,2.9370057582855225,3.4079391956329346,3.787898302078247,561.0,36.936370849609375,40.82478332519531,25.441368103027344,1021.8367309570312,0.023193359375,1.0,133.0,31150,15849,live,940GZZLUSTD,Stratford,,,,
