boot_epoch,sequence_number,timestamp,vbat_mv,dps368_temp_c,source_flag
3090751706,95,2026-08-01T00:17:51.000+01:00,3860,30.82825469970703,buffered
3090751706,96,2026-08-01T00:18:01.000+01:00,3858,30.866256713867188,buffered
3090751706,97,2026-08-01T00:18:11.000+01:00,3931,30.263427734375,live
3090751706,98,2026-08-01T00:18:21.000+01:00,3923,30.303970336914062,live
3090751706,99,2026-08-01T00:18:31.000+01:00,3904,30.330909729003906,live
3090751706,100,2026-08-01T00:18:41.000+01:00,3920,30.361251831054688,live
3090751706,101,2026-08-01T00:18:51.000+01:00,3915,30.443199157714844,live
3090751706,102,2026-08-01T00:19:01.000+01:00,3902,30.48175811767578,live
3090751706,103,2026-08-01T00:19:11.000+01:00,3897,30.534500122070312,live
3090751706,104,2026-08-01T00:19:21.000+01:00,3921,30.590072631835938,live
3090751706,105,2026-08-01T00:19:31.000+01:00,3912,30.64905548095703,live
3090751706,106,2026-08-01T00:19:41.000+01:00,3925,30.698394775390625,live
3090751706,107,2026-08-01T00:19:51.000+01:00,3928,30.733551025390625,live
3090751706,108,2026-08-01T00:20:01.000+01:00,3899,30.745468139648438,live
3090751706,109,2026-08-01T00:20:11.000+01:00,3891,30.83477783203125,live
3090751706,110,2026-08-01T00:20:21.000+01:00,3892,30.86426544189453,live
3090751706,111,2026-08-01T00:20:31.000+01:00,3892,30.90453338623047,live
3090751706,112,2026-08-01T00:20:41.000+01:00,3875,30.939407348632812,live
3090751706,113,2026-08-01T00:20:51.000+01:00,3886,30.97003173828125,live
3090751706,114,2026-08-01T00:21:01.000+01:00,3894,30.998672485351562,live
3090751706,115,2026-08-01T00:21:11.000+01:00,3868,31.04857635498047,live
3090751706,116,2026-08-01T00:21:21.000+01:00,3868,31.0732421875,live
3090751706,117,2026-08-01T00:21:31.000+01:00,3883,31.11095428466797,live
3090751706,118,2026-08-01T00:21:41.000+01:00,3852,31.10698699951172,live
3090751706,119,2026-08-01T00:21:51.000+01:00,3879,31.163131713867188,live
3090751706,120,2026-08-01T00:22:01.000+01:00,3887,31.22351837158203,live
3090751706,121,2026-08-01T00:22:11.000+01:00,3860,31.26293182373047,live
3090751706,122,2026-08-01T00:22:21.000+01:00,3889,31.304336547851562,live
3090751706,123,2026-08-01T00:22:31.000+01:00,3875,31.315109252929688,live
3090751706,124,2026-08-01T00:22:41.000+01:00,3876,31.35906219482422,live
3090751706,125,2026-08-01T00:22:51.000+01:00,3889,31.400169372558594,buffered
3090751706,126,2026-08-01T00:23:01.000+01:00,3860,31.43902587890625,buffered
3090751706,127,2026-08-01T00:23:11.000+01:00,3886,31.447242736816406,buffered
3090751706,128,2026-08-01T00:23:21.000+01:00,3891,31.47644805908203,buffered
3090751706,129,2026-08-01T00:23:31.000+01:00,3878,31.504798889160156,buffered
3090751706,130,2026-08-01T00:23:41.000+01:00,3871,31.539398193359375,buffered
3090751706,131,2026-08-01T00:23:51.000+01:00,3883,31.564918518066406,buffered
3090751706,132,2026-08-01T00:24:01.000+01:00,3873,31.570587158203125,live
3090751706,133,2026-08-01T00:24:11.000+01:00,3876,31.624176025390625,live
3090751706,134,2026-08-01T00:24:20.000+01:00,3891,31.650833129882812,live
3090751706,135,2026-08-01T00:24:31.000+01:00,3857,31.704429626464844,live
3090751706,136,2026-08-01T00:24:41.000+01:00,3878,31.732498168945312,live
3090751706,137,2026-08-01T00:24:50.000+01:00,3868,31.722854614257812,live
3090751706,138,2026-08-01T00:25:01.000+01:00,3873,31.76396942138672,live
3090751706,139,2026-08-01T00:25:11.000+01:00,3876,31.77105712890625,live
3090751706,140,2026-08-01T00:25:21.000+01:00,3852,31.79033660888672,live
3090751706,141,2026-08-01T00:25:31.000+01:00,3883,31.809898376464844,live
3090751706,142,2026-08-01T00:25:41.000+01:00,3876,31.852149963378906,live
3090751706,143,2026-08-01T00:25:51.000+01:00,3858,31.884193420410156,live
3090751706,144,2026-08-01T00:26:01.000+01:00,3867,31.891845703125,live
3090751706,145,2026-08-01T00:26:11.000+01:00,3862,31.908859252929688,live
3090751706,146,2026-08-01T00:26:21.000+01:00,3833,31.92559051513672,live
3090751706,147,2026-08-01T00:26:31.000+01:00,3865,31.945159912109375,live
3090751706,148,2026-08-01T00:26:41.000+01:00,3868,31.94005584716797,live
3090751706,149,2026-08-01T00:26:51.000+01:00,3849,31.988258361816406,live
3090751706,150,2026-08-01T00:27:01.000+01:00,3860,32.035606384277344,live
3090751706,151,2026-08-01T00:27:11.000+01:00,3867,32.04155731201172,live
3090751706,152,2026-08-01T00:27:21.000+01:00,3838,32.08580017089844,live
3090751706,153,2026-08-01T00:27:31.000+01:00,3871,32.070770263671875,live
3090751706,154,2026-08-01T00:27:41.000+01:00,3854,32.082679748535156,live
3090751706,155,2026-08-01T00:27:51.000+01:00,3865,32.145057678222656,live
3090751706,156,2026-08-01T00:28:01.000+01:00,3847,32.14789581298828,live
3090751706,157,2026-08-01T00:28:11.000+01:00,3863,32.153846740722656,live
3090751706,158,2026-08-01T00:28:21.000+01:00,3867,32.173980712890625,live
3090751706,159,2026-08-01T00:28:31.000+01:00,3860,32.17652893066406,live
3090751706,160,2026-08-01T00:28:41.000+01:00,3863,32.16887664794922,live
3090751706,161,2026-08-01T00:28:51.000+01:00,3868,32.212257385253906,live
3090751706,162,2026-08-01T00:29:01.000+01:00,3860,32.218780517578125,live
3090751706,163,2026-08-01T00:29:11.000+01:00,3865,32.25989532470703,live
3090751706,164,2026-08-01T00:29:21.000+01:00,3870,32.25422668457031,live
3090751706,165,2026-08-01T00:29:31.000+01:00,3862,32.278038024902344,live
3090751706,166,2026-08-01T00:29:41.000+01:00,3868,32.26811981201172,live
3090751706,167,2026-08-01T00:29:51.000+01:00,3858,32.30413055419922,live
3090751706,168,2026-08-01T00:30:01.000+01:00,3833,32.29902648925781,live
3090751706,169,2026-08-01T00:30:11.000+01:00,3865,32.32256317138672,live
3090751706,170,2026-08-01T00:30:21.000+01:00,3852,32.34864807128906,live
3090751706,171,2026-08-01T00:30:31.000+01:00,3834,32.36622619628906,live
3090751706,172,2026-08-01T00:30:41.000+01:00,3854,32.386924743652344,live
3090751706,173,2026-08-01T00:30:51.000+01:00,3860,32.41131591796875,live
3090751706,174,2026-08-01T00:31:01.000+01:00,3842,32.38890838623047,live
3090751706,175,2026-08-01T00:31:11.000+01:00,3852,32.38636016845703,live
3090751706,176,2026-08-01T00:31:21.000+01:00,3842,32.40422821044922,live
3090751706,177,2026-08-01T00:31:31.000+01:00,3839,32.45044708251953,live
3090751706,178,2026-08-01T00:31:41.000+01:00,3852,32.45185852050781,buffered
3090751706,179,2026-08-01T00:31:51.000+01:00,3847,32.468017578125,buffered
3090751706,180,2026-08-01T00:32:01.000+01:00,3828,32.47029113769531,buffered
3090751706,181,2026-08-01T00:32:11.000+01:00,3863,32.4705810546875,buffered
3090751706,182,2026-08-01T00:32:21.000+01:00,3852,32.48021697998047,buffered
3090751706,183,2026-08-01T00:32:31.000+01:00,3847,32.49835968017578,buffered
3090751706,184,2026-08-01T00:32:41.000+01:00,3860,32.504600524902344,buffered
3090751706,185,2026-08-01T00:32:51.000+01:00,3860,32.540611267089844,buffered
3090751706,186,2026-08-01T00:33:01.000+01:00,3857,32.56159210205078,buffered
3090751706,187,2026-08-01T00:33:11.000+01:00,3836,32.58229064941406,buffered
3090751706,188,2026-08-01T00:33:21.000+01:00,3847,32.58201599121094,buffered
3090751706,189,2026-08-01T00:33:31.000+01:00,3844,32.5751953125,buffered
3090751706,190,2026-08-01T00:33:41.000+01:00,3854,32.59477233886719,live
3090751706,191,2026-08-01T00:33:51.000+01:00,3842,32.60270690917969,live
3090751706,192,2026-08-01T00:34:01.000+01:00,3847,32.621131896972656,live
3090751706,193,2026-08-01T00:34:11.000+01:00,3858,32.61376953125,live
3090751706,194,2026-08-01T00:34:20.000+01:00,3842,32.63843536376953,live
3090751706,195,2026-08-01T00:34:31.000+01:00,3854,32.63304901123047,live
3090751706,196,2026-08-01T00:34:41.000+01:00,3828,32.640708923339844,live
3090751706,197,2026-08-01T00:34:51.000+01:00,3844,32.647789001464844,live
3090751706,198,2026-08-01T00:35:01.000+01:00,3838,32.694580078125,live
3090751706,199,2026-08-01T00:35:11.000+01:00,3834,32.70507049560547,live
3090751706,200,2026-08-01T00:35:21.000+01:00,3842,32.682952880859375,live
3090751706,201,2026-08-01T00:35:31.000+01:00,3841,32.730873107910156,live
3090751706,202,2026-08-01T00:35:41.000+01:00,3825,32.74079895019531,live
3090751706,203,2026-08-01T00:35:51.000+01:00,3844,32.720664978027344,live
3090751706,204,2026-08-01T00:36:01.000+01:00,3842,32.74164581298828,live
3090751706,205,2026-08-01T00:36:11.000+01:00,3828,32.748451232910156,live
3090751706,206,2026-08-01T00:36:21.000+01:00,3839,32.76490020751953,live
3090751706,207,2026-08-01T00:36:31.000+01:00,3834,32.757530212402344,live
3090751706,208,2026-08-01T00:36:41.000+01:00,3839,31.96074676513672,live
3090751706,209,2026-08-01T00:36:51.000+01:00,3838,31.94146728515625,live
3090751706,210,2026-08-01T00:37:01.000+01:00,3834,31.40613555908203,live
3090751706,211,2026-08-01T00:37:11.000+01:00,3839,30.818328857421875,live
3090751706,212,2026-08-01T00:37:21.000+01:00,3844,30.851791381835938,live
3090751706,213,2026-08-01T00:37:31.000+01:00,3838,30.489418029785156,live
3090751706,214,2026-08-01T00:37:41.000+01:00,3834,30.101516723632812,live
3090751706,215,2026-08-01T00:37:51.000+01:00,3839,30.166732788085938,live
3090751706,216,2026-08-01T00:38:01.000+01:00,3833,29.913246154785156,live
3090751706,217,2026-08-01T00:38:11.000+01:00,3834,29.640182495117188,live
3090751706,218,2026-08-01T00:38:21.000+01:00,3839,29.743118286132812,live
3090751706,219,2026-08-01T00:38:31.000+01:00,3842,29.618072509765625,live
3090751706,220,2026-08-01T00:38:41.000+01:00,3833,29.405410766601562,live
3090751706,221,2026-08-01T00:38:51.000+01:00,3834,29.515419006347656,live
3090751706,222,2026-08-01T00:39:01.000+01:00,3839,29.4351806640625,live
3090751706,223,2026-08-01T00:39:11.000+01:00,3842,29.290855407714844,live
3090751706,224,2026-08-01T00:39:21.000+01:00,3817,29.38641357421875,live
3090751706,225,2026-08-01T00:39:31.000+01:00,3842,29.337646484375,live
3090751706,226,2026-08-01T00:39:41.000+01:00,3834,29.19670867919922,live
3090751706,227,2026-08-01T00:39:51.000+01:00,3815,29.285743713378906,live
3090751706,228,2026-08-01T00:40:01.000+01:00,3842,29.258529663085938,live
3090751706,229,2026-08-01T00:40:11.000+01:00,3831,29.144264221191406,live
3090751706,230,2026-08-01T00:40:21.000+01:00,3812,29.214859008789062,live
3090751706,231,2026-08-01T00:40:31.000+01:00,3831,29.202957153320312,live
3090751706,232,2026-08-01T00:40:41.000+01:00,3842,29.084144592285156,live
3090751706,233,2026-08-01T00:40:51.000+01:00,3817,29.142837524414062,live
3090751706,234,2026-08-01T00:41:01.000+01:00,3834,29.135467529296875,live
3090751706,235,2026-08-01T00:41:11.000+01:00,3833,29.052108764648438,live
3090751706,236,2026-08-01T00:41:21.000+01:00,3813,29.08953094482422,live
3090751706,237,2026-08-01T00:41:31.000+01:00,3842,29.10485076904297,live
3090751706,238,2026-08-01T00:41:41.000+01:00,3818,29.02459716796875,live
3090751706,239,2026-08-01T00:41:51.000+01:00,3826,29.054656982421875,live
3090751706,240,2026-08-01T00:42:01.000+01:00,3842,29.080459594726562,live
3090751706,241,2026-08-01T00:42:11.000+01:00,3825,28.995681762695312,live
3090751706,242,2026-08-01T00:42:21.000+01:00,3826,29.010704040527344,live
3090751706,243,2026-08-01T00:42:31.000+01:00,3841,29.046142578125,live
3090751706,244,2026-08-01T00:42:41.000+01:00,3833,28.979232788085938,live
3090751706,245,2026-08-01T00:42:51.000+01:00,3834,28.997657775878906,live
3090751706,246,2026-08-01T00:43:01.000+01:00,3820,29.0487060546875,live
3090751706,247,2026-08-01T00:43:11.000+01:00,3815,28.9749755859375,live
3090751706,248,2026-08-01T00:43:21.000+01:00,3834,28.99114227294922,live
3090751706,249,2026-08-01T00:43:31.000+01:00,3820,29.031402587890625,live
3090751706,250,2026-08-01T00:43:41.000+01:00,3838,28.982070922851562,buffered
3090751706,251,2026-08-01T00:43:51.000+01:00,3807,28.972145080566406,buffered
3090751706,252,2026-08-01T00:44:01.000+01:00,3820,29.020912170410156,buffered
3090751706,253,2026-08-01T00:44:11.000+01:00,3831,28.9766845703125,buffered
3090751706,254,2026-08-01T00:44:21.000+01:00,3826,28.966758728027344,buffered
3090751706,255,2026-08-01T00:44:31.000+01:00,3828,29.037071228027344,buffered
3090751706,256,2026-08-01T00:44:41.000+01:00,3821,28.97980499267578,buffered
3090751706,257,2026-08-01T00:44:51.000+01:00,3826,28.95824432373047,buffered
3090751706,258,2026-08-01T00:45:01.000+01:00,3820,29.04218292236328,buffered
3090751706,259,2026-08-01T00:45:11.000+01:00,3823,28.98717498779297,buffered
3090751706,260,2026-08-01T00:45:21.000+01:00,3828,28.948326110839844,buffered
3090751706,261,2026-08-01T00:45:31.000+01:00,3820,29.042739868164062,buffered
3090751706,262,2026-08-01T00:45:41.000+01:00,3818,28.973281860351562,buffered
3090751706,263,2026-08-01T00:45:51.000+01:00,3818,28.946624755859375,buffered
3090751706,264,2026-08-01T00:46:01.000+01:00,3823,29.033958435058594,buffered
3090751706,265,2026-08-01T00:46:11.000+01:00,3796,28.996246337890625,buffered
3090751706,266,2026-08-01T00:46:21.000+01:00,3825,28.95569610595703,buffered
3090751706,267,2026-08-01T00:46:31.000+01:00,3807,29.056068420410156,buffered
3090751706,268,2026-08-01T00:46:41.000+01:00,3817,28.985755920410156,buffered
3090751706,269,2026-08-01T00:46:51.000+01:00,3786,28.89189910888672,buffered
3090751706,270,2026-08-01T00:47:01.000+01:00,3796,28.973846435546875,buffered
3090751706,271,2026-08-01T00:47:11.000+01:00,3823,28.92223358154297,buffered
3090751706,272,2026-08-01T00:47:21.000+01:00,3825,28.85106658935547,live
3090751706,273,2026-08-01T00:47:31.000+01:00,3805,28.967613220214844,live
3090751706,274,2026-08-01T00:47:41.000+01:00,3820,28.916854858398438,live
3090751706,275,2026-08-01T00:47:51.000+01:00,3815,28.87006378173828,live
3090751706,276,2026-08-01T00:48:01.000+01:00,3794,28.988021850585938,live
3090751706,277,2026-08-01T00:48:11.000+01:00,3813,28.943222045898438,live
3090751706,278,2026-08-01T00:48:21.000+01:00,3802,28.87091827392578,live
3090751706,279,2026-08-01T00:48:31.000+01:00,3821,28.998512268066406,live
3090751706,280,2026-08-01T00:48:41.000+01:00,3813,28.957687377929688,live
3090751706,281,2026-08-01T00:48:51.000+01:00,3820,28.8765869140625,live
3090751706,282,2026-08-01T00:49:01.000+01:00,3815,29.00872039794922,live
3090751706,283,2026-08-01T00:49:11.000+01:00,3808,28.98064422607422,live
3090751706,284,2026-08-01T00:49:21.000+01:00,3807,28.89899444580078,live
3090751706,285,2026-08-01T00:49:31.000+01:00,3817,29.02630615234375,live
3090751706,286,2026-08-01T00:49:41.000+01:00,3817,28.992279052734375,live
3090751706,287,2026-08-01T00:49:51.000+01:00,3812,28.92139434814453,live
3090751706,288,2026-08-01T00:50:01.000+01:00,3821,29.02318572998047,live
3090751706,289,2026-08-01T00:50:11.000+01:00,3818,28.99908447265625,live
3090751706,290,2026-08-01T00:50:21.000+01:00,3808,28.890762329101562,live
3090751706,291,2026-08-01T00:50:31.000+01:00,3818,29.03282928466797,live
3090751706,292,2026-08-01T00:50:41.000+01:00,3821,28.997657775878906,live
3090751706,293,2026-08-01T00:50:51.000+01:00,3817,28.895301818847656,buffered
3090751706,294,2026-08-01T00:51:01.000+01:00,3813,29.025169372558594,buffered
3090751706,295,2026-08-01T00:51:11.000+01:00,3813,28.972145080566406,live
3090751706,296,2026-08-01T00:51:21.000+01:00,3808,28.844261169433594,live
3090751706,297,2026-08-01T00:51:31.000+01:00,3805,28.992279052734375,live
3090751706,298,2026-08-01T00:51:41.000+01:00,3763,28.951438903808594,live
3090751706,299,2026-08-01T00:51:51.000+01:00,3796,28.828948974609375,live
3090751706,300,2026-08-01T00:52:01.000+01:00,3815,28.957687377929688,live
3090751706,301,2026-08-01T00:52:11.000+01:00,3812,28.919967651367188,live
3090751706,302,2026-08-01T00:52:21.000+01:00,3812,28.82469940185547,live
3090751706,303,2026-08-01T00:52:31.000+01:00,3807,28.95655059814453,live
3090751706,304,2026-08-01T00:52:41.000+01:00,3791,28.935562133789062,live
3090751706,305,2026-08-01T00:52:51.000+01:00,3818,28.85504150390625,live
3090751706,306,2026-08-01T00:53:01.000+01:00,3817,28.948890686035156,live
3090751706,307,2026-08-01T00:53:11.000+01:00,3789,28.94463348388672,live
3090751706,308,2026-08-01T00:53:21.000+01:00,3791,28.831504821777344,live
3090751706,309,2026-08-01T00:53:31.000+01:00,3800,28.941802978515625,live
3090751706,310,2026-08-01T00:53:41.000+01:00,3788,28.912025451660156,live
3090751706,311,2026-08-01T00:53:51.000+01:00,3800,28.829803466796875,live
3090751706,312,2026-08-01T00:54:01.000+01:00,3815,28.912879943847656,live
3090751706,313,2026-08-01T00:54:11.000+01:00,3789,28.905517578125,buffered
3090751706,314,2026-08-01T00:54:21.000+01:00,3812,28.83349609375,buffered
3090751706,315,2026-08-01T00:54:31.000+01:00,3802,28.91118621826172,buffered
3090751706,316,2026-08-01T00:54:41.000+01:00,3776,28.898422241210938,buffered
3090751706,317,2026-08-01T00:54:51.000+01:00,3802,28.798614501953125,live
3090751706,318,2026-08-01T00:55:01.000+01:00,3807,28.87574005126953,buffered
3090751706,319,2026-08-01T00:55:11.000+01:00,3770,28.894454956054688,live
3090751706,320,2026-08-01T00:55:21.000+01:00,3799,28.823280334472656,live
3090751706,321,2026-08-01T00:55:31.000+01:00,3797,28.879417419433594,live
3090751706,322,2026-08-01T00:55:41.000+01:00,3797,28.905227661132812,live
3090751706,323,2026-08-01T00:55:51.000+01:00,3802,28.841140747070312,live
3090751706,324,2026-08-01T00:56:01.000+01:00,3800,28.87744140625,live
3090751706,325,2026-08-01T00:56:11.000+01:00,3796,28.887649536132812,live
3090751706,326,2026-08-01T00:56:21.000+01:00,3805,28.791519165039062,live
3090751706,327,2026-08-01T00:56:31.000+01:00,3797,28.83916473388672,live
3090751706,328,2026-08-01T00:56:41.000+01:00,3791,28.88878631591797,live
3090751706,329,2026-08-01T00:56:51.000+01:00,3796,28.81505584716797,live
3090751706,330,2026-08-01T00:57:01.000+01:00,3791,28.841995239257812,live
3090751706,331,2026-08-01T00:57:11.000+01:00,3807,28.883392333984375,live
3090751706,332,2026-08-01T00:57:21.000+01:00,3796,28.807968139648438,live
3090751706,333,2026-08-01T00:57:31.000+01:00,3810,28.824127197265625,live
3090751706,334,2026-08-01T00:57:41.000+01:00,3802,28.876014709472656,live
3090751706,335,2026-08-01T00:57:51.000+01:00,3812,28.817893981933594,live
3090751706,336,2026-08-01T00:58:01.000+01:00,3796,28.799461364746094,live
3090751706,337,2026-08-01T00:58:11.000+01:00,3796,28.86467742919922,live
3090751706,338,2026-08-01T00:58:21.000+01:00,3805,28.810516357421875,live
3090751706,339,2026-08-01T00:58:31.000+01:00,3791,28.77649688720703,live
3090751706,340,2026-08-01T00:58:41.000+01:00,3796,28.866661071777344,live
3090751706,341,2026-08-01T00:58:51.000+01:00,3799,28.792938232421875,live
3090751706,342,2026-08-01T00:59:01.000+01:00,3808,28.771385192871094,live
3090751706,343,2026-08-01T00:59:11.000+01:00,3807,28.857872009277344,live
3090751706,344,2026-08-01T00:59:21.000+01:00,3775,28.76457977294922,live
3090751706,345,2026-08-01T00:59:31.000+01:00,3791,28.755508422851562,live
3090751706,346,2026-08-01T00:59:41.000+01:00,3802,28.81336212158203,live
3090751706,347,2026-08-01T00:59:51.000+01:00,3773,28.748703002929688,live
3090751706,348,2026-08-01T01:00:01.000+01:00,3786,28.710426330566406,live
3090751706,349,2026-08-01T01:00:11.000+01:00,3794,28.794921875,live
3090751706,350,2026-08-01T01:00:21.000+01:00,3755,28.728012084960938,live
3090751706,351,2026-08-01T01:00:31.000+01:00,3791,28.66534423828125,live
3090751706,352,2026-08-01T01:00:41.000+01:00,3791,28.750411987304688,live
3090751706,353,2026-08-01T01:00:51.000+01:00,3768,28.69171905517578,live
3090751706,354,2026-08-01T01:01:01.000+01:00,3791,28.650314331054688,live
3090751706,355,2026-08-01T01:01:11.000+01:00,3792,28.744171142578125,live
3090751706,356,2026-08-01T01:01:21.000+01:00,3791,28.699935913085938,live
3090751706,357,2026-08-01T01:01:31.000+01:00,3791,28.649185180664062,live
3090751706,358,2026-08-01T01:01:41.000+01:00,3791,28.75495147705078,live
3090751706,359,2026-08-01T01:01:51.000+01:00,3789,28.728012084960938,live
3090751706,360,2026-08-01T01:02:01.000+01:00,3776,28.662796020507812,live
3090751706,361,2026-08-01T01:02:11.000+01:00,3791,28.769973754882812,live
3090751706,362,2026-08-01T01:02:21.000+01:00,3792,28.730560302734375,live
3090751706,363,2026-08-01T01:02:31.000+01:00,3794,28.659393310546875,live
3090751706,364,2026-08-01T01:02:41.000+01:00,3788,28.776779174804688,live
3090751706,365,2026-08-01T01:02:51.000+01:00,3789,28.720069885253906,live
3090751706,366,2026-08-01T01:03:01.000+01:00,3794,28.657974243164062,live
3090751706,367,2026-08-01T01:03:11.000+01:00,3791,28.760047912597656,live
3090751706,368,2026-08-01T01:03:21.000+01:00,3792,28.720352172851562,live
3090751706,369,2026-08-01T01:03:31.000+01:00,3770,28.649749755859375,live
3090751706,370,2026-08-01T01:03:41.000+01:00,3788,28.764877319335938,live
3090751706,371,2026-08-01T01:03:51.000+01:00,3788,28.704193115234375,live
3090751706,372,2026-08-01T01:04:01.000+01:00,3765,28.620262145996094,live
3090751706,373,2026-08-01T01:04:11.000+01:00,3786,28.745025634765625,live
3090751706,374,2026-08-01T01:04:21.000+01:00,3786,28.693130493164062,live
3090751706,375,2026-08-01T01:04:31.000+01:00,3763,28.609481811523438,live
3090751706,376,2026-08-01T01:04:41.000+01:00,3791,28.73963165283203,live
3090751706,377,2026-08-01T01:04:51.000+01:00,3781,28.711563110351562,live
3090751706,378,2026-08-01T01:05:01.000+01:00,3770,28.62933349609375,live
3090751706,379,2026-08-01T01:05:11.000+01:00,3791,28.748703002929688,live
3090751706,380,2026-08-01T01:05:21.000+01:00,3773,28.75409698486328,live
3090751706,381,2026-08-01T01:05:31.000+01:00,3765,28.687461853027344,live
3090751706,382,2026-08-01T01:05:41.000+01:00,3788,28.78868865966797,live
3090751706,383,2026-08-01T01:05:51.000+01:00,3781,28.75409698486328,live
3090751706,384,2026-08-01T01:06:01.000+01:00,3757,28.69255828857422,live
3090751706,385,2026-08-01T01:06:11.000+01:00,3791,28.815628051757812,live
3090751706,386,2026-08-01T01:06:21.000+01:00,3786,28.774505615234375,live
3090751706,387,2026-08-01T01:06:31.000+01:00,3757,28.695404052734375,live
3090751706,388,2026-08-01T01:06:41.000+01:00,3779,28.81903076171875,live
3090751706,389,2026-08-01T01:06:51.000+01:00,3776,28.792373657226562,live
3090751706,390,2026-08-01T01:07:01.000+01:00,3760,28.71723175048828,live
3090751706,391,2026-08-01T01:07:11.000+01:00,3788,28.830650329589844,live
3090751706,392,2026-08-01T01:07:21.000+01:00,3776,28.79180145263672,live
3090751706,393,2026-08-01T01:07:31.000+01:00,3768,28.703903198242188,live
3090751706,394,2026-08-01T01:07:41.000+01:00,3791,28.818458557128906,live
3090751706,395,2026-08-01T01:07:51.000+01:00,3791,28.79010772705078,live
3090751706,396,2026-08-01T01:08:01.000+01:00,3762,28.68065643310547,live
3090751706,397,2026-08-01T01:08:11.000+01:00,3789,28.793228149414062,live
3090751706,398,2026-08-01T01:08:21.000+01:00,3788,28.75749969482422,live
3090751706,399,2026-08-01T01:08:31.000+01:00,3783,28.70702362060547,live
3090751706,400,2026-08-01T01:08:41.000+01:00,3763,28.811935424804688,live
3090751706,401,2026-08-01T01:08:51.000+01:00,3767,28.791236877441406,live
3090751706,402,2026-08-01T01:09:01.000+01:00,3765,28.718368530273438,live
3090751706,403,2026-08-01T01:09:11.000+01:00,3775,28.800888061523438,live
3090751706,404,2026-08-01T01:09:21.000+01:00,3776,28.803993225097656,live
3090751706,405,2026-08-01T01:09:31.000+01:00,3747,28.710708618164062,live
3090751706,406,2026-08-01T01:09:41.000+01:00,3786,28.779327392578125,live
3090751706,407,2026-08-01T01:09:51.000+01:00,3773,28.76288604736328,live
3090751706,408,2026-08-01T01:10:01.000+01:00,3783,28.689163208007812,live
3090751706,409,2026-08-01T01:10:11.000+01:00,3779,28.755226135253906,live
3090751706,410,2026-08-01T01:10:21.000+01:00,3757,28.77649688720703,live
3090751706,411,2026-08-01T01:10:31.000+01:00,3781,28.685760498046875,live
3090751706,412,2026-08-01T01:10:41.000+01:00,3781,28.757217407226562,live
3090751706,413,2026-08-01T01:10:51.000+01:00,3770,28.773094177246094,live
3090751706,414,2026-08-01T01:11:01.000+01:00,3783,28.6868896484375,live
3090751706,415,2026-08-01T01:11:11.000+01:00,3779,28.719215393066406,live
3090751706,416,2026-08-01T01:11:21.000+01:00,3771,28.741050720214844,live
3090751706,417,2026-08-01T01:11:31.000+01:00,3770,28.67725372314453,live
3090751706,418,2026-08-01T01:11:41.000+01:00,3779,28.700218200683594,live
3090751706,419,2026-08-01T01:11:51.000+01:00,3754,28.739913940429688,live
3090751706,420,2026-08-01T01:12:01.000+01:00,3776,28.67186737060547,live
3090751706,421,2026-08-01T01:12:11.000+01:00,3757,28.69086456298828,live
3090751706,422,2026-08-01T01:12:21.000+01:00,3768,28.728866577148438,live
3090751706,423,2026-08-01T01:12:31.000+01:00,3768,28.662513732910156,live
3090751706,424,2026-08-01T01:12:41.000+01:00,3781,28.675270080566406,live
3090751706,425,2026-08-01T01:12:51.000+01:00,3773,28.724609375,live
3090751706,426,2026-08-01T01:13:01.000+01:00,3776,28.671585083007812,live
3090751706,427,2026-08-01T01:13:11.000+01:00,3739,28.67186737060547,live
3090751706,428,2026-08-01T01:13:21.000+01:00,3768,28.724609375,live
3090751706,429,2026-08-01T01:13:31.000+01:00,3783,28.667892456054688,live
3090751706,430,2026-08-01T01:13:41.000+01:00,3742,28.644927978515625,live
3090751706,431,2026-08-01T01:13:51.000+01:00,3775,28.703903198242188,live
3090751706,432,2026-08-01T01:14:01.000+01:00,3776,28.62763214111328,live
3090751706,433,2026-08-01T01:14:11.000+01:00,3755,28.60381317138672,live
3090751706,434,2026-08-01T01:14:21.000+01:00,3775,28.678672790527344,live
3090751706,435,2026-08-01T01:14:31.000+01:00,3776,28.614585876464844,live
3090751706,436,2026-08-01T01:14:41.000+01:00,3749,28.58538055419922,live
3090751706,437,2026-08-01T01:14:51.000+01:00,3773,28.67015838623047,live
3090751706,438,2026-08-01T01:15:01.000+01:00,3770,28.6253662109375,live
3090751706,439,2026-08-01T01:15:11.000+01:00,3750,28.601829528808594,live
3090751706,440,2026-08-01T01:15:21.000+01:00,3770,28.674415588378906,live
3090751706,441,2026-08-01T01:15:31.000+01:00,3762,28.617706298828125,live
3090751706,442,2026-08-01T01:15:41.000+01:00,3767,28.5814208984375,live
3090751706,443,2026-08-01T01:15:51.000+01:00,3765,28.68065643310547,live
3090751706,444,2026-08-01T01:16:01.000+01:00,3762,28.615150451660156,live
3090751706,445,2026-08-01T01:16:11.000+01:00,3775,28.57573699951172,live
3090751706,446,2026-08-01T01:16:21.000+01:00,3765,28.68065643310547,live
3090751706,447,2026-08-01T01:16:31.000+01:00,3765,28.62847900390625,live
3090751706,448,2026-08-01T01:16:41.000+01:00,3763,28.564117431640625,live
3090751706,449,2026-08-01T01:16:51.000+01:00,3768,28.669029235839844,live
3090751706,450,2026-08-01T01:17:01.000+01:00,3747,28.610336303710938,live
3090751706,451,2026-08-01T01:17:11.000+01:00,3755,28.545684814453125,live
3090751706,452,2026-08-01T01:17:21.000+01:00,3763,28.646621704101562,live
3090751706,453,2026-08-01T01:17:31.000+01:00,3767,28.592758178710938,live
3090751706,454,2026-08-01T01:17:41.000+01:00,3768,28.511947631835938,live
3090751706,455,2026-08-01T01:17:51.000+01:00,3739,28.625076293945312,live
3090751706,456,2026-08-01T01:18:01.000+01:00,3763,28.59417724609375,live
3090751706,457,2026-08-01T01:18:11.000+01:00,3771,28.48046875,live
3090751706,458,2026-08-01T01:18:21.000+01:00,3739,28.603248596191406,live
3090751706,459,2026-08-01T01:18:31.000+01:00,3770,28.566665649414062,live
3090751706,460,2026-08-01T01:18:41.000+01:00,3747,28.49266815185547,live
3090751706,461,2026-08-01T01:18:51.000+01:00,3736,28.616859436035156,live
3090751706,462,2026-08-01T01:19:01.000+01:00,3770,28.560997009277344,live
3090751706,463,2026-08-01T01:19:11.000+01:00,3768,28.491241455078125,live
3090751706,464,2026-08-01T01:19:21.000+01:00,3739,28.614585876464844,live
3090751706,465,2026-08-01T01:19:31.000+01:00,3765,28.573760986328125,live
3090751706,466,2026-08-01T01:19:41.000+01:00,3762,28.48699188232422,live
3090751706,467,2026-08-01T01:19:51.000+01:00,3755,28.604660034179688,live
3090751706,468,2026-08-01T01:20:01.000+01:00,3767,28.56298065185547,live
3090751706,469,2026-08-01T01:20:11.000+01:00,3763,28.479339599609375,live
3090751706,470,2026-08-01T01:20:21.000+01:00,3759,28.597854614257812,live
3090751706,471,2026-08-01T01:20:31.000+01:00,3744,28.554763793945312,live
3090751706,472,2026-08-01T01:20:41.000+01:00,3765,28.443885803222656,live
3090751706,473,2026-08-01T01:20:51.000+01:00,3757,28.570358276367188,live
3090751706,474,2026-08-01T01:21:01.000+01:00,3767,28.53094482421875,live
3090751706,475,2026-08-01T01:21:11.000+01:00,3760,28.43085479736328,live
3090751706,476,2026-08-01T01:21:21.000+01:00,3757,28.557029724121094,live
3090751706,477,2026-08-01T01:21:31.000+01:00,3759,28.525558471679688,live
3090751706,478,2026-08-01T01:21:41.000+01:00,3750,28.42120361328125,live
3090751706,479,2026-08-01T01:21:51.000+01:00,3747,28.530654907226562,live
3090751706,480,2026-08-01T01:22:01.000+01:00,3739,28.495216369628906,live
3090751706,481,2026-08-01T01:22:11.000+01:00,3760,28.4093017578125,live
3090751706,482,2026-08-01T01:22:21.000+01:00,3742,28.555320739746094,live
3090751706,483,2026-08-01T01:22:31.000+01:00,3741,28.51903533935547,live
3090751706,484,2026-08-01T01:22:41.000+01:00,3757,28.417800903320312,live
3090751706,485,2026-08-01T01:22:51.000+01:00,3767,28.555320739746094,live
3090751706,486,2026-08-01T01:23:01.000+01:00,3739,28.511375427246094,live
3090751706,487,2026-08-01T01:23:11.000+01:00,3762,28.424888610839844,live
3090751706,488,2026-08-01T01:23:21.000+01:00,3765,28.506271362304688,live
3090751706,489,2026-08-01T01:23:31.000+01:00,3736,28.50060272216797,live
3090751706,490,2026-08-01T01:23:41.000+01:00,3757,28.388595581054688,live
3090751706,491,2026-08-01T01:23:51.000+01:00,3739,28.4813232421875,live
3090751706,492,2026-08-01T01:24:01.000+01:00,3715,28.464874267578125,live
3090751706,493,2026-08-01T01:24:11.000+01:00,3750,28.3653564453125,live
3090751706,494,2026-08-01T01:24:21.000+01:00,3757,28.431411743164062,live
3090751706,495,2026-08-01T01:24:31.000+01:00,3734,28.435386657714844,live
3090751706,496,2026-08-01T01:24:41.000+01:00,3755,28.322525024414062,live
3090751706,497,2026-08-01T01:24:51.000+01:00,3755,28.401641845703125,live
3090751706,498,2026-08-01T01:25:01.000+01:00,3749,28.418373107910156,live
3090751706,499,2026-08-01T01:25:11.000+01:00,3760,28.333587646484375,live
3090751706,500,2026-08-01T01:25:21.000+01:00,3744,28.38378143310547,live
3090751706,501,2026-08-01T01:25:31.000+01:00,3738,28.398521423339844,live
3090751706,502,2026-08-01T01:25:41.000+01:00,3760,28.322525024414062,live
3090751706,503,2026-08-01T01:25:51.000+01:00,3744,28.376976013183594,live
3090751706,504,2026-08-01T01:26:01.000+01:00,3749,28.400794982910156,live
3090751706,505,2026-08-01T01:26:11.000+01:00,3757,28.33642578125,live
3090751706,506,2026-08-01T01:26:21.000+01:00,3759,28.377830505371094,live
3090751706,507,2026-08-01T01:26:31.000+01:00,3744,28.42858123779297,live
3090751706,508,2026-08-01T01:26:41.000+01:00,3746,28.346633911132812,live
3090751706,509,2026-08-01T01:26:51.000+01:00,3747,28.36279296875,live
3090751706,510,2026-08-01T01:27:01.000+01:00,3730,28.41412353515625,live
3090751706,511,2026-08-01T01:27:11.000+01:00,3746,28.344650268554688,live
3090751706,512,2026-08-01T01:27:21.000+01:00,3733,28.3372802734375,live
3090751706,513,2026-08-01T01:27:31.000+01:00,3746,28.390586853027344,live
3090751706,514,2026-08-01T01:27:41.000+01:00,3736,28.331039428710938,live
3090751706,515,2026-08-01T01:27:51.000+01:00,3742,28.32196807861328,live
3090751706,516,2026-08-01T01:28:01.000+01:00,3754,28.392852783203125,live
3090751706,517,2026-08-01T01:28:11.000+01:00,3725,28.31884765625,live
3090751706,518,2026-08-01T01:28:21.000+01:00,3744,28.30211639404297,live
3090751706,519,2026-08-01T01:28:31.000+01:00,3749,28.393707275390625,live
3090751706,520,2026-08-01T01:28:41.000+01:00,3733,28.309768676757812,live
3090751706,521,2026-08-01T01:28:51.000+01:00,3728,28.268089294433594,live
3090751706,522,2026-08-01T01:29:01.000+01:00,3742,28.35570526123047,live
3090751706,523,2026-08-01T01:29:11.000+01:00,3731,28.263832092285156,live
3090751706,524,2026-08-01T01:29:21.000+01:00,3746,28.239456176757812,live
3090751706,525,2026-08-01T01:29:31.000+01:00,3747,28.336708068847656,live
3090751706,526,2026-08-01T01:29:41.000+01:00,3723,28.290771484375,live
3090751706,527,2026-08-01T01:29:51.000+01:00,3749,28.260726928710938,live
3090751706,528,2026-08-01T01:30:01.000+01:00,3741,28.351173400878906,live
3090751706,529,2026-08-01T01:30:11.000+01:00,3730,28.29900360107422,live
3090751706,530,2026-08-01T01:30:21.000+01:00,3741,28.234344482421875,live
3090751706,531,2026-08-01T01:30:31.000+01:00,3755,28.35089111328125,live
3090751706,532,2026-08-01T01:30:41.000+01:00,3731,28.29474639892578,live
3090751706,533,2026-08-01T01:30:51.000+01:00,3754,28.236618041992188,live
3090751706,534,2026-08-01T01:31:01.000+01:00,3750,28.337562561035156,live
3090751706,535,2026-08-01T01:31:11.000+01:00,3741,28.27063751220703,live
3090751706,536,2026-08-01T01:31:21.000+01:00,3754,28.19805908203125,live
3090751706,537,2026-08-01T01:31:31.000+01:00,3747,28.317710876464844,live
3090751706,538,2026-08-01T01:31:41.000+01:00,3744,28.255043029785156,live
3090751706,539,2026-08-01T01:31:51.000+01:00,3744,28.170547485351562,live
3090751706,540,2026-08-01T01:32:01.000+01:00,3739,28.294464111328125,live
3090751706,541,2026-08-01T01:32:11.000+01:00,3730,28.264404296875,live
3090751706,542,2026-08-01T01:32:21.000+01:00,3734,28.190399169921875,live
3090751706,543,2026-08-01T01:32:31.000+01:00,3747,28.319129943847656,live
3090751706,544,2026-08-01T01:32:41.000+01:00,3739,28.282272338867188,live
3090751706,545,2026-08-01T01:32:51.000+01:00,3741,28.188133239746094,live
3090751706,546,2026-08-01T01:33:01.000+01:00,3739,28.32054901123047,live
3090751706,547,2026-08-01T01:33:11.000+01:00,3739,28.265541076660156,live
3090751706,548,2026-08-01T01:33:21.000+01:00,3739,28.164878845214844,live
3090751706,549,2026-08-01T01:33:31.000+01:00,3749,28.3004150390625,live
3090751706,550,2026-08-01T01:33:41.000+01:00,3739,28.26213836669922,live
3090751706,551,2026-08-01T01:33:51.000+01:00,3725,28.168853759765625,live
3090751706,552,2026-08-01T01:34:01.000+01:00,3742,28.2933349609375,live
3090751706,553,2026-08-01T01:34:11.000+01:00,3742,28.27801513671875,live
3090751706,554,2026-08-01T01:34:21.000+01:00,3738,28.173667907714844,live
3090751706,555,2026-08-01T01:34:31.000+01:00,3739,28.301834106445312,live
3090751706,556,2026-08-01T01:34:41.000+01:00,3739,28.280006408691406,live
3090751706,557,2026-08-01T01:34:51.000+01:00,3747,28.16033935546875,live
3090751706,558,2026-08-01T01:35:01.000+01:00,3744,28.291053771972656,live
3090751706,559,2026-08-01T01:35:11.000+01:00,3741,28.251930236816406,live
3090751706,560,2026-08-01T01:35:21.000+01:00,3739,28.16431427001953,live
3090751706,561,2026-08-01T01:35:31.000+01:00,3738,28.269798278808594,live
3090751706,562,2026-08-01T01:35:41.000+01:00,3736,28.24030303955078,live
3090751706,563,2026-08-01T01:35:51.000+01:00,3754,28.13482666015625,live
3090751706,564,2026-08-01T01:36:01.000+01:00,3742,28.230667114257812,live
3090751706,565,2026-08-01T01:36:11.000+01:00,3736,28.221588134765625,live
3090751706,566,2026-08-01T01:36:21.000+01:00,3728,28.146446228027344,live
3090751706,567,2026-08-01T01:36:31.000+01:00,3739,28.235763549804688,live
3090751706,568,2026-08-01T01:36:41.000+01:00,3734,28.238319396972656,live
3090751706,569,2026-08-01T01:36:51.000+01:00,3739,28.16771697998047,live
3090751706,570,2026-08-01T01:37:01.000+01:00,3734,28.230667114257812,live
3090751706,571,2026-08-01T01:37:11.000+01:00,3739,28.232933044433594,live
3090751706,572,2026-08-01T01:37:21.000+01:00,3702,28.150421142578125,live
3090751706,573,2026-08-01T01:37:31.000+01:00,3739,28.19720458984375,live
3090751706,574,2026-08-01T01:37:41.000+01:00,3738,28.217056274414062,live
3090751706,575,2026-08-01T01:37:51.000+01:00,3713,28.114410400390625,live
3090751706,576,2026-08-01T01:38:01.000+01:00,3739,28.158363342285156,live
3090751706,577,2026-08-01T01:38:11.000+01:00,3741,28.167434692382812,live
3090751706,578,2026-08-01T01:38:21.000+01:00,3713,28.088607788085938,live
3090751706,579,2026-08-01T01:38:31.000+01:00,3736,28.088035583496094,live
3090751706,580,2026-08-01T01:38:41.000+01:00,3739,28.126312255859375,live
3090751706,581,2026-08-01T01:38:51.000+01:00,3709,28.064781188964844,live
3090751706,582,2026-08-01T01:39:01.000+01:00,3738,28.052024841308594,live
3090751706,583,2026-08-01T01:39:11.000+01:00,3718,28.114120483398438,live
3090751706,584,2026-08-01T01:39:21.000+01:00,3720,28.0386962890625,live
3090751706,585,2026-08-01T01:39:31.000+01:00,3734,28.052597045898438,live
3090751706,586,2026-08-01T01:39:41.000+01:00,3739,28.122352600097656,live
3090751706,587,2026-08-01T01:39:51.000+01:00,3718,28.074989318847656,live
3090751706,588,2026-08-01T01:40:01.000+01:00,3739,28.054290771484375,live
3090751706,589,2026-08-01T01:40:11.000+01:00,3738,28.132843017578125,live
3090751706,590,2026-08-01T01:40:21.000+01:00,3712,28.059402465820312,live
3090751706,591,2026-08-01T01:40:31.000+01:00,3734,28.06761932373047,live
3090751706,592,2026-08-01T01:40:41.000+01:00,3728,28.155799865722656,live
3090751706,593,2026-08-01T01:40:51.000+01:00,3718,28.109588623046875,live
3090751706,594,2026-08-01T01:41:01.000+01:00,3739,28.080101013183594,live
3090751706,595,2026-08-01T01:41:11.000+01:00,3731,28.162322998046875,live
3090751706,596,2026-08-01T01:41:21.000+01:00,3705,28.089744567871094,live
3090751706,597,2026-08-01T01:41:31.000+01:00,3734,28.05486297607422,live
3090751706,598,2026-08-01T01:41:41.000+01:00,3731,28.170547485351562,live
3090751706,599,2026-08-01T01:41:51.000+01:00,3712,28.118377685546875,live
3090751706,600,2026-08-01T01:42:01.000+01:00,3739,28.064781188964844,live
3090751706,601,2026-08-01T01:42:11.000+01:00,3723,28.160057067871094,live
3090751706,602,2026-08-01T01:42:21.000+01:00,3704,28.10986328125,live
3090751706,603,2026-08-01T01:42:31.000+01:00,3717,28.05146026611328,live
3090751706,604,2026-08-01T01:42:41.000+01:00,3738,28.143898010253906,live
3090751706,605,2026-08-01T01:42:51.000+01:00,3712,28.097389221191406,live
3090751706,606,2026-08-01T01:43:01.000+01:00,3738,28.002120971679688,live
3090751706,607,2026-08-01T01:43:11.000+01:00,3730,28.13311767578125,live
3090751706,608,2026-08-01T01:43:21.000+01:00,3734,28.089744567871094,live
3090751706,609,2026-08-01T01:43:31.000+01:00,3739,28.02027130126953,live
3090751706,610,2026-08-01T01:43:41.000+01:00,3725,28.13709259033203,live
3090751706,611,2026-08-01T01:43:51.000+01:00,3725,28.093429565429688,live
3090751706,612,2026-08-01T01:44:01.000+01:00,3730,28.013465881347656,live
3090751706,613,2026-08-01T01:44:11.000+01:00,3718,28.138511657714844,live
3090751706,614,2026-08-01T01:44:21.000+01:00,3736,28.085487365722656,live
3090751706,615,2026-08-01T01:44:31.000+01:00,3723,28.023391723632812,live
3090751706,616,2026-08-01T01:44:41.000+01:00,3731,28.146446228027344,live
3090751706,617,2026-08-01T01:44:51.000+01:00,3725,28.11328125,live
3090751706,618,2026-08-01T01:45:01.000+01:00,3731,28.042098999023438,live
3090751706,619,2026-08-01T01:45:11.000+01:00,3738,28.15949249267578,live
3090751706,620,2026-08-01T01:45:21.000+01:00,3731,28.11469268798828,live
3090751706,621,2026-08-01T01:45:31.000+01:00,3736,28.0052490234375,live
3090751706,622,2026-08-01T01:45:41.000+01:00,3713,28.142471313476562,live
3090751706,623,2026-08-01T01:45:51.000+01:00,3721,28.099380493164062,live
3090751706,624,2026-08-01T01:46:01.000+01:00,3726,27.99701690673828,live
3090751706,625,2026-08-01T01:46:11.000+01:00,3723,28.12518310546875,live
3090751706,626,2026-08-01T01:46:21.000+01:00,3736,28.097389221191406,live
3090751706,627,2026-08-01T01:46:31.000+01:00,3721,28.016014099121094,live
3090751706,628,2026-08-01T01:46:41.000+01:00,3721,28.11469268798828,live
3090751706,629,2026-08-01T01:46:51.000+01:00,3734,28.069610595703125,live
3090751706,630,2026-08-01T01:47:01.000+01:00,3723,27.956748962402344,live
3090751706,631,2026-08-01T01:47:11.000+01:00,3725,28.06903839111328,live
3090751706,632,2026-08-01T01:47:21.000+01:00,3731,28.02196502685547,live
3090751706,633,2026-08-01T01:47:31.000+01:00,3736,27.90288543701172,live
3090751706,634,2026-08-01T01:47:41.000+01:00,3725,28.029624938964844,live
3090751706,635,2026-08-01T01:47:51.000+01:00,3721,27.987945556640625,live
3090751706,636,2026-08-01T01:48:01.000+01:00,3721,27.872543334960938,live
3090751706,637,2026-08-01T01:48:11.000+01:00,3721,27.988800048828125,live
3090751706,638,2026-08-01T01:48:21.000+01:00,3723,27.943992614746094,live
3090751706,639,2026-08-01T01:48:31.000+01:00,3730,27.845314025878906,live
3090751706,640,2026-08-01T01:48:41.000+01:00,3731,27.941162109375,live
3090751706,641,2026-08-01T01:48:51.000+01:00,3720,27.930381774902344,live
3090751706,642,2026-08-01T01:49:01.000+01:00,3705,27.83539581298828,live
3090751706,643,2026-08-01T01:49:11.000+01:00,3705,27.929534912109375,live
3090751706,644,2026-08-01T01:49:21.000+01:00,3721,27.919898986816406,live
3090751706,645,2026-08-01T01:49:31.000+01:00,3726,27.829727172851562,live
3090751706,646,2026-08-01T01:49:41.000+01:00,3723,27.892105102539062,live
3090751706,647,2026-08-01T01:49:51.000+01:00,3730,27.88756561279297,live
3090751706,648,2026-08-01T01:50:01.000+01:00,3697,27.803634643554688,live
3090751706,649,2026-08-01T01:50:11.000+01:00,3728,27.872825622558594,live
3090751706,650,2026-08-01T01:50:21.000+01:00,3733,27.899765014648438,live
3090751706,651,2026-08-01T01:50:31.000+01:00,3697,27.827743530273438,live
3090751706,652,2026-08-01T01:50:41.000+01:00,3704,27.878494262695312,live
3090751706,653,2026-08-01T01:50:51.000+01:00,3702,27.908836364746094,live
3090751706,654,2026-08-01T01:51:01.000+01:00,3697,27.832275390625,live
3090751706,655,2026-08-01T01:51:11.000+01:00,3717,27.85240936279297,live
3090751706,656,2026-08-01T01:51:21.000+01:00,3717,27.90599822998047,live
3090751706,657,2026-08-01T01:51:31.000+01:00,3691,27.83624267578125,live
3090751706,658,2026-08-01T01:51:41.000+01:00,3715,27.84362030029297,live
3090751706,659,2026-08-01T01:51:51.000+01:00,3718,27.87877655029297,live
3090751706,660,2026-08-01T01:52:01.000+01:00,3696,27.829727172851562,live
3090751706,661,2026-08-01T01:52:11.000+01:00,3717,27.807891845703125,live
3090751706,662,2026-08-01T01:52:21.000+01:00,3699,27.886436462402344,live
3090751706,663,2026-08-01T01:52:31.000+01:00,3696,27.832839965820312,live
3090751706,664,2026-08-01T01:52:41.000+01:00,3712,27.85637664794922,live
3090751706,665,2026-08-01T01:52:51.000+01:00,3725,27.92499542236328,live
3090751706,666,2026-08-01T01:53:01.000+01:00,3702,27.89777374267578,live
3090751706,667,2026-08-01T01:53:11.000+01:00,3725,27.891250610351562,live
3090751706,668,2026-08-01T01:53:21.000+01:00,3721,27.972068786621094,live
3090751706,669,2026-08-01T01:53:31.000+01:00,3692,27.919326782226562,live
3090751706,670,2026-08-01T01:53:41.000+01:00,3713,27.8507080078125,live
3090751706,671,2026-08-01T01:53:51.000+01:00,3712,27.954200744628906,live
3090751706,672,2026-08-01T01:54:01.000+01:00,3689,27.899192810058594,live
3090751706,673,2026-08-01T01:54:11.000+01:00,3709,27.84815216064453,live
3090751706,674,2026-08-01T01:54:21.000+01:00,3718,27.9403076171875,live
3090751706,675,2026-08-01T01:54:31.000+01:00,3689,27.91138458251953,live
3090751706,676,2026-08-01T01:54:41.000+01:00,3723,27.828598022460938,live
3090751706,677,2026-08-01T01:54:51.000+01:00,3715,27.904014587402344,live
3090751706,678,2026-08-01T01:55:01.000+01:00,3689,27.841354370117188,live
3090751706,679,2026-08-01T01:55:11.000+01:00,3713,27.7523193359375,live
3090751706,680,2026-08-01T01:55:21.000+01:00,3728,27.850990295410156,live
3090751706,681,2026-08-01T01:55:31.000+01:00,3704,27.783790588378906,live
3090751706,682,2026-08-01T01:55:41.000+01:00,3699,27.680580139160156,live
3090751706,683,2026-08-01T01:55:51.000+01:00,3721,27.811012268066406,live
3090751706,684,2026-08-01T01:56:01.000+01:00,3699,27.767623901367188,live
3090751706,685,2026-08-01T01:56:11.000+01:00,3725,27.705245971679688,live
3090751706,686,2026-08-01T01:56:21.000+01:00,3721,27.81951141357422,live
3090751706,687,2026-08-01T01:56:31.000+01:00,3715,27.78435516357422,live
3090751706,688,2026-08-01T01:56:41.000+01:00,3713,27.72112274169922,live
3090751706,689,2026-08-01T01:56:51.000+01:00,3713,27.84503173828125,live
3090751706,690,2026-08-01T01:57:01.000+01:00,3710,27.80760955810547,live
3090751706,691,2026-08-01T01:57:11.000+01:00,3712,27.725379943847656,live
3090751706,692,2026-08-01T01:57:21.000+01:00,3710,27.862899780273438,live
3090751706,693,2026-08-01T01:57:31.000+01:00,3697,27.844757080078125,live
3090751706,694,2026-08-01T01:57:41.000+01:00,3718,27.75713348388672,live
3090751706,695,2026-08-01T01:57:51.000+01:00,3709,27.899192810058594,live
3090751706,696,2026-08-01T01:58:01.000+01:00,3715,27.860633850097656,live
3090751706,697,2026-08-01T01:58:11.000+01:00,3715,27.788612365722656,live
3090751706,698,2026-08-01T01:58:21.000+01:00,3712,27.92754364013672,live
3090751706,699,2026-08-01T01:58:31.000+01:00,3712,27.901458740234375,live
3090751706,700,2026-08-01T01:58:41.000+01:00,3715,27.806190490722656,live
3090751706,701,2026-08-01T01:58:51.000+01:00,3712,27.91649627685547,live
3090751706,702,2026-08-01T01:59:01.000+01:00,3712,27.88359832763672,live
3090751706,703,2026-08-01T01:59:11.000+01:00,3713,27.77216339111328,live
3090751706,704,2026-08-01T01:59:21.000+01:00,3696,27.869140625,live
3090751706,705,2026-08-01T01:59:31.000+01:00,3710,27.842201232910156,live
3090751706,706,2026-08-01T01:59:41.000+01:00,3709,27.746925354003906,live
3090751706,707,2026-08-01T01:59:51.000+01:00,3710,27.862335205078125,live
3090751706,708,2026-08-01T02:00:01.000+01:00,3717,27.858360290527344,live
3090751706,709,2026-08-01T02:00:11.000+01:00,3712,27.774429321289062,live
3090751706,710,2026-08-01T02:00:21.000+01:00,3715,27.859779357910156,live
3090751706,711,2026-08-01T02:00:31.000+01:00,3713,27.85297393798828,live
3090751706,712,2026-08-01T02:00:41.000+01:00,3688,27.767913818359375,live
3090751706,713,2026-08-01T02:00:51.000+01:00,3717,27.835105895996094,live
3090751706,714,2026-08-01T02:01:01.000+01:00,3696,27.849853515625,live
3090751706,715,2026-08-01T02:01:11.000+01:00,3688,27.77471923828125,live
3090751706,716,2026-08-01T02:01:21.000+01:00,3710,27.834548950195312,live
3090751706,717,2026-08-01T02:01:31.000+01:00,3709,27.868003845214844,live
3090751706,718,2026-08-01T02:01:41.000+01:00,3691,27.800521850585938,live
3090751706,719,2026-08-01T02:01:51.000+01:00,3715,27.810440063476562,live
3090751706,720,2026-08-01T02:02:01.000+01:00,3707,27.879058837890625,live
3090751706,721,2026-08-01T02:02:11.000+01:00,3709,27.80108642578125,live
3090751706,722,2026-08-01T02:02:21.000+01:00,3709,27.82122039794922,live
3090751706,723,2026-08-01T02:02:31.000+01:00,3691,27.849571228027344,live
3090751706,724,2026-08-01T02:02:41.000+01:00,3688,27.78038787841797,live
3090751706,725,2026-08-01T02:02:51.000+01:00,3709,27.772735595703125,live
3090751706,726,2026-08-01T02:03:01.000+01:00,3709,27.839080810546875,live
3090751706,727,2026-08-01T02:03:11.000+01:00,3686,27.7874755859375,live
3090751706,728,2026-08-01T02:03:21.000+01:00,3715,27.752601623535156,live
3090751706,729,2026-08-01T02:03:31.000+01:00,3709,27.840499877929688,live
3090751706,730,2026-08-01T02:03:41.000+01:00,3688,27.779815673828125,live
3090751706,731,2026-08-01T02:03:51.000+01:00,3710,27.747779846191406,live
3090751706,732,2026-08-01T02:04:01.000+01:00,3713,27.847305297851562,live
3090751706,733,2026-08-01T02:04:11.000+01:00,3691,27.795982360839844,live
3090751706,734,2026-08-01T02:04:21.000+01:00,3692,27.74494171142578,live
3090751706,735,2026-08-01T02:04:31.000+01:00,3707,27.841629028320312,live
3090751706,736,2026-08-01T02:04:41.000+01:00,3688,27.781524658203125,live
3090751706,737,2026-08-01T02:04:51.000+01:00,3712,27.72339630126953,live
3090751706,738,2026-08-01T02:05:01.000+01:00,3705,27.84900665283203,live
3090751706,739,2026-08-01T02:05:11.000+01:00,3702,27.76905059814453,live
3090751706,740,2026-08-01T02:05:21.000+01:00,3705,27.703834533691406,live
3090751706,741,2026-08-01T02:05:31.000+01:00,3705,27.831146240234375,live
3090751706,742,2026-08-01T02:05:41.000+01:00,3702,27.759124755859375,live
3090751706,743,2026-08-01T02:05:51.000+01:00,3715,27.695602416992188,live
3090751706,744,2026-08-01T02:06:01.000+01:00,3692,27.79796600341797,live
3090751706,745,2026-08-01T02:06:11.000+01:00,3688,27.75146484375,live
3090751706,746,2026-08-01T02:06:21.000+01:00,3699,27.633224487304688,live
3090751706,747,2026-08-01T02:06:31.000+01:00,3699,27.759681701660156,live
3090751706,748,2026-08-01T02:06:41.000+01:00,3710,27.69872283935547,live
3090751706,749,2026-08-01T02:06:51.000+01:00,3702,27.618202209472656,live
3090751706,750,2026-08-01T02:07:01.000+01:00,3704,27.74579620361328,live
3090751706,751,2026-08-01T02:07:11.000+01:00,3709,27.70978546142578,live
3090751706,752,2026-08-01T02:07:21.000+01:00,3712,27.604873657226562,live
3090751706,753,2026-08-01T02:07:31.000+01:00,3689,27.76337432861328,live
3090751706,754,2026-08-01T02:07:41.000+01:00,3704,27.721694946289062,live
3090751706,755,2026-08-01T02:07:51.000+01:00,3697,27.665260314941406,live
3090751706,756,2026-08-01T02:08:01.000+01:00,3702,27.794281005859375,live
3090751706,757,2026-08-01T02:08:11.000+01:00,3710,27.75798797607422,live
3090751706,758,2026-08-01T02:08:21.000+01:00,3710,27.676895141601562,live
3090751706,759,2026-08-01T02:08:31.000+01:00,3699,27.80675506591797,live
3090751706,760,2026-08-01T02:08:41.000+01:00,3705,27.78266143798828,live
3090751706,761,2026-08-01T02:08:51.000+01:00,3704,27.655052185058594,live
3090751706,762,2026-08-01T02:09:01.000+01:00,3697,27.77216339111328,live
3090751706,763,2026-08-01T02:09:11.000+01:00,3689,27.734451293945312,live
3090751706,764,2026-08-01T02:09:21.000+01:00,3704,27.62415313720703,live
3090751706,765,2026-08-01T02:09:31.000+01:00,3692,27.74267578125,live
3090751706,766,2026-08-01T02:09:41.000+01:00,3699,27.72254180908203,live
3090751706,767,2026-08-01T02:09:51.000+01:00,3692,27.61309051513672,live
3090751706,768,2026-08-01T02:10:01.000+01:00,3712,27.718002319335938,live
3090751706,769,2026-08-01T02:10:11.000+01:00,3699,27.721405029296875,live
3090751706,770,2026-08-01T02:10:21.000+01:00,3683,27.63152313232422,live
3090751706,771,2026-08-01T02:10:31.000+01:00,3699,27.699005126953125,live
3090751706,772,2026-08-01T02:10:41.000+01:00,3707,27.70043182373047,live
3090751706,773,2026-08-01T02:10:51.000+01:00,3660,27.623016357421875,live
3090751706,774,2026-08-01T02:11:01.000+01:00,3704,27.69078826904297,live
3090751706,775,2026-08-01T02:11:11.000+01:00,3688,27.69617462158203,live
3090751706,776,2026-08-01T02:11:21.000+01:00,3678,27.61223602294922,live
3090751706,777,2026-08-01T02:11:31.000+01:00,3699,27.699295043945312,live
3090751706,778,2026-08-01T02:11:41.000+01:00,3704,27.738136291503906,buffered
3090751706,779,2026-08-01T02:11:51.000+01:00,3683,27.669235229492188,buffered
3090751706,780,2026-08-01T02:12:01.000+01:00,3702,27.707794189453125,live
3090751706,781,2026-08-01T02:12:11.000+01:00,3710,27.75627899169922,live
3090751706,782,2026-08-01T02:12:21.000+01:00,3673,27.715171813964844,live
3090751706,783,2026-08-01T02:12:31.000+01:00,3702,27.7171630859375,live
3090751706,784,2026-08-01T02:12:41.000+01:00,3705,27.770179748535156,live
3090751706,785,2026-08-01T02:12:51.000+01:00,3670,27.688796997070312,live
3090751706,786,2026-08-01T02:13:01.000+01:00,3705,27.695892333984375,live
3090751706,787,2026-08-01T02:13:11.000+01:00,3709,27.760818481445312,live
3090751706,788,2026-08-01T02:13:21.000+01:00,3694,27.695602416992188,live
3090751706,789,2026-08-01T02:13:31.000+01:00,3697,27.72594451904297,live
3090751706,790,2026-08-01T02:13:41.000+01:00,3705,27.801658630371094,live
3090751706,791,2026-08-01T02:13:51.000+01:00,3696,27.76677703857422,live
3090751706,792,2026-08-01T02:14:01.000+01:00,3699,27.750045776367188,live
3090751706,793,2026-08-01T02:14:11.000+01:00,3707,27.833412170410156,live
3090751706,794,2026-08-01T02:14:21.000+01:00,3699,27.787193298339844,live
3090751706,795,2026-08-01T02:14:31.000+01:00,3686,27.773582458496094,live
3090751706,796,2026-08-01T02:14:41.000+01:00,3699,27.84107208251953,live
3090751706,797,2026-08-01T02:14:51.000+01:00,3704,27.79938507080078,live
3090751706,798,2026-08-01T02:15:01.000+01:00,3696,27.77386474609375,live
3090751706,799,2026-08-01T02:15:11.000+01:00,3694,27.84588623046875,live
3090751706,800,2026-08-01T02:15:21.000+01:00,3692,27.824058532714844,live
3090751706,801,2026-08-01T02:15:31.000+01:00,3691,27.775856018066406,live
3090751706,802,2026-08-01T02:15:41.000+01:00,3705,27.858642578125,live
3090751706,803,2026-08-01T02:15:51.000+01:00,3702,27.83879852294922,live
3090751706,804,2026-08-01T02:16:01.000+01:00,3694,27.789459228515625,live
3090751706,805,2026-08-01T02:16:11.000+01:00,3683,27.877365112304688,live
3090751706,806,2026-08-01T02:16:21.000+01:00,3697,27.83539581298828,live
3090751706,807,2026-08-01T02:16:31.000+01:00,3699,27.78095245361328,live
3090751706,808,2026-08-01T02:16:41.000+01:00,3694,27.87708282470703,live
3090751706,809,2026-08-01T02:16:51.000+01:00,3694,27.839080810546875,live
3090751706,810,2026-08-01T02:17:01.000+01:00,3696,27.759681701660156,live
3090751706,811,2026-08-01T02:17:11.000+01:00,3702,27.858078002929688,live
3090751706,812,2026-08-01T02:17:21.000+01:00,3696,27.815269470214844,live
3090751706,813,2026-08-01T02:17:31.000+01:00,3699,27.729347229003906,live
3090751706,814,2026-08-01T02:17:41.000+01:00,3702,27.833694458007812,live
3090751706,815,2026-08-01T02:17:51.000+01:00,3686,27.804489135742188,live
3090751706,816,2026-08-01T02:18:01.000+01:00,3672,27.72679901123047,live
3090751706,817,2026-08-01T02:18:11.000+01:00,3692,27.820648193359375,live
3090751706,818,2026-08-01T02:18:21.000+01:00,3705,27.8138427734375,live
3090751706,819,2026-08-01T02:18:31.000+01:00,3678,27.747779846191406,live
3090751706,820,2026-08-01T02:18:41.000+01:00,3702,27.858642578125,live
3090751706,821,2026-08-01T02:18:51.000+01:00,3691,27.824905395507812,live
3090751706,822,2026-08-01T02:19:01.000+01:00,3673,27.748916625976562,live
3090751706,823,2026-08-01T02:19:11.000+01:00,3697,27.885581970214844,live
3090751706,824,2026-08-01T02:19:21.000+01:00,3691,27.84362030029297,live
3090751706,825,2026-08-01T02:19:31.000+01:00,3692,27.775856018066406,live
3090751706,826,2026-08-01T02:19:41.000+01:00,3689,27.887847900390625,live
3090751706,827,2026-08-01T02:19:51.000+01:00,3691,27.863182067871094,live
3090751706,828,2026-08-01T02:20:01.000+01:00,3673,27.768760681152344,live
3090751706,829,2026-08-01T02:20:11.000+01:00,3692,27.89948272705078,live
3090751706,830,2026-08-01T02:20:21.000+01:00,3689,27.858642578125,live
3090751706,831,2026-08-01T02:20:31.000+01:00,3670,27.777267456054688,live
3090751706,832,2026-08-01T02:20:41.000+01:00,3699,27.892105102539062,live
3090751706,833,2026-08-01T02:20:51.000+01:00,3697,27.850143432617188,live
3090751706,834,2026-08-01T02:21:01.000+01:00,3686,27.757705688476562,live
3090751706,835,2026-08-01T02:21:11.000+01:00,3684,27.87225341796875,live
3090751706,836,2026-08-01T02:21:21.000+01:00,3683,27.833694458007812,live
3090751706,837,2026-08-01T02:21:31.000+01:00,3683,27.72339630126953,live
3090751706,838,2026-08-01T02:21:41.000+01:00,3699,27.854957580566406,live
3090751706,839,2026-08-01T02:21:51.000+01:00,3689,27.833412170410156,live
3090751706,840,2026-08-01T02:22:01.000+01:00,3680,27.73785400390625,live
3090751706,841,2026-08-01T02:22:11.000+01:00,3689,27.849853515625,live
3090751706,842,2026-08-01T02:22:21.000+01:00,3696,27.84191131591797,live
3090751706,843,2026-08-01T02:22:31.000+01:00,3667,27.77386474609375,live
3090751706,844,2026-08-01T02:22:41.000+01:00,3676,27.88019561767578,live
3090751706,845,2026-08-01T02:22:51.000+01:00,3688,27.87396240234375,live
3090751706,846,2026-08-01T02:23:01.000+01:00,3647,27.80335235595703,live
3090751706,847,2026-08-01T02:23:11.000+01:00,3692,27.87622833251953,live
3090751706,848,2026-08-01T02:23:21.000+01:00,3688,27.8682861328125,live
3090751706,849,2026-08-01T02:23:31.000+01:00,3667,27.775001525878906,live
3090751706,850,2026-08-01T02:23:41.000+01:00,3694,27.86431121826172,live
3090751706,851,2026-08-01T02:23:51.000+01:00,3688,27.84362030029297,live
3090751706,852,2026-08-01T02:24:01.000+01:00,3696,27.734169006347656,live
3090751706,853,2026-08-01T02:24:11.000+01:00,3688,27.819801330566406,live
3090751706,854,2026-08-01T02:24:21.000+01:00,3686,27.814414978027344,live
3090751706,855,2026-08-01T02:24:31.000+01:00,3696,27.73785400390625,live
3090751706,856,2026-08-01T02:24:41.000+01:00,3688,27.813278198242188,live
3090751706,857,2026-08-01T02:24:51.000+01:00,3688,27.797119140625,live
3090751706,858,2026-08-01T02:25:01.000+01:00,3688,27.68653106689453,live
3090751706,859,2026-08-01T02:25:11.000+01:00,3688,27.75713348388672,live
3090751706,860,2026-08-01T02:25:21.000+01:00,3688,27.74665069580078,live
3090751706,861,2026-08-01T02:25:31.000+01:00,3696,27.657615661621094,live
3090751706,862,2026-08-01T02:25:41.000+01:00,3688,27.671226501464844,live
3090751706,863,2026-08-01T02:25:51.000+01:00,3688,27.688796997070312,live
3090751706,864,2026-08-01T02:26:01.000+01:00,3676,27.589279174804688,live
3090751706,865,2026-08-01T02:26:11.000+01:00,3688,27.63945770263672,live
3090751706,866,2026-08-01T02:26:21.000+01:00,3673,27.66442108154297,live
3090751706,867,2026-08-01T02:26:31.000+01:00,3692,27.577362060546875,live
3090751706,868,2026-08-01T02:26:41.000+01:00,3688,27.594947814941406,live
3090751706,869,2026-08-01T02:26:51.000+01:00,3688,27.629249572753906,live
3090751706,870,2026-08-01T02:27:01.000+01:00,3688,27.558082580566406,live
3090751706,871,2026-08-01T02:27:11.000+01:00,3688,27.593238830566406,live
3090751706,872,2026-08-01T02:27:21.000+01:00,3688,27.626136779785156,live
3090751706,873,2026-08-01T02:27:31.000+01:00,3684,27.55865478515625,live
3090751706,874,2026-08-01T02:27:41.000+01:00,3678,27.577651977539062,live
3090751706,875,2026-08-01T02:27:51.000+01:00,3694,27.6162109375,live
3090751706,876,2026-08-01T02:28:01.000+01:00,3683,27.54277801513672,live
3090751706,877,2026-08-01T02:28:11.000+01:00,3684,27.559219360351562,live
3090751706,878,2026-08-01T02:28:21.000+01:00,3688,27.623580932617188,live
3090751706,879,2026-08-01T02:28:31.000+01:00,3686,27.544471740722656,live
3090751706,880,2026-08-01T02:28:41.000+01:00,3688,27.52008819580078,live
3090751706,881,2026-08-01T02:28:51.000+01:00,3686,27.578216552734375,live
3090751706,882,2026-08-01T02:29:01.000+01:00,3691,27.529449462890625,live
3090751706,883,2026-08-01T02:29:11.000+01:00,3670,27.489181518554688,live
3090751706,884,2026-08-01T02:29:21.000+01:00,3686,27.571693420410156,live
3090751706,885,2026-08-01T02:29:31.000+01:00,3683,27.4993896484375,live
3090751706,886,2026-08-01T02:29:41.000+01:00,3654,27.455718994140625,live
3090751706,887,2026-08-01T02:29:51.000+01:00,3691,27.529449462890625,live
3090751706,888,2026-08-01T02:30:01.000+01:00,3686,27.48011016845703,live
3090751706,889,2026-08-01T02:30:11.000+01:00,3688,27.446929931640625,live
3090751706,890,2026-08-01T02:30:21.000+01:00,3688,27.525474548339844,live
3090751706,891,2026-08-01T02:30:31.000+01:00,3683,27.487770080566406,live
3090751706,892,2026-08-01T02:30:41.000+01:00,3668,27.434173583984375,live
3090751706,893,2026-08-01T02:30:51.000+01:00,3686,27.52887725830078,live
3090751706,894,2026-08-01T02:31:01.000+01:00,3686,27.451759338378906,live
3090751706,895,2026-08-01T02:31:11.000+01:00,3660,27.402137756347656,live
3090751706,896,2026-08-01T02:31:21.000+01:00,3668,27.509315490722656,live
3090751706,897,2026-08-01T02:31:31.000+01:00,3683,27.437294006347656,live
3090751706,898,2026-08-01T02:31:41.000+01:00,3660,27.377464294433594,live
3090751706,899,2026-08-01T02:31:51.000+01:00,3688,27.476707458496094,live
3090751706,900,2026-08-01T02:32:01.000+01:00,3683,27.424819946289062,live
3090751706,901,2026-08-01T02:32:11.000+01:00,3660,27.381431579589844,live
3090751706,902,2026-08-01T02:32:21.000+01:00,3684,27.499107360839844,live
3090751706,903,2026-08-01T02:32:31.000+01:00,3688,27.442108154296875,live
3090751706,904,2026-08-01T02:32:41.000+01:00,3684,27.411209106445312,live
3090751706,905,2026-08-01T02:32:51.000+01:00,3670,27.515548706054688,live
3090751706,906,2026-08-01T02:33:01.000+01:00,3663,27.48407745361328,live
3090751706,907,2026-08-01T02:33:11.000+01:00,3686,27.43445587158203,live
3090751706,908,2026-08-01T02:33:21.000+01:00,3688,27.538238525390625,live
3090751706,909,2026-08-01T02:33:31.000+01:00,3689,27.499961853027344,live
3090751706,910,2026-08-01T02:33:41.000+01:00,3688,27.446083068847656,live
3090751706,911,2026-08-01T02:33:51.000+01:00,3681,27.55638885498047,live
3090751706,912,2026-08-01T02:34:01.000+01:00,3680,27.516403198242188,live
3090751706,913,2026-08-01T02:34:11.000+01:00,3683,27.456573486328125,live
3090751706,914,2026-08-01T02:34:21.000+01:00,3684,27.56346893310547,live
3090751706,915,2026-08-01T02:34:31.000+01:00,3663,27.515548706054688,live
3090751706,916,2026-08-01T02:34:41.000+01:00,3688,27.433319091796875,live
3090751706,917,2026-08-01T02:34:51.000+01:00,3688,27.55638885498047,live
3090751706,918,2026-08-01T02:35:01.000+01:00,3683,27.500244140625,live
3090751706,919,2026-08-01T02:35:11.000+01:00,3684,27.407806396484375,live
3090751706,920,2026-08-01T02:35:21.000+01:00,3684,27.50676727294922,live
3090751706,921,2026-08-01T02:35:31.000+01:00,3686,27.48096466064453,live
3090751706,922,2026-08-01T02:35:41.000+01:00,3688,27.38823699951172,live
3090751706,923,2026-08-01T02:35:51.000+01:00,3681,27.519241333007812,live
3090751706,924,2026-08-01T02:36:01.000+01:00,3681,27.485206604003906,live
3090751706,925,2026-08-01T02:36:11.000+01:00,3673,27.39788055419922,live
3090751706,926,2026-08-01T02:36:21.000+01:00,3678,27.520660400390625,live
3090751706,927,2026-08-01T02:36:31.000+01:00,3670,27.4642333984375,live
3090751706,928,2026-08-01T02:36:41.000+01:00,3686,27.354774475097656,live
3090751706,929,2026-08-01T02:36:51.000+01:00,3681,27.492584228515625,live
3090751706,930,2026-08-01T02:37:01.000+01:00,3678,27.457427978515625,live
3090751706,931,2026-08-01T02:37:11.000+01:00,3678,27.367538452148438,live
3090751706,932,2026-08-01T02:37:21.000+01:00,3660,27.47075653076172,live
3090751706,933,2026-08-01T02:37:31.000+01:00,3680,27.45458984375,live
3090751706,934,2026-08-01T02:37:41.000+01:00,3678,27.3641357421875,live
3090751706,935,2026-08-01T02:37:51.000+01:00,3647,27.498817443847656,live
3090751706,936,2026-08-01T02:38:01.000+01:00,3678,27.472450256347656,live
3090751706,937,2026-08-01T02:38:11.000+01:00,3667,27.375198364257812,live
3090751706,938,2026-08-01T02:38:21.000+01:00,3662,27.47840118408203,live
3090751706,939,2026-08-01T02:38:31.000+01:00,3678,27.46819305419922,live
3090751706,940,2026-08-01T02:38:41.000+01:00,3673,27.392776489257812,live
3090751706,941,2026-08-01T02:38:51.000+01:00,3657,27.47869110107422,live
3090751706,942,2026-08-01T02:39:01.000+01:00,3678,27.47046661376953,live
3090751706,943,2026-08-01T02:39:11.000+01:00,3684,27.381431579589844,live
3090751706,944,2026-08-01T02:39:21.000+01:00,3660,27.461669921875,live
3090751706,945,2026-08-01T02:39:31.000+01:00,3663,27.466217041015625,live
3090751706,946,2026-08-01T02:39:41.000+01:00,3672,27.39929962158203,live
3090751706,947,2026-08-01T02:39:51.000+01:00,3636,27.460830688476562,live
3090751706,948,2026-08-01T02:40:01.000+01:00,3678,27.47698974609375,live
3090751706,949,2026-08-01T02:40:11.000+01:00,3684,27.405250549316406,live
3090751706,950,2026-08-01T02:40:21.000+01:00,3649,27.4537353515625,live
3090751706,951,2026-08-01T02:40:31.000+01:00,3681,27.472450256347656,live
3090751706,952,2026-08-01T02:40:41.000+01:00,3672,27.401565551757812,live
3090751706,953,2026-08-01T02:40:51.000+01:00,3647,27.43048858642578,live
3090751706,954,2026-08-01T02:41:01.000+01:00,3673,27.46025848388672,live
3090751706,955,2026-08-01T02:41:11.000+01:00,3673,27.37462615966797,live
3090751706,956,2026-08-01T02:41:21.000+01:00,3680,27.3922119140625,live
3090751706,957,2026-08-01T02:41:31.000+01:00,3659,27.436439514160156,live
3090751706,958,2026-08-01T02:41:41.000+01:00,3684,27.360733032226562,live
3090751706,959,2026-08-01T02:41:51.000+01:00,3673,27.366127014160156,live
3090751706,960,2026-08-01T02:42:01.000+01:00,3684,27.420562744140625,live
3090751706,961,2026-08-01T02:42:11.000+01:00,3683,27.344284057617188,live
3090751706,962,2026-08-01T02:42:21.000+01:00,3670,27.33124542236328,live
3090751706,963,2026-08-01T02:42:31.000+01:00,3680,27.391639709472656,live
3090751706,964,2026-08-01T02:42:41.000+01:00,3680,27.336631774902344,live
3090751706,965,2026-08-01T02:42:51.000+01:00,3673,27.30487060546875,live
3090751706,966,2026-08-01T02:43:01.000+01:00,3659,27.38086700439453,live
3090751706,967,2026-08-01T02:43:11.000+01:00,3659,27.318763732910156,live
3090751706,968,2026-08-01T02:43:21.000+01:00,3673,27.270851135253906,live
3090751706,969,2026-08-01T02:43:31.000+01:00,3672,27.37944793701172,live
3090751706,970,2026-08-01T02:43:41.000+01:00,3680,27.311676025390625,live
3090751706,971,2026-08-01T02:43:51.000+01:00,3668,27.290130615234375,live
3090751706,972,2026-08-01T02:44:01.000+01:00,3654,27.360733032226562,live
3090751706,973,2026-08-01T02:44:11.000+01:00,3673,27.30742645263672,live
3090751706,974,2026-08-01T02:44:21.000+01:00,3672,27.293533325195312,live
3090751706,975,2026-08-01T02:44:31.000+01:00,3641,27.391357421875,live
3090751706,976,2026-08-01T02:44:41.000+01:00,3655,27.342018127441406,live
3090751706,977,2026-08-01T02:44:51.000+01:00,3652,27.298919677734375,live
3090751706,978,2026-08-01T02:45:01.000+01:00,3644,27.385406494140625,live
3090751706,979,2026-08-01T02:45:11.000+01:00,3673,27.349395751953125,live
3090751706,980,2026-08-01T02:45:21.000+01:00,3670,27.287582397460938,live
3090751706,981,2026-08-01T02:45:31.000+01:00,3644,27.387954711914062,live
3090751706,982,2026-08-01T02:45:41.000+01:00,3676,27.34003448486328,live
3090751706,983,2026-08-01T02:45:51.000+01:00,3668,27.273399353027344,live
3090751706,984,2026-08-01T02:46:01.000+01:00,3667,27.38426971435547,live
3090751706,985,2026-08-01T02:46:11.000+01:00,3678,27.33946990966797,live
3090751706,986,2026-08-01T02:46:21.000+01:00,3654,27.255531311035156,live
3090751706,987,2026-08-01T02:46:31.000+01:00,3665,27.369529724121094,live
3090751706,988,2026-08-01T02:46:41.000+01:00,3672,27.309127807617188,live
3090751706,989,2026-08-01T02:46:51.000+01:00,3672,27.226043701171875,live
3090751706,990,2026-08-01T02:47:01.000+01:00,3667,27.36243438720703,live
3090751706,991,2026-08-01T02:47:11.000+01:00,3667,27.311119079589844,live
3090751706,992,2026-08-01T02:47:21.000+01:00,3667,27.208465576171875,live
3090751706,993,2026-08-01T02:47:31.000+01:00,3673,27.35137176513672,live
3090751706,994,2026-08-01T02:47:41.000+01:00,3665,27.286163330078125,live
3090751706,995,2026-08-01T02:47:51.000+01:00,3663,27.19542694091797,live
3090751706,996,2026-08-01T02:48:01.000+01:00,3647,27.34003448486328,live
3090751706,997,2026-08-01T02:48:11.000+01:00,3673,27.289566040039062,live
3090751706,998,2026-08-01T02:48:21.000+01:00,3667,27.18323516845703,live
3090751706,999,2026-08-01T02:48:31.000+01:00,3673,27.305152893066406,live
3090751706,1000,2026-08-01T02:48:41.000+01:00,3641,27.273971557617188,live
3090751706,1001,2026-08-01T02:48:51.000+01:00,3667,27.186355590820312,live
3090751706,1002,2026-08-01T02:49:01.000+01:00,3665,27.299774169921875,live
3090751706,1003,2026-08-01T02:49:11.000+01:00,3654,27.274253845214844,live
3090751706,1004,2026-08-01T02:49:21.000+01:00,3663,27.191452026367188,live
3090751706,1005,2026-08-01T02:49:31.000+01:00,3673,27.294105529785156,live
3090751706,1006,2026-08-01T02:49:41.000+01:00,3631,27.275665283203125,live
3090751706,1007,2026-08-01T02:49:51.000+01:00,3663,27.177001953125,live
3090751706,1008,2026-08-01T02:50:01.000+01:00,3654,27.26007080078125,live
3090751706,1009,2026-08-01T02:50:11.000+01:00,3651,27.244766235351562,live
3090751706,1010,2026-08-01T02:50:21.000+01:00,3662,27.17131805419922,live
3090751706,1011,2026-08-01T02:50:31.000+01:00,3667,27.265457153320312,live
3090751706,1012,2026-08-01T02:50:41.000+01:00,3639,27.267730712890625,live
3090751706,1013,2026-08-01T02:50:51.000+01:00,3673,27.192588806152344,live
3090751706,1014,2026-08-01T02:51:01.000+01:00,3665,27.246177673339844,live
3090751706,1015,2026-08-01T02:51:11.000+01:00,3639,27.25298309326172,live
3090751706,1016,2026-08-01T02:51:21.000+01:00,3662,27.17047882080078,live
3090751706,1017,2026-08-01T02:51:31.000+01:00,3663,27.21839141845703,live
3090751706,1018,2026-08-01T02:51:41.000+01:00,3647,27.241073608398438,live
3090751706,1019,2026-08-01T02:51:51.000+01:00,3663,27.16168212890625,live
3090751706,1020,2026-08-01T02:52:01.000+01:00,3668,27.192306518554688,live
3090751706,1021,2026-08-01T02:52:11.000+01:00,3636,27.224632263183594,live
3090751706,1022,2026-08-01T02:52:21.000+01:00,3665,27.161399841308594,live
3090751706,1023,2026-08-01T02:52:31.000+01:00,3660,27.16338348388672,live
3090751706,1024,2026-08-01T02:52:41.000+01:00,3660,27.234268188476562,live
3090751706,1025,2026-08-01T02:52:51.000+01:00,3672,27.177276611328125,live
3090751706,1026,2026-08-01T02:53:01.000+01:00,3670,27.1744384765625,live
3090751706,1027,2026-08-01T02:53:11.000+01:00,3644,27.24079132080078,live
3090751706,1028,2026-08-01T02:53:21.000+01:00,3642,27.18010711669922,live
3090751706,1029,2026-08-01T02:53:31.000+01:00,3665,27.161109924316406,live
3090751706,1030,2026-08-01T02:53:41.000+01:00,3660,27.222366333007812,live
3090751706,1031,2026-08-01T02:53:51.000+01:00,3667,27.177841186523438,live
3090751706,1032,2026-08-01T02:54:01.000+01:00,3667,27.15062713623047,live
3090751706,1033,2026-08-01T02:54:11.000+01:00,3668,27.234840393066406,live
3090751706,1034,2026-08-01T02:54:21.000+01:00,3665,27.188621520996094,live
3090751706,1035,2026-08-01T02:54:31.000+01:00,3660,27.166221618652344,live
3090751706,1036,2026-08-01T02:54:41.000+01:00,3657,27.259506225585938,live
3090751706,1037,2026-08-01T02:54:51.000+01:00,3644,27.217544555664062,live
3090751706,1038,2026-08-01T02:55:01.000+01:00,3638,27.17217254638672,live
3090751706,1039,2026-08-01T02:55:11.000+01:00,3657,27.28813934326172,live
3090751706,1040,2026-08-01T02:55:21.000+01:00,3660,27.256385803222656,live
3090751706,1041,2026-08-01T02:55:31.000+01:00,3660,27.26092529296875,live
3090751706,1042,2026-08-01T02:55:41.000+01:00,3659,27.380294799804688,live
3090751706,1043,2026-08-01T02:55:51.000+01:00,3644,27.342018127441406,live
3090751706,1044,2026-08-01T02:56:01.000+01:00,3659,27.2921142578125,live
3090751706,1045,2026-08-01T02:56:11.000+01:00,3657,27.409225463867188,live
3090751706,1046,2026-08-01T02:56:21.000+01:00,3636,27.390220642089844,live
3090751706,1047,2026-08-01T02:56:31.000+01:00,3641,27.33068084716797,live
3090751706,1048,2026-08-01T02:56:41.000+01:00,3657,27.46735382080078,live
3090751706,1049,2026-08-01T02:56:51.000+01:00,3641,27.45146942138672,live
3090751706,1050,2026-08-01T02:57:01.000+01:00,3662,27.381431579589844,live
3090751706,1051,2026-08-01T02:57:11.000+01:00,3652,27.519241333007812,live
3090751706,1052,2026-08-01T02:57:21.000+01:00,3638,27.488327026367188,live
3090751706,1053,2026-08-01T02:57:31.000+01:00,3659,27.42169952392578,live
3090751706,1054,2026-08-01T02:57:41.000+01:00,3660,27.560348510742188,live
3090751706,1055,2026-08-01T02:57:51.000+01:00,3634,27.539085388183594,live
3090751706,1056,2026-08-01T02:58:01.000+01:00,3660,27.466217041015625,live
3090751706,1057,2026-08-01T02:58:11.000+01:00,3639,27.60515594482422,live
3090751706,1058,2026-08-01T02:58:21.000+01:00,3660,27.553268432617188,live
3090751706,1059,2026-08-01T02:58:31.000+01:00,3665,27.469329833984375,live
3090751706,1060,2026-08-01T02:58:41.000+01:00,3652,27.596359252929688,live
3090751706,1061,2026-08-01T02:58:51.000+01:00,3652,27.57707977294922,live
3090751706,1062,2026-08-01T02:59:01.000+01:00,3659,27.492584228515625,live
3090751706,1063,2026-08-01T02:59:11.000+01:00,3655,27.624717712402344,live
3090751706,1064,2026-08-01T02:59:21.000+01:00,3657,27.606002807617188,live
3090751706,1065,2026-08-01T02:59:31.000+01:00,3665,27.494277954101562,live
3090751706,1066,2026-08-01T02:59:41.000+01:00,3659,27.542205810546875,live
3090751706,1067,2026-08-01T02:59:51.000+01:00,3644,27.525192260742188,live
3090751706,1068,2026-08-01T03:00:01.000+01:00,3654,27.382286071777344,live
3090751706,1069,2026-08-01T03:00:11.000+01:00,3651,27.439842224121094,live
3090751706,1070,2026-08-01T03:00:21.000+01:00,3654,27.400711059570312,live
3090751706,1071,2026-08-01T03:00:31.000+01:00,3659,27.239097595214844,live
3090751706,1072,2026-08-01T03:00:41.000+01:00,3662,27.30572509765625,live
3090751706,1073,2026-08-01T03:00:51.000+01:00,3659,27.306007385253906,buffered
3090751706,1074,2026-08-01T03:01:01.000+01:00,3654,27.19683837890625,buffered
3090751706,1075,2026-08-01T03:01:11.000+01:00,3654,27.287864685058594,buffered
3090751706,1076,2026-08-01T03:01:21.000+01:00,3652,27.29834747314453,buffered
3090751706,1077,2026-08-01T03:01:31.000+01:00,3638,27.17841339111328,buffered
3090751706,1078,2026-08-01T03:01:41.000+01:00,3636,27.226043701171875,live
3090751706,1079,2026-08-01T03:01:51.000+01:00,3657,27.233985900878906,live
3090751706,1080,2026-08-01T03:02:01.000+01:00,3644,27.12169647216797,live
3090751706,1081,2026-08-01T03:02:11.000+01:00,3665,27.121139526367188,live
3090751706,1082,2026-08-01T03:02:21.000+01:00,3647,27.16253662109375,live
3090751706,1083,2026-08-01T03:02:31.000+01:00,3633,27.04486083984375,live
3090751706,1084,2026-08-01T03:02:41.000+01:00,3663,27.04571533203125,live
3090751706,1085,2026-08-01T03:02:51.000+01:00,3657,27.112625122070312,live
3090751706,1086,2026-08-01T03:03:01.000+01:00,3634,27.02416229248047,live
3090751706,1087,2026-08-01T03:03:11.000+01:00,3651,27.014236450195312,live
3090751706,1088,2026-08-01T03:03:21.000+01:00,3639,27.078880310058594,live
3090751706,1089,2026-08-01T03:03:31.000+01:00,3633,26.996658325195312,live
3090751706,1090,2026-08-01T03:03:41.000+01:00,3655,26.953842163085938,live
3090751706,1091,2026-08-01T03:03:51.000+01:00,3659,27.047409057617188,live
3090751706,1092,2026-08-01T03:04:01.000+01:00,3634,26.955543518066406,live
3090751706,1093,2026-08-01T03:04:11.000+01:00,3652,26.908477783203125,live
3090751706,1094,2026-08-01T03:04:21.000+01:00,3657,27.00799560546875,live
3090751706,1095,2026-08-01T03:04:31.000+01:00,3638,26.883522033691406,live
3090751706,1096,2026-08-01T03:04:41.000+01:00,3646,26.844955444335938,live
3090751706,1097,2026-08-01T03:04:51.000+01:00,3654,26.941360473632812,live
3090751706,1098,2026-08-01T03:05:01.000+01:00,3633,26.85517120361328,live
3090751706,1099,2026-08-01T03:05:11.000+01:00,3642,26.79051971435547,live
3090751706,1100,2026-08-01T03:05:21.000+01:00,3646,26.89911651611328,live
3090751706,1101,2026-08-01T03:05:31.000+01:00,3636,26.82653045654297,live
3090751706,1102,2026-08-01T03:05:41.000+01:00,3644,26.747703552246094,live
3090751706,1103,2026-08-01T03:05:51.000+01:00,3647,26.881820678710938,live
3090751706,1104,2026-08-01T03:06:01.000+01:00,3644,26.8055419921875,live
3090751706,1105,2026-08-01T03:06:11.000+01:00,3646,26.74542999267578,live
3090751706,1106,2026-08-01T03:06:21.000+01:00,3654,26.887779235839844,live
3090751706,1107,2026-08-01T03:06:31.000+01:00,3639,26.814903259277344,live
3090751706,1108,2026-08-01T03:06:41.000+01:00,3644,26.730972290039062,live
3090751706,1109,2026-08-01T03:06:51.000+01:00,3634,26.848648071289062,live
3090751706,1110,2026-08-01T03:07:01.000+01:00,3654,26.768394470214844,live
3090751706,1111,2026-08-01T03:07:11.000+01:00,3646,26.700912475585938,live
3090751706,1112,2026-08-01T03:07:21.000+01:00,3639,26.8424072265625,live
3090751706,1113,2026-08-01T03:07:31.000+01:00,3639,26.79987335205078,live
3090751706,1114,2026-08-01T03:07:41.000+01:00,3652,26.732955932617188,live
3090751706,1115,2026-08-01T03:07:51.000+01:00,3646,26.864524841308594,live
3090751706,1116,2026-08-01T03:08:01.000+01:00,3638,26.815467834472656,live
3090751706,1117,2026-08-01T03:08:11.000+01:00,3633,26.706016540527344,live
3090751706,1118,2026-08-01T03:08:21.000+01:00,3642,26.880966186523438,buffered
3090751706,1119,2026-08-01T03:08:31.000+01:00,3633,26.850624084472656,buffered
3090751706,1120,2026-08-01T03:08:41.000+01:00,3631,26.757057189941406,buffered
3090751706,1121,2026-08-01T03:08:51.000+01:00,3641,26.92548370361328,buffered
3090751706,1122,2026-08-01T03:09:01.000+01:00,3638,26.8968505859375,buffered
3090751706,1123,2026-08-01T03:09:11.000+01:00,3622,26.792221069335938,buffered
3090751706,1124,2026-08-01T03:09:21.000+01:00,3644,26.955543518066406,buffered
3090751706,1125,2026-08-01T03:09:31.000+01:00,3647,26.89458465576172,live
3090751706,1126,2026-08-01T03:09:41.000+01:00,3636,26.754783630371094,live
3090751706,1127,2026-08-01T03:09:51.000+01:00,3636,26.93456268310547,live
3090751706,1128,2026-08-01T03:10:01.000+01:00,3631,26.87982940673828,live
3090751706,1129,2026-08-01T03:10:11.000+01:00,3647,26.72246551513672,live
3090751706,1130,2026-08-01T03:10:21.000+01:00,3641,26.92888641357422,live
3090751706,1131,2026-08-01T03:10:31.000+01:00,3638,26.85913848876953,live
3090751706,1132,2026-08-01T03:10:41.000+01:00,3628,26.724166870117188,buffered
3090751706,1133,2026-08-01T03:10:51.000+01:00,3644,26.90875244140625,buffered
3090751706,1134,2026-08-01T03:11:01.000+01:00,3639,26.865089416503906,buffered
3090751706,1135,2026-08-01T03:11:11.000+01:00,3626,26.737213134765625,buffered
3090751706,1136,2026-08-01T03:11:21.000+01:00,3638,26.91584014892578,buffered
3090751706,1137,2026-08-01T03:11:31.000+01:00,3644,26.861404418945312,buffered
3090751706,1138,2026-08-01T03:11:41.000+01:00,3609,26.753372192382812,buffered
3090751706,1139,2026-08-01T03:11:51.000+01:00,3647,26.903366088867188,live
3090751706,1140,2026-08-01T03:12:01.000+01:00,3638,26.86707305908203,live
3090751706,1141,2026-08-01T03:12:11.000+01:00,3618,26.766700744628906,live
3090751706,1142,2026-08-01T03:12:21.000+01:00,3639,26.887489318847656,live
3090751706,1143,2026-08-01T03:12:31.000+01:00,3638,26.87218475341797,live
3090751706,1144,2026-08-01T03:12:41.000+01:00,3644,26.758758544921875,live
3090751706,1145,2026-08-01T03:12:51.000+01:00,3639,26.88239288330078,live
3090751706,1146,2026-08-01T03:13:01.000+01:00,3638,26.877853393554688,buffered
3090751706,1147,2026-08-01T03:13:11.000+01:00,3642,26.734375,buffered
3090751706,1148,2026-08-01T03:13:21.000+01:00,3626,26.857147216796875,live
3090751706,1149,2026-08-01T03:13:31.000+01:00,3636,26.829368591308594,live
3090751706,1150,2026-08-01T03:13:41.000+01:00,3636,26.756492614746094,live
3090751706,1151,2026-08-01T03:13:51.000+01:00,3638,26.816322326660156,live
3090751706,1152,2026-08-01T03:14:01.000+01:00,3636,26.800445556640625,live
3090751706,1153,2026-08-01T03:14:11.000+01:00,3636,26.682205200195312,live
3090751706,1154,2026-08-01T03:14:21.000+01:00,3638,26.751380920410156,live
3090751706,1155,2026-08-01T03:14:31.000+01:00,3636,26.778892517089844,live
3090751706,1156,2026-08-01T03:14:41.000+01:00,3639,26.69921112060547,live
3090751706,1157,2026-08-01T03:14:51.000+01:00,3636,26.761032104492188,live
3090751706,1158,2026-08-01T03:15:01.000+01:00,3628,26.78229522705078,live
3090751706,1159,2026-08-01T03:15:11.000+01:00,3636,26.697509765625,live
3090751706,1160,2026-08-01T03:15:21.000+01:00,3626,26.704605102539062,live
3090751706,1161,2026-08-01T03:15:31.000+01:00,3644,26.772933959960938,live
3090751706,1162,2026-08-01T03:15:41.000+01:00,3639,26.732101440429688,live
3090751706,1163,2026-08-01T03:15:51.000+01:00,3617,26.69524383544922,live
3090751706,1164,2026-08-01T03:16:01.000+01:00,3636,26.76386260986328,live
3090751706,1165,2026-08-01T03:16:11.000+01:00,3636,26.755638122558594,live
3090751706,1166,2026-08-01T03:16:21.000+01:00,3626,26.68701934814453,live
3090751706,1167,2026-08-01T03:16:31.000+01:00,3641,26.757904052734375,live
3090751706,1168,2026-08-01T03:16:41.000+01:00,3618,26.729835510253906,live
3090751706,1169,2026-08-01T03:16:51.000+01:00,3628,26.693824768066406,buffered
3090751706,1170,2026-08-01T03:17:01.000+01:00,3636,26.77519989013672,buffered
3090751706,1171,2026-08-01T03:17:11.000+01:00,3636,26.73607635498047,live
3090751706,1172,2026-08-01T03:17:21.000+01:00,3610,26.664337158203125,live
3090751706,1173,2026-08-01T03:17:31.000+01:00,3636,26.772369384765625,live
3090751706,1174,2026-08-01T03:17:41.000+01:00,3636,26.709701538085938,live
3090751706,1175,2026-08-01T03:17:51.000+01:00,3636,26.637115478515625,live
3090751706,1176,2026-08-01T03:18:01.000+01:00,3636,26.752235412597656,live
3090751706,1177,2026-08-01T03:18:11.000+01:00,3636,26.694961547851562,live
3090751706,1178,2026-08-01T03:18:21.000+01:00,3631,26.623512268066406,live
3090751706,1179,2026-08-01T03:18:31.000+01:00,3620,26.739479064941406,live
3090751706,1180,2026-08-01T03:18:41.000+01:00,3634,26.67595672607422,live
3090751706,1181,2026-08-01T03:18:51.000+01:00,3638,26.592880249023438,live
3090751706,1182,2026-08-01T03:19:01.000+01:00,3636,26.742027282714844,live
3090751706,1183,2026-08-01T03:19:11.000+01:00,3636,26.702896118164062,live
3090751706,1184,2026-08-01T03:19:21.000+01:00,3638,26.627471923828125,live
3090751706,1185,2026-08-01T03:19:31.000+01:00,3633,26.77179718017578,live
3090751706,1186,2026-08-01T03:19:41.000+01:00,3634,26.742591857910156,live
3090751706,1187,2026-08-01T03:19:51.000+01:00,3639,26.625205993652344,live
3090751706,1188,2026-08-01T03:20:01.000+01:00,3622,26.775772094726562,live
3090751706,1189,2026-08-01T03:20:11.000+01:00,3618,26.72076416015625,live
3090751706,1190,2026-08-01T03:20:21.000+01:00,3633,26.584938049316406,live
3090751706,1191,2026-08-01T03:20:31.000+01:00,3634,26.75365447998047,live
3090751706,1192,2026-08-01T03:20:41.000+01:00,3636,26.698081970214844,live
3090751706,1193,2026-08-01T03:20:51.000+01:00,3636,26.594009399414062,live
3090751706,1194,2026-08-01T03:21:01.000+01:00,3636,26.78144073486328,live
3090751706,1195,2026-08-01T03:21:11.000+01:00,3633,26.740325927734375,live
3090751706,1196,2026-08-01T03:21:21.000+01:00,3630,26.6334228515625,live
3090751706,1197,2026-08-01T03:21:31.000+01:00,3631,26.797317504882812,live
3090751706,1198,2026-08-01T03:21:41.000+01:00,3633,26.781158447265625,live
3090751706,1199,2026-08-01T03:21:51.000+01:00,3625,26.644775390625,live
3090751706,1200,2026-08-01T03:22:01.000+01:00,3638,26.81745147705078,live
3090751706,1201,2026-08-01T03:22:11.000+01:00,3633,26.54241180419922,live
3090751706,1202,2026-08-01T03:22:21.000+01:00,3633,26.39354705810547,live
3090751706,1203,2026-08-01T03:22:31.000+01:00,3607,26.24127960205078,live
3090751706,1204,2026-08-01T03:22:41.000+01:00,3630,26.085617065429688,live
3090751706,1205,2026-08-01T03:22:51.000+01:00,3628,25.987510681152344,live
3090751706,1206,2026-08-01T03:23:01.000+01:00,3610,25.923133850097656,live
3090751706,1207,2026-08-01T03:23:11.000+01:00,3636,25.833251953125,live
3090751706,1208,2026-08-01T03:23:21.000+01:00,3633,25.794692993164062,live
3090751706,1209,2026-08-01T03:23:31.000+01:00,3628,25.765487670898438,live
3090751706,1210,2026-08-01T03:23:41.000+01:00,3634,25.72437286376953,live
3090751706,1211,2026-08-01T03:23:51.000+01:00,3628,25.69176483154297,live
3090751706,1212,2026-08-01T03:24:01.000+01:00,3609,25.67957305908203,live
3090751706,1213,2026-08-01T03:24:11.000+01:00,3633,25.67957305908203,live
3090751706,1214,2026-08-01T03:24:21.000+01:00,3631,25.646392822265625,live
3090751706,1215,2026-08-01T03:24:31.000+01:00,3605,25.63874053955078,live
3090751706,1216,2026-08-01T03:24:41.000+01:00,3631,25.65631866455078,live
3090751706,1217,2026-08-01T03:24:51.000+01:00,3630,25.686378479003906,live
3090751706,1218,2026-08-01T03:25:01.000+01:00,3602,25.713592529296875,live
3090751706,1219,2026-08-01T03:25:11.000+01:00,3628,25.731178283691406,live
3090751706,1220,2026-08-01T03:25:21.000+01:00,3628,25.726646423339844,live
3090751706,1221,2026-08-01T03:25:31.000+01:00,3605,25.70366668701172,live
3090751706,1222,2026-08-01T03:25:41.000+01:00,3607,25.72748565673828,buffered
3090751706,1223,2026-08-01T03:25:51.000+01:00,3626,25.748191833496094,buffered
3090751706,1224,2026-08-01T03:26:01.000+01:00,3626,25.756690979003906,buffered
3090751706,1225,2026-08-01T03:26:11.000+01:00,3628,25.792991638183594,buffered
3090751706,1226,2026-08-01T03:26:21.000+01:00,3636,25.790435791015625,buffered
3090751706,1227,2026-08-01T03:26:31.000+01:00,3634,25.77654266357422,buffered
3090751706,1228,2026-08-01T03:26:41.000+01:00,3630,25.800643920898438,buffered
3090751706,1229,2026-08-01T03:26:51.000+01:00,3613,25.844314575195312,buffered
3090751706,1230,2026-08-01T03:27:01.000+01:00,3610,25.888259887695312,buffered
3090751706,1231,2026-08-01T03:27:11.000+01:00,3631,25.904136657714844,buffered
3090751706,1232,2026-08-01T03:27:21.000+01:00,3631,25.9605712890625,buffered
3090751706,1233,2026-08-01T03:27:31.000+01:00,3602,25.981552124023438,buffered
3090751706,1234,2026-08-01T03:27:41.000+01:00,3628,25.98467254638672,buffered
3090751706,1235,2026-08-01T03:27:51.000+01:00,3596,25.99828338623047,buffered
3090751706,1236,2026-08-01T03:28:01.000+01:00,3628,26.045066833496094,buffered
3090751706,1237,2026-08-01T03:28:11.000+01:00,3630,26.089019775390625,buffered
3090751706,1238,2026-08-01T03:28:21.000+01:00,3609,26.176063537597656,buffered
3090751706,1239,2026-08-01T03:28:31.000+01:00,3626,26.300254821777344,buffered
3090751706,1240,2026-08-01T03:28:41.000+01:00,3620,26.32152557373047,buffered
3090751706,1241,2026-08-01T03:28:51.000+01:00,3622,26.414810180664062,buffered
3090751706,1242,2026-08-01T03:29:01.000+01:00,3604,26.47917938232422,buffered
3090751706,1243,2026-08-01T03:29:11.000+01:00,3636,26.541282653808594,buffered
3090751706,1244,2026-08-01T03:29:21.000+01:00,3636,26.54468536376953,buffered
3090751706,1245,2026-08-01T03:29:31.000+01:00,3602,26.60791015625,buffered
3090751706,1246,2026-08-01T03:29:41.000+01:00,3622,26.6719970703125,buffered
3090751706,1247,2026-08-01T03:29:51.000+01:00,3634,26.630020141601562,buffered
3090751706,1248,2026-08-01T03:30:01.000+01:00,3625,26.565093994140625,buffered
3090751706,1249,2026-08-01T03:30:11.000+01:00,3612,26.546096801757812,buffered
3090751706,1250,2026-08-01T03:30:21.000+01:00,3622,26.53844451904297,buffered
3090751706,1251,2026-08-01T03:30:31.000+01:00,3631,26.554039001464844,buffered
3090751706,1252,2026-08-01T03:30:41.000+01:00,3622,26.544967651367188,buffered
3090751706,1253,2026-08-01T03:30:51.000+01:00,3602,26.531639099121094,buffered
3090751706,1254,2026-08-01T03:31:01.000+01:00,3630,26.50157928466797,buffered
3090751706,1255,2026-08-01T03:31:11.000+01:00,3633,26.55261993408203,buffered
3090751706,1256,2026-08-01T03:31:21.000+01:00,3622,26.513771057128906,buffered
3090751706,1257,2026-08-01T03:31:31.000+01:00,3625,26.48711395263672,buffered
3090751706,1258,2026-08-01T03:31:41.000+01:00,3625,26.511505126953125,buffered
3090751706,1259,2026-08-01T03:31:51.000+01:00,3625,26.45905303955078,buffered
3090751706,1260,2026-08-01T03:32:01.000+01:00,3609,26.477195739746094,buffered
3090751706,1261,2026-08-01T03:32:11.000+01:00,3634,26.493637084960938,buffered
3090751706,1262,2026-08-01T03:32:21.000+01:00,3625,26.559425354003906,buffered
3090751706,1263,2026-08-01T03:32:31.000+01:00,3625,26.55998992919922,buffered
3090751706,1264,2026-08-01T03:32:41.000+01:00,3631,26.62464141845703,buffered
3090751706,1265,2026-08-01T03:32:51.000+01:00,3631,26.652999877929688,buffered
3090751706,1266,2026-08-01T03:33:01.000+01:00,3620,26.677383422851562,buffered
3090751706,1267,2026-08-01T03:33:11.000+01:00,3626,26.685325622558594,buffered
3090751706,1268,2026-08-01T03:33:21.000+01:00,3604,26.702613830566406,buffered
3090751706,1269,2026-08-01T03:33:31.000+01:00,3626,26.707725524902344,buffered
3090751706,1270,2026-08-01T03:33:41.000+01:00,3605,26.69127655029297,buffered
3090751706,1271,2026-08-01T03:33:51.000+01:00,3615,26.6334228515625,buffered
3090751706,1272,2026-08-01T03:34:01.000+01:00,3605,26.633995056152344,buffered
3090751706,1273,2026-08-01T03:34:11.000+01:00,3620,26.618118286132812,buffered
3090751706,1274,2026-08-01T03:34:21.000+01:00,3617,26.600257873535156,buffered
3090751706,1275,2026-08-01T03:34:31.000+01:00,3617,26.59117889404297,buffered
3090751706,1276,2026-08-01T03:34:41.000+01:00,3622,26.569915771484375,buffered
3090751706,1277,2026-08-01T03:34:51.000+01:00,3630,26.521987915039062,buffered
3090751706,1278,2026-08-01T03:35:01.000+01:00,3618,26.49675750732422,buffered
3090751706,1279,2026-08-01T03:35:11.000+01:00,3610,26.454795837402344,buffered
3090751706,1280,2026-08-01T03:35:21.000+01:00,3617,26.436363220214844,buffered
3090751706,1281,2026-08-01T03:35:31.000+01:00,3618,26.401199340820312,buffered
3090751706,1282,2026-08-01T03:35:41.000+01:00,3631,26.34931182861328,buffered
3090751706,1283,2026-08-01T03:35:51.000+01:00,3622,26.40857696533203,buffered
3090751706,1284,2026-08-01T03:36:01.000+01:00,3622,26.425308227539062,buffered
3090751706,1285,2026-08-01T03:36:11.000+01:00,3618,26.559707641601562,buffered
3090751706,1286,2026-08-01T03:36:21.000+01:00,3625,26.582962036132812,buffered
3090751706,1287,2026-08-01T03:36:31.000+01:00,3625,26.54864501953125,buffered
3090751706,1288,2026-08-01T03:36:41.000+01:00,3626,26.69268798828125,buffered
3090751706,1289,2026-08-01T03:36:51.000+01:00,3612,26.684471130371094,buffered
3090751706,1290,2026-08-01T03:37:01.000+01:00,3602,26.666603088378906,buffered
3090751706,1291,2026-08-01T03:37:11.000+01:00,3599,26.744873046875,buffered
3090751706,1292,2026-08-01T03:37:21.000+01:00,3622,26.70063018798828,buffered
3090751706,1293,2026-08-01T03:37:31.000+01:00,3620,26.640243530273438,buffered
3090751706,1294,2026-08-01T03:37:41.000+01:00,3618,26.737777709960938,buffered
3090751706,1295,2026-08-01T03:37:51.000+01:00,3615,26.722747802734375,buffered
3090751706,1296,2026-08-01T03:38:01.000+01:00,3618,26.695533752441406,buffered
3090751706,1297,2026-08-01T03:38:11.000+01:00,3620,26.839576721191406,buffered
3090751706,1298,2026-08-01T03:38:21.000+01:00,3615,26.84722137451172,buffered
3090751706,1299,2026-08-01T03:38:31.000+01:00,3613,26.751380920410156,buffered
3090751706,1300,2026-08-01T03:38:41.000+01:00,3602,26.895713806152344,buffered
3090751706,1301,2026-08-01T03:38:51.000+01:00,3615,26.881256103515625,buffered
3090751706,1302,2026-08-01T03:39:01.000+01:00,3613,28.64038848876953,buffered
3090751706,1303,2026-08-01T03:39:11.000+01:00,3628,30.013336181640625,buffered
3090751706,1304,2026-08-01T03:39:21.000+01:00,3610,30.538475036621094,buffered
3090751706,1305,2026-08-01T03:39:31.000+01:00,3591,29.29198455810547,live
3090751706,1306,2026-08-01T03:39:41.000+01:00,3610,28.86382293701172,live
3090751706,1307,2026-08-01T03:39:51.000+01:00,3612,28.4093017578125,live
3090751706,1308,2026-08-01T03:40:01.000+01:00,3613,28.08208465576172,live
3090751706,1309,2026-08-01T03:40:11.000+01:00,3601,28.01148223876953,live
3090751706,1310,2026-08-01T03:40:21.000+01:00,3610,27.828872680664062,live
3090751706,1311,2026-08-01T03:40:31.000+01:00,3615,27.62188720703125,live
3090751706,1312,2026-08-01T03:40:41.000+01:00,3613,27.628692626953125,live
3090751706,1313,2026-08-01T03:40:51.000+01:00,3626,27.521507263183594,live
3090751706,1314,2026-08-01T03:41:01.000+01:00,3612,27.414321899414062,live
3090751706,1315,2026-08-01T03:41:11.000+01:00,3613,27.428787231445312,live
3090751706,1316,2026-08-01T03:41:21.000+01:00,3618,27.367820739746094,live
3090751706,1317,2026-08-01T03:41:31.000+01:00,3618,27.29467010498047,live
3090751706,1318,2026-08-01T03:41:41.000+01:00,3610,27.35053253173828,live
3090751706,1319,2026-08-01T03:41:51.000+01:00,3596,27.317626953125,live
3090751706,1320,2026-08-01T03:42:01.000+01:00,3613,27.249862670898438,live
3090751706,1321,2026-08-01T03:42:11.000+01:00,3612,27.255531311035156,live
3090751706,1322,2026-08-01T03:42:21.000+01:00,3620,27.237388610839844,live
3090751706,1323,2026-08-01T03:42:31.000+01:00,3615,27.187484741210938,live
3090751706,1324,2026-08-01T03:42:41.000+01:00,3589,27.199111938476562,live
3090751706,1325,2026-08-01T03:42:51.000+01:00,3620,27.19683837890625,live
3090751706,1326,2026-08-01T03:43:01.000+01:00,3613,27.139564514160156,live
3090751706,1327,2026-08-01T03:43:11.000+01:00,3588,27.151473999023438,live
3090751706,1328,2026-08-01T03:43:21.000+01:00,3618,27.168487548828125,live
3090751706,1329,2026-08-01T03:43:31.000+01:00,3609,27.10015106201172,live
3090751706,1330,2026-08-01T03:43:41.000+01:00,3584,27.121986389160156,live
3090751706,1331,2026-08-01T03:43:51.000+01:00,3620,27.1304931640625,live
3090751706,1332,2026-08-01T03:44:01.000+01:00,3610,27.105255126953125,live
3090751706,1333,2026-08-01T03:44:11.000+01:00,3588,27.109222412109375,live
3090751706,1334,2026-08-01T03:44:21.000+01:00,3620,27.129356384277344,live
3090751706,1335,2026-08-01T03:44:31.000+01:00,3615,27.09192657470703,live
3090751706,1336,2026-08-01T03:44:41.000+01:00,3613,27.079734802246094,live
3090751706,1337,2026-08-01T03:44:51.000+01:00,3609,27.12255096435547,live
3090751706,1338,2026-08-01T03:45:01.000+01:00,3610,27.057334899902344,live
3090751706,1339,2026-08-01T03:45:11.000+01:00,3593,27.03691864013672,live
3090751706,1340,2026-08-01T03:45:21.000+01:00,3615,27.07860565185547,live
3090751706,1341,2026-08-01T03:45:31.000+01:00,3609,27.044578552246094,live
3090751706,1342,2026-08-01T03:45:41.000+01:00,3613,27.023033142089844,live
3090751706,1343,2026-08-01T03:45:51.000+01:00,3607,27.071800231933594,live
3090751706,1344,2026-08-01T03:46:01.000+01:00,3609,27.036361694335938,live
3090751706,1345,2026-08-01T03:46:11.000+01:00,3610,27.00232696533203,live
3090751706,1346,2026-08-01T03:46:21.000+01:00,3607,27.076614379882812,live
3090751706,1347,2026-08-01T03:46:31.000+01:00,3607,27.04798126220703,live
3090751706,1348,2026-08-01T03:46:41.000+01:00,3609,26.995521545410156,live
3090751706,1349,2026-08-01T03:46:51.000+01:00,3609,27.048263549804688,live
3090751706,1350,2026-08-01T03:47:01.000+01:00,3602,27.013107299804688,live
3090751706,1351,2026-08-01T03:47:11.000+01:00,3610,26.95214080810547,live
3090751706,1352,2026-08-01T03:47:21.000+01:00,3605,27.04259490966797,live
3090751706,1353,2026-08-01T03:47:31.000+01:00,3605,27.006019592285156,live
3090751706,1354,2026-08-01T03:47:41.000+01:00,3609,26.932861328125,live
3090751706,1355,2026-08-01T03:47:51.000+01:00,3584,27.020187377929688,live
3090751706,1356,2026-08-01T03:48:01.000+01:00,3613,27.00176239013672,live
3090751706,1357,2026-08-01T03:48:11.000+01:00,3609,26.928604125976562,live
3090751706,1358,2026-08-01T03:48:21.000+01:00,3564,27.022743225097656,live
3090751706,1359,2026-08-01T03:48:31.000+01:00,3612,26.9952392578125,live
3090751706,1360,2026-08-01T03:48:41.000+01:00,3594,26.905921936035156,live
3090751706,1361,2026-08-01T03:48:51.000+01:00,3584,26.9969482421875,live
3090751706,1362,2026-08-01T03:49:01.000+01:00,3610,26.98021697998047,live
3090751706,1363,2026-08-01T03:49:11.000+01:00,3615,26.87926483154297,live
3090751706,1364,2026-08-01T03:49:21.000+01:00,3580,26.9969482421875,live
3090751706,1365,2026-08-01T03:49:31.000+01:00,3609,26.96660614013672,live
3090751706,1366,2026-08-01T03:49:41.000+01:00,3610,26.881256103515625,live
3090751706,1367,2026-08-01T03:49:51.000+01:00,3605,26.999496459960938,live
3090751706,1368,2026-08-01T03:50:01.000+01:00,3605,26.9583740234375,live
3090751706,1369,2026-08-01T03:50:11.000+01:00,3609,26.89855194091797,live
3090751706,1370,2026-08-01T03:50:21.000+01:00,3593,26.96971893310547,live
3090751706,1371,2026-08-01T03:50:31.000+01:00,3605,26.957809448242188,live
3090751706,1372,2026-08-01T03:50:41.000+01:00,3610,26.874160766601562,live
3090751706,1373,2026-08-01T03:50:51.000+01:00,3601,26.970008850097656,live
3090751706,1374,2026-08-01T03:51:01.000+01:00,3602,26.936546325683594,live
3090751706,1375,2026-08-01T03:51:11.000+01:00,3601,26.866790771484375,live
3090751706,1376,2026-08-01T03:51:21.000+01:00,3612,26.949020385742188,live
3090751706,1377,2026-08-01T03:51:31.000+01:00,3599,26.918960571289062,live
3090751706,1378,2026-08-01T03:51:41.000+01:00,3609,26.846939086914062,live
3090751706,1379,2026-08-01T03:51:51.000+01:00,3584,26.9232177734375,live
3090751706,1380,2026-08-01T03:52:01.000+01:00,3578,26.908477783203125,live
3090751706,1381,2026-08-01T03:52:11.000+01:00,3605,26.84552764892578,live
3090751706,1382,2026-08-01T03:52:21.000+01:00,3602,26.922080993652344,live
3090751706,1383,2026-08-01T03:52:31.000+01:00,3588,26.91046142578125,live
3090751706,1384,2026-08-01T03:52:41.000+01:00,3602,26.829368591308594,live
3090751706,1385,2026-08-01T03:52:51.000+01:00,3601,26.90479278564453,live
3090751706,1386,2026-08-01T03:53:01.000+01:00,3581,26.852333068847656,live
3090751706,1387,2026-08-01T03:53:11.000+01:00,3601,26.835037231445312,live
3090751706,1388,2026-08-01T03:53:21.000+01:00,3599,26.918960571289062,live
3090751706,1389,2026-08-01T14:11:33.000+01:00,3609,27.596641540527344,buffered
3090751706,1390,2026-08-01T14:11:43.000+01:00,3607,27.624435424804688,live
3090751706,1391,2026-08-01T14:11:53.000+01:00,3605,27.65789794921875,live
3090751706,1392,2026-08-01T14:12:03.000+01:00,3602,27.70269775390625,live
3090751706,1393,2026-08-01T14:12:13.000+01:00,3602,27.734451293945312,live
3090751706,1394,2026-08-01T14:12:23.000+01:00,3596,27.740684509277344,live
3090751706,1395,2026-08-01T14:12:33.000+01:00,3581,27.750328063964844,live
3090751706,1396,2026-08-01T14:12:43.000+01:00,3596,27.761672973632812,live
3090751706,1397,2026-08-01T14:12:53.000+01:00,3589,27.763656616210938,live
3090751706,1398,2026-08-01T14:13:04.000+01:00,3583,27.775001525878906,live
3090751706,1399,2026-08-01T14:13:13.000+01:00,3604,27.80023193359375,live
3090751706,1400,2026-08-01T14:13:23.000+01:00,3594,27.83483123779297,live
3090751706,1401,2026-08-01T14:13:33.000+01:00,3602,27.846168518066406,live
3090751706,1402,2026-08-01T14:13:43.000+01:00,3605,27.842483520507812,live
3090751706,1403,2026-08-01T14:13:53.000+01:00,3605,27.847023010253906,live
3090751706,1404,2026-08-01T14:14:03.000+01:00,3576,27.857513427734375,live
3090751706,1405,2026-08-01T14:14:13.000+01:00,3599,27.850425720214844,live
3090751706,1406,2026-08-01T14:14:23.000+01:00,3594,27.840499877929688,live
3090751706,1407,2026-08-01T14:14:33.000+01:00,3560,27.840499877929688,live
3090751706,1408,2026-08-01T14:14:43.000+01:00,3604,27.84107208251953,live
3090751706,1409,2026-08-01T14:14:53.000+01:00,3593,27.84418487548828,live
3090751706,1410,2026-08-01T14:15:03.000+01:00,3602,27.879058837890625,live
3090751706,1411,2026-08-01T14:15:13.000+01:00,3591,27.928970336914062,live
3090751706,1412,2026-08-01T14:15:23.000+01:00,3601,27.966957092285156,live
3090751706,1413,2026-08-01T14:15:33.000+01:00,3589,27.98028564453125,live
3090751706,1414,2026-08-01T14:15:43.000+01:00,3589,27.993896484375,live
3090751706,1415,2026-08-01T14:15:53.000+01:00,3588,28.01629638671875,live
3090751706,1416,2026-08-01T14:16:03.000+01:00,3601,28.03246307373047,live
3090751706,1417,2026-08-01T14:16:13.000+01:00,3591,28.054290771484375,live
3090751706,1418,2026-08-01T14:16:23.000+01:00,3581,28.078964233398438,live
3090751706,1419,2026-08-01T14:16:33.000+01:00,3584,28.103912353515625,live
3090751706,1420,2026-08-01T14:16:43.000+01:00,3593,28.112709045410156,live
3090751706,1421,2026-08-01T14:16:53.000+01:00,3586,28.083221435546875,live
3090751706,1422,2026-08-01T14:17:03.000+01:00,3596,28.041259765625,live
3090751706,1423,2026-08-01T14:17:13.000+01:00,3581,28.006088256835938,live
3090751706,1424,2026-08-01T14:17:23.000+01:00,3589,27.96044158935547,live
3090751706,1425,2026-08-01T14:17:33.000+01:00,3593,27.926406860351562,live
3090751706,1426,2026-08-01T14:17:43.000+01:00,3567,27.896080017089844,live
3090751706,1427,2026-08-01T14:17:53.000+01:00,3588,27.898056030273438,live
3090751706,1428,2026-08-01T14:18:03.000+01:00,3580,27.911956787109375,live
3090751706,1429,2026-08-01T14:18:13.000+01:00,3567,27.906570434570312,live
3090751706,1430,2026-08-01T14:18:23.000+01:00,3594,27.901748657226562,live
3090751706,1431,2026-08-01T14:18:33.000+01:00,3593,27.901458740234375,live
3090751706,1432,2026-08-01T14:18:43.000+01:00,3570,27.898910522460938,live
3090751706,1433,2026-08-01T14:18:53.000+01:00,3584,27.877365112304688,live
3090751706,1434,2026-08-01T14:19:03.000+01:00,3588,27.868850708007812,live
3090751706,1435,2026-08-01T14:19:13.000+01:00,3584,27.861480712890625,live
3090751706,1436,2026-08-01T14:19:23.000+01:00,3596,27.864036560058594,live
3090751706,1437,2026-08-01T14:19:33.000+01:00,3589,27.86431121826172,live
3090751706,1438,2026-08-01T14:19:44.000+01:00,3573,27.875946044921875,live
3090751706,1439,2026-08-01T14:19:53.000+01:00,3584,27.895225524902344,live
3090751706,1440,2026-08-01T14:20:03.000+01:00,3584,27.928115844726562,live
3090751706,1441,2026-08-01T14:20:13.000+01:00,3584,27.97801971435547,live
3090751706,1442,2026-08-01T14:20:23.000+01:00,3584,28.0299072265625,live
3090751706,1443,2026-08-01T14:20:33.000+01:00,3588,28.072158813476562,live
3090751706,1444,2026-08-01T14:20:43.000+01:00,3594,28.07158660888672,live
3090751706,1445,2026-08-01T14:20:53.000+01:00,3584,28.058265686035156,live
3090751706,1446,2026-08-01T14:21:03.000+01:00,3586,28.06818389892578,live
3090751706,1447,2026-08-01T14:21:13.000+01:00,3575,28.06365203857422,live
3090751706,1448,2026-08-01T14:21:23.000+01:00,3578,28.079246520996094,live
3090751706,1449,2026-08-01T14:21:33.000+01:00,3584,28.095977783203125,live
3090751706,1450,2026-08-01T14:21:43.000+01:00,3584,28.062232971191406,live
3090751706,1451,2026-08-01T14:21:54.000+01:00,3559,28.0667724609375,live
3090751706,1452,2026-08-01T14:22:03.000+01:00,3583,28.016014099121094,live
3090751706,1453,2026-08-01T14:22:13.000+01:00,3583,28.016586303710938,live
3090751706,1454,2026-08-01T14:22:23.000+01:00,3565,28.037567138671875,live
3090751706,1455,2026-08-01T14:22:33.000+01:00,3584,28.01488494873047,live
3090751706,1456,2026-08-01T14:22:43.000+01:00,3584,27.984825134277344,live
3090751706,1457,2026-08-01T14:22:53.000+01:00,3554,27.96440887451172,live
3090751706,1458,2026-08-01T14:23:03.000+01:00,3570,27.87877655029297,live
3090751706,1459,2026-08-01T14:23:13.000+01:00,3584,27.829727172851562,buffered
3090751706,1460,2026-08-01T14:23:23.000+01:00,3560,27.71772003173828,live
3090751706,1461,2026-08-01T14:23:33.000+01:00,3584,27.64031219482422,live
3090751706,1462,2026-08-01T14:23:43.000+01:00,3591,27.561485290527344,live
3090751706,1463,2026-08-01T14:23:53.000+01:00,3559,27.460830688476562,live
3090751706,1464,2026-08-01T14:24:04.000+01:00,3584,27.38568878173828,live
3090751706,1465,2026-08-01T14:24:13.000+01:00,3589,27.358184814453125,live
3090751706,1466,2026-08-01T14:24:23.000+01:00,3584,27.32671356201172,live
3090751706,1467,2026-08-01T14:24:33.000+01:00,3583,27.30799102783203,live
3090751706,1468,2026-08-01T14:24:43.000+01:00,3568,27.294105529785156,live
3090751706,1469,2026-08-01T14:24:53.000+01:00,3583,27.275108337402344,live
3090751706,1470,2026-08-01T14:25:03.000+01:00,3583,27.294387817382812,live
3090751706,1471,2026-08-01T14:25:13.000+01:00,3583,27.319053649902344,live
3090751706,1472,2026-08-01T14:25:23.000+01:00,3576,27.33380126953125,live
3090751706,1473,2026-08-01T14:25:33.000+01:00,3586,27.353363037109375,live
3090751706,1474,2026-08-01T14:25:43.000+01:00,3583,27.38909149169922,live
3090751706,1475,2026-08-01T14:25:53.000+01:00,3584,27.407806396484375,live
3090751706,1476,2026-08-01T14:26:03.000+01:00,3583,27.44891357421875,live
3090751706,1477,2026-08-01T14:26:13.000+01:00,3581,27.490882873535156,live
3090751706,1478,2026-08-01T14:26:23.000+01:00,3581,27.48011016845703,live
3090751706,1479,2026-08-01T14:26:33.000+01:00,3551,27.506195068359375,live
3090751706,1480,2026-08-01T14:26:43.000+01:00,3583,27.540512084960938,live
3090751706,1481,2026-08-01T14:26:53.000+01:00,3576,27.54248809814453,live
3090751706,1482,2026-08-01T14:27:03.000+01:00,3560,27.542205810546875,live
3090751706,1483,2026-08-01T14:27:13.000+01:00,3578,27.553268432617188,live
3090751706,1484,2026-08-01T14:27:23.000+01:00,3581,27.540786743164062,live
3090751706,1485,2026-08-01T14:27:33.000+01:00,3568,27.567726135253906,live
3090751706,1486,2026-08-01T14:27:43.000+01:00,3576,27.5362548828125,live
3090751706,1487,2026-08-01T14:27:53.000+01:00,3583,27.53142547607422,live
3090751706,1488,2026-08-01T14:28:03.000+01:00,3552,27.513282775878906,live
3090751706,1489,2026-08-01T14:28:13.000+01:00,3560,27.45600128173828,live
3090751706,1490,2026-08-01T14:28:23.000+01:00,3576,27.40978240966797,live
3090751706,1491,2026-08-01T14:28:33.000+01:00,3560,27.38654327392578,live
3090751706,1492,2026-08-01T14:28:44.000+01:00,3576,27.361297607421875,live
3090751706,1493,2026-08-01T14:28:53.000+01:00,3580,27.331809997558594,live
3090751706,1494,2026-08-01T14:29:03.000+01:00,3578,27.349395751953125,live
3090751706,1495,2026-08-01T14:29:13.000+01:00,3581,27.357330322265625,live
3090751706,1496,2026-08-01T14:29:23.000+01:00,3580,27.365272521972656,live
3090751706,1497,2026-08-01T14:29:33.000+01:00,3576,27.36243438720703,live
3090751706,1498,2026-08-01T14:29:43.000+01:00,3581,27.402976989746094,live
3090751706,1499,2026-08-01T14:29:53.000+01:00,3564,27.43048858642578,live
3090751706,1500,2026-08-01T14:30:03.000+01:00,3575,27.43927764892578,live
3090751706,1501,2026-08-01T14:30:13.000+01:00,3584,27.48265838623047,live
3090751706,1502,2026-08-01T14:30:23.000+01:00,3580,27.5257568359375,live
3090751706,1503,2026-08-01T14:30:33.000+01:00,3576,27.54901123046875,live
3090751706,1504,2026-08-01T14:30:43.000+01:00,3584,27.58587646484375,live
3090751706,1505,2026-08-01T14:30:54.000+01:00,3576,27.628692626953125,live
3090751706,1506,2026-08-01T14:31:03.000+01:00,3576,27.6522216796875,live
3090751706,1507,2026-08-01T14:31:13.000+01:00,3580,27.683128356933594,live
3090751706,1508,2026-08-01T14:31:23.000+01:00,3576,27.718292236328125,live
3090751706,1509,2026-08-01T14:31:33.000+01:00,3575,27.75543975830078,live
3090751706,1510,2026-08-01T14:31:43.000+01:00,3547,27.787757873535156,live
3090751706,1511,2026-08-01T14:31:53.000+01:00,3578,27.813560485839844,live
3090751706,1512,2026-08-01T14:32:03.000+01:00,3580,27.822349548339844,live
3090751706,1513,2026-08-01T14:32:13.000+01:00,3554,27.820648193359375,live
3090751706,1514,2026-08-01T14:32:23.000+01:00,3583,27.81299591064453,live
3090751706,1515,2026-08-01T14:32:33.000+01:00,3573,27.829437255859375,live
3090751706,1516,2026-08-01T14:32:43.000+01:00,3551,27.83483123779297,live
3090751706,1517,2026-08-01T14:32:53.000+01:00,3580,27.822349548339844,live
3090751706,1518,2026-08-01T14:33:04.000+01:00,3570,27.84447479248047,live
3090751706,1519,2026-08-01T14:33:13.000+01:00,3554,27.846450805664062,live
3090751706,1520,2026-08-01T14:33:23.000+01:00,3555,27.864883422851562,live
3090751706,1521,2026-08-01T14:33:33.000+01:00,3576,27.87622833251953,live
3090751706,1522,2026-08-01T14:33:43.000+01:00,3570,27.893798828125,live
3090751706,1523,2026-08-01T14:33:53.000+01:00,3575,27.904296875,live
3090751706,1524,2026-08-01T14:34:03.000+01:00,3581,27.88019561767578,live
3090751706,1525,2026-08-01T14:34:13.000+01:00,3576,27.860916137695312,live
3090751706,1526,2026-08-01T14:34:23.000+01:00,3570,27.86347198486328,live
3090751706,1527,2026-08-01T14:34:33.000+01:00,3576,27.862899780273438,live
3090751706,1528,2026-08-01T14:34:43.000+01:00,3570,27.850425720214844,live
3090751706,1529,2026-08-01T14:34:53.000+01:00,3557,27.87396240234375,live
3090751706,1530,2026-08-01T14:35:03.000+01:00,3559,27.88359832763672,live
3090751706,1531,2026-08-01T14:35:14.000+01:00,3568,27.893798828125,live
3090751706,1532,2026-08-01T14:35:23.000+01:00,3547,27.911666870117188,live
3090751706,1533,2026-08-01T14:35:33.000+01:00,3567,27.902313232421875,live
3090751706,1534,2026-08-01T14:35:43.000+01:00,3567,27.885299682617188,live
3090751706,1535,2026-08-01T14:35:53.000+01:00,3544,27.927833557128906,live
3090751706,1536,2026-08-01T14:36:03.000+01:00,3570,27.904296875,live
3090751706,1537,2026-08-01T14:36:13.000+01:00,3575,27.913650512695312,live
3090751706,1538,2026-08-01T14:36:23.000+01:00,3547,27.915924072265625,live
3090751706,1539,2026-08-01T14:36:33.000+01:00,3562,27.936630249023438,live
3090751706,1540,2026-08-01T14:36:43.000+01:00,3559,27.95165252685547,live
3090751706,1541,2026-08-01T14:36:53.000+01:00,3547,27.964691162109375,live
3090751706,1542,2026-08-01T14:37:03.000+01:00,3568,28.003257751464844,live
3090751706,1543,2026-08-01T14:37:13.000+01:00,3575,28.046356201171875,live
3090751706,1544,2026-08-01T14:37:23.000+01:00,3547,28.063369750976562,live
3090751706,1545,2026-08-01T14:37:33.000+01:00,3573,28.09654998779297,live
3090751706,1546,2026-08-01T14:37:43.000+01:00,3581,28.10448455810547,live
3090751706,1547,2026-08-01T14:37:53.000+01:00,3568,28.0738525390625,live
3090751706,1548,2026-08-01T14:38:03.000+01:00,3567,28.111289978027344,live
3090751706,1549,2026-08-01T14:38:13.000+01:00,3554,28.120361328125,live
3090751706,1550,2026-08-01T14:38:23.000+01:00,3576,28.14191436767578,live
3090751706,1551,2026-08-01T14:38:33.000+01:00,3567,28.08831787109375,live
3090751706,1552,2026-08-01T14:38:43.000+01:00,3564,28.076416015625,live
3090751706,1553,2026-08-01T14:38:53.000+01:00,3567,28.089744567871094,live
3090751706,1554,2026-08-01T14:39:03.000+01:00,3570,28.097389221191406,live
3090751706,1555,2026-08-01T14:39:13.000+01:00,3576,28.102500915527344,live
3090751706,1556,2026-08-01T14:39:23.000+01:00,3568,28.102218627929688,live
3090751706,1557,2026-08-01T14:39:33.000+01:00,3568,28.085487365722656,live
3090751706,1558,2026-08-01T14:39:43.000+01:00,3567,28.059402465820312,live
3090751706,1559,2026-08-01T14:39:54.000+01:00,3551,28.036712646484375,live
3090751706,1560,2026-08-01T14:40:03.000+01:00,3568,28.003257751464844,live
3090751706,1561,2026-08-01T14:40:13.000+01:00,3570,28.004676818847656,live
3090751706,1562,2026-08-01T14:40:23.000+01:00,3567,27.98992919921875,live
3090751706,1563,2026-08-01T14:40:33.000+01:00,3538,28.0018310546875,live
3090751706,1564,2026-08-01T14:40:43.000+01:00,3568,27.993331909179688,live
3090751706,1565,2026-08-01T14:40:53.000+01:00,3564,27.968948364257812,live
3090751706,1566,2026-08-01T14:41:03.000+01:00,3559,27.952789306640625,live
3090751706,1567,2026-08-01T14:41:13.000+01:00,3564,27.96015167236328,live
3090751706,1568,2026-08-01T14:41:23.000+01:00,3567,27.934921264648438,live
3090751706,1569,2026-08-01T14:41:33.000+01:00,3533,27.939178466796875,live
3090751706,1570,2026-08-01T14:41:43.000+01:00,3564,27.934356689453125,live
3090751706,1571,2026-08-01T14:41:53.000+01:00,3564,27.92499542236328,live
3090751706,1572,2026-08-01T14:42:04.000+01:00,3538,27.93633270263672,live
3090751706,1573,2026-08-01T14:42:13.000+01:00,3560,27.9227294921875,live
3090751706,1574,2026-08-01T14:42:23.000+01:00,3565,27.967529296875,live
3090751706,1575,2026-08-01T14:42:33.000+01:00,3538,27.995323181152344,live
3090751706,1576,2026-08-01T14:42:43.000+01:00,3565,28.01629638671875,live
3090751706,1577,2026-08-01T14:42:53.000+01:00,3568,28.013465881347656,live
3090751706,1578,2026-08-01T14:43:03.000+01:00,3564,28.042388916015625,live
3090751706,1579,2026-08-01T14:43:13.000+01:00,3551,28.078109741210938,live
3090751706,1580,2026-08-01T14:43:23.000+01:00,3570,28.084068298339844,live
3090751706,1581,2026-08-01T14:43:33.000+01:00,3560,28.104766845703125,live
3090751706,1582,2026-08-01T14:43:43.000+01:00,3564,28.148719787597656,live
3090751706,1583,2026-08-01T14:43:53.000+01:00,3562,28.17310333251953,live
3090751706,1584,2026-08-01T14:44:03.000+01:00,3570,28.146728515625,live
3090751706,1585,2026-08-01T14:44:14.000+01:00,3562,28.12915802001953,live
3090751706,1586,2026-08-01T14:44:23.000+01:00,3567,28.099380493164062,live
3090751706,1587,2026-08-01T14:44:33.000+01:00,3562,28.082366943359375,live
3090751706,1588,2026-08-01T14:44:43.000+01:00,3576,28.061378479003906,live
3090751706,1589,2026-08-01T14:44:53.000+01:00,3547,28.04663848876953,live
3090751706,1590,2026-08-01T14:45:03.000+01:00,3564,28.05457305908203,live
3090751706,1591,2026-08-01T14:45:13.000+01:00,3535,28.04181671142578,live
3090751706,1592,2026-08-01T14:45:23.000+01:00,3560,28.01800537109375,live
3090751706,1593,2026-08-01T14:45:33.000+01:00,3559,28.03302764892578,live
3090751706,1594,2026-08-01T14:45:43.000+01:00,3538,28.073013305664062,live
3090751706,1595,2026-08-01T14:45:53.000+01:00,3564,28.10419464111328,live
3090751706,1596,2026-08-01T14:46:03.000+01:00,3562,28.144180297851562,live
3090751706,1597,2026-08-01T14:46:13.000+01:00,3538,28.165451049804688,live
3090751706,1598,2026-08-01T14:46:24.000+01:00,3560,28.174522399902344,live
3090751706,1599,2026-08-01T14:46:33.000+01:00,3544,28.188133239746094,live
3090751706,1600,2026-08-01T14:46:43.000+01:00,3536,28.213653564453125,live
3090751706,1601,2026-08-01T14:46:53.000+01:00,3559,28.226409912109375,live
3090751706,1602,2026-08-01T14:47:03.000+01:00,3570,28.23321533203125,live
3090751706,1603,2026-08-01T14:47:13.000+01:00,3538,28.260726928710938,live
3090751706,1604,2026-08-01T14:47:23.000+01:00,3568,28.23973846435547,live
3090751706,1605,2026-08-01T14:47:33.000+01:00,3555,28.28028106689453,live
3090751706,1606,2026-08-01T14:47:43.000+01:00,3544,28.269798278808594,live
3090751706,1607,2026-08-01T14:47:53.000+01:00,3562,28.264968872070312,live
3090751706,1608,2026-08-01T14:48:03.000+01:00,3560,28.26270294189453,live
3090751706,1609,2026-08-01T14:48:13.000+01:00,3528,28.249664306640625,live
3090751706,1610,2026-08-01T14:48:23.000+01:00,3562,28.226409912109375,live
3090751706,1611,2026-08-01T14:48:33.000+01:00,3547,28.217056274414062,live
3090751706,1612,2026-08-01T14:48:43.000+01:00,3557,28.219886779785156,live
3090751706,1613,2026-08-01T14:48:53.000+01:00,3559,28.257034301757812,live
3090751706,1614,2026-08-01T14:49:03.000+01:00,3557,28.249374389648438,live
3090751706,1615,2026-08-01T14:49:13.000+01:00,3557,28.286239624023438,live
3090751706,1616,2026-08-01T14:49:23.000+01:00,3562,28.295883178710938,live
3090751706,1617,2026-08-01T14:49:33.000+01:00,3557,28.292762756347656,live
3090751706,1618,2026-08-01T14:49:43.000+01:00,3562,28.298431396484375,live
3090751706,1619,2026-08-01T14:49:53.000+01:00,3541,28.314308166503906,live
3090751706,1620,2026-08-01T14:50:03.000+01:00,3560,28.31969451904297,live
3090751706,1621,2026-08-01T14:50:13.000+01:00,3543,28.310340881347656,live
3090751706,1622,2026-08-01T14:50:23.000+01:00,3555,28.302406311035156,live
3090751706,1623,2026-08-01T14:50:33.000+01:00,3562,28.315162658691406,live
3090751706,1624,2026-08-01T14:50:44.000+01:00,3557,28.3179931640625,live
3090751706,1625,2026-08-01T14:50:53.000+01:00,3557,28.322525024414062,live
3090751706,1626,2026-08-01T14:51:03.000+01:00,3557,28.350318908691406,live
3090751706,1627,2026-08-01T14:51:13.000+01:00,3560,28.358535766601562,live
3090751706,1628,2026-08-01T14:51:23.000+01:00,3555,28.353439331054688,live
3090751706,1629,2026-08-01T14:51:33.000+01:00,3536,28.369033813476562,live
3090751706,1630,2026-08-01T14:51:43.000+01:00,3555,28.37811279296875,live
3090751706,1631,2026-08-01T14:51:53.000+01:00,3522,28.377540588378906,live
3090751706,1632,2026-08-01T14:52:03.000+01:00,3562,28.372718811035156,live
3090751706,1633,2026-08-01T14:52:13.000+01:00,3557,28.381790161132812,live
3090751706,1634,2026-08-01T14:52:23.000+01:00,3538,28.37413787841797,live
3090751706,1635,2026-08-01T14:52:33.000+01:00,3555,28.364784240722656,live
3090751706,1636,2026-08-01T14:52:44.000+01:00,3554,28.34862518310547,live
3090751706,1637,2026-08-01T14:52:53.000+01:00,3535,28.345504760742188,live
3090751706,1638,2026-08-01T14:53:03.000+01:00,3552,28.337844848632812,live
3090751706,1639,2026-08-01T14:53:13.000+01:00,3536,28.33415985107422,live
3090751706,1640,2026-08-01T14:53:23.000+01:00,3536,28.310623168945312,live
3090751706,1641,2026-08-01T14:53:33.000+01:00,3538,28.29474639892578,live
3090751706,1642,2026-08-01T14:53:43.000+01:00,3552,28.295883178710938,live
3090751706,1643,2026-08-01T14:53:53.000+01:00,3533,28.28453826904297,live
3090751706,1644,2026-08-01T14:54:03.000+01:00,3557,28.284820556640625,live
3090751706,1645,2026-08-01T14:54:13.000+01:00,3557,28.304100036621094,live
3090751706,1646,2026-08-01T14:54:23.000+01:00,3555,28.31629180908203,live
3090751706,1647,2026-08-01T14:54:33.000+01:00,3552,28.325653076171875,live
3090751706,1648,2026-08-01T14:54:44.000+01:00,3551,28.335853576660156,live
3090751706,1649,2026-08-01T14:54:53.000+01:00,3557,28.33898162841797,live
3090751706,1650,2026-08-01T14:55:03.000+01:00,3551,28.354576110839844,live
3090751706,1651,2026-08-01T14:55:13.000+01:00,3533,28.38774871826172,live
3090751706,1652,2026-08-01T14:55:23.000+01:00,3551,28.39257049560547,live
3090751706,1653,2026-08-01T14:55:33.000+01:00,3560,28.42064666748047,live
3090751706,1654,2026-08-01T14:55:43.000+01:00,3551,28.42291259765625,live
3090751706,1655,2026-08-01T14:55:53.000+01:00,3551,28.438217163085938,live
3090751706,1656,2026-08-01T14:56:03.000+01:00,3549,28.434532165527344,live
3090751706,1657,2026-08-01T14:56:13.000+01:00,3562,28.446731567382812,live
3090751706,1658,2026-08-01T14:56:23.000+01:00,3549,28.44927978515625,live
3090751706,1659,2026-08-01T14:56:33.000+01:00,3530,28.42205810546875,live
3090751706,1660,2026-08-01T14:56:44.000+01:00,3538,28.39794921875,live
3090751706,1661,2026-08-01T14:56:53.000+01:00,3538,28.38463592529297,live
3090751706,1662,2026-08-01T14:57:03.000+01:00,3533,28.364784240722656,live
3090751706,1663,2026-08-01T14:57:13.000+01:00,3551,28.351173400878906,live
3090751706,1664,2026-08-01T14:57:23.000+01:00,3552,28.343795776367188,live
3090751706,1665,2026-08-01T14:57:33.000+01:00,3535,28.374710083007812,live
3090751706,1666,2026-08-01T14:57:43.000+01:00,3551,28.383499145507812,live
3090751706,1667,2026-08-01T14:57:53.000+01:00,3551,28.406463623046875,live
3090751706,1668,2026-08-01T14:58:03.000+01:00,3531,28.42035675048828,live
3090751706,1669,2026-08-01T14:58:14.000+01:00,3547,28.432830810546875,live
3090751706,1670,2026-08-01T14:58:23.000+01:00,3541,28.452964782714844,live
3090751706,1671,2026-08-01T14:58:33.000+01:00,3551,28.448715209960938,live
3090751706,1672,2026-08-01T14:58:43.000+01:00,3559,28.44757843017578,live
3090751706,1673,2026-08-01T14:58:53.000+01:00,3551,28.453811645507812,live
3090751706,1674,2026-08-01T14:59:03.000+01:00,3547,28.449851989746094,live
3090751706,1675,2026-08-01T14:59:13.000+01:00,3549,28.425743103027344,live
3090751706,1676,2026-08-01T14:59:23.000+01:00,3555,28.424606323242188,live
3090751706,1677,2026-08-01T14:59:33.000+01:00,3544,28.43085479736328,live
3090751706,1678,2026-08-01T14:59:43.000+01:00,3546,28.453536987304688,live
3090751706,1679,2026-08-01T14:59:53.000+01:00,3557,28.460060119628906,live
3090751706,1680,2026-08-01T15:00:03.000+01:00,3533,28.44615936279297,live
3090751706,1681,2026-08-01T15:00:13.000+01:00,3547,28.456939697265625,live
3090751706,1682,2026-08-01T15:00:23.000+01:00,3551,28.457786560058594,live
3090751706,1683,2026-08-01T15:00:33.000+01:00,3551,28.46459197998047,live
3090751706,1684,2026-08-01T15:00:43.000+01:00,3547,28.450408935546875,live
3090751706,1685,2026-08-01T15:00:53.000+01:00,3544,28.440208435058594,live
3090751706,1686,2026-08-01T15:01:04.000+01:00,3552,28.435096740722656,live
3090751706,1687,2026-08-01T15:01:13.000+01:00,3533,28.43000030517578,live
3090751706,1688,2026-08-01T15:01:23.000+01:00,3547,28.442474365234375,live
3090751706,1689,2026-08-01T15:01:33.000+01:00,3549,28.45240020751953,live
3090751706,1690,2026-08-01T15:01:43.000+01:00,3510,28.464019775390625,live
3090751706,1691,2026-08-01T15:01:53.000+01:00,3544,28.481033325195312,live
3090751706,1692,2026-08-01T15:02:03.000+01:00,3546,28.485008239746094,live
3090751706,1693,2026-08-01T15:02:13.000+01:00,3530,28.47649383544922,live
3090751706,1694,2026-08-01T15:02:23.000+01:00,3541,28.491241455078125,live
3090751706,1695,2026-08-01T15:02:33.000+01:00,3549,28.511375427246094,live
3090751706,1696,2026-08-01T15:02:43.000+01:00,3525,28.50457000732422,live
3090751706,1697,2026-08-01T15:02:53.000+01:00,3541,28.513931274414062,live
3090751706,1698,2026-08-01T15:03:04.000+01:00,3552,28.521018981933594,live
3090751706,1699,2026-08-01T15:03:13.000+01:00,3533,28.534629821777344,live
3090751706,1700,2026-08-01T15:03:23.000+01:00,3543,28.549652099609375,live
3090751706,1701,2026-08-01T15:03:33.000+01:00,3549,28.54596710205078,live
3090751706,1702,2026-08-01T15:03:43.000+01:00,3531,28.538314819335938,live
3090751706,1703,2026-08-01T15:03:53.000+01:00,3541,28.548240661621094,live
3090751706,1704,2026-08-01T15:04:03.000+01:00,3543,28.525558471679688,live
3090751706,1705,2026-08-01T15:04:13.000+01:00,3517,28.533775329589844,live
3090751706,1706,2026-08-01T15:04:23.000+01:00,3536,28.56043243408203,live
3090751706,1707,2026-08-01T15:04:33.000+01:00,3541,28.560150146484375,live
3090751706,1708,2026-08-01T15:04:43.000+01:00,3538,28.573760986328125,live
3090751706,1709,2026-08-01T15:04:53.000+01:00,3541,28.57659149169922,live
3090751706,1710,2026-08-01T15:05:04.000+01:00,3538,28.573471069335938,live
3090751706,1711,2026-08-01T15:05:13.000+01:00,3526,28.58935546875,live
3090751706,1712,2026-08-01T15:05:23.000+01:00,3554,28.587371826171875,live
3090751706,1713,2026-08-01T15:05:33.000+01:00,3543,28.604660034179688,live
3090751706,1714,2026-08-01T15:05:43.000+01:00,3549,28.613174438476562,live
3090751706,1715,2026-08-01T15:05:53.000+01:00,3538,28.618560791015625,live
3090751706,1716,2026-08-01T15:06:03.000+01:00,3541,28.585662841796875,live
3090751706,1717,2026-08-01T15:06:13.000+01:00,3538,28.57262420654297,live
3090751706,1718,2026-08-01T15:06:23.000+01:00,3541,28.589637756347656,live
3090751706,1719,2026-08-01T15:06:33.000+01:00,3535,28.60070037841797,live
3090751706,1720,2026-08-01T15:06:43.000+01:00,3530,28.59105682373047,live
3090751706,1721,2026-08-01T15:06:53.000+01:00,3528,28.597007751464844,live
3090751706,1722,2026-08-01T15:07:04.000+01:00,3539,28.610336303710938,live
3090751706,1723,2026-08-01T15:07:13.000+01:00,3544,28.6165771484375,live
3090751706,1724,2026-08-01T15:07:23.000+01:00,3518,28.604660034179688,live
3090751706,1725,2026-08-01T15:07:33.000+01:00,3535,28.62366485595703,live
3090751706,1726,2026-08-01T15:07:43.000+01:00,3547,28.619407653808594,live
3090751706,1727,2026-08-01T15:07:53.000+01:00,3528,28.625076293945312,live
3090751706,1728,2026-08-01T15:08:03.000+01:00,3544,28.63074493408203,live
3090751706,1729,2026-08-01T15:08:13.000+01:00,3538,28.624794006347656,live
3090751706,1730,2026-08-01T15:08:23.000+01:00,3515,28.63642120361328,live
3090751706,1731,2026-08-01T15:08:33.000+01:00,3538,28.629615783691406,live
3090751706,1732,2026-08-01T15:08:44.000+01:00,3531,28.6165771484375,live
3090751706,1733,2026-08-01T15:08:53.000+01:00,3512,28.612319946289062,live
3090751706,1734,2026-08-01T15:09:03.000+01:00,3535,28.63074493408203,live
3090751706,1735,2026-08-01T15:09:13.000+01:00,3535,28.63671112060547,live
3090751706,1736,2026-08-01T15:09:23.000+01:00,3517,28.62621307373047,live
3090751706,1737,2026-08-01T15:09:33.000+01:00,3538,28.624794006347656,live
3090751706,1738,2026-08-01T15:09:43.000+01:00,3544,28.628196716308594,live
3090751706,1739,2026-08-01T15:09:53.000+01:00,3525,28.61090850830078,live
3090751706,1740,2026-08-01T15:10:03.000+01:00,3520,28.62053680419922,live
3090751706,1741,2026-08-01T15:10:13.000+01:00,3535,28.604942321777344,live
3090751706,1742,2026-08-01T15:10:23.000+01:00,3507,28.613739013671875,live
3090751706,1743,2026-08-01T15:10:33.000+01:00,3538,28.60437774658203,live
3090751706,1744,2026-08-01T15:10:43.000+01:00,3541,28.60693359375,live
3090751706,1745,2026-08-01T15:10:53.000+01:00,3517,28.607215881347656,live
3090751706,1746,2026-08-01T15:11:03.000+01:00,3543,28.61969757080078,live
3090751706,1747,2026-08-01T15:11:14.000+01:00,3536,28.603530883789062,live
3090751706,1748,2026-08-01T15:11:23.000+01:00,3543,28.614585876464844,live
3090751706,1749,2026-08-01T15:11:33.000+01:00,3533,28.612884521484375,live
3090751706,1750,2026-08-01T15:11:43.000+01:00,3536,28.607505798339844,live
3090751706,1751,2026-08-01T15:11:53.000+01:00,3541,28.603530883789062,live
3090751706,1752,2026-08-01T15:12:03.000+01:00,3528,28.60523223876953,live
3090751706,1753,2026-08-01T15:12:13.000+01:00,3535,28.6165771484375,live
3090751706,1754,2026-08-01T15:12:23.000+01:00,3533,28.617141723632812,live
3090751706,1755,2026-08-01T15:12:33.000+01:00,3536,28.6148681640625,live
3090751706,1756,2026-08-01T15:12:43.000+01:00,3538,28.616859436035156,live
3090751706,1757,2026-08-01T15:12:53.000+01:00,3535,28.620262145996094,live
3090751706,1758,2026-08-01T15:13:03.000+01:00,3536,28.614303588867188,live
3090751706,1759,2026-08-01T15:13:14.000+01:00,3533,28.628196716308594,live
3090751706,1760,2026-08-01T15:13:23.000+01:00,3538,28.619407653808594,live
3090751706,1761,2026-08-01T15:13:33.000+01:00,3535,28.621109008789062,live
3090751706,1762,2026-08-01T15:13:43.000+01:00,3528,28.61798858642578,live
3090751706,1763,2026-08-01T15:13:53.000+01:00,3533,28.60523223876953,live
3090751706,1764,2026-08-01T15:14:03.000+01:00,3523,28.597579956054688,live
3090751706,1765,2026-08-01T15:14:13.000+01:00,3533,28.619407653808594,live
3090751706,1766,2026-08-01T15:14:23.000+01:00,3533,28.623939514160156,live
3090751706,1767,2026-08-01T15:14:33.000+01:00,3512,28.60693359375,live
3090751706,1768,2026-08-01T15:14:43.000+01:00,3533,28.59162139892578,live
3090751706,1769,2026-08-01T15:14:53.000+01:00,3533,28.62139129638672,live
3090751706,1770,2026-08-01T15:15:03.000+01:00,3525,28.62139129638672,live
3090751706,1771,2026-08-01T15:15:14.000+01:00,3523,28.621963500976562,live
3090751706,1772,2026-08-01T15:15:23.000+01:00,3517,28.61345672607422,live
3090751706,1773,2026-08-01T15:15:33.000+01:00,3517,28.610336303710938,live
3090751706,1774,2026-08-01T15:15:43.000+01:00,3539,28.610610961914062,live
3090751706,1775,2026-08-01T15:15:53.000+01:00,3538,28.619979858398438,live
3090751706,1776,2026-08-01T15:16:03.000+01:00,3533,28.628768920898438,live
3090751706,1777,2026-08-01T15:16:13.000+01:00,3533,28.630462646484375,live
3090751706,1778,2026-08-01T15:16:23.000+01:00,3533,28.641807556152344,live
3090751706,1779,2026-08-01T15:16:33.000+01:00,3533,28.641807556152344,live
3090751706,1780,2026-08-01T15:16:43.000+01:00,3533,28.639541625976562,live
3090751706,1781,2026-08-01T15:16:53.000+01:00,3530,28.599273681640625,live
3090751706,1782,2026-08-01T15:17:03.000+01:00,3514,28.627914428710938,live
3090751706,1783,2026-08-01T15:17:14.000+01:00,3535,28.657974243164062,live
3090751706,1784,2026-08-01T15:17:23.000+01:00,3530,28.639259338378906,live
3090751706,1785,2026-08-01T15:17:33.000+01:00,3528,28.63897705078125,live
3090751706,1786,2026-08-01T15:17:43.000+01:00,3531,28.644073486328125,live
3090751706,1787,2026-08-01T15:17:53.000+01:00,3533,28.635574340820312,live
3090751706,1788,2026-08-01T15:18:03.000+01:00,3530,28.645782470703125,live
3090751706,1789,2026-08-01T15:18:13.000+01:00,3535,28.669876098632812,live
3090751706,1790,2026-08-01T15:18:23.000+01:00,3531,28.66846466064453,live
3090751706,1791,2026-08-01T15:18:33.000+01:00,3512,28.682357788085938,live
3090751706,1792,2026-08-01T15:18:43.000+01:00,3507,28.684059143066406,live
3090751706,1793,2026-08-01T15:18:53.000+01:00,3533,28.693130493164062,live
3090751706,1794,2026-08-01T15:19:04.000+01:00,3528,28.69001007080078,live
3090751706,1795,2026-08-01T15:19:13.000+01:00,3507,28.697669982910156,live
3090751706,1796,2026-08-01T15:19:23.000+01:00,3533,28.697952270507812,live
3090751706,1797,2026-08-01T15:19:33.000+01:00,3533,28.68122100830078,live
3090751706,1798,2026-08-01T15:19:43.000+01:00,3509,28.70305633544922,live
3090751706,1799,2026-08-01T15:19:53.000+01:00,3533,28.684341430664062,live
3090751706,1800,2026-08-01T15:20:04.000+01:00,3533,28.673561096191406,live
3090751706,1801,2026-08-01T15:20:13.000+01:00,3491,28.68603515625,live
3090751706,1802,2026-08-01T15:20:23.000+01:00,3528,28.692001342773438,live
3090751706,1803,2026-08-01T15:20:33.000+01:00,3522,28.674415588378906,live
3090751706,1804,2026-08-01T15:20:43.000+01:00,3505,28.6973876953125,live
3090751706,1805,2026-08-01T15:20:53.000+01:00,3528,28.71894073486328,live
3090751706,1806,2026-08-01T15:21:03.000+01:00,3526,28.70616912841797,live
3090751706,1807,2026-08-01T15:21:13.000+01:00,3507,28.694549560546875,live
3090751706,1808,2026-08-01T15:21:24.000+01:00,3533,28.702484130859375,live
3090751706,1809,2026-08-01T15:21:33.000+01:00,3528,28.70276641845703,live
3090751706,1810,2026-08-01T15:21:43.000+01:00,3528,28.7149658203125,live
3090751706,1811,2026-08-01T15:21:53.000+01:00,3507,28.722900390625,live
3090751706,1812,2026-08-01T15:22:03.000+01:00,3525,28.749557495117188,live
3090751706,1813,2026-08-01T15:22:13.000+01:00,3489,28.75182342529297,live
3090751706,1814,2026-08-01T15:22:23.000+01:00,3525,28.747573852539062,live
3090751706,1815,2026-08-01T15:22:33.000+01:00,3525,28.757217407226562,live
3090751706,1816,2026-08-01T15:22:43.000+01:00,3523,28.764022827148438,live
3090751706,1817,2026-08-01T15:22:53.000+01:00,3523,28.7509765625,live
3090751706,1818,2026-08-01T15:23:03.000+01:00,3523,28.75238800048828,live
3090751706,1819,2026-08-01T15:23:13.000+01:00,3523,28.75409698486328,live
3090751706,1820,2026-08-01T15:23:24.000+01:00,3528,28.738494873046875,live
3090751706,1821,2026-08-01T15:23:33.000+01:00,3523,28.7501220703125,live
3090751706,1822,2026-08-01T15:23:43.000+01:00,3510,28.75182342529297,live
3090751706,1823,2026-08-01T15:23:53.000+01:00,3523,28.773658752441406,live
3090751706,1824,2026-08-01T15:24:03.000+01:00,3525,28.74303436279297,live
3090751706,1825,2026-08-01T15:24:13.000+01:00,3523,28.731414794921875,live
3090751706,1826,2026-08-01T15:24:23.000+01:00,3526,28.741622924804688,live
3090751706,1827,2026-08-01T15:24:33.000+01:00,3530,28.729995727539062,live
3090751706,1828,2026-08-01T15:24:43.000+01:00,3525,28.736228942871094,live
3090751706,1829,2026-08-01T15:24:53.000+01:00,3522,28.732826232910156,live
3090751706,1830,2026-08-01T15:25:03.000+01:00,3518,28.745872497558594,live
3090751706,1831,2026-08-01T15:25:13.000+01:00,3522,28.740203857421875,live
3090751706,1832,2026-08-01T15:25:24.000+01:00,3507,28.732261657714844,live
3090751706,1833,2026-08-01T15:25:33.000+01:00,3517,28.728866577148438,live
3090751706,1834,2026-08-01T15:25:43.000+01:00,3518,28.748985290527344,live
3090751706,1835,2026-08-01T15:25:53.000+01:00,3522,28.756362915039062,live
3090751706,1836,2026-08-01T15:26:03.000+01:00,3522,28.75495147705078,live
3090751706,1837,2026-08-01T15:26:13.000+01:00,3530,28.734535217285156,live
3090751706,1838,2026-08-01T15:26:23.000+01:00,3523,28.7333984375,live
3090751706,1839,2026-08-01T15:26:33.000+01:00,3525,28.721771240234375,live
3090751706,1840,2026-08-01T15:26:43.000+01:00,3523,28.7254638671875,live
3090751706,1841,2026-08-01T15:26:53.000+01:00,3523,28.715538024902344,live
3090751706,1842,2026-08-01T15:27:03.000+01:00,3505,28.723472595214844,live
3090751706,1843,2026-08-01T15:27:13.000+01:00,3523,28.73651123046875,live
3090751706,1844,2026-08-01T15:27:24.000+01:00,3505,28.73084259033203,live
3090751706,1845,2026-08-01T15:27:33.000+01:00,3518,28.727439880371094,live
3090751706,1846,2026-08-01T15:27:43.000+01:00,3517,28.73509979248047,live
3090751706,1847,2026-08-01T15:27:53.000+01:00,3504,28.733680725097656,live
3090751706,1848,2026-08-01T15:28:03.000+01:00,3518,28.753524780273438,live
3090751706,1849,2026-08-01T15:28:13.000+01:00,3515,28.760047912597656,live
3090751706,1850,2026-08-01T15:28:23.000+01:00,3496,28.758056640625,live
3090751706,1851,2026-08-01T15:28:33.000+01:00,3522,28.755508422851562,live
3090751706,1852,2026-08-01T15:28:43.000+01:00,3523,28.774505615234375,live
3090751706,1853,2026-08-01T15:28:53.000+01:00,3493,28.748146057128906,live
3090751706,1854,2026-08-01T15:29:03.000+01:00,3522,28.749839782714844,live
3090751706,1855,2026-08-01T15:29:13.000+01:00,3518,28.7509765625,live
3090751706,1856,2026-08-01T15:29:24.000+01:00,3497,28.734817504882812,live
3090751706,1857,2026-08-01T15:29:33.000+01:00,3528,28.737648010253906,live
3090751706,1858,2026-08-01T15:29:43.000+01:00,3514,28.733963012695312,live
3090751706,1859,2026-08-01T15:29:53.000+01:00,3525,28.74842071533203,live
3090751706,1860,2026-08-01T15:30:03.000+01:00,3515,28.75579071044922,live
3090751706,1861,2026-08-01T15:30:13.000+01:00,3518,28.739349365234375,live
3090751706,1862,2026-08-01T15:30:23.000+01:00,3515,28.74445343017578,live
3090751706,1863,2026-08-01T15:30:34.000+01:00,3505,28.76685333251953,live
3090751706,1864,2026-08-01T15:30:43.000+01:00,3517,28.757217407226562,live
3090751706,1865,2026-08-01T15:30:53.000+01:00,3514,28.759483337402344,live
3090751706,1866,2026-08-01T15:31:03.000+01:00,3517,28.771385192871094,live
3090751706,1867,2026-08-01T15:31:13.000+01:00,3515,28.76374053955078,live
3090751706,1868,2026-08-01T15:31:23.000+01:00,3523,28.784156799316406,live
3090751706,1869,2026-08-01T15:31:33.000+01:00,3518,28.774505615234375,live
3090751706,1870,2026-08-01T15:31:44.000+01:00,3517,28.796058654785156,live
3090751706,1871,2026-08-01T15:31:53.000+01:00,3512,28.820167541503906,live
3090751706,1872,2026-08-01T15:32:03.000+01:00,3504,28.836898803710938,live
3090751706,1873,2026-08-01T15:32:13.000+01:00,3499,28.82384490966797,live
3090751706,1874,2026-08-01T15:32:23.000+01:00,3517,28.824127197265625,live
3090751706,1875,2026-08-01T15:32:33.000+01:00,3493,28.81108856201172,live
3090751706,1876,2026-08-01T15:32:43.000+01:00,3512,28.804847717285156,live
3090751706,1877,2026-08-01T15:32:53.000+01:00,3522,28.807968139648438,live
3090751706,1878,2026-08-01T15:33:03.000+01:00,3489,28.799179077148438,live
3090751706,1879,2026-08-01T15:33:13.000+01:00,3518,28.818740844726562,live
3090751706,1880,2026-08-01T15:33:23.000+01:00,3510,28.81250762939453,live
3090751706,1881,2026-08-01T15:33:33.000+01:00,3491,28.822998046875,live
3090751706,1882,2026-08-01T15:33:44.000+01:00,3499,28.82866668701172,live
3090751706,1883,2026-08-01T15:33:53.000+01:00,3514,28.81336212158203,live
3090751706,1884,2026-08-01T15:34:03.000+01:00,3476,28.807968139648438,live
3090751706,1885,2026-08-01T15:34:13.000+01:00,3507,28.812789916992188,live
3090751706,1886,2026-08-01T15:34:23.000+01:00,3510,28.798614501953125,live
3090751706,1887,2026-08-01T15:34:33.000+01:00,3485,28.826400756835938,live
3090751706,1888,2026-08-01T15:34:43.000+01:00,3517,28.81079864501953,live
3090751706,1889,2026-08-01T15:34:53.000+01:00,3514,28.80059051513672,live
3090751706,1890,2026-08-01T15:35:03.000+01:00,3481,28.806838989257812,live
3090751706,1891,2026-08-01T15:35:13.000+01:00,3512,28.813919067382812,live
3090751706,1892,2026-08-01T15:35:23.000+01:00,3507,28.830368041992188,live
3090751706,1893,2026-08-01T15:35:33.000+01:00,3483,28.800888061523438,live
3090751706,1894,2026-08-01T15:35:44.000+01:00,3499,28.819313049316406,live
3090751706,1895,2026-08-01T15:35:53.000+01:00,3507,28.831504821777344,live
3090751706,1896,2026-08-01T15:36:03.000+01:00,3507,28.844261169433594,live
3090751706,1897,2026-08-01T15:36:13.000+01:00,3515,28.852203369140625,live
3090751706,1898,2026-08-01T15:36:23.000+01:00,3510,28.858154296875,live
3090751706,1899,2026-08-01T15:36:33.000+01:00,3509,28.85106658935547,live
3090751706,1900,2026-08-01T15:36:43.000+01:00,3507,28.844833374023438,live
3090751706,1901,2026-08-01T15:36:53.000+01:00,3509,28.84454345703125,live
3090751706,1902,2026-08-01T15:37:03.000+01:00,3507,28.866378784179688,live
3090751706,1903,2026-08-01T15:37:13.000+01:00,3497,28.85277557373047,live
3090751706,1904,2026-08-01T15:37:23.000+01:00,3507,28.841995239257812,live
3090751706,1905,2026-08-01T15:37:33.000+01:00,3510,28.84851837158203,live
3090751706,1906,2026-08-01T15:37:44.000+01:00,3507,28.850784301757812,live
3090751706,1907,2026-08-01T15:37:53.000+01:00,3514,28.85645294189453,live
3090751706,1908,2026-08-01T15:38:03.000+01:00,3507,28.867515563964844,live
3090751706,1909,2026-08-01T15:38:13.000+01:00,3512,28.855323791503906,live
3090751706,1910,2026-08-01T15:38:23.000+01:00,3515,28.85418701171875,live
3090751706,1911,2026-08-01T15:38:33.000+01:00,3507,28.855323791503906,live
3090751706,1912,2026-08-01T15:38:43.000+01:00,3507,28.856178283691406,live
3090751706,1913,2026-08-01T15:38:53.000+01:00,3502,28.85730743408203,live
3090751706,1914,2026-08-01T15:39:03.000+01:00,3505,28.857017517089844,live
3090751706,1915,2026-08-01T15:39:13.000+01:00,3507,28.85277557373047,live
3090751706,1916,2026-08-01T15:39:23.000+01:00,3507,28.870346069335938,live
3090751706,1917,2026-08-01T15:39:33.000+01:00,3505,28.85021209716797,live
3090751706,1918,2026-08-01T15:39:44.000+01:00,3504,28.85333251953125,live
3090751706,1919,2026-08-01T15:39:53.000+01:00,3505,28.872055053710938,live
3090751706,1920,2026-08-01T15:40:03.000+01:00,3509,28.872055053710938,live
3090751706,1921,2026-08-01T15:40:13.000+01:00,3510,28.8590087890625,live
3090751706,1922,2026-08-01T15:40:23.000+01:00,3507,28.854469299316406,live
3090751706,1923,2026-08-01T15:40:33.000+01:00,3489,28.848800659179688,live
3090751706,1924,2026-08-01T15:40:43.000+01:00,3505,28.84851837158203,live
3090751706,1925,2026-08-01T15:40:53.000+01:00,3502,28.841712951660156,live
3090751706,1926,2026-08-01T15:41:04.000+01:00,3504,28.852203369140625,live
3090751706,1927,2026-08-01T15:41:13.000+01:00,3472,28.844261169433594,live
3090751706,1928,2026-08-01T15:41:23.000+01:00,3502,28.850784301757812,live
3090751706,1929,2026-08-01T15:41:33.000+01:00,3499,28.833770751953125,live
3090751706,1930,2026-08-01T15:41:43.000+01:00,3481,28.84766387939453,live
3090751706,1931,2026-08-01T15:41:54.000+01:00,3502,28.86382293701172,live
3090751706,1932,2026-08-01T15:42:03.000+01:00,3509,28.86212921142578,live
3090751706,1933,2026-08-01T15:42:13.000+01:00,3464,28.876304626464844,live
3090751706,1934,2026-08-01T15:42:23.000+01:00,3499,28.902671813964844,live
3090751706,1935,2026-08-01T15:42:33.000+01:00,3507,28.909194946289062,live
3090751706,1936,2026-08-01T15:42:43.000+01:00,3481,28.91883087158203,live
3090751706,1937,2026-08-01T15:42:53.000+01:00,3504,28.92535400390625,live
3090751706,1938,2026-08-01T15:43:03.000+01:00,3504,28.913162231445312,live
3090751706,1939,2026-08-01T15:43:13.000+01:00,3481,28.90778350830078,live
3090751706,1940,2026-08-01T15:43:23.000+01:00,3502,28.906356811523438,live
3090751706,1941,2026-08-01T15:43:33.000+01:00,3507,28.914016723632812,live
3090751706,1942,2026-08-01T15:43:43.000+01:00,3483,28.922805786132812,live
3090751706,1943,2026-08-01T15:43:54.000+01:00,3497,28.9415283203125,live
3090751706,1944,2026-08-01T15:44:03.000+01:00,3485,28.950027465820312,live
3090751706,1945,2026-08-01T15:44:13.000+01:00,3488,28.96080780029297,live
3090751706,1946,2026-08-01T15:44:23.000+01:00,3501,28.955978393554688,live
3090751706,1947,2026-08-01T15:44:33.000+01:00,3499,28.95569610595703,live
3090751706,1948,2026-08-01T15:44:43.000+01:00,3499,28.947479248046875,live
3090751706,1949,2026-08-01T15:44:53.000+01:00,3496,28.94208526611328,live
3090751706,1950,2026-08-01T15:45:03.000+01:00,3502,28.944358825683594,live
3090751706,1951,2026-08-01T15:45:13.000+01:00,3499,28.93415069580078,live
3090751706,1952,2026-08-01T15:45:23.000+01:00,3499,28.921951293945312,live
3090751706,1953,2026-08-01T15:45:33.000+01:00,3488,28.91429901123047,live
3090751706,1954,2026-08-01T15:45:43.000+01:00,3496,28.91118621826172,live
3090751706,1955,2026-08-01T15:45:54.000+01:00,3502,28.917701721191406,live
3090751706,1956,2026-08-01T15:46:03.000+01:00,3497,28.916000366210938,live
3090751706,1957,2026-08-01T15:46:13.000+01:00,3497,28.91175079345703,live
3090751706,1958,2026-08-01T15:46:23.000+01:00,3499,28.92139434814453,live
3090751706,1959,2026-08-01T15:46:33.000+01:00,3499,28.931312561035156,live
3090751706,1960,2026-08-01T15:46:43.000+01:00,3497,28.929039001464844,live
3090751706,1961,2026-08-01T15:46:53.000+01:00,3499,28.941238403320312,live
3090751706,1962,2026-08-01T15:47:03.000+01:00,3502,28.928199768066406,live
3090751706,1963,2026-08-01T15:47:13.000+01:00,3481,28.946624755859375,live
3090751706,1964,2026-08-01T15:47:23.000+01:00,3476,28.940391540527344,live
3090751706,1965,2026-08-01T15:47:33.000+01:00,3496,28.908920288085938,live
3090751706,1966,2026-08-01T15:47:43.000+01:00,3499,28.914871215820312,live
3090751706,1967,2026-08-01T15:47:54.000+01:00,3485,28.941802978515625,live
3090751706,1968,2026-08-01T15:48:03.000+01:00,3493,28.921104431152344,live
3090751706,1969,2026-08-01T15:48:13.000+01:00,3499,28.92223358154297,live
3090751706,1970,2026-08-01T15:48:23.000+01:00,3476,28.91656494140625,live
3090751706,1971,2026-08-01T15:48:33.000+01:00,3496,28.92479705810547,live
3090751706,1972,2026-08-01T15:48:43.000+01:00,3496,28.930747985839844,live
3090751706,1973,2026-08-01T15:48:53.000+01:00,3476,28.92139434814453,live
3090751706,1974,2026-08-01T15:49:03.000+01:00,3481,28.914016723632812,live
3090751706,1975,2026-08-01T15:49:13.000+01:00,3493,28.92479705810547,live
3090751706,1976,2026-08-01T15:49:23.000+01:00,3493,28.940101623535156,live
3090751706,1977,2026-08-01T15:49:33.000+01:00,3499,28.944931030273438,live
3090751706,1978,2026-08-01T15:49:43.000+01:00,3505,28.955413818359375,live
3090751706,1979,2026-08-01T15:49:54.000+01:00,3489,28.954559326171875,live
3090751706,1980,2026-08-01T15:50:03.000+01:00,3507,28.95824432373047,live
3090751706,1981,2026-08-01T15:50:13.000+01:00,3497,28.962783813476562,live
3090751706,1982,2026-08-01T15:50:23.000+01:00,3493,28.96221923828125,live
3090751706,1983,2026-08-01T15:50:33.000+01:00,3489,28.972427368164062,live
3090751706,1984,2026-08-01T15:50:43.000+01:00,3481,28.980087280273438,live
3090751706,1985,2026-08-01T15:50:53.000+01:00,3486,28.954002380371094,live
3090751706,1986,2026-08-01T15:51:03.000+01:00,3491,28.971572875976562,live
3090751706,1987,2026-08-01T15:51:13.000+01:00,3493,28.979515075683594,live
3090751706,1988,2026-08-01T15:51:24.000+01:00,3489,28.971572875976562,live
3090751706,1989,2026-08-01T15:51:33.000+01:00,3497,28.958816528320312,live
3090751706,1990,2026-08-01T15:51:43.000+01:00,3493,28.95484161376953,live
3090751706,1991,2026-08-01T15:51:53.000+01:00,3489,28.941238403320312,live
3090751706,1992,2026-08-01T15:52:03.000+01:00,3478,28.930747985839844,live
3090751706,1993,2026-08-01T15:52:13.000+01:00,3481,28.94293975830078,live
3090751706,1994,2026-08-01T15:52:23.000+01:00,3486,28.961936950683594,live
3090751706,1995,2026-08-01T15:52:33.000+01:00,3454,28.955978393554688,live
3090751706,1996,2026-08-01T15:52:43.000+01:00,3489,28.966476440429688,live
3090751706,1997,2026-08-01T15:52:53.000+01:00,3491,28.991424560546875,live
3090751706,1998,2026-08-01T15:53:03.000+01:00,3467,28.9854736328125,live
3090751706,1999,2026-08-01T15:53:13.000+01:00,3497,28.978668212890625,live
3090751706,2000,2026-08-01T15:53:23.000+01:00,3485,28.979232788085938,live
3090751706,2001,2026-08-01T15:53:33.000+01:00,3476,28.9766845703125,live
3090751706,2002,2026-08-01T15:53:44.000+01:00,3489,28.994544982910156,live
3090751706,2003,2026-08-01T15:53:53.000+01:00,3496,28.99822998046875,live
3090751706,2004,2026-08-01T15:54:03.000+01:00,3486,28.98858642578125,live
3090751706,2005,2026-08-01T15:54:13.000+01:00,3476,28.98064422607422,live
3090751706,2006,2026-08-01T15:54:23.000+01:00,3497,28.981781005859375,live
3090751706,2007,2026-08-01T15:54:33.000+01:00,3485,28.983489990234375,live
3090751706,2008,2026-08-01T15:54:43.000+01:00,3493,28.993698120117188,live
3090751706,2009,2026-08-01T15:54:53.000+01:00,3489,29.015243530273438,live
3090751706,2010,2026-08-01T15:55:03.000+01:00,3483,28.99596405029297,live
3090751706,2011,2026-08-01T15:55:13.000+01:00,3486,29.011268615722656,live
3090751706,2012,2026-08-01T15:55:23.000+01:00,3486,28.99510955810547,live
3090751706,2013,2026-08-01T15:55:34.000+01:00,3483,29.030555725097656,live
3090751706,2014,2026-08-01T15:55:43.000+01:00,3451,29.01496124267578,live
3090751706,2015,2026-08-01T15:55:53.000+01:00,3489,29.021194458007812,live
3090751706,2016,2026-08-01T15:56:03.000+01:00,3489,29.012977600097656,live
3090751706,2017,2026-08-01T15:56:13.000+01:00,3465,29.00617218017578,live
3090751706,2018,2026-08-01T15:56:23.000+01:00,3483,29.01750946044922,live
3090751706,2019,2026-08-01T15:56:33.000+01:00,3483,28.998794555664062,live
3090751706,2020,2026-08-01T15:56:43.000+01:00,3465,29.016098022460938,live
3090751706,2021,2026-08-01T15:56:53.000+01:00,3481,29.02771759033203,live
3090751706,2022,2026-08-01T15:57:03.000+01:00,3483,29.032257080078125,live
3090751706,2023,2026-08-01T15:57:13.000+01:00,3467,29.01496124267578,live
3090751706,2024,2026-08-01T15:57:24.000+01:00,3483,29.009857177734375,live
3090751706,2025,2026-08-01T15:57:33.000+01:00,3483,29.024032592773438,live
3090751706,2026,2026-08-01T15:57:43.000+01:00,3485,29.027435302734375,live
3090751706,2027,2026-08-01T15:57:53.000+01:00,3488,29.0478515625,live
3090751706,2028,2026-08-01T15:58:03.000+01:00,3481,29.045013427734375,live
3090751706,2029,2026-08-01T15:58:13.000+01:00,3467,29.05522918701172,live
3090751706,2030,2026-08-01T15:58:23.000+01:00,3488,29.05011749267578,live
3090751706,2031,2026-08-01T15:58:33.000+01:00,3481,29.053237915039062,live
3090751706,2032,2026-08-01T15:58:43.000+01:00,3486,29.0487060546875,live
3090751706,2033,2026-08-01T15:58:53.000+01:00,3483,29.03594207763672,live
3090751706,2034,2026-08-01T15:59:03.000+01:00,3481,29.0487060546875,live
3090751706,2035,2026-08-01T15:59:14.000+01:00,3473,29.056640625,live
3090751706,2036,2026-08-01T15:59:23.000+01:00,3481,29.070816040039062,live
3090751706,2037,2026-08-01T15:59:33.000+01:00,3481,29.071388244628906,live
3090751706,2038,2026-08-01T15:59:43.000+01:00,3480,29.057777404785156,live
3090751706,2039,2026-08-01T15:59:53.000+01:00,3481,29.042465209960938,live
3090751706,2040,2026-08-01T16:00:03.000+01:00,3485,29.045303344726562,live
3090751706,2041,2026-08-01T16:00:13.000+01:00,3481,29.07337188720703,live
3090751706,2042,2026-08-01T16:00:23.000+01:00,3459,29.07988739013672,live
3090751706,2043,2026-08-01T16:00:33.000+01:00,3483,29.069122314453125,live
3090751706,2044,2026-08-01T16:00:43.000+01:00,3467,29.038497924804688,live
3090751706,2045,2026-08-01T16:00:53.000+01:00,3457,29.060043334960938,live
3090751706,2046,2026-08-01T16:01:04.000+01:00,3481,29.06855010986328,live
3090751706,2047,2026-08-01T16:01:13.000+01:00,3480,29.05522918701172,live
3090751706,2048,2026-08-01T16:01:23.000+01:00,3459,29.0838623046875,live
3090751706,2049,2026-08-01T16:01:33.000+01:00,3481,29.068267822265625,live
3090751706,2050,2026-08-01T16:01:43.000+01:00,3483,29.06543731689453,live
3090751706,2051,2026-08-01T16:01:53.000+01:00,3459,29.083290100097656,live
3090751706,2052,2026-08-01T16:02:03.000+01:00,3480,29.069122314453125,live
3090751706,2053,2026-08-01T16:02:13.000+01:00,3481,29.064865112304688,live
3090751706,2054,2026-08-01T16:02:24.000+01:00,3480,29.086700439453125,live
3090751706,2055,2026-08-01T16:02:33.000+01:00,3465,29.084144592285156,live
3090751706,2056,2026-08-01T16:02:43.000+01:00,3480,29.084999084472656,live
3090751706,2057,2026-08-01T16:02:53.000+01:00,3481,29.09180450439453,live
3090751706,2058,2026-08-01T16:03:03.000+01:00,3478,29.11278533935547,live
3090751706,2059,2026-08-01T16:03:14.000+01:00,3476,29.10938262939453,live
3090751706,2060,2026-08-01T16:03:23.000+01:00,3481,29.096054077148438,live
3090751706,2061,2026-08-01T16:03:33.000+01:00,3478,29.113632202148438,live
3090751706,2062,2026-08-01T16:03:43.000+01:00,3480,29.09520721435547,live
3090751706,2063,2026-08-01T16:03:53.000+01:00,3478,29.105690002441406,live
3090751706,2064,2026-08-01T16:04:03.000+01:00,3476,29.1102294921875,live
3090751706,2065,2026-08-01T16:04:13.000+01:00,3462,29.10626220703125,live
3090751706,2066,2026-08-01T16:04:23.000+01:00,3480,29.092079162597656,live
3090751706,2067,2026-08-01T16:04:33.000+01:00,3465,29.10399627685547,live
3090751706,2068,2026-08-01T16:04:43.000+01:00,3476,29.084144592285156,live
3090751706,2069,2026-08-01T16:04:53.000+01:00,3476,29.092369079589844,live
3090751706,2070,2026-08-01T16:05:04.000+01:00,3454,29.093788146972656,live
3090751706,2071,2026-08-01T16:05:13.000+01:00,3476,29.09888458251953,live
3090751706,2072,2026-08-01T16:05:23.000+01:00,3476,29.098045349121094,live
3090751706,2073,2026-08-01T16:05:33.000+01:00,3454,29.0926513671875,live
3090751706,2074,2026-08-01T16:05:43.000+01:00,3457,29.09888458251953,live
3090751706,2075,2026-08-01T16:05:53.000+01:00,3478,29.103424072265625,live
3090751706,2076,2026-08-01T16:06:03.000+01:00,3435,29.09832763671875,live
3090751706,2077,2026-08-01T16:06:13.000+01:00,3476,29.0855712890625,live
3090751706,2078,2026-08-01T16:06:23.000+01:00,3480,29.081314086914062,live
3090751706,2079,2026-08-01T16:06:33.000+01:00,3462,29.096908569335938,live
3090751706,2080,2026-08-01T16:06:43.000+01:00,3473,29.117889404296875,live
3090751706,2081,2026-08-01T16:06:54.000+01:00,3475,29.117034912109375,live
3090751706,2082,2026-08-01T16:07:03.000+01:00,3473,29.113632202148438,live
3090751706,2083,2026-08-01T16:07:13.000+01:00,3480,29.10485076904297,live
3090751706,2084,2026-08-01T16:07:23.000+01:00,3459,29.093505859375,live
3090751706,2085,2026-08-01T16:07:33.000+01:00,3472,29.1102294921875,live
3090751706,2086,2026-08-01T16:07:43.000+01:00,3462,29.125259399414062,live
3090751706,2087,2026-08-01T16:07:53.000+01:00,3481,29.130653381347656,live
3090751706,2088,2026-08-01T16:08:03.000+01:00,3480,29.1295166015625,live
3090751706,2089,2026-08-01T16:08:13.000+01:00,3476,29.13178253173828,live
3090751706,2090,2026-08-01T16:08:23.000+01:00,3480,29.126678466796875,live
3090751706,2091,2026-08-01T16:08:33.000+01:00,3480,29.12725067138672,live
3090751706,2092,2026-08-01T16:08:44.000+01:00,3473,29.12213897705078,live
3090751706,2093,2026-08-01T16:08:53.000+01:00,3473,29.1190185546875,live
3090751706,2094,2026-08-01T16:09:03.000+01:00,3472,29.13348388671875,live
3090751706,2095,2026-08-01T16:09:13.000+01:00,3430,29.14000701904297,live
3090751706,2096,2026-08-01T16:09:23.000+01:00,3478,29.13262939453125,live
3090751706,2097,2026-08-01T16:09:33.000+01:00,3467,29.13489532470703,live
3090751706,2098,2026-08-01T16:09:43.000+01:00,3456,29.14227294921875,live
3090751706,2099,2026-08-01T16:09:53.000+01:00,3473,29.1541748046875,live
3090751706,2100,2026-08-01T16:10:03.000+01:00,3470,29.16155242919922,live
3090751706,2101,2026-08-01T16:10:13.000+01:00,3447,29.146812438964844,live
3090751706,2102,2026-08-01T16:10:23.000+01:00,3472,29.144264221191406,live
3090751706,2103,2026-08-01T16:10:34.000+01:00,3470,29.139724731445312,live
3090751706,2104,2026-08-01T16:10:43.000+01:00,3441,29.12725067138672,live
3090751706,2105,2026-08-01T16:10:53.000+01:00,3454,29.1295166015625,live
3090751706,2106,2026-08-01T16:11:03.000+01:00,3472,29.128089904785156,live
3090751706,2107,2026-08-01T16:11:13.000+01:00,3472,29.145675659179688,live
3090751706,2108,2026-08-01T16:11:23.000+01:00,3464,29.12554168701172,live
3090751706,2109,2026-08-01T16:11:33.000+01:00,3467,29.139434814453125,live
3090751706,2110,2026-08-01T16:11:43.000+01:00,3464,29.136322021484375,live
3090751706,2111,2026-08-01T16:11:53.000+01:00,3472,29.144264221191406,live
3090751706,2112,2026-08-01T16:12:03.000+01:00,3467,29.166664123535156,live
3090751706,2113,2026-08-01T16:12:13.000+01:00,3465,29.14057159423828,live
3090751706,2114,2026-08-01T16:12:24.000+01:00,3473,29.146812438964844,live
3090751706,2115,2026-08-01T16:12:33.000+01:00,3465,29.15276336669922,live
3090751706,2116,2026-08-01T16:12:43.000+01:00,3454,29.14312744140625,live
3090751706,2117,2026-08-01T16:12:53.000+01:00,3475,29.13348388671875,live
3090751706,2118,2026-08-01T16:13:03.000+01:00,3478,29.141700744628906,live
3090751706,2119,2026-08-01T16:13:13.000+01:00,3467,29.127532958984375,live
3090751706,2120,2026-08-01T16:13:24.000+01:00,3446,29.12299346923828,live
3090751706,2121,2026-08-01T16:13:33.000+01:00,3476,29.129798889160156,live
3090751706,2122,2026-08-01T16:13:43.000+01:00,3467,29.141143798828125,live
3090751706,2123,2026-08-01T16:13:53.000+01:00,3451,29.12696075439453,live
3090751706,2124,2026-08-01T16:14:03.000+01:00,3467,29.14397430419922,live
3090751706,2125,2026-08-01T16:14:13.000+01:00,3467,29.14086151123047,live
3090751706,2126,2026-08-01T16:14:23.000+01:00,3430,29.137168884277344,live
3090751706,2127,2026-08-01T16:14:34.000+01:00,3465,29.149642944335938,live
3090751706,2128,2026-08-01T16:14:43.000+01:00,3473,29.167503356933594,live
3090751706,2129,2026-08-01T16:14:53.000+01:00,3446,29.190185546875,live
3090751706,2130,2026-08-01T16:15:03.000+01:00,3464,29.198135375976562,live
3090751706,2131,2026-08-01T16:15:13.000+01:00,3464,29.204940795898438,live
3090751706,2132,2026-08-01T16:15:23.000+01:00,3464,29.192466735839844,live
3090751706,2133,2026-08-01T16:15:33.000+01:00,3462,29.19756317138672,live
3090751706,2134,2026-08-01T16:15:43.000+01:00,3465,29.20691680908203,live
3090751706,2135,2026-08-01T16:15:53.000+01:00,3446,29.198135375976562,live
3090751706,2136,2026-08-01T16:16:03.000+01:00,3475,29.193313598632812,live
3090751706,2137,2026-08-01T16:16:13.000+01:00,3465,29.193878173828125,live
3090751706,2138,2026-08-01T16:16:24.000+01:00,3460,29.197280883789062,live
3090751706,2139,2026-08-01T16:16:33.000+01:00,3460,29.193878173828125,live
3090751706,2140,2026-08-01T16:16:43.000+01:00,3459,29.19416046142578,live
3090751706,2141,2026-08-01T16:16:53.000+01:00,3460,29.188491821289062,live
3090751706,2142,2026-08-01T16:17:03.000+01:00,3462,29.19841766357422,live
3090751706,2143,2026-08-01T16:17:13.000+01:00,3464,29.209762573242188,live
3090751706,2144,2026-08-01T16:17:23.000+01:00,3460,29.169776916503906,live
3090751706,2145,2026-08-01T16:17:33.000+01:00,3472,29.179702758789062,live
3090751706,2146,2026-08-01T16:17:43.000+01:00,3447,29.1910400390625,live
3090751706,2147,2026-08-01T16:17:53.000+01:00,3443,29.1927490234375,live
3090751706,2148,2026-08-01T16:18:03.000+01:00,3438,29.191322326660156,live
3090751706,2149,2026-08-01T16:18:14.000+01:00,3465,29.21117401123047,live
3090751706,2150,2026-08-01T16:18:23.000+01:00,3459,29.213165283203125,live
3090751706,2151,2026-08-01T16:18:33.000+01:00,3438,29.20862579345703,live
3090751706,2152,2026-08-01T16:18:43.000+01:00,3459,29.215713500976562,live
3090751706,2153,2026-08-01T16:18:53.000+01:00,3465,29.20635986328125,live
3090751706,2154,2026-08-01T16:19:03.000+01:00,3433,29.22309112548828,live
3090751706,2155,2026-08-01T16:19:13.000+01:00,3460,29.211746215820312,live
3090751706,2156,2026-08-01T16:19:23.000+01:00,3446,29.210609436035156,live
3090751706,2157,2026-08-01T16:19:33.000+01:00,3431,29.21656036376953,live
3090751706,2158,2026-08-01T16:19:43.000+01:00,3459,29.22052764892578,live
3090751706,2159,2026-08-01T16:19:53.000+01:00,3460,29.225921630859375,live
3090751706,2160,2026-08-01T16:20:04.000+01:00,3456,29.23271942138672,live
3090751706,2161,2026-08-01T16:20:13.000+01:00,3460,29.236412048339844,live
3090751706,2162,2026-08-01T16:20:23.000+01:00,3457,29.247756958007812,live
3090751706,2163,2026-08-01T16:20:33.000+01:00,3459,29.23442840576172,live
3090751706,2164,2026-08-01T16:20:43.000+01:00,3457,29.228477478027344,live
3090751706,2165,2026-08-01T16:20:53.000+01:00,3436,29.220245361328125,live
3090751706,2166,2026-08-01T16:21:03.000+01:00,3456,29.21826171875,live
3090751706,2167,2026-08-01T16:21:13.000+01:00,3446,29.24803924560547,live
3090751706,2168,2026-08-01T16:21:23.000+01:00,3454,29.233856201171875,live
3090751706,2169,2026-08-01T16:21:33.000+01:00,3454,29.23271942138672,live
3090751706,2170,2026-08-01T16:21:43.000+01:00,3433,29.225067138671875,live
3090751706,2171,2026-08-01T16:21:54.000+01:00,3456,29.237258911132812,live
3090751706,2172,2026-08-01T16:22:03.000+01:00,3456,29.239524841308594,live
3090751706,2173,2026-08-01T16:22:13.000+01:00,3431,29.235565185546875,live
3090751706,2174,2026-08-01T16:22:23.000+01:00,3459,29.233016967773438,live
3090751706,2175,2026-08-01T16:22:33.000+01:00,3452,29.24237060546875,live
3090751706,2176,2026-08-01T16:22:43.000+01:00,3422,29.240097045898438,live
3090751706,2177,2026-08-01T16:22:53.000+01:00,3456,29.25653839111328,live
3090751706,2178,2026-08-01T16:23:03.000+01:00,3452,29.256256103515625,live
3090751706,2179,2026-08-01T16:23:13.000+01:00,3454,29.25257110595703,live
3090751706,2180,2026-08-01T16:23:24.000+01:00,3452,29.239524841308594,live
3090751706,2181,2026-08-01T16:23:33.000+01:00,3452,29.253990173339844,live
3090751706,2182,2026-08-01T16:23:43.000+01:00,3454,29.27526092529297,live
3090751706,2183,2026-08-01T16:23:53.000+01:00,3456,29.240379333496094,live
3090751706,2184,2026-08-01T16:24:03.000+01:00,3456,29.242645263671875,live
3090751706,2185,2026-08-01T16:24:14.000+01:00,3457,29.23981475830078,live
3090751706,2186,2026-08-01T16:24:23.000+01:00,3438,29.2279052734375,live
3090751706,2187,2026-08-01T16:24:33.000+01:00,3451,29.233291625976562,live
3090751706,2188,2026-08-01T16:24:43.000+01:00,3452,29.21599578857422,live
3090751706,2189,2026-08-01T16:24:53.000+01:00,3462,29.192466735839844,live
3090751706,2190,2026-08-01T16:25:03.000+01:00,3454,29.217979431152344,live
3090751706,2191,2026-08-01T16:25:13.000+01:00,3451,29.222518920898438,live
3090751706,2192,2026-08-01T16:25:23.000+01:00,3454,29.24378204345703,live
3090751706,2193,2026-08-01T16:25:33.000+01:00,3457,29.287452697753906,live
3090751706,2194,2026-08-01T16:25:44.000+01:00,3452,29.272705078125,live
3090751706,2195,2026-08-01T16:25:53.000+01:00,3430,29.244918823242188,live
3090751706,2196,2026-08-01T16:26:03.000+01:00,3454,29.23981475830078,live
3090751706,2197,2026-08-01T16:26:13.000+01:00,3436,29.250869750976562,live
3090751706,2198,2026-08-01T16:26:23.000+01:00,3430,29.2630615234375,live
3090751706,2199,2026-08-01T16:26:33.000+01:00,3452,29.25597381591797,live
3090751706,2200,2026-08-01T16:26:43.000+01:00,3451,29.25739288330078,live
3090751706,2201,2026-08-01T16:26:53.000+01:00,3428,29.240097045898438,live
3090751706,2202,2026-08-01T16:27:03.000+01:00,3451,29.257965087890625,live
3090751706,2203,2026-08-01T16:27:13.000+01:00,3447,29.24889373779297,live
3090751706,2204,2026-08-01T16:27:23.000+01:00,3430,29.26618194580078,live
3090751706,2205,2026-08-01T16:27:34.000+01:00,3447,29.293975830078125,live
3090751706,2206,2026-08-01T16:27:43.000+01:00,3433,29.274978637695312,live
3090751706,2207,2026-08-01T16:27:53.000+01:00,3447,29.295669555664062,live
3090751706,2208,2026-08-01T16:28:03.000+01:00,3449,29.27752685546875,live
3090751706,2209,2026-08-01T16:28:13.000+01:00,3447,29.266464233398438,live
3090751706,2210,2026-08-01T16:28:23.000+01:00,3456,29.263633728027344,live
3090751706,2211,2026-08-01T16:28:33.000+01:00,3447,29.26618194580078,live
3090751706,2212,2026-08-01T16:28:43.000+01:00,3451,29.274124145507812,live
3090751706,2213,2026-08-01T16:28:53.000+01:00,3446,29.276107788085938,live
3090751706,2214,2026-08-01T16:29:03.000+01:00,3451,29.27979278564453,live
3090751706,2215,2026-08-01T16:29:13.000+01:00,3446,29.290573120117188,live
3090751706,2216,2026-08-01T16:29:24.000+01:00,3452,29.285186767578125,live
3090751706,2217,2026-08-01T16:29:33.000+01:00,3431,29.273269653320312,live
3090751706,2218,2026-08-01T16:29:43.000+01:00,3447,29.260231018066406,live
3090751706,2219,2026-08-01T16:29:53.000+01:00,3446,29.28461456298828,live
3090751706,2220,2026-08-01T16:30:03.000+01:00,3430,29.27893829345703,live
3090751706,2221,2026-08-01T16:30:13.000+01:00,3451,29.272705078125,live
3090751706,2222,2026-08-01T16:30:23.000+01:00,3451,29.286598205566406,live
3090751706,2223,2026-08-01T16:30:33.000+01:00,3428,29.287734985351562,live
3090751706,2224,2026-08-01T16:30:43.000+01:00,3441,29.298789978027344,live
3090751706,2225,2026-08-01T16:30:53.000+01:00,3447,29.30219268798828,live
3090751706,2226,2026-08-01T16:31:03.000+01:00,3407,29.31041717529297,live
3090751706,2227,2026-08-01T16:31:14.000+01:00,3444,29.315521240234375,live
3090751706,2228,2026-08-01T16:31:23.000+01:00,3435,29.280075073242188,live
3090751706,2229,2026-08-01T16:31:33.000+01:00,3425,29.268455505371094,live
3090751706,2230,2026-08-01T16:31:43.000+01:00,3441,29.257110595703125,live
3090751706,2231,2026-08-01T16:31:53.000+01:00,3447,29.28490447998047,live
3090751706,2232,2026-08-01T16:32:03.000+01:00,3443,29.264198303222656,live
3090751706,2233,2026-08-01T16:32:13.000+01:00,3441,29.263916015625,live
3090751706,2234,2026-08-01T16:32:23.000+01:00,3439,29.25115966796875,live
3090751706,2235,2026-08-01T16:32:33.000+01:00,3441,29.262496948242188,live
3090751706,2236,2026-08-01T16:32:43.000+01:00,3449,29.281211853027344,live
3090751706,2237,2026-08-01T16:32:53.000+01:00,3430,29.281211853027344,live
3090751706,2238,2026-08-01T16:33:04.000+01:00,3441,29.26165008544922,live
3090751706,2239,2026-08-01T16:33:13.000+01:00,3441,29.25682830810547,live
3090751706,2240,2026-08-01T16:33:23.000+01:00,3441,29.247467041015625,live
3090751706,2241,2026-08-01T16:33:33.000+01:00,3452,29.247756958007812,live
3090751706,2242,2026-08-01T16:33:43.000+01:00,3447,29.25994110107422,live
3090751706,2243,2026-08-01T16:33:53.000+01:00,3439,29.26220703125,live
3090751706,2244,2026-08-01T16:34:03.000+01:00,3441,29.27979278564453,live
3090751706,2245,2026-08-01T16:34:14.000+01:00,3439,29.274696350097656,live
3090751706,2246,2026-08-01T16:34:23.000+01:00,3430,29.29766082763672,live
3090751706,2247,2026-08-01T16:34:33.000+01:00,3438,29.28631591796875,live
3090751706,2248,2026-08-01T16:34:43.000+01:00,3409,29.274696350097656,live
3090751706,2249,2026-08-01T16:34:53.000+01:00,3441,29.29425811767578,live
3090751706,2250,2026-08-01T16:35:03.000+01:00,3438,29.289146423339844,live
3090751706,2251,2026-08-01T16:35:13.000+01:00,3425,29.275535583496094,live
3090751706,2252,2026-08-01T16:35:23.000+01:00,3446,29.27526092529297,live
3090751706,2253,2026-08-01T16:35:33.000+01:00,3439,29.290283203125,live
3090751706,2254,2026-08-01T16:35:43.000+01:00,3422,29.317222595214844,live
3090751706,2255,2026-08-01T16:35:53.000+01:00,3438,29.33820343017578,live
3090751706,2256,2026-08-01T16:36:03.000+01:00,3439,29.370811462402344,live
3090751706,2257,2026-08-01T16:36:13.000+01:00,3406,29.366836547851562,live
3090751706,2258,2026-08-01T16:36:24.000+01:00,3439,29.383567810058594,live
3090751706,2259,2026-08-01T16:36:33.000+01:00,3436,29.381874084472656,live
3090751706,2260,2026-08-01T16:36:43.000+01:00,3433,29.381874084472656,live
3090751706,2261,2026-08-01T16:36:53.000+01:00,3441,29.363731384277344,live
3090751706,2262,2026-08-01T16:37:03.000+01:00,3438,29.32147216796875,live
3090751706,2263,2026-08-01T16:37:13.000+01:00,3435,29.317794799804688,live
3090751706,2264,2026-08-01T16:37:23.000+01:00,3439,29.313819885253906,live
3090751706,2265,2026-08-01T16:37:33.000+01:00,3439,29.30730438232422,live
3090751706,2266,2026-08-01T16:37:43.000+01:00,3435,29.28461456298828,live
3090751706,2267,2026-08-01T16:37:53.000+01:00,3444,29.250022888183594,live
3090751706,2268,2026-08-01T16:38:03.000+01:00,3430,29.236122131347656,live
3090751706,2269,2026-08-01T16:38:14.000+01:00,3433,29.245201110839844,live
3090751706,2270,2026-08-01T16:38:23.000+01:00,3438,29.27526092529297,live
3090751706,2271,2026-08-01T16:38:33.000+01:00,3433,29.270721435546875,live
3090751706,2272,2026-08-01T16:38:43.000+01:00,3447,29.275535583496094,live
3090751706,2273,2026-08-01T16:38:53.000+01:00,3438,29.27100372314453,live
3090751706,2274,2026-08-01T16:39:03.000+01:00,3439,29.27922821044922,live
3090751706,2275,2026-08-01T16:39:13.000+01:00,3436,29.29254913330078,live
3090751706,2276,2026-08-01T16:39:23.000+01:00,3420,29.29425811767578,live
3090751706,2277,2026-08-01T16:39:33.000+01:00,3427,29.295669555664062,live
3090751706,2278,2026-08-01T16:39:43.000+01:00,3436,29.290855407714844,live
3090751706,2279,2026-08-01T16:39:53.000+01:00,3415,29.27838134765625,live
3090751706,2280,2026-08-01T16:40:04.000+01:00,3431,29.290000915527344,live
3090751706,2281,2026-08-01T16:40:13.000+01:00,3438,29.281211853027344,live
3090751706,2282,2026-08-01T16:40:23.000+01:00,3435,29.261077880859375,live
3090751706,2283,2026-08-01T16:40:33.000+01:00,3431,29.255126953125,live
3090751706,2284,2026-08-01T16:40:43.000+01:00,3433,29.250022888183594,live
3090751706,2285,2026-08-01T16:40:53.000+01:00,3410,29.238967895507812,live
3090751706,2286,2026-08-01T16:41:03.000+01:00,3435,29.234146118164062,live
3090751706,2287,2026-08-01T16:41:13.000+01:00,3430,29.22563934326172,live
3090751706,2288,2026-08-01T16:41:23.000+01:00,3422,29.217979431152344,live
3090751706,2289,2026-08-01T16:41:33.000+01:00,3433,29.21599578857422,live
3090751706,2290,2026-08-01T16:41:43.000+01:00,3431,29.241798400878906,live
3090751706,2291,2026-08-01T16:41:54.000+01:00,3430,29.237548828125,live
3090751706,2292,2026-08-01T16:42:03.000+01:00,3439,29.27667236328125,live
3090751706,2293,2026-08-01T16:42:13.000+01:00,3433,29.272422790527344,live
3090751706,2294,2026-08-01T16:42:23.000+01:00,3433,29.255409240722656,live
3090751706,2295,2026-08-01T16:42:33.000+01:00,3430,29.247467041015625,live
3090751706,2296,2026-08-01T16:42:43.000+01:00,3430,29.253707885742188,live
3090751706,2297,2026-08-01T16:42:53.000+01:00,3422,29.25910186767578,live
3090751706,2298,2026-08-01T16:43:03.000+01:00,3414,29.267318725585938,live
3090751706,2299,2026-08-01T16:43:13.000+01:00,3433,29.25824737548828,live
3090751706,2300,2026-08-01T16:43:23.000+01:00,3430,29.253707885742188,live
3090751706,2301,2026-08-01T16:43:33.000+01:00,3425,29.237258911132812,live
3090751706,2302,2026-08-01T16:43:44.000+01:00,3435,29.23925018310547,live
3090751706,2303,2026-08-01T16:43:53.000+01:00,3430,29.228759765625,live
3090751706,2304,2026-08-01T16:44:03.000+01:00,3414,29.24066162109375,live
3090751706,2305,2026-08-01T16:44:13.000+01:00,3430,29.244354248046875,live
3090751706,2306,2026-08-01T16:44:23.000+01:00,3430,29.250869750976562,live
3090751706,2307,2026-08-01T16:44:33.000+01:00,3406,29.233016967773438,live
3090751706,2308,2026-08-01T16:44:43.000+01:00,3415,29.23017120361328,live
3090751706,2309,2026-08-01T16:44:54.000+01:00,3430,29.23981475830078,live
3090751706,2310,2026-08-01T16:45:03.000+01:00,3430,29.21826171875,live
3090751706,2311,2026-08-01T16:45:13.000+01:00,3430,29.22705078125,live
3090751706,2312,2026-08-01T16:45:23.000+01:00,3430,29.220245361328125,live
3090751706,2313,2026-08-01T16:45:33.000+01:00,3406,29.2261962890625,live
3090751706,2314,2026-08-01T16:45:43.000+01:00,3430,29.222518920898438,live
3090751706,2315,2026-08-01T16:45:53.000+01:00,3430,29.241798400878906,live
3090751706,2316,2026-08-01T16:46:03.000+01:00,3430,29.251441955566406,live
3090751706,2317,2026-08-01T16:46:13.000+01:00,3422,29.24718475341797,live
3090751706,2318,2026-08-01T16:46:23.000+01:00,3430,29.2630615234375,live
3090751706,2319,2026-08-01T16:46:33.000+01:00,3409,29.27838134765625,live
3090751706,2320,2026-08-01T16:46:43.000+01:00,3433,29.25824737548828,live
3090751706,2321,2026-08-01T16:46:53.000+01:00,3427,29.245773315429688,live
3090751706,2322,2026-08-01T16:47:04.000+01:00,3428,29.249732971191406,live
3090751706,2323,2026-08-01T16:47:13.000+01:00,3433,29.256256103515625,live
3090751706,2324,2026-08-01T16:47:23.000+01:00,3430,29.2647705078125,live
3090751706,2325,2026-08-01T16:47:33.000+01:00,3430,29.263633728027344,live
3090751706,2326,2026-08-01T16:47:43.000+01:00,3430,29.28064727783203,live
3090751706,2327,2026-08-01T16:47:53.000+01:00,3427,29.27893829345703,live
3090751706,2328,2026-08-01T16:48:03.000+01:00,3410,29.27667236328125,live
3090751706,2329,2026-08-01T16:48:13.000+01:00,3430,29.282630920410156,live
3090751706,2330,2026-08-01T16:48:23.000+01:00,3430,29.24803924560547,live
3090751706,2331,2026-08-01T16:48:33.000+01:00,3427,29.24292755126953,live
3090751706,2332,2026-08-01T16:48:43.000+01:00,3404,29.222793579101562,live
3090751706,2333,2026-08-01T16:48:54.000+01:00,3427,29.2261962890625,live
3090751706,2334,2026-08-01T16:49:03.000+01:00,3425,29.231307983398438,live
3090751706,2335,2026-08-01T16:49:13.000+01:00,3404,29.23528289794922,live
3090751706,2336,2026-08-01T16:49:23.000+01:00,3425,29.238113403320312,live
3090751706,2337,2026-08-01T16:49:33.000+01:00,3409,29.2366943359375,live
3090751706,2338,2026-08-01T16:49:43.000+01:00,3409,29.23499298095703,live
3090751706,2339,2026-08-01T16:49:53.000+01:00,3412,29.227333068847656,live
3090751706,2340,2026-08-01T16:50:03.000+01:00,3425,29.211746215820312,live
3090751706,2341,2026-08-01T16:50:13.000+01:00,3404,29.21741485595703,live
3090751706,2342,2026-08-01T16:50:23.000+01:00,3427,29.222518920898438,live
3090751706,2343,2026-08-01T16:50:33.000+01:00,3427,29.216285705566406,live
3090751706,2344,2026-08-01T16:50:44.000+01:00,3422,29.21259307861328,live
3090751706,2345,2026-08-01T16:50:53.000+01:00,3430,29.21343994140625,live
3090751706,2346,2026-08-01T16:51:03.000+01:00,3425,29.23017120361328,live
3090751706,2347,2026-08-01T16:51:13.000+01:00,3422,29.228187561035156,live
3090751706,2348,2026-08-01T16:51:23.000+01:00,3418,29.24633026123047,live
3090751706,2349,2026-08-01T16:51:33.000+01:00,3410,29.22223663330078,live
3090751706,2350,2026-08-01T16:51:43.000+01:00,3427,29.235565185546875,live
3090751706,2351,2026-08-01T16:51:53.000+01:00,3430,29.26165008544922,live
3090751706,2352,2026-08-01T16:52:03.000+01:00,3425,29.25682830810547,live
3090751706,2353,2026-08-01T16:52:13.000+01:00,3425,29.24860382080078,live
3090751706,2354,2026-08-01T16:52:23.000+01:00,3428,29.22393035888672,live
3090751706,2355,2026-08-01T16:52:34.000+01:00,3425,29.246902465820312,live
3090751706,2356,2026-08-01T16:52:43.000+01:00,3425,29.24633026123047,live
3090751706,2357,2026-08-01T16:52:53.000+01:00,3430,29.24378204345703,live
3090751706,2358,2026-08-01T16:53:03.000+01:00,3425,29.25824737548828,live
3090751706,2359,2026-08-01T16:53:13.000+01:00,3427,29.25653839111328,live
3090751706,2360,2026-08-01T16:53:23.000+01:00,3402,29.254844665527344,live
3090751706,2361,2026-08-01T16:53:33.000+01:00,3428,29.2630615234375,live
3090751706,2362,2026-08-01T16:53:43.000+01:00,3422,29.246902465820312,live
3090751706,2363,2026-08-01T16:53:53.000+01:00,3404,29.216842651367188,live
3090751706,2364,2026-08-01T16:54:03.000+01:00,3425,29.191322326660156,live
3090751706,2365,2026-08-01T16:54:13.000+01:00,3423,29.193603515625,live
3090751706,2366,2026-08-01T16:54:24.000+01:00,3422,29.187355041503906,live
3090751706,2367,2026-08-01T16:54:33.000+01:00,3425,29.195297241210938,live
3090751706,2368,2026-08-01T16:54:43.000+01:00,3427,29.186782836914062,live
3090751706,2369,2026-08-01T16:54:53.000+01:00,3383,29.204086303710938,live
3090751706,2370,2026-08-01T16:55:03.000+01:00,3422,29.20720672607422,live
3090751706,2371,2026-08-01T16:55:13.000+01:00,3422,29.217697143554688,live
3090751706,2372,2026-08-01T16:55:23.000+01:00,3425,29.20550537109375,live
3090751706,2373,2026-08-01T16:55:34.000+01:00,3415,29.21343994140625,live
3090751706,2374,2026-08-01T16:55:43.000+01:00,3425,29.22478485107422,live
3090751706,2375,2026-08-01T16:55:53.000+01:00,3423,29.2279052734375,live
3090751706,2376,2026-08-01T16:56:03.000+01:00,3422,29.226486206054688,live
3090751706,2377,2026-08-01T16:56:13.000+01:00,3418,29.257675170898438,live
3090751706,2378,2026-08-01T16:56:23.000+01:00,3404,29.26618194580078,live
3090751706,2379,2026-08-01T16:56:33.000+01:00,3428,29.275535583496094,live
3090751706,2380,2026-08-01T16:56:43.000+01:00,3418,29.27100372314453,live
3090751706,2381,2026-08-01T16:56:53.000+01:00,3427,29.27043914794922,live
3090751706,2382,2026-08-01T16:57:03.000+01:00,3409,29.282913208007812,live
3090751706,2383,2026-08-01T16:57:13.000+01:00,3427,29.271575927734375,live
3090751706,2384,2026-08-01T16:57:23.000+01:00,3418,29.265052795410156,live
3090751706,2385,2026-08-01T16:57:33.000+01:00,3396,29.285186767578125,live
3090751706,2386,2026-08-01T16:57:44.000+01:00,3418,29.272422790527344,live
3090751706,2387,2026-08-01T16:57:53.000+01:00,3418,29.26618194580078,live
3090751706,2388,2026-08-01T16:58:03.000+01:00,3399,29.265899658203125,live
3090751706,2389,2026-08-01T16:58:13.000+01:00,3402,29.269302368164062,live
3090751706,2390,2026-08-01T16:58:23.000+01:00,3420,29.28150177001953,live
3090751706,2391,2026-08-01T16:58:33.000+01:00,3394,29.278656005859375,live
3090751706,2392,2026-08-01T16:58:43.000+01:00,3420,29.28150177001953,live
3090751706,2393,2026-08-01T16:58:53.000+01:00,3415,29.274124145507812,live
3090751706,2394,2026-08-01T16:59:03.000+01:00,3418,29.2982177734375,live
3090751706,2395,2026-08-01T16:59:13.000+01:00,3418,29.290573120117188,live
3090751706,2396,2026-08-01T16:59:24.000+01:00,3415,29.2999267578125,live
3090751706,2397,2026-08-01T16:59:33.000+01:00,3422,29.276107788085938,live
3090751706,2398,2026-08-01T16:59:43.000+01:00,3401,29.27838134765625,live
3090751706,2399,2026-08-01T16:59:53.000+01:00,3420,29.305038452148438,live
3090751706,2400,2026-08-01T17:00:03.000+01:00,3404,29.300209045410156,live
3090751706,2401,2026-08-01T17:00:13.000+01:00,3427,29.30219268798828,live
3090751706,2402,2026-08-01T17:00:23.000+01:00,3418,29.297088623046875,live
3090751706,2403,2026-08-01T17:00:33.000+01:00,3414,29.296241760253906,live
3090751706,2404,2026-08-01T17:00:43.000+01:00,3418,29.29198455810547,live
3090751706,2405,2026-08-01T17:00:53.000+01:00,3414,29.286598205566406,live
3090751706,2406,2026-08-01T17:01:04.000+01:00,3415,29.267318725585938,live
3090751706,2407,2026-08-01T17:01:13.000+01:00,3401,29.274696350097656,live
3090751706,2408,2026-08-01T17:01:23.000+01:00,3412,29.29680633544922,live
3090751706,2409,2026-08-01T17:01:33.000+01:00,3401,29.304466247558594,live
3090751706,2410,2026-08-01T17:01:43.000+01:00,3398,29.30730438232422,live
3090751706,2411,2026-08-01T17:01:53.000+01:00,3415,29.310989379882812,live
3090751706,2412,2026-08-01T17:02:03.000+01:00,3412,29.292266845703125,live
3090751706,2413,2026-08-01T17:02:13.000+01:00,3404,29.29680633544922,live
3090751706,2414,2026-08-01T17:02:23.000+01:00,3414,29.290855407714844,live
3090751706,2415,2026-08-01T17:02:33.000+01:00,3414,29.3016357421875,live
3090751706,2416,2026-08-01T17:02:44.000+01:00,3393,29.30304718017578,live
3090751706,2417,2026-08-01T17:02:53.000+01:00,3410,29.31494903564453,live
3090751706,2418,2026-08-01T17:03:03.000+01:00,3407,29.31523895263672,live
3090751706,2419,2026-08-01T17:03:13.000+01:00,3396,29.327430725097656,live
3090751706,2420,2026-08-01T17:03:23.000+01:00,3406,29.308433532714844,live
3090751706,2421,2026-08-01T17:03:33.000+01:00,3409,29.32941436767578,live
3090751706,2422,2026-08-01T17:03:43.000+01:00,3409,29.345863342285156,live
3090751706,2423,2026-08-01T17:03:53.000+01:00,3409,29.323745727539062,live
3090751706,2424,2026-08-01T17:04:03.000+01:00,3412,29.33112335205078,live
3090751706,2425,2026-08-01T17:04:13.000+01:00,3409,29.32147216796875,live
3090751706,2426,2026-08-01T17:04:24.000+01:00,3415,29.329986572265625,live
3090751706,2427,2026-08-01T17:04:33.000+01:00,3407,29.34160614013672,live
3090751706,2428,2026-08-01T17:04:43.000+01:00,3412,29.331680297851562,live
3090751706,2429,2026-08-01T17:04:53.000+01:00,3409,29.331398010253906,live
3090751706,2430,2026-08-01T17:05:03.000+01:00,3396,29.318641662597656,live
3090751706,2431,2026-08-01T17:05:13.000+01:00,3410,29.322044372558594,live
3090751706,2432,2026-08-01T17:05:23.000+01:00,3391,29.31920623779297,live
3090751706,2433,2026-08-01T17:05:33.000+01:00,3412,29.339622497558594,live
3090751706,2434,2026-08-01T17:05:43.000+01:00,3410,29.334518432617188,live
3090751706,2435,2026-08-01T17:05:54.000+01:00,3393,29.327430725097656,live
3090751706,2436,2026-08-01T17:06:03.000+01:00,3407,29.327430725097656,live
3090751706,2437,2026-08-01T17:06:13.000+01:00,3406,29.340194702148438,live
3090751706,2438,2026-08-01T17:06:23.000+01:00,3383,29.338775634765625,live
3090751706,2439,2026-08-01T17:06:33.000+01:00,3396,29.316375732421875,live
3090751706,2440,2026-08-01T17:06:44.000+01:00,3404,29.31127166748047,live
3090751706,2441,2026-08-01T17:06:53.000+01:00,3399,29.307586669921875,live
3090751706,2442,2026-08-01T17:07:03.000+01:00,3414,29.30559539794922,live
3090751706,2443,2026-08-01T17:07:13.000+01:00,3406,29.320343017578125,live
3090751706,2444,2026-08-01T17:07:23.000+01:00,3389,29.322608947753906,live
3090751706,2445,2026-08-01T17:07:33.000+01:00,3404,29.315521240234375,live
3090751706,2446,2026-08-01T17:07:43.000+01:00,3404,29.328277587890625,live
3090751706,2447,2026-08-01T17:07:54.000+01:00,3404,29.336509704589844,live
3090751706,2448,2026-08-01T17:08:03.000+01:00,3412,29.32799530029297,live
3090751706,2449,2026-08-01T17:08:13.000+01:00,3404,29.312973022460938,live
3090751706,2450,2026-08-01T17:08:23.000+01:00,3394,29.341323852539062,live
3090751706,2451,2026-08-01T17:08:33.000+01:00,3406,29.32799530029297,live
3090751706,2452,2026-08-01T17:08:43.000+01:00,3404,29.330825805664062,live
3090751706,2453,2026-08-01T17:08:53.000+01:00,3404,29.345863342285156,live
3090751706,2454,2026-08-01T17:09:03.000+01:00,3406,29.341049194335938,live
3090751706,2455,2026-08-01T17:09:13.000+01:00,3415,29.35095977783203,live
3090751706,2456,2026-08-01T17:09:23.000+01:00,3404,29.36400604248047,live
3090751706,2457,2026-08-01T17:09:34.000+01:00,3404,29.358901977539062,live
3090751706,2458,2026-08-01T17:09:43.000+01:00,3409,29.372802734375,live
3090751706,2459,2026-08-01T17:09:53.000+01:00,3388,29.349266052246094,live
3090751706,2460,2026-08-01T17:10:03.000+01:00,3381,29.346145629882812,live
3090751706,2461,2026-08-01T17:10:13.000+01:00,3399,29.371665954589844,live
3090751706,2462,2026-08-01T17:10:23.000+01:00,3404,29.357208251953125,live
3090751706,2463,2026-08-01T17:10:33.000+01:00,3388,29.36400604248047,live
3090751706,2464,2026-08-01T17:10:43.000+01:00,3409,29.387542724609375,live
3090751706,2465,2026-08-01T17:10:53.000+01:00,3404,29.35748291015625,live
3090751706,2466,2026-08-01T17:11:03.000+01:00,3383,29.368545532226562,live
3090751706,2467,2026-08-01T17:11:14.000+01:00,3404,29.377899169921875,live
3090751706,2468,2026-08-01T17:11:23.000+01:00,3404,29.35663604736328,live
3090751706,2469,2026-08-01T17:11:33.000+01:00,3386,29.378753662109375,live
3090751706,2470,2026-08-01T17:11:43.000+01:00,3388,29.395767211914062,live
3090751706,2471,2026-08-01T17:11:53.000+01:00,3401,29.413345336914062,live
3090751706,2472,2026-08-01T17:12:03.000+01:00,3380,29.41590118408203,live
3090751706,2473,2026-08-01T17:12:13.000+01:00,3404,29.419578552246094,live
3090751706,2474,2026-08-01T17:12:23.000+01:00,3402,29.414764404296875,live
3090751706,2475,2026-08-01T17:12:33.000+01:00,3401,29.41022491455078,live
3090751706,2476,2026-08-01T17:12:43.000+01:00,3402,29.385841369628906,live
3090751706,2477,2026-08-01T17:12:54.000+01:00,3402,29.381301879882812,live
3090751706,2478,2026-08-01T17:13:03.000+01:00,3409,29.386131286621094,live
3090751706,2479,2026-08-01T17:13:13.000+01:00,3383,29.390945434570312,live
3090751706,2480,2026-08-01T17:13:23.000+01:00,3404,29.388397216796875,live
3090751706,2481,2026-08-01T17:13:33.000+01:00,3385,29.384994506835938,live
3090751706,2482,2026-08-01T17:13:43.000+01:00,3410,29.386688232421875,live
3090751706,2483,2026-08-01T17:13:53.000+01:00,3402,29.392364501953125,live
3090751706,2484,2026-08-01T17:14:03.000+01:00,3404,29.361167907714844,live
3090751706,2485,2026-08-01T17:14:13.000+01:00,3406,29.34642791748047,live
3090751706,2486,2026-08-01T17:14:23.000+01:00,3399,29.35521697998047,live
3090751706,2487,2026-08-01T17:14:34.000+01:00,3404,29.346717834472656,live
3090751706,2488,2026-08-01T17:14:43.000+01:00,3378,29.32855987548828,live
3090751706,2489,2026-08-01T17:14:53.000+01:00,3399,29.3367919921875,live
3090751706,2490,2026-08-01T17:15:03.000+01:00,3383,29.33820343017578,live
3090751706,2491,2026-08-01T17:15:13.000+01:00,3378,29.32799530029297,live
3090751706,2492,2026-08-01T17:15:23.000+01:00,3401,29.353233337402344,live
3090751706,2493,2026-08-01T17:15:33.000+01:00,3402,29.351531982421875,live
3090751706,2494,2026-08-01T17:15:43.000+01:00,3378,29.374496459960938,live
3090751706,2495,2026-08-01T17:15:53.000+01:00,3404,29.366836547851562,live
3090751706,2496,2026-08-01T17:16:03.000+01:00,3398,29.35833740234375,live
3090751706,2497,2026-08-01T17:16:14.000+01:00,3386,29.376205444335938,live
3090751706,2498,2026-08-01T17:16:23.000+01:00,3401,29.354934692382812,live
3090751706,2499,2026-08-01T17:16:33.000+01:00,3399,29.369110107421875,live
3090751706,2500,2026-08-01T17:16:43.000+01:00,3399,29.345008850097656,live
3090751706,2501,2026-08-01T17:16:53.000+01:00,3383,29.369110107421875,live
3090751706,2502,2026-08-01T17:17:03.000+01:00,3396,29.37592315673828,live
3090751706,2503,2026-08-01T17:17:14.000+01:00,3399,29.370811462402344,live
3090751706,2504,2026-08-01T17:17:23.000+01:00,3402,29.365707397460938,live
3090751706,2505,2026-08-01T17:17:33.000+01:00,3401,29.377899169921875,live
3090751706,2506,2026-08-01T17:17:43.000+01:00,3399,29.37989044189453,live
3090751706,2507,2026-08-01T17:17:53.000+01:00,3401,29.36060333251953,live
3090751706,2508,2026-08-01T17:18:04.000+01:00,3399,29.35352325439453,live
3090751706,2509,2026-08-01T17:18:13.000+01:00,3399,29.35833740234375,live
3090751706,2510,2026-08-01T17:18:23.000+01:00,3381,29.358619689941406,live
3090751706,2511,2026-08-01T17:18:33.000+01:00,3399,29.35692596435547,live
3090751706,2512,2026-08-01T17:18:43.000+01:00,3404,29.359474182128906,live
3090751706,2513,2026-08-01T17:18:53.000+01:00,3399,29.336509704589844,live
3090751706,2514,2026-08-01T17:19:03.000+01:00,3399,29.348129272460938,live
3090751706,2515,2026-08-01T17:19:13.000+01:00,3394,29.35521697998047,live
3090751706,2516,2026-08-01T17:19:23.000+01:00,3378,29.34075164794922,live
3090751706,2517,2026-08-01T17:19:33.000+01:00,3399,29.36797332763672,live
3090751706,2518,2026-08-01T17:19:44.000+01:00,3396,29.372230529785156,live
3090751706,2519,2026-08-01T17:19:53.000+01:00,3378,29.37989044189453,live
3090751706,2520,2026-08-01T17:20:03.000+01:00,3394,29.3807373046875,live
3090751706,2521,2026-08-01T17:20:13.000+01:00,3396,29.37421417236328,live
3090751706,2522,2026-08-01T17:20:23.000+01:00,3373,29.402008056640625,live
3090751706,2523,2026-08-01T17:20:33.000+01:00,3398,29.412216186523438,live
3090751706,2524,2026-08-01T17:20:43.000+01:00,3402,29.405975341796875,live
3090751706,2525,2026-08-01T17:20:53.000+01:00,3377,29.420150756835938,live
3090751706,2526,2026-08-01T17:21:03.000+01:00,3399,29.431777954101562,live
3090751706,2527,2026-08-01T17:21:13.000+01:00,3394,29.43744659423828,live
3090751706,2528,2026-08-01T17:21:24.000+01:00,3399,29.4351806640625,live
3090751706,2529,2026-08-01T17:21:33.000+01:00,3393,29.41590118408203,live
3090751706,2530,2026-08-01T17:21:43.000+01:00,3381,29.40966796875,live
3090751706,2531,2026-08-01T17:21:53.000+01:00,3380,29.411361694335938,live
3090751706,2532,2026-08-01T17:22:03.000+01:00,3398,29.42554473876953,live
3090751706,2533,2026-08-01T17:22:13.000+01:00,3396,29.427810668945312,live
3090751706,2534,2026-08-01T17:22:23.000+01:00,3394,29.40001678466797,live
3090751706,2535,2026-08-01T17:22:33.000+01:00,3394,29.42723846435547,live
3090751706,2536,2026-08-01T17:22:43.000+01:00,3396,29.43744659423828,live
3090751706,2537,2026-08-01T17:22:53.000+01:00,3393,29.432350158691406,live
3090751706,2538,2026-08-01T17:23:04.000+01:00,3378,29.39520263671875,live
3090751706,2539,2026-08-01T17:23:13.000+01:00,3394,29.398887634277344,live
3090751706,2540,2026-08-01T17:23:23.000+01:00,3393,29.41986846923828,live
3090751706,2541,2026-08-01T17:23:33.000+01:00,3373,29.420150756835938,live
3090751706,2542,2026-08-01T17:23:43.000+01:00,3378,29.40087127685547,live
3090751706,2543,2026-08-01T17:23:53.000+01:00,3394,29.41022491455078,live
3090751706,2544,2026-08-01T17:24:03.000+01:00,3373,29.43602752685547,live
3090751706,2545,2026-08-01T17:24:13.000+01:00,3389,29.41930389404297,live
3090751706,2546,2026-08-01T17:24:23.000+01:00,3389,29.434898376464844,live
3090751706,2547,2026-08-01T17:24:33.000+01:00,3373,29.435462951660156,live
3090751706,2548,2026-08-01T17:24:44.000+01:00,3393,29.45191192626953,live
3090751706,2549,2026-08-01T17:24:53.000+01:00,3389,29.444252014160156,live
3090751706,2550,2026-08-01T17:25:03.000+01:00,3383,29.45134735107422,live
3090751706,2551,2026-08-01T17:25:13.000+01:00,3389,29.47345733642578,live
3090751706,2552,2026-08-01T17:25:23.000+01:00,3378,29.482528686523438,live
3090751706,2553,2026-08-01T17:25:33.000+01:00,3388,29.531585693359375,live
3090751706,2554,2026-08-01T17:25:43.000+01:00,3389,29.55908966064453,buffered
3090751706,2555,2026-08-01T17:25:53.000+01:00,3389,29.57440185546875,buffered
3090751706,2556,2026-08-01T17:26:03.000+01:00,3393,29.55767059326172,buffered
3090751706,2557,2026-08-01T17:26:13.000+01:00,3393,29.52336883544922,buffered
3090751706,2558,2026-08-01T17:26:23.000+01:00,3393,29.51032257080078,buffered
3090751706,2559,2026-08-01T17:26:33.000+01:00,3385,29.512588500976562,buffered
3090751706,2560,2026-08-01T17:26:43.000+01:00,3394,29.53527069091797,buffered
3090751706,2561,2026-08-01T17:26:53.000+01:00,3380,29.548599243164062,buffered
3090751706,2562,2026-08-01T17:27:03.000+01:00,3388,29.554550170898438,buffered
3090751706,2563,2026-08-01T17:27:13.000+01:00,3389,29.538673400878906,buffered
3090751706,2564,2026-08-01T17:27:23.000+01:00,3389,29.54888153076172,buffered
3090751706,2565,2026-08-01T17:27:33.000+01:00,3385,29.550582885742188,buffered
3090751706,2566,2026-08-01T17:27:43.000+01:00,3381,29.51513671875,buffered
3090751706,2567,2026-08-01T17:27:53.000+01:00,3389,29.52080535888672,buffered
3090751706,2568,2026-08-01T17:28:03.000+01:00,3386,29.51201629638672,buffered
3090751706,2569,2026-08-01T17:28:13.000+01:00,3389,29.50096893310547,buffered
3090751706,2570,2026-08-01T17:28:23.000+01:00,3388,29.502098083496094,buffered
3090751706,2571,2026-08-01T17:28:33.000+01:00,3388,29.489906311035156,buffered
3090751706,2572,2026-08-01T17:28:43.000+01:00,3357,29.495574951171875,buffered
3090751706,2573,2026-08-01T17:28:53.000+01:00,3394,29.51996612548828,buffered
3090751706,2574,2026-08-01T17:29:03.000+01:00,3385,29.521377563476562,buffered
3090751706,2575,2026-08-01T17:29:13.000+01:00,3368,29.527610778808594,buffered
3090751706,2576,2026-08-01T17:29:23.000+01:00,3386,29.530731201171875,buffered
3090751706,2577,2026-08-01T17:29:33.000+01:00,3386,29.503517150878906,buffered
3090751706,2578,2026-08-01T17:29:43.000+01:00,3367,29.502098083496094,buffered
3090751706,2579,2026-08-01T17:29:53.000+01:00,3386,29.515419006347656,buffered
3090751706,2580,2026-08-01T17:30:03.000+01:00,3381,29.51287078857422,buffered
3090751706,2581,2026-08-01T17:30:13.000+01:00,3352,29.496429443359375,buffered
3090751706,2582,2026-08-01T17:30:23.000+01:00,3388,29.48310089111328,buffered
3090751706,2583,2026-08-01T17:30:33.000+01:00,3389,29.474868774414062,buffered
3090751706,2584,2026-08-01T17:30:43.000+01:00,3386,29.47119140625,buffered
3090751706,2585,2026-08-01T17:30:53.000+01:00,3383,29.470909118652344,buffered
3090751706,2586,2026-08-01T17:31:03.000+01:00,3383,29.474868774414062,buffered
3090751706,2587,2026-08-01T17:31:13.000+01:00,3383,29.473175048828125,buffered
3090751706,2588,2026-08-01T17:31:23.000+01:00,3386,29.466934204101562,buffered
3090751706,2589,2026-08-01T17:31:33.000+01:00,3381,29.491600036621094,buffered
3090751706,2590,2026-08-01T17:31:43.000+01:00,3385,29.509750366210938,buffered
3090751706,2591,2026-08-01T17:31:53.000+01:00,3383,29.50152587890625,buffered
3090751706,2592,2026-08-01T17:32:03.000+01:00,3377,29.52251434326172,buffered
3090751706,2593,2026-08-01T17:32:13.000+01:00,3386,29.525062561035156,buffered
3090751706,2594,2026-08-01T17:32:23.000+01:00,3385,29.516273498535156,buffered
3090751706,2595,2026-08-01T17:32:33.000+01:00,3383,29.503517150878906,buffered
3090751706,2596,2026-08-01T17:32:43.000+01:00,3380,29.498123168945312,buffered
3090751706,2597,2026-08-01T17:32:53.000+01:00,3383,29.505210876464844,buffered
3090751706,2598,2026-08-01T17:33:03.000+01:00,3394,29.481964111328125,buffered
3090751706,2599,2026-08-01T17:33:13.000+01:00,3383,29.476295471191406,buffered
3090751706,2600,2026-08-01T17:33:23.000+01:00,3360,29.49585723876953,buffered
3090751706,2601,2026-08-01T17:33:33.000+01:00,3370,29.538955688476562,buffered
3090751706,2602,2026-08-01T17:33:43.000+01:00,3383,29.56561279296875,buffered
3090751706,2603,2026-08-01T17:33:53.000+01:00,3370,29.54718780517578,buffered
3090751706,2604,2026-08-01T17:34:03.000+01:00,3381,29.558807373046875,buffered
3090751706,2605,2026-08-01T17:34:13.000+01:00,3380,29.565330505371094,buffered
3090751706,2606,2026-08-01T17:34:23.000+01:00,3364,29.571853637695312,buffered
3090751706,2607,2026-08-01T17:34:33.000+01:00,3380,29.554550170898438,buffered
3090751706,2608,2026-08-01T17:34:43.000+01:00,3381,29.54802703857422,buffered
3090751706,2609,2026-08-01T17:34:53.000+01:00,3368,29.557113647460938,buffered
3090751706,2610,2026-08-01T17:35:03.000+01:00,3381,29.569015502929688,buffered
3090751706,2611,2026-08-01T17:35:13.000+01:00,3380,29.557952880859375,buffered
3090751706,2612,2026-08-01T17:35:23.000+01:00,3351,29.513442993164062,buffered
3090751706,2613,2026-08-01T17:35:33.000+01:00,3364,29.5072021484375,buffered
3090751706,2614,2026-08-01T17:35:43.000+01:00,3380,29.51201629638672,buffered
3090751706,2615,2026-08-01T17:35:53.000+01:00,3378,29.545196533203125,buffered
3090751706,2616,2026-08-01T17:36:03.000+01:00,3381,29.5616455078125,buffered
3090751706,2617,2026-08-01T17:36:13.000+01:00,3385,29.565330505371094,buffered
3090751706,2618,2026-08-01T17:36:23.000+01:00,3381,29.573829650878906,buffered
3090751706,2619,2026-08-01T17:36:33.000+01:00,3380,29.586593627929688,buffered
3090751706,2620,2026-08-01T17:36:43.000+01:00,3383,29.57666778564453,buffered
3090751706,2621,2026-08-01T17:36:53.000+01:00,3377,29.57128143310547,buffered
3090751706,2622,2026-08-01T17:37:03.000+01:00,3378,29.57440185546875,buffered
3090751706,2623,2026-08-01T17:37:13.000+01:00,3368,29.550018310546875,buffered
3090751706,2624,2026-08-01T17:37:23.000+01:00,3380,29.563621520996094,buffered
3090751706,2625,2026-08-01T17:37:33.000+01:00,3378,29.522232055664062,buffered
3090751706,2626,2026-08-01T17:37:43.000+01:00,3378,29.496139526367188,buffered
3090751706,2627,2026-08-01T17:37:53.000+01:00,3378,29.495574951171875,buffered
3090751706,2628,2026-08-01T17:38:03.000+01:00,3380,29.507484436035156,buffered
3090751706,2629,2026-08-01T17:38:13.000+01:00,3380,29.490760803222656,buffered
3090751706,2630,2026-08-01T17:38:23.000+01:00,3378,29.481399536132812,buffered
3090751706,2631,2026-08-01T17:38:33.000+01:00,3346,29.478843688964844,buffered
3090751706,2632,2026-08-01T17:38:43.000+01:00,3370,29.469772338867188,buffered
3090751706,2633,2026-08-01T17:38:53.000+01:00,3378,29.470909118652344,buffered
3090751706,2634,2026-08-01T17:39:03.000+01:00,3378,29.456161499023438,buffered
3090751706,2635,2026-08-01T17:39:13.000+01:00,3381,29.448509216308594,buffered
3090751706,2636,2026-08-01T17:39:23.000+01:00,3378,29.448509216308594,buffered
3090751706,2637,2026-08-01T17:39:33.000+01:00,3378,29.465240478515625,buffered
3090751706,2638,2026-08-01T17:39:43.000+01:00,3383,29.431777954101562,buffered
3090751706,2639,2026-08-01T17:39:53.000+01:00,3378,29.445106506347656,buffered
3090751706,2640,2026-08-01T17:40:03.000+01:00,3378,29.43659210205078,buffered
3090751706,2641,2026-08-01T17:40:13.000+01:00,3364,29.444541931152344,buffered
3090751706,2642,2026-08-01T17:40:23.000+01:00,3375,29.444252014160156,buffered
3090751706,2643,2026-08-01T17:40:33.000+01:00,3368,29.4456787109375,buffered
3090751706,2644,2026-08-01T17:40:43.000+01:00,3377,29.450775146484375,buffered
3090751706,2645,2026-08-01T17:40:53.000+01:00,3378,29.46070098876953,buffered
3090751706,2646,2026-08-01T17:41:03.000+01:00,3357,29.466087341308594,buffered
3090751706,2647,2026-08-01T17:41:13.000+01:00,3378,29.47600555419922,buffered
3090751706,2648,2026-08-01T17:41:23.000+01:00,3377,29.478271484375,buffered
3090751706,2649,2026-08-01T17:41:33.000+01:00,3378,29.485931396484375,buffered
3090751706,2650,2026-08-01T17:41:43.000+01:00,3378,29.49500274658203,buffered
3090751706,2651,2026-08-01T17:41:53.000+01:00,3357,29.481964111328125,buffered
3090751706,2652,2026-08-01T17:42:03.000+01:00,3368,29.496994018554688,buffered
3090751706,2653,2026-08-01T17:42:13.000+01:00,3360,29.481964111328125,buffered
3090751706,2654,2026-08-01T17:42:23.000+01:00,3377,29.503517150878906,buffered
3090751706,2655,2026-08-01T17:42:33.000+01:00,3378,29.51287078857422,buffered
3090751706,2656,2026-08-01T17:42:43.000+01:00,3378,29.547744750976562,buffered
3090751706,2657,2026-08-01T17:42:53.000+01:00,3378,29.562210083007812,buffered
3090751706,2658,2026-08-01T17:43:03.000+01:00,3378,29.570144653320312,buffered
3090751706,2659,2026-08-01T17:43:13.000+01:00,3377,29.610130310058594,buffered
3090751706,2660,2026-08-01T17:43:23.000+01:00,3377,29.6336669921875,buffered
3090751706,2661,2026-08-01T17:43:33.000+01:00,3372,29.632240295410156,buffered
3090751706,2662,2026-08-01T17:43:43.000+01:00,3375,29.630264282226562,buffered
3090751706,2663,2026-08-01T17:43:53.000+01:00,3364,29.627426147460938,buffered
3090751706,2664,2026-08-01T17:44:03.000+01:00,3377,29.648414611816406,buffered
3090751706,2665,2026-08-01T17:44:13.000+01:00,3377,29.657196044921875,buffered
3090751706,2666,2026-08-01T17:44:23.000+01:00,3378,29.638763427734375,buffered
3090751706,2667,2026-08-01T17:44:33.000+01:00,3377,29.62175750732422,buffered
3090751706,2668,2026-08-01T17:44:43.000+01:00,3377,29.616363525390625,buffered
3090751706,2669,2026-08-01T17:44:53.000+01:00,3356,29.599075317382812,buffered
3090751706,2670,2026-08-01T17:45:03.000+01:00,3378,29.605880737304688,buffered
3090751706,2671,2026-08-01T17:45:13.000+01:00,3378,29.613815307617188,buffered
3090751706,2672,2026-08-01T17:45:23.000+01:00,3364,29.624595642089844,buffered
3090751706,2673,2026-08-01T17:45:33.000+01:00,3373,29.639617919921875,buffered
3090751706,2674,2026-08-01T17:45:43.000+01:00,3373,29.629974365234375,buffered
3090751706,2675,2026-08-01T17:45:53.000+01:00,3375,29.632240295410156,buffered
3090751706,2676,2026-08-01T17:46:03.000+01:00,3378,29.628562927246094,buffered
3090751706,2677,2026-08-01T17:46:13.000+01:00,3377,29.62175750732422,buffered
3090751706,2678,2026-08-01T17:46:23.000+01:00,3373,29.613815307617188,buffered
3090751706,2679,2026-08-01T17:46:33.000+01:00,3352,29.63677978515625,buffered
3090751706,2680,2026-08-01T17:46:43.000+01:00,3377,29.640472412109375,buffered
3090751706,2681,2026-08-01T17:46:53.000+01:00,3378,29.628562927246094,buffered
3090751706,2682,2026-08-01T17:47:03.000+01:00,3373,29.603607177734375,buffered
3090751706,2683,2026-08-01T17:47:13.000+01:00,3360,29.576950073242188,buffered
3090751706,2684,2026-08-01T17:47:23.000+01:00,3375,29.591697692871094,buffered
3090751706,2685,2026-08-01T17:47:33.000+01:00,3378,29.595672607421875,buffered
3090751706,2686,2026-08-01T17:47:43.000+01:00,3377,29.60247802734375,buffered
3090751706,2687,2026-08-01T17:47:53.000+01:00,3373,29.607009887695312,buffered
3090751706,2688,2026-08-01T17:48:03.000+01:00,3373,29.60643768310547,buffered
3090751706,2689,2026-08-01T17:48:13.000+01:00,3372,29.583473205566406,buffered
3090751706,2690,2026-08-01T17:48:23.000+01:00,3370,29.596229553222656,buffered
3090751706,2691,2026-08-01T17:48:33.000+01:00,3373,29.594818115234375,buffered
3090751706,2692,2026-08-01T17:48:43.000+01:00,3362,29.596229553222656,buffered
3090751706,2693,2026-08-01T17:48:53.000+01:00,3335,29.599075317382812,live
3090751706,2694,2026-08-01T17:49:03.000+01:00,3360,29.590850830078125,live
3090751706,2695,2026-08-01T17:49:13.000+01:00,3354,29.601058959960938,live
3090751706,2696,2026-08-01T17:49:23.000+01:00,3375,29.61750030517578,live
3090751706,2698,2026-08-01T17:49:43.000+01:00,3349,29.617782592773438,live
3090751706,2699,2026-08-01T17:49:53.000+01:00,3378,29.613243103027344,live
3090751706,2700,2026-08-01T17:50:03.000+01:00,3378,29.60388946533203,live
3090751706,2701,2026-08-01T17:50:13.000+01:00,3349,29.60247802734375,live
3090751706,2702,2026-08-01T17:50:23.000+01:00,3356,29.596519470214844,live
3090751706,2703,2026-08-01T17:50:34.000+01:00,3354,29.605880737304688,live
3090751706,2704,2026-08-01T17:50:43.000+01:00,3348,29.631683349609375,live
3090751706,2705,2026-08-01T17:50:53.000+01:00,3372,29.63054656982422,live
3090751706,2706,2026-08-01T17:51:03.000+01:00,3370,29.635643005371094,live
3090751706,2707,2026-08-01T17:51:13.000+01:00,3352,29.639617919921875,live
3090751706,2708,2026-08-01T17:51:23.000+01:00,3368,29.626571655273438,live
3090751706,2709,2026-08-01T17:51:33.000+01:00,3367,29.641891479492188,live
3090751706,2710,2026-08-01T17:51:43.000+01:00,3368,29.64472198486328,live
3090751706,2711,2026-08-01T17:51:53.000+01:00,3373,29.66797637939453,live
3090751706,2712,2026-08-01T17:52:03.000+01:00,3351,29.669105529785156,live
3090751706,2713,2026-08-01T17:52:13.000+01:00,3356,29.67449951171875,live
3090751706,2714,2026-08-01T17:52:23.000+01:00,3352,29.680450439453125,live
3090751706,2715,2026-08-01T17:52:33.000+01:00,3368,29.664291381835938,live
3090751706,2716,2026-08-01T17:52:44.000+01:00,3367,29.648414611816406,live
3090751706,2717,2026-08-01T17:52:53.000+01:00,3370,29.61835479736328,live
3090751706,2718,2026-08-01T17:53:03.000+01:00,3368,29.56702423095703,live
3090751706,2719,2026-08-01T17:53:13.000+01:00,3368,29.5537109375,live
3090751706,2720,2026-08-01T17:53:23.000+01:00,3373,29.526771545410156,live
3090751706,2721,2026-08-01T17:53:33.000+01:00,3364,29.476577758789062,live
3090751706,2722,2026-08-01T17:53:43.000+01:00,3354,29.394912719726562,live
3090751706,2723,2026-08-01T17:53:53.000+01:00,3341,29.337356567382812,live
3090751706,2724,2026-08-01T17:54:03.000+01:00,3364,29.265052795410156,live
3090751706,2725,2026-08-01T17:54:13.000+01:00,3368,29.172332763671875,live
3090751706,2726,2026-08-01T17:54:23.000+01:00,3344,29.092079162597656,live
3090751706,2727,2026-08-01T17:54:33.000+01:00,3368,29.06884002685547,live
3090751706,2728,2026-08-01T17:54:43.000+01:00,3367,29.0478515625,live
3090751706,2729,2026-08-01T17:54:54.000+01:00,3344,29.058631896972656,live
3090751706,2730,2026-08-01T17:55:03.000+01:00,3367,29.085845947265625,live
3090751706,2731,2026-08-01T17:55:13.000+01:00,3364,29.099456787109375,live
3090751706,2732,2026-08-01T17:55:23.000+01:00,3348,29.108253479003906,live
3090751706,2733,2026-08-01T17:55:33.000+01:00,3349,29.084434509277344,live
3090751706,2734,2026-08-01T17:55:43.000+01:00,3364,29.07988739013672,live
3090751706,2735,2026-08-01T17:55:53.000+01:00,3346,29.085845947265625,live
3090751706,2736,2026-08-01T17:56:03.000+01:00,3367,29.12213897705078,live
3090751706,2737,2026-08-01T17:56:13.000+01:00,3362,29.143692016601562,live
3090751706,2738,2026-08-01T17:56:23.000+01:00,3364,29.18791961669922,live
3090751706,2739,2026-08-01T17:56:33.000+01:00,3368,29.208908081054688,live
3090751706,2740,2026-08-01T17:56:43.000+01:00,3364,29.21288299560547,live
3090751706,2741,2026-08-01T17:56:53.000+01:00,3362,29.25200653076172,live
3090751706,2742,2026-08-01T17:57:04.000+01:00,3367,29.245773315429688,live
3090751706,2743,2026-08-01T17:57:13.000+01:00,3367,29.21599578857422,live
3090751706,2744,2026-08-01T17:57:23.000+01:00,3359,29.204940795898438,live
3090751706,2745,2026-08-01T17:57:33.000+01:00,3362,29.216285705566406,live
3090751706,2746,2026-08-01T17:57:43.000+01:00,3364,29.213722229003906,live
3090751706,2747,2026-08-01T17:57:53.000+01:00,3360,29.174598693847656,live
3090751706,2748,2026-08-01T17:58:03.000+01:00,3362,29.17119598388672,live
3090751706,2749,2026-08-01T17:58:13.000+01:00,3362,29.18310546875,live
3090751706,2750,2026-08-01T17:58:23.000+01:00,3360,29.22309112548828,live
3090751706,2751,2026-08-01T17:58:33.000+01:00,3336,29.264488220214844,live
3090751706,2752,2026-08-01T17:58:43.000+01:00,3357,29.278656005859375,live
3090751706,2753,2026-08-01T17:58:53.000+01:00,3360,29.285743713378906,live
3090751706,2754,2026-08-01T17:59:04.000+01:00,3327,29.279510498046875,live
3090751706,2755,2026-08-01T17:59:13.000+01:00,3362,29.2647705078125,live
3090751706,2756,2026-08-01T17:59:23.000+01:00,3362,29.254562377929688,live
3090751706,2757,2026-08-01T17:59:33.000+01:00,3343,29.270721435546875,live
3090751706,2758,2026-08-01T17:59:43.000+01:00,3362,29.27979278564453,live
3090751706,2759,2026-08-01T17:59:53.000+01:00,3364,29.289718627929688,live
3090751706,2760,2026-08-01T18:00:03.000+01:00,3338,29.30644989013672,live
3090751706,2761,2026-08-01T18:00:13.000+01:00,3356,29.31751251220703,live
3090751706,2762,2026-08-01T18:00:23.000+01:00,3368,29.327720642089844,live
3090751706,2763,2026-08-01T18:00:33.000+01:00,3325,29.3271484375,live
3090751706,2764,2026-08-01T18:00:43.000+01:00,3357,29.319488525390625,live
3090751706,2765,2026-08-01T18:00:53.000+01:00,3357,29.307586669921875,live
3090751706,2766,2026-08-01T18:01:03.000+01:00,3368,29.30730438232422,live
3090751706,2767,2026-08-01T18:01:13.000+01:00,3360,29.33905792236328,live
3090751706,2768,2026-08-01T18:01:23.000+01:00,3356,29.35124969482422,live
3090751706,2769,2026-08-01T18:01:34.000+01:00,3360,29.358619689941406,live
3090751706,2770,2026-08-01T18:01:43.000+01:00,3357,29.351531982421875,live
3090751706,2771,2026-08-01T18:01:53.000+01:00,3359,29.35607147216797,live
3090751706,2772,2026-08-01T18:02:03.000+01:00,3360,29.369110107421875,live
3090751706,2773,2026-08-01T18:02:13.000+01:00,3360,29.38867950439453,live
3090751706,2774,2026-08-01T18:02:23.000+01:00,3348,29.38867950439453,live
3090751706,2775,2026-08-01T18:02:33.000+01:00,3357,29.419021606445312,live
3090751706,2776,2026-08-01T18:02:43.000+01:00,3359,29.448226928710938,live
3090751706,2777,2026-08-01T18:02:53.000+01:00,3357,29.462966918945312,live
3090751706,2778,2026-08-01T18:03:03.000+01:00,3362,29.485092163085938,live
3090751706,2779,2026-08-01T18:03:13.000+01:00,3360,29.49188995361328,live
3090751706,2780,2026-08-01T18:03:23.000+01:00,3357,29.47600555419922,live
3090751706,2781,2026-08-01T18:03:33.000+01:00,3357,29.49359130859375,live
3090751706,2782,2026-08-01T18:03:44.000+01:00,3335,29.506637573242188,live
3090751706,2783,2026-08-01T18:03:53.000+01:00,3341,29.524208068847656,live
3090751706,2784,2026-08-01T18:04:03.000+01:00,3354,29.528182983398438,live
3090751706,2785,2026-08-01T18:04:13.000+01:00,3327,29.542930603027344,live
3090751706,2786,2026-08-01T18:04:23.000+01:00,3354,29.553985595703125,live
3090751706,2787,2026-08-01T18:04:33.000+01:00,3357,29.566741943359375,live
3090751706,2788,2026-08-01T18:04:43.000+01:00,3327,29.579505920410156,live
3090751706,2789,2026-08-01T18:04:53.000+01:00,3354,29.59282684326172,live
3090751706,2790,2026-08-01T18:05:03.000+01:00,3354,29.614952087402344,live
3090751706,2791,2026-08-01T18:05:13.000+01:00,3330,29.629974365234375,live
3090751706,2792,2026-08-01T18:05:23.000+01:00,3356,29.64812469482422,live
3090751706,2793,2026-08-01T18:05:33.000+01:00,3362,29.65522003173828,live
3090751706,2794,2026-08-01T18:05:43.000+01:00,3325,29.663436889648438,live
3090751706,2795,2026-08-01T18:05:54.000+01:00,3352,29.6583251953125,live
3090751706,2796,2026-08-01T18:06:03.000+01:00,3354,29.69037628173828,live
3090751706,2797,2026-08-01T18:06:13.000+01:00,3338,29.722702026367188,live
3090751706,2798,2026-08-01T18:06:23.000+01:00,3354,29.741409301757812,live
3090751706,2799,2026-08-01T18:06:33.000+01:00,3354,29.75048065185547,live
3090751706,2800,2026-08-01T18:06:43.000+01:00,3362,29.75048065185547,live
3090751706,2801,2026-08-01T18:06:53.000+01:00,3351,29.74707794189453,live
3090751706,2802,2026-08-01T18:07:03.000+01:00,3357,29.745948791503906,live
3090751706,2803,2026-08-01T18:07:13.000+01:00,3338,29.758712768554688,live
3090751706,2804,2026-08-01T18:07:23.000+01:00,3360,29.778846740722656,live
3090751706,2805,2026-08-01T18:07:33.000+01:00,3344,29.78820037841797,live
3090751706,2806,2026-08-01T18:07:43.000+01:00,3351,29.747650146484375,live
3090751706,2807,2026-08-01T18:07:53.000+01:00,3357,29.73914337158203,live
3090751706,2808,2026-08-01T18:08:04.000+01:00,3351,29.732337951660156,live
3090751706,2809,2026-08-01T18:08:13.000+01:00,3352,29.730636596679688,live
3090751706,2810,2026-08-01T18:08:23.000+01:00,3320,29.72496795654297,live
3090751706,2811,2026-08-01T18:08:33.000+01:00,3352,29.713340759277344,live
3090751706,2812,2026-08-01T18:08:43.000+01:00,3359,29.694061279296875,live
3090751706,2813,2026-08-01T18:08:53.000+01:00,3343,29.699729919433594,live
3090751706,2814,2026-08-01T18:09:03.000+01:00,3336,29.698883056640625,live
3090751706,2815,2026-08-01T18:09:13.000+01:00,3357,29.701156616210938,live
3090751706,2816,2026-08-01T18:09:23.000+01:00,3330,29.725814819335938,live
3090751706,2817,2026-08-01T18:09:33.000+01:00,3352,29.729217529296875,live
3090751706,2818,2026-08-01T18:09:43.000+01:00,3351,29.773178100585938,live
3090751706,2819,2026-08-01T18:09:54.000+01:00,3330,29.75672149658203,live
3090751706,2820,2026-08-01T18:10:03.000+01:00,3354,29.757003784179688,live
3090751706,2821,2026-08-01T18:10:13.000+01:00,3352,29.757286071777344,live
3090751706,2822,2026-08-01T18:10:23.000+01:00,3349,29.7337646484375,live
3090751706,2823,2026-08-01T18:10:33.000+01:00,3351,29.717315673828125,live
3090751706,2824,2026-08-01T18:10:43.000+01:00,3351,29.68810272216797,live
3090751706,2825,2026-08-01T18:10:54.000+01:00,3343,29.624305725097656,live
3090751706,2826,2026-08-01T18:11:03.000+01:00,3351,29.525634765625,live
3090751706,2827,2026-08-01T18:11:13.000+01:00,3354,29.46807098388672,live
3090751706,2828,2026-08-01T18:11:23.000+01:00,3351,29.370529174804688,live
3090751706,2829,2026-08-01T18:11:33.000+01:00,3348,29.33196258544922,live
3090751706,2830,2026-08-01T18:11:43.000+01:00,3351,29.308143615722656,live
3090751706,2831,2026-08-01T18:11:53.000+01:00,3348,29.300498962402344,live
3090751706,2832,2026-08-01T18:12:03.000+01:00,3352,29.280364990234375,live
3090751706,2833,2026-08-01T18:12:13.000+01:00,3351,29.28319549560547,live
3090751706,2834,2026-08-01T18:12:23.000+01:00,3335,29.29511260986328,live
3090751706,2835,2026-08-01T18:12:33.000+01:00,3335,29.32402801513672,live
3090751706,2836,2026-08-01T18:12:44.000+01:00,3349,29.360885620117188,live
3090751706,2837,2026-08-01T18:12:53.000+01:00,3349,29.377334594726562,live
3090751706,2838,2026-08-01T18:13:03.000+01:00,3327,29.39037322998047,live
3090751706,2839,2026-08-01T18:13:13.000+01:00,3349,29.41022491455078,live
3090751706,2840,2026-08-01T18:13:23.000+01:00,3349,29.423553466796875,live
3090751706,2841,2026-08-01T18:13:33.000+01:00,3327,29.45758056640625,live
3090751706,2842,2026-08-01T18:13:43.000+01:00,3351,29.501251220703125,live
3090751706,2843,2026-08-01T18:13:53.000+01:00,3348,29.53272247314453,live
3090751706,2844,2026-08-01T18:14:03.000+01:00,3325,29.53101348876953,live
3090751706,2845,2026-08-01T18:14:13.000+01:00,3336,29.541221618652344,live
3090751706,2846,2026-08-01T18:14:23.000+01:00,3352,29.537261962890625,live
3090751706,2847,2026-08-01T18:14:33.000+01:00,3352,29.507774353027344,live
3090751706,2848,2026-08-01T18:14:43.000+01:00,3351,29.493873596191406,live
3090751706,2849,2026-08-01T18:14:54.000+01:00,3349,29.48735809326172,live
3090751706,2850,2026-08-01T18:15:03.000+01:00,3348,29.470909118652344,live
3090751706,2851,2026-08-01T18:15:13.000+01:00,3351,29.448509216308594,live
3090751706,2852,2026-08-01T18:15:23.000+01:00,3351,29.4422607421875,live
3090751706,2853,2026-08-01T18:15:33.000+01:00,3349,29.452476501464844,live
3090751706,2854,2026-08-01T18:15:43.000+01:00,3330,29.476577758789062,live
3090751706,2855,2026-08-01T18:15:53.000+01:00,3348,29.496139526367188,live
3090751706,2856,2026-08-01T18:16:03.000+01:00,3331,29.479698181152344,live
3090751706,2857,2026-08-01T18:16:13.000+01:00,3349,29.449356079101562,live
3090751706,2858,2026-08-01T18:16:23.000+01:00,3348,29.45134735107422,live
3090751706,2859,2026-08-01T18:16:33.000+01:00,3343,29.41844940185547,live
3090751706,2860,2026-08-01T18:16:43.000+01:00,3344,29.405975341796875,live
3090751706,2861,2026-08-01T18:16:53.000+01:00,3346,29.388961791992188,live
3090751706,2862,2026-08-01T18:17:04.000+01:00,3348,29.370529174804688,live
3090751706,2863,2026-08-01T18:17:13.000+01:00,3327,29.371665954589844,live
3090751706,2864,2026-08-01T18:17:23.000+01:00,3346,29.358901977539062,live
3090751706,2865,2026-08-01T18:17:33.000+01:00,3331,29.305038452148438,live
3090751706,2866,2026-08-01T18:17:43.000+01:00,3327,29.29595184326172,live
3090751706,2867,2026-08-01T18:17:53.000+01:00,3348,29.272987365722656,live
3090751706,2868,2026-08-01T18:18:03.000+01:00,3344,29.286598205566406,live
3090751706,2869,2026-08-01T18:18:13.000+01:00,3348,29.298507690429688,live
3090751706,2870,2026-08-01T18:18:23.000+01:00,3348,29.309852600097656,live
3090751706,2871,2026-08-01T18:18:33.000+01:00,3344,29.314666748046875,live
3090751706,2872,2026-08-01T18:18:43.000+01:00,3322,29.338775634765625,live
3090751706,2873,2026-08-01T18:18:53.000+01:00,3349,29.362876892089844,live
3090751706,2874,2026-08-01T18:19:03.000+01:00,3344,29.375633239746094,live
3090751706,2875,2026-08-01T18:19:14.000+01:00,3328,29.37109375,live
3090751706,2876,2026-08-01T18:19:23.000+01:00,3331,29.372802734375,live
3090751706,2877,2026-08-01T18:19:33.000+01:00,3344,29.387542724609375,live
3090751706,2878,2026-08-01T18:19:43.000+01:00,3343,29.381019592285156,live
3090751706,2879,2026-08-01T18:19:53.000+01:00,3344,29.367691040039062,live
3090751706,2880,2026-08-01T18:20:03.000+01:00,3338,29.383567810058594,live
3090751706,2881,2026-08-01T18:20:13.000+01:00,3348,29.38782501220703,live
3090751706,2882,2026-08-01T18:20:23.000+01:00,3344,29.372802734375,live
3090751706,2883,2026-08-01T18:20:33.000+01:00,3341,29.35833740234375,live
3090751706,2884,2026-08-01T18:20:43.000+01:00,3327,29.316375732421875,live
3090751706,2885,2026-08-01T18:20:54.000+01:00,3325,29.301910400390625,live
3090751706,2886,2026-08-01T18:21:03.000+01:00,3330,29.269027709960938,live
3090751706,2887,2026-08-01T18:21:13.000+01:00,3348,29.238967895507812,live
3090751706,2888,2026-08-01T18:21:23.000+01:00,3323,29.21514892578125,live
3090751706,2889,2026-08-01T18:21:33.000+01:00,3343,29.185653686523438,live
3090751706,2890,2026-08-01T18:21:44.000+01:00,3344,29.15673828125,live
3090751706,2891,2026-08-01T18:21:53.000+01:00,3325,29.168930053710938,live
3090751706,2892,2026-08-01T18:22:03.000+01:00,3343,29.169776916503906,live
3090751706,2893,2026-08-01T18:22:13.000+01:00,3344,29.13433837890625,live
3090751706,2894,2026-08-01T18:22:23.000+01:00,3327,29.144821166992188,live
3090751706,2895,2026-08-01T18:22:33.000+01:00,3328,29.138015747070312,live
3090751706,2896,2026-08-01T18:22:43.000+01:00,3327,29.133201599121094,live
3090751706,2897,2026-08-01T18:22:53.000+01:00,3322,29.13178253173828,live
3090751706,2898,2026-08-01T18:23:03.000+01:00,3351,29.135467529296875,live
3090751706,2899,2026-08-01T18:23:13.000+01:00,3344,29.126113891601562,live
3090751706,2900,2026-08-01T18:23:23.000+01:00,3325,29.140289306640625,live
3090751706,2901,2026-08-01T18:23:33.000+01:00,3338,29.1470947265625,live
3090751706,2902,2026-08-01T18:23:44.000+01:00,3346,29.16069793701172,live
3090751706,2903,2026-08-01T18:23:53.000+01:00,3341,29.14539337158203,live
3090751706,2904,2026-08-01T18:24:03.000+01:00,3343,29.128662109375,live
3090751706,2905,2026-08-01T18:24:13.000+01:00,3344,29.03594207763672,live
3090751706,2906,2026-08-01T18:24:23.000+01:00,3328,28.960235595703125,live
3090751706,2907,2026-08-01T18:24:33.000+01:00,3341,28.92139434814453,live
3090751706,2908,2026-08-01T18:24:43.000+01:00,3338,28.87488555908203,live
3090751706,2909,2026-08-01T18:24:53.000+01:00,3344,28.868370056152344,live
3090751706,2910,2026-08-01T18:25:03.000+01:00,3341,28.88282012939453,live
3090751706,2911,2026-08-01T18:25:13.000+01:00,3343,28.880271911621094,live
3090751706,2912,2026-08-01T18:25:23.000+01:00,3352,28.89246368408203,live
3090751706,2913,2026-08-01T18:25:33.000+01:00,3338,28.900123596191406,live
3090751706,2914,2026-08-01T18:25:44.000+01:00,3341,28.924224853515625,live
3090751706,2915,2026-08-01T18:25:53.000+01:00,3335,28.958534240722656,live
3090751706,2916,2026-08-01T18:26:03.000+01:00,3325,28.947479248046875,live
3090751706,2917,2026-08-01T18:26:13.000+01:00,3335,28.957962036132812,live
3090751706,2918,2026-08-01T18:26:23.000+01:00,3341,28.980941772460938,live
3090751706,2928,2026-08-01T18:28:03.000+01:00,3323,29.112213134765625,live
3090751706,2929,2026-08-01T18:28:13.000+01:00,3336,29.101730346679688,live
3090751706,2930,2026-08-01T18:28:23.000+01:00,3335,29.09123992919922,live
3090751706,2931,2026-08-01T18:28:33.000+01:00,3322,29.087547302246094,live
3090751706,2932,2026-08-01T18:28:43.000+01:00,3338,29.088401794433594,live
3090751706,2933,2026-08-01T18:28:53.000+01:00,3335,29.102859497070312,live
3090751706,2934,2026-08-01T18:29:03.000+01:00,3319,29.11675262451172,live
3090751706,2935,2026-08-01T18:29:13.000+01:00,3335,29.129798889160156,live
3090751706,2936,2026-08-01T18:29:23.000+01:00,3327,29.16240692138672,live
3090751706,2937,2026-08-01T18:29:33.000+01:00,3336,29.172332763671875,live
3090751706,2938,2026-08-01T18:29:44.000+01:00,3338,29.195579528808594,live
3090751706,2939,2026-08-01T18:29:53.000+01:00,3336,29.208053588867188,live
3090751706,2940,2026-08-01T18:30:03.000+01:00,3335,29.20691680908203,live
3090751706,2941,2026-08-01T18:30:13.000+01:00,3335,29.23017120361328,live
3090751706,2942,2026-08-01T18:30:23.000+01:00,3335,29.23357391357422,live
3090751706,2943,2026-08-01T18:30:33.000+01:00,3333,29.23357391357422,live
3090751706,2944,2026-08-01T18:30:43.000+01:00,3338,29.233856201171875,live
3090751706,2945,2026-08-01T18:30:53.000+01:00,3327,29.240951538085938,live
3090751706,2946,2026-08-01T18:31:03.000+01:00,3331,29.25739288330078,live
3090751706,2947,2026-08-01T18:31:13.000+01:00,3327,29.255699157714844,live
3090751706,2948,2026-08-01T18:31:24.000+01:00,3336,29.251724243164062,live
3090751706,2949,2026-08-01T18:31:33.000+01:00,3333,29.25257110595703,live
3090751706,2950,2026-08-01T18:31:43.000+01:00,3319,29.2647705078125,live
3090751706,2951,2026-08-01T18:31:53.000+01:00,3335,29.27838134765625,live
3090751706,2952,2026-08-01T18:32:03.000+01:00,3331,29.29254913330078,live
3090751706,2953,2026-08-01T18:32:13.000+01:00,3317,29.30474090576172,live
3090751706,2954,2026-08-01T18:32:23.000+01:00,3346,29.301910400390625,live
3090751706,2955,2026-08-01T18:32:33.000+01:00,3338,29.281784057617188,live
3090751706,2956,2026-08-01T18:32:43.000+01:00,3291,29.26958465576172,live
3090751706,2957,2026-08-01T18:32:53.000+01:00,3331,29.282630920410156,live
3090751706,2958,2026-08-01T18:33:03.000+01:00,3333,29.31353759765625,live
3090751706,2959,2026-08-01T18:33:13.000+01:00,3312,29.350120544433594,live
3090751706,2960,2026-08-01T18:33:23.000+01:00,3338,29.359474182128906,live
3090751706,2961,2026-08-01T18:33:33.000+01:00,3338,29.36713409423828,live
3090751706,2962,2026-08-01T18:33:43.000+01:00,3328,29.35663604736328,live
3090751706,2963,2026-08-01T18:33:54.000+01:00,3333,29.400299072265625,live
3090751706,2964,2026-08-01T18:34:03.000+01:00,3335,29.4088134765625,live
3090751706,2965,2026-08-01T18:34:13.000+01:00,3319,29.394912719726562,live
3090751706,2966,2026-08-01T18:34:23.000+01:00,3338,29.402008056640625,live
3090751706,2967,2026-08-01T18:34:33.000+01:00,3319,29.39520263671875,live
3090751706,2968,2026-08-01T18:34:43.000+01:00,3330,29.401718139648438,live
3090751706,2969,2026-08-01T18:34:53.000+01:00,3344,29.413070678710938,live
3090751706,2970,2026-08-01T18:35:03.000+01:00,3330,29.43347930908203,live
3090751706,2971,2026-08-01T18:35:13.000+01:00,3330,29.45928192138672,live
3090751706,2972,2026-08-01T18:35:23.000+01:00,3331,29.447372436523438,live
3090751706,2973,2026-08-01T18:35:33.000+01:00,3341,29.42950439453125,live
3090751706,2974,2026-08-01T18:35:43.000+01:00,3331,29.432907104492188,live
3090751706,2975,2026-08-01T18:35:54.000+01:00,3310,29.44963836669922,live
3090751706,2976,2026-08-01T18:36:03.000+01:00,3315,29.42894744873047,live
3090751706,2977,2026-08-01T18:36:13.000+01:00,3330,29.414764404296875,live
3090751706,2978,2026-08-01T18:36:23.000+01:00,3315,29.399169921875,live
3090751706,2979,2026-08-01T18:36:33.000+01:00,3328,29.378189086914062,live
3090751706,2980,2026-08-01T18:36:43.000+01:00,3327,29.36713409423828,live
3090751706,2981,2026-08-01T18:36:53.000+01:00,3310,29.37989044189453,live
3090751706,2982,2026-08-01T18:37:03.000+01:00,3330,29.385276794433594,live
3090751706,2983,2026-08-01T18:37:13.000+01:00,3335,29.402847290039062,live
3090751706,2984,2026-08-01T18:37:23.000+01:00,3312,29.4176025390625,live
3090751706,2985,2026-08-01T18:37:33.000+01:00,3330,29.459564208984375,live
3090751706,2986,2026-08-01T18:37:43.000+01:00,3327,29.475440979003906,live
3090751706,2987,2026-08-01T18:37:54.000+01:00,3322,29.462684631347656,live
3090751706,2988,2026-08-01T18:38:03.000+01:00,3331,29.433761596679688,live
3090751706,2989,2026-08-01T18:38:13.000+01:00,3331,29.42327117919922,live
3090751706,2990,2026-08-01T18:38:23.000+01:00,3330,29.426101684570312,live
3090751706,2991,2026-08-01T18:38:33.000+01:00,3328,29.413909912109375,live
3090751706,2992,2026-08-01T18:38:43.000+01:00,3330,29.41930389404297,live
3090751706,2993,2026-08-01T18:38:53.000+01:00,3327,29.437728881835938,live
3090751706,2994,2026-08-01T18:39:03.000+01:00,3333,29.449081420898438,live
3090751706,2995,2026-08-01T18:39:13.000+01:00,3328,29.461265563964844,live
3090751706,2996,2026-08-01T18:39:23.000+01:00,3320,29.448226928710938,live
3090751706,2997,2026-08-01T18:39:33.000+01:00,3330,29.402847290039062,live
3090751706,2998,2026-08-01T18:39:43.000+01:00,3328,29.385841369628906,live
3090751706,2999,2026-08-01T18:39:54.000+01:00,3327,29.34869384765625,live
3090751706,3000,2026-08-01T18:40:03.000+01:00,3331,29.333953857421875,live
3090751706,3001,2026-08-01T18:40:13.000+01:00,3327,29.35521697998047,live
3090751706,3002,2026-08-01T18:40:23.000+01:00,3327,29.3702392578125,live
3090751706,3003,2026-08-01T18:40:33.000+01:00,3310,29.350677490234375,live
3090751706,3004,2026-08-01T18:40:43.000+01:00,3327,29.337646484375,live
3090751706,3005,2026-08-01T18:40:53.000+01:00,3328,29.325157165527344,live
3090751706,3006,2026-08-01T18:41:03.000+01:00,3299,29.3262939453125,live
3090751706,3007,2026-08-01T18:41:13.000+01:00,3317,29.348411560058594,live
3090751706,3008,2026-08-01T18:41:23.000+01:00,3327,29.32799530029297,live
3090751706,3009,2026-08-01T18:41:33.000+01:00,3296,29.328277587890625,live
3090751706,3010,2026-08-01T18:41:44.000+01:00,3327,29.301910400390625,live
3090751706,3011,2026-08-01T18:41:53.000+01:00,3331,29.281784057617188,live
3090751706,3012,2026-08-01T18:42:03.000+01:00,3299,29.312400817871094,live
3090751706,3013,2026-08-01T18:42:13.000+01:00,3336,29.344154357910156,live
3090751706,3014,2026-08-01T18:42:23.000+01:00,3327,29.342178344726562,live
3090751706,3015,2026-08-01T18:42:33.000+01:00,3327,29.33820343017578,live
3090751706,3016,2026-08-01T18:42:44.000+01:00,3315,29.329696655273438,live
3090751706,3017,2026-08-01T18:42:53.000+01:00,3327,29.33991241455078,live
3090751706,3018,2026-08-01T18:43:03.000+01:00,3312,29.3447265625,live
3090751706,3019,2026-08-01T18:43:13.000+01:00,3328,29.365997314453125,live
3090751706,3020,2026-08-01T18:43:23.000+01:00,3327,29.3736572265625,live
3090751706,3021,2026-08-01T18:43:33.000+01:00,3327,29.37903594970703,live
3090751706,3022,2026-08-01T18:43:43.000+01:00,3330,29.39349365234375,live
3090751706,3023,2026-08-01T18:43:53.000+01:00,3327,29.412216186523438,live
3090751706,3024,2026-08-01T18:44:04.000+01:00,3327,29.426956176757812,live
3090751706,3025,2026-08-01T18:44:13.000+01:00,3327,29.433189392089844,live
3090751706,3026,2026-08-01T18:44:23.000+01:00,3327,29.466934204101562,live
3090751706,3027,2026-08-01T18:44:33.000+01:00,3310,29.481689453125,live
3090751706,3028,2026-08-01T18:44:43.000+01:00,3327,29.499832153320312,live
3090751706,3029,2026-08-01T18:44:53.000+01:00,3327,29.505783081054688,live
3090751706,3030,2026-08-01T18:45:03.000+01:00,3327,29.521377563476562,live
3090751706,3031,2026-08-01T18:45:13.000+01:00,3299,29.50804901123047,live
3090751706,3032,2026-08-01T18:45:23.000+01:00,3325,29.533859252929688,live
3090751706,3033,2026-08-01T18:45:33.000+01:00,3325,29.53357696533203,live
3090751706,3034,2026-08-01T18:45:43.000+01:00,3293,29.53839111328125,live
3090751706,3035,2026-08-01T18:45:53.000+01:00,3325,29.532440185546875,live
3090751706,3036,2026-08-01T18:46:04.000+01:00,3310,29.51032257080078,live
3090751706,3037,2026-08-01T18:46:13.000+01:00,3293,29.513153076171875,live
3090751706,3038,2026-08-01T18:46:23.000+01:00,3314,29.4791259765625,live
3090751706,3039,2026-08-01T18:46:33.000+01:00,3328,29.467506408691406,live
3090751706,3040,2026-08-01T18:46:43.000+01:00,3296,29.461837768554688,live
3090751706,3041,2026-08-01T18:46:53.000+01:00,3327,29.43688201904297,live
3090751706,3042,2026-08-01T18:47:03.000+01:00,3327,29.425254821777344,live
3090751706,3043,2026-08-01T18:47:13.000+01:00,3325,29.392364501953125,live
3090751706,3044,2026-08-01T18:47:23.000+01:00,3327,29.40058135986328,live
3090751706,3045,2026-08-01T18:47:33.000+01:00,3327,29.412216186523438,live
3090751706,3046,2026-08-01T18:47:43.000+01:00,3327,29.441131591796875,live
3090751706,3047,2026-08-01T18:47:53.000+01:00,3310,29.463531494140625,live
3090751706,3048,2026-08-01T18:48:04.000+01:00,3323,29.47771453857422,live
3090751706,3049,2026-08-01T18:48:13.000+01:00,3327,29.48706817626953,live
3090751706,3050,2026-08-01T18:48:23.000+01:00,3327,29.493026733398438,live
3090751706,3051,2026-08-01T18:48:33.000+01:00,3327,29.51287078857422,live
3090751706,3052,2026-08-01T18:48:43.000+01:00,3327,29.50152587890625,live
3090751706,3053,2026-08-01T18:48:53.000+01:00,3293,29.467788696289062,live
3090751706,3054,2026-08-01T18:49:03.000+01:00,3325,29.41986846923828,live
3090751706,3055,2026-08-01T18:49:13.000+01:00,3327,29.375350952148438,live
3090751706,3056,2026-08-01T18:49:23.000+01:00,3330,29.362022399902344,live
3090751706,3057,2026-08-01T18:49:33.000+01:00,3325,29.390090942382812,live
3090751706,3058,2026-08-01T18:49:43.000+01:00,3317,29.376487731933594,live
3090751706,3059,2026-08-01T18:49:53.000+01:00,3298,29.34728240966797,live
3090751706,3060,2026-08-01T18:50:04.000+01:00,3325,29.344444274902344,live
3090751706,3061,2026-08-01T18:50:13.000+01:00,3327,29.33196258544922,live
3090751706,3062,2026-08-01T18:50:23.000+01:00,3291,29.309280395507812,live
3090751706,3063,2026-08-01T18:50:33.000+01:00,3327,29.290573120117188,live
3090751706,3064,2026-08-01T18:50:43.000+01:00,3323,29.269302368164062,live
3090751706,3065,2026-08-01T18:50:53.000+01:00,3327,29.249176025390625,live
3090751706,3066,2026-08-01T18:51:03.000+01:00,3327,29.25994110107422,live
3090751706,3067,2026-08-01T18:51:13.000+01:00,3309,29.265899658203125,live
3090751706,3068,2026-08-01T18:51:23.000+01:00,3319,29.257675170898438,live
3090751706,3069,2026-08-01T18:51:33.000+01:00,3327,29.27979278564453,live
3090751706,3070,2026-08-01T18:51:43.000+01:00,3325,29.27979278564453,live
3090751706,3071,2026-08-01T18:51:53.000+01:00,3322,29.269866943359375,live
3090751706,3072,2026-08-01T18:52:04.000+01:00,3319,29.269027709960938,live
3090751706,3073,2026-08-01T18:52:13.000+01:00,3322,29.257675170898438,live
3090751706,3074,2026-08-01T18:52:23.000+01:00,3325,29.249732971191406,live
3090751706,3075,2026-08-01T18:52:33.000+01:00,3325,29.250869750976562,live
3090751706,3076,2026-08-01T18:52:43.000+01:00,3322,29.234710693359375,live
3090751706,3077,2026-08-01T18:52:53.000+01:00,3322,29.236412048339844,live
3090751706,3078,2026-08-01T18:53:03.000+01:00,3280,29.233291625976562,live
3090751706,3079,2026-08-01T18:53:14.000+01:00,3322,29.208343505859375,live
3090751706,3080,2026-08-01T18:53:23.000+01:00,3319,29.2015380859375,live
3090751706,3081,2026-08-01T18:53:33.000+01:00,3291,29.20380401611328,live
3090751706,3082,2026-08-01T18:53:43.000+01:00,3325,29.195579528808594,live
3090751706,3083,2026-08-01T18:53:53.000+01:00,3325,29.190185546875,live
3090751706,3084,2026-08-01T18:54:03.000+01:00,3291,29.20380401611328,live
3090751706,3085,2026-08-01T18:54:13.000+01:00,3323,29.217697143554688,live
3090751706,3086,2026-08-01T18:54:24.000+01:00,3319,29.217979431152344,live
3090751706,3087,2026-08-01T18:54:33.000+01:00,3273,29.231590270996094,live
3090751706,3088,2026-08-01T18:54:43.000+01:00,3323,29.245773315429688,live
3090751706,3089,2026-08-01T18:54:53.000+01:00,3298,29.276390075683594,live
3090751706,3090,2026-08-01T18:55:03.000+01:00,3319,29.282913208007812,live
3090751706,3091,2026-08-01T18:55:13.000+01:00,3319,29.277244567871094,live
3090751706,3092,2026-08-01T18:55:23.000+01:00,3319,29.276390075683594,live
3090751706,3093,2026-08-01T18:55:33.000+01:00,3322,29.283477783203125,live
3090751706,3094,2026-08-01T18:55:43.000+01:00,3320,29.278656005859375,live
3090751706,3095,2026-08-01T18:55:53.000+01:00,3322,29.278099060058594,live
3090751706,3096,2026-08-01T18:56:03.000+01:00,3322,29.25910186767578,live
3090751706,3097,2026-08-01T18:56:13.000+01:00,3320,29.286880493164062,live
3090751706,3098,2026-08-01T18:56:24.000+01:00,3298,29.314666748046875,live
3090751706,3099,2026-08-01T18:56:33.000+01:00,3319,29.345863342285156,live
3090751706,3100,2026-08-01T18:56:43.000+01:00,3322,29.34160614013672,live
3090751706,3101,2026-08-01T18:56:53.000+01:00,3322,29.354080200195312,live
3090751706,3102,2026-08-01T18:57:03.000+01:00,3323,29.347557067871094,live
3090751706,3103,2026-08-01T18:57:13.000+01:00,3286,29.3447265625,live
3090751706,3104,2026-08-01T18:57:23.000+01:00,3320,29.33026885986328,live
3090751706,3105,2026-08-01T18:57:33.000+01:00,3319,29.33820343017578,live
3090751706,3106,2026-08-01T18:57:43.000+01:00,3288,29.341888427734375,live
3090751706,3107,2026-08-01T18:57:53.000+01:00,3293,29.34784698486328,live
3090751706,3108,2026-08-01T18:58:03.000+01:00,3315,29.36457061767578,live
3090751706,3109,2026-08-01T18:58:13.000+01:00,3275,29.36882781982422,live
3090751706,3110,2026-08-01T18:58:24.000+01:00,3323,29.360328674316406,live
3090751706,3111,2026-08-01T18:58:33.000+01:00,3319,29.364288330078125,live
3090751706,3112,2026-08-01T18:58:43.000+01:00,3293,29.36627960205078,live
3090751706,3113,2026-08-01T18:58:53.000+01:00,3319,29.3719482421875,live
3090751706,3114,2026-08-01T18:59:03.000+01:00,3322,29.373085021972656,live
3090751706,3115,2026-08-01T18:59:13.000+01:00,3281,29.380165100097656,live
3090751706,3116,2026-08-01T18:59:23.000+01:00,3319,29.390090942382812,live
3090751706,3117,2026-08-01T18:59:33.000+01:00,3319,29.38726043701172,live
3090751706,3118,2026-08-01T18:59:43.000+01:00,3293,29.381301879882812,live
3090751706,3119,2026-08-01T18:59:53.000+01:00,3319,29.383010864257812,live
3090751706,3120,2026-08-01T19:00:03.000+01:00,3317,29.388107299804688,live
3090751706,3121,2026-08-01T19:00:13.000+01:00,3315,29.390090942382812,live
3090751706,3122,2026-08-01T19:00:24.000+01:00,3320,29.413070678710938,live
3090751706,3123,2026-08-01T19:00:33.000+01:00,3320,29.435752868652344,live
3090751706,3124,2026-08-01T19:00:43.000+01:00,3312,29.449356079101562,live
3090751706,3125,2026-08-01T19:00:53.000+01:00,3319,29.45587921142578,live
3090751706,3126,2026-08-01T19:01:03.000+01:00,3319,29.45191192626953,live
3090751706,3127,2026-08-01T19:01:13.000+01:00,3319,29.424118041992188,live
3090751706,3128,2026-08-01T19:01:23.000+01:00,3319,29.443115234375,live
3090751706,3129,2026-08-01T19:01:33.000+01:00,3291,29.42809295654297,live
3090751706,3130,2026-08-01T19:01:43.000+01:00,3312,29.414764404296875,live
3090751706,3131,2026-08-01T19:01:53.000+01:00,3322,29.4071044921875,live
3090751706,3132,2026-08-01T19:02:03.000+01:00,3317,29.39434814453125,live
3090751706,3133,2026-08-01T19:02:13.000+01:00,3312,29.404273986816406,live
3090751706,3134,2026-08-01T19:02:24.000+01:00,3319,29.422142028808594,live
3090751706,3135,2026-08-01T19:02:33.000+01:00,3312,29.44963836669922,live
3090751706,3136,2026-08-01T19:02:43.000+01:00,3317,29.456161499023438,live
3090751706,3137,2026-08-01T19:02:53.000+01:00,3319,29.456161499023438,live
3090751706,3138,2026-08-01T19:03:03.000+01:00,3293,29.464385986328125,live
3090751706,3139,2026-08-01T19:03:13.000+01:00,3320,29.461837768554688,live
3090751706,3140,2026-08-01T19:03:23.000+01:00,3317,29.47260284423828,live
3090751706,3141,2026-08-01T19:03:33.000+01:00,3315,29.48650360107422,live
3090751706,3142,2026-08-01T19:03:44.000+01:00,3319,29.492454528808594,live
3090751706,3143,2026-08-01T19:03:53.000+01:00,3286,29.486785888671875,live
3090751706,3144,2026-08-01T19:04:03.000+01:00,3315,29.47998046875,live
3090751706,3145,2026-08-01T19:04:13.000+01:00,3312,29.47771453857422,live
3090751706,3146,2026-08-01T19:04:23.000+01:00,3285,29.482818603515625,live
3090751706,3147,2026-08-01T19:04:34.000+01:00,3317,29.480262756347656,live
3090751706,3148,2026-08-01T19:04:43.000+01:00,3294,29.475440979003906,live
3090751706,3149,2026-08-01T19:04:53.000+01:00,3280,29.464385986328125,live
3090751706,3150,2026-08-01T19:05:03.000+01:00,3312,29.463531494140625,live
3090751706,3151,2026-08-01T19:05:13.000+01:00,3317,29.46551513671875,live
3090751706,3152,2026-08-01T19:05:23.000+01:00,3283,29.46070098876953,live
3090751706,3153,2026-08-01T19:05:33.000+01:00,3315,29.473175048828125,live
3090751706,3154,2026-08-01T19:05:43.000+01:00,3315,29.481689453125,live
3090751706,3155,2026-08-01T19:05:53.000+01:00,3277,29.497276306152344,live
3090751706,3156,2026-08-01T19:06:03.000+01:00,3314,29.51032257080078,live
3090751706,3157,2026-08-01T19:06:13.000+01:00,3315,29.53357696533203,live
3090751706,3158,2026-08-01T19:06:23.000+01:00,3270,29.551719665527344,live
3090751706,3159,2026-08-01T19:06:34.000+01:00,3312,29.54802703857422,live
3090751706,3160,2026-08-01T19:06:43.000+01:00,3309,29.518829345703125,live
3090751706,3161,2026-08-01T19:06:53.000+01:00,3312,29.53668975830078,live
3090751706,3162,2026-08-01T19:07:03.000+01:00,3312,29.539810180664062,live
3090751706,3163,2026-08-01T19:07:13.000+01:00,3299,29.533859252929688,live
3090751706,3164,2026-08-01T19:07:23.000+01:00,3275,29.532440185546875,live
3090751706,3165,2026-08-01T19:07:33.000+01:00,3312,29.538955688476562,live
3090751706,3166,2026-08-01T19:07:43.000+01:00,3312,29.550018310546875,live
3090751706,3167,2026-08-01T19:07:53.000+01:00,3312,29.53272247314453,live
3090751706,3168,2026-08-01T19:08:03.000+01:00,3312,29.488487243652344,live
3090751706,3169,2026-08-01T19:08:13.000+01:00,3285,29.482528686523438,live
3090751706,3170,2026-08-01T19:08:23.000+01:00,3315,29.484237670898438,live
3090751706,3171,2026-08-01T19:08:34.000+01:00,3312,29.476577758789062,live
3090751706,3172,2026-08-01T19:08:43.000+01:00,3310,29.460128784179688,live
3090751706,3173,2026-08-01T19:08:53.000+01:00,3312,29.453041076660156,live
3090751706,3174,2026-08-01T19:09:03.000+01:00,3310,29.434326171875,live
3090751706,3175,2026-08-01T19:09:13.000+01:00,3299,29.43602752685547,live
3090751706,3176,2026-08-01T19:09:23.000+01:00,3310,29.44170379638672,live
3090751706,3177,2026-08-01T19:09:33.000+01:00,3309,29.445953369140625,live
3090751706,3178,2026-08-01T19:09:43.000+01:00,3290,29.453895568847656,live
3090751706,3179,2026-08-01T19:09:53.000+01:00,3299,29.45587921142578,live
3090751706,3180,2026-08-01T19:10:03.000+01:00,3298,29.44878387451172,live
3090751706,3181,2026-08-01T19:10:13.000+01:00,3309,29.45105743408203,live
3090751706,3182,2026-08-01T19:10:23.000+01:00,3309,29.42383575439453,live
3090751706,3183,2026-08-01T19:10:34.000+01:00,3280,29.38470458984375,live
3090751706,3184,2026-08-01T19:10:43.000+01:00,3299,29.332252502441406,live
3090751706,3185,2026-08-01T19:10:53.000+01:00,3299,29.30559539794922,live
3090751706,3186,2026-08-01T19:11:03.000+01:00,3277,29.3016357421875,live
3090751706,3187,2026-08-01T19:11:13.000+01:00,3299,29.306732177734375,live
3090751706,3188,2026-08-01T19:11:23.000+01:00,3299,29.323463439941406,live
3090751706,3189,2026-08-01T19:11:33.000+01:00,3267,29.33112335205078,live
3090751706,3190,2026-08-01T19:11:43.000+01:00,3299,29.34728240966797,live
3090751706,3191,2026-08-01T19:11:53.000+01:00,3317,29.34728240966797,live
3090751706,3192,2026-08-01T19:12:03.000+01:00,3278,29.345291137695312,live
3090751706,3193,2026-08-01T19:12:13.000+01:00,3299,29.354934692382812,live
3090751706,3194,2026-08-01T19:12:23.000+01:00,3299,29.368545532226562,live
3090751706,3195,2026-08-01T19:12:34.000+01:00,3298,29.37109375,live
3090751706,3196,2026-08-01T19:12:43.000+01:00,3299,29.377059936523438,live
3090751706,3197,2026-08-01T19:12:53.000+01:00,3299,29.398605346679688,live
3090751706,3198,2026-08-01T19:13:03.000+01:00,3285,29.41590118408203,live
3090751706,3199,2026-08-01T19:13:13.000+01:00,3298,29.425254821777344,live
3090751706,3200,2026-08-01T19:13:23.000+01:00,3298,29.426956176757812,live
3090751706,3201,2026-08-01T19:13:33.000+01:00,3310,29.419021606445312,live
3090751706,3202,2026-08-01T19:13:43.000+01:00,3299,29.41277313232422,live
3090751706,3203,2026-08-01T19:13:53.000+01:00,3310,29.406539916992188,live
3090751706,3204,2026-08-01T19:14:04.000+01:00,3299,29.410797119140625,live
3090751706,3205,2026-08-01T19:14:13.000+01:00,3299,29.41986846923828,live
3090751706,3206,2026-08-01T19:14:23.000+01:00,3299,29.427810668945312,live
3090751706,3207,2026-08-01T19:14:33.000+01:00,3296,29.43659210205078,live
3090751706,3208,2026-08-01T19:14:43.000+01:00,3299,29.42723846435547,live
3090751706,3209,2026-08-01T19:14:54.000+01:00,3281,29.407386779785156,live
3090751706,3210,2026-08-01T19:15:03.000+01:00,3298,29.41362762451172,live
3090751706,3211,2026-08-01T19:15:13.000+01:00,3299,29.40229034423828,live
3090751706,3212,2026-08-01T19:15:23.000+01:00,3296,29.4088134765625,live
3090751706,3213,2026-08-01T19:15:33.000+01:00,3309,29.41193389892578,live
3090751706,3214,2026-08-01T19:15:43.000+01:00,3317,29.40229034423828,live
3090751706,3215,2026-08-01T19:15:53.000+01:00,3299,29.39661407470703,live
3090751706,3216,2026-08-01T19:16:03.000+01:00,3299,29.395767211914062,live
3090751706,3217,2026-08-01T19:16:13.000+01:00,3312,29.41986846923828,live
3090751706,3218,2026-08-01T19:16:23.000+01:00,3298,29.433761596679688,live
3090751706,3219,2026-08-01T19:16:34.000+01:00,3294,29.450210571289062,live
3090751706,3220,2026-08-01T19:16:43.000+01:00,3285,29.438858032226562,live
3090751706,3221,2026-08-01T19:16:53.000+01:00,3299,29.442550659179688,live
3090751706,3222,2026-08-01T19:17:03.000+01:00,3293,29.438018798828125,live
3090751706,3223,2026-08-01T19:17:13.000+01:00,3275,29.444541931152344,live
3090751706,3224,2026-08-01T19:17:23.000+01:00,3310,29.450775146484375,live
3090751706,3225,2026-08-01T19:17:33.000+01:00,3299,29.43830108642578,live
3090751706,3226,2026-08-01T19:17:43.000+01:00,3278,29.441986083984375,live
3090751706,3227,2026-08-01T19:17:53.000+01:00,3296,29.445106506347656,live
3090751706,3228,2026-08-01T19:18:03.000+01:00,3296,29.452186584472656,live
3090751706,3229,2026-08-01T19:18:13.000+01:00,3264,29.459564208984375,live
3090751706,3230,2026-08-01T19:18:23.000+01:00,3298,29.43999481201172,live
3090751706,3231,2026-08-01T19:18:34.000+01:00,3299,29.40625,live
3090751706,3232,2026-08-01T19:18:43.000+01:00,3298,29.3702392578125,live
3090751706,3233,2026-08-01T19:18:53.000+01:00,3296,29.353233337402344,live
3090751706,3234,2026-08-01T19:19:03.000+01:00,3294,29.375350952148438,live
3090751706,3235,2026-08-01T19:19:13.000+01:00,3275,29.400299072265625,live
3090751706,3236,2026-08-01T19:19:23.000+01:00,3299,29.421287536621094,live
3090751706,3237,2026-08-01T19:19:33.000+01:00,3299,29.43206024169922,live
3090751706,3238,2026-08-01T19:19:43.000+01:00,3275,29.436309814453125,live
3090751706,3239,2026-08-01T19:19:53.000+01:00,3294,29.43688201904297,live
3090751706,3240,2026-08-01T19:20:03.000+01:00,3278,29.432907104492188,live
3090751706,3241,2026-08-01T19:20:13.000+01:00,3275,29.43121337890625,live
3090751706,3242,2026-08-01T19:20:23.000+01:00,3298,29.42950439453125,live
3090751706,3243,2026-08-01T19:20:34.000+01:00,3294,29.424407958984375,live
3090751706,3244,2026-08-01T19:20:43.000+01:00,3277,29.431777954101562,live
3090751706,3245,2026-08-01T19:20:53.000+01:00,3293,29.417312622070312,live
3090751706,3246,2026-08-01T19:21:03.000+01:00,3299,29.422698974609375,live
3090751706,3247,2026-08-01T19:21:13.000+01:00,3275,29.41533660888672,live
3090751706,3248,2026-08-01T19:21:23.000+01:00,3293,29.408531188964844,live
3090751706,3249,2026-08-01T19:21:33.000+01:00,3283,29.41193389892578,live
3090751706,3250,2026-08-01T19:21:43.000+01:00,3256,29.410797119140625,live
3090751706,3251,2026-08-01T19:21:53.000+01:00,3291,29.4439697265625,live
3090751706,3252,2026-08-01T19:22:03.000+01:00,3294,29.449920654296875,live
3090751706,3253,2026-08-01T19:22:13.000+01:00,3273,29.455032348632812,live
3090751706,3254,2026-08-01T19:22:23.000+01:00,3296,29.474594116210938,live
3090751706,3255,2026-08-01T19:22:34.000+01:00,3293,29.466934204101562,live
3090751706,3256,2026-08-01T19:22:43.000+01:00,3273,29.4808349609375,live
3090751706,3257,2026-08-01T19:22:53.000+01:00,3293,29.448226928710938,live
3090751706,3258,2026-08-01T19:23:03.000+01:00,3286,29.45049285888672,live
3090751706,3259,2026-08-01T19:23:13.000+01:00,3277,29.437164306640625,live
3090751706,3260,2026-08-01T19:23:23.000+01:00,3293,29.438018798828125,live
3090751706,3261,2026-08-01T19:23:33.000+01:00,3278,29.43206024169922,live
3090751706,3262,2026-08-01T19:23:43.000+01:00,3291,29.411643981933594,live
3090751706,3263,2026-08-01T19:23:53.000+01:00,3298,29.409378051757812,live
3090751706,3264,2026-08-01T19:24:03.000+01:00,3291,29.418739318847656,live
3090751706,3265,2026-08-01T19:24:13.000+01:00,3293,29.418739318847656,live
3090751706,3266,2026-08-01T19:24:24.000+01:00,3293,29.398033142089844,live
3090751706,3267,2026-08-01T19:24:33.000+01:00,3293,29.401153564453125,live
3090751706,3268,2026-08-01T19:24:43.000+01:00,3281,29.405410766601562,live
3090751706,3269,2026-08-01T19:24:53.000+01:00,3296,29.402847290039062,live
3090751706,3270,2026-08-01T19:25:03.000+01:00,3277,29.403701782226562,live
3090751706,3271,2026-08-01T19:25:13.000+01:00,3290,29.40087127685547,live
3090751706,3272,2026-08-01T19:25:24.000+01:00,3291,29.405975341796875,live
3090751706,3273,2026-08-01T19:25:33.000+01:00,3293,29.406822204589844,live
3090751706,3274,2026-08-01T19:25:43.000+01:00,3286,29.411643981933594,live
3090751706,3275,2026-08-01T19:25:53.000+01:00,3286,29.386688232421875,live
3090751706,3276,2026-08-01T19:26:03.000+01:00,3286,29.3807373046875,live
3090751706,3277,2026-08-01T19:26:13.000+01:00,3291,29.392364501953125,live
3090751706,3278,2026-08-01T19:26:23.000+01:00,3298,29.386688232421875,live
3090751706,3279,2026-08-01T19:26:33.000+01:00,3275,29.390663146972656,live
3090751706,3280,2026-08-01T19:26:44.000+01:00,3290,29.405120849609375,live
3090751706,3281,2026-08-01T19:26:53.000+01:00,3275,29.412498474121094,live
3090751706,3282,2026-08-01T19:27:03.000+01:00,3291,29.417312622070312,live
3090751706,3283,2026-08-01T19:27:13.000+01:00,3290,29.416175842285156,live
3090751706,3284,2026-08-01T19:27:23.000+01:00,3293,29.414764404296875,live
3090751706,3285,2026-08-01T19:27:33.000+01:00,3286,29.40058135986328,live
3090751706,3286,2026-08-01T19:27:43.000+01:00,3293,29.39122772216797,live
3090751706,3287,2026-08-01T19:27:53.000+01:00,3286,29.402008056640625,live
3090751706,3288,2026-08-01T19:28:03.000+01:00,3290,29.402572631835938,live
3090751706,3289,2026-08-01T19:28:13.000+01:00,3286,29.387542724609375,live
3090751706,3290,2026-08-01T19:28:23.000+01:00,3265,29.392364501953125,live
3090751706,3291,2026-08-01T19:28:34.000+01:00,3275,29.395767211914062,live
3090751706,3292,2026-08-01T19:28:43.000+01:00,3290,29.419021606445312,live
3090751706,3293,2026-08-01T19:28:53.000+01:00,3270,29.41590118408203,live
3090751706,3294,2026-08-01T19:29:03.000+01:00,3286,29.43121337890625,live
3090751706,3295,2026-08-01T19:29:13.000+01:00,3291,29.435752868652344,live
3090751706,3296,2026-08-01T19:29:23.000+01:00,3275,29.424407958984375,live
3090751706,3297,2026-08-01T19:29:33.000+01:00,3293,29.418167114257812,live
3090751706,3298,2026-08-01T19:29:43.000+01:00,3286,29.421852111816406,live
3090751706,3299,2026-08-01T19:29:53.000+01:00,3275,29.430076599121094,live
3090751706,3300,2026-08-01T19:30:03.000+01:00,3275,29.447654724121094,live
3090751706,3301,2026-08-01T19:30:13.000+01:00,3283,29.44623565673828,live
3090751706,3302,2026-08-01T19:30:24.000+01:00,3291,29.46410369873047,live
3090751706,3303,2026-08-01T19:30:33.000+01:00,3293,29.474868774414062,live
3090751706,3304,2026-08-01T19:30:43.000+01:00,3290,29.47431182861328,live
3090751706,3305,2026-08-01T19:30:53.000+01:00,3290,29.472320556640625,live
3090751706,3306,2026-08-01T19:31:03.000+01:00,3286,29.47345733642578,live
3090751706,3307,2026-08-01T19:31:13.000+01:00,3293,29.47431182861328,live
3090751706,3308,2026-08-01T19:31:23.000+01:00,3293,29.474868774414062,live
3090751706,3309,2026-08-01T19:31:33.000+01:00,3290,29.460983276367188,live
3090751706,3310,2026-08-01T19:31:43.000+01:00,3286,29.457298278808594,live
3090751706,3311,2026-08-01T19:31:53.000+01:00,3273,29.435462951660156,live
3090751706,3312,2026-08-01T19:32:03.000+01:00,3290,29.423553466796875,live
3090751706,3313,2026-08-01T19:32:14.000+01:00,3283,29.408531188964844,live
3090751706,3314,2026-08-01T19:32:23.000+01:00,3285,29.40625,live
3090751706,3315,2026-08-01T19:32:33.000+01:00,3286,29.399169921875,live
3090751706,3316,2026-08-01T19:32:43.000+01:00,3288,29.39661407470703,live
3090751706,3317,2026-08-01T19:32:53.000+01:00,3285,29.39604949951172,live
3090751706,3318,2026-08-01T19:33:03.000+01:00,3283,29.39349365234375,live
3090751706,3319,2026-08-01T19:33:13.000+01:00,3281,29.39746856689453,live
3090751706,3320,2026-08-01T19:33:23.000+01:00,3286,29.408241271972656,live
3090751706,3321,2026-08-01T19:33:33.000+01:00,3275,29.40398406982422,live
3090751706,3322,2026-08-01T19:33:43.000+01:00,3283,29.406539916992188,live
3090751706,3323,2026-08-01T19:33:53.000+01:00,3285,29.42242431640625,live
3090751706,3324,2026-08-01T19:34:04.000+01:00,3286,29.41590118408203,live
3090751706,3325,2026-08-01T19:34:13.000+01:00,3285,29.417030334472656,live
3090751706,3326,2026-08-01T19:34:23.000+01:00,3285,29.40966796875,live
3090751706,3327,2026-08-01T19:34:33.000+01:00,3270,29.407958984375,live
3090751706,3328,2026-08-01T19:34:43.000+01:00,3285,29.383567810058594,live
3090751706,3329,2026-08-01T19:34:53.000+01:00,3283,29.357765197753906,live
3090751706,3330,2026-08-01T19:35:03.000+01:00,3251,29.35436248779297,live
3090751706,3331,2026-08-01T19:35:13.000+01:00,3283,29.340194702148438,live
3090751706,3332,2026-08-01T19:35:23.000+01:00,3272,29.333099365234375,live
3090751706,3333,2026-08-01T19:35:34.000+01:00,3261,29.336509704589844,live
3090751706,3334,2026-08-01T19:35:43.000+01:00,3285,29.320343017578125,live
3090751706,3335,2026-08-01T19:35:53.000+01:00,3283,29.3262939453125,live
3090751706,3336,2026-08-01T19:36:03.000+01:00,3265,29.323745727539062,live
3090751706,3337,2026-08-01T19:36:13.000+01:00,3281,29.328277587890625,live
3090751706,3338,2026-08-01T19:36:24.000+01:00,3280,29.32318115234375,live
3090751706,3339,2026-08-01T19:36:33.000+01:00,3283,29.326583862304688,live
3090751706,3340,2026-08-01T19:36:43.000+01:00,3296,29.338485717773438,live
3090751706,3341,2026-08-01T19:36:53.000+01:00,3273,29.358901977539062,live
3090751706,3342,2026-08-01T19:37:03.000+01:00,3281,29.36797332763672,live
3090751706,3343,2026-08-01T19:37:13.000+01:00,3280,29.372520446777344,live
3090751706,3344,2026-08-01T19:37:23.000+01:00,3285,29.360328674316406,live
3090751706,3345,2026-08-01T19:37:33.000+01:00,3291,29.354652404785156,live
3090751706,3346,2026-08-01T19:37:43.000+01:00,3293,29.372520446777344,live
3090751706,3347,2026-08-01T19:37:53.000+01:00,3283,29.371376037597656,live
3090751706,3348,2026-08-01T19:38:03.000+01:00,3283,29.380165100097656,live
3090751706,3349,2026-08-01T19:38:14.000+01:00,3285,29.388397216796875,live
3090751706,3350,2026-08-01T19:38:23.000+01:00,3272,29.369400024414062,live
3090751706,3351,2026-08-01T19:38:33.000+01:00,3278,29.36145782470703,live
3090751706,3352,2026-08-01T19:38:43.000+01:00,3275,29.352951049804688,live
3090751706,3353,2026-08-01T19:38:53.000+01:00,3281,29.33820343017578,live
3090751706,3354,2026-08-01T19:39:03.000+01:00,3281,29.35040283203125,live
3090751706,3355,2026-08-01T19:39:13.000+01:00,3265,29.340194702148438,live
3090751706,3356,2026-08-01T19:39:23.000+01:00,3286,29.35607147216797,live
3090751706,3357,2026-08-01T19:39:33.000+01:00,3283,29.358055114746094,live
3090751706,3358,2026-08-01T19:39:43.000+01:00,3261,29.348411560058594,live
3090751706,3359,2026-08-01T19:39:53.000+01:00,3283,29.343597412109375,live
3090751706,3360,2026-08-01T19:40:04.000+01:00,3278,29.340476989746094,live
3090751706,3361,2026-08-01T19:40:13.000+01:00,3251,29.32091522216797,live
3090751706,3362,2026-08-01T19:40:23.000+01:00,3264,29.3087158203125,live
3090751706,3363,2026-08-01T19:40:33.000+01:00,3281,29.31920623779297,live
3090751706,3364,2026-08-01T19:40:43.000+01:00,3259,29.31835174560547,live
3090751706,3365,2026-08-01T19:40:53.000+01:00,3277,29.338775634765625,live
3090751706,3366,2026-08-01T19:41:03.000+01:00,3280,29.338485717773438,live
3090751706,3367,2026-08-01T19:41:13.000+01:00,3278,29.341888427734375,live
3090751706,3368,2026-08-01T19:41:23.000+01:00,3277,29.333953857421875,live
3090751706,3369,2026-08-01T19:41:33.000+01:00,3280,29.313819885253906,live
3090751706,3370,2026-08-01T19:41:43.000+01:00,3278,29.31665802001953,live
3090751706,3371,2026-08-01T19:41:54.000+01:00,3267,29.309280395507812,live
3090751706,3372,2026-08-01T19:42:03.000+01:00,3275,29.314666748046875,live
3090751706,3373,2026-08-01T19:42:13.000+01:00,3280,29.335655212402344,live
3090751706,3374,2026-08-01T19:42:23.000+01:00,3277,29.336219787597656,live
3090751706,3375,2026-08-01T19:42:33.000+01:00,3277,29.332534790039062,live
3090751706,3376,2026-08-01T19:42:43.000+01:00,3280,29.30644989013672,live
3090751706,3377,2026-08-01T19:42:53.000+01:00,3278,29.316375732421875,live
3090751706,3378,2026-08-01T19:43:03.000+01:00,3280,29.319778442382812,live
3090751706,3379,2026-08-01T19:43:13.000+01:00,3275,29.32884979248047,live
3090751706,3380,2026-08-01T19:43:23.000+01:00,3283,29.348983764648438,live
3090751706,3381,2026-08-01T19:43:33.000+01:00,3275,29.340476989746094,live
3090751706,3382,2026-08-01T19:43:44.000+01:00,3272,29.347557067871094,live
3090751706,3383,2026-08-01T19:43:53.000+01:00,3269,29.330551147460938,live
3090751706,3384,2026-08-01T19:44:03.000+01:00,3281,29.32855987548828,live
3090751706,3385,2026-08-01T19:44:13.000+01:00,3275,29.333953857421875,live
3090751706,3386,2026-08-01T19:44:23.000+01:00,3261,29.312400817871094,live
3090751706,3387,2026-08-01T19:44:33.000+01:00,3275,29.326583862304688,live
3090751706,3388,2026-08-01T19:44:43.000+01:00,3275,29.32402801513672,live
3090751706,3389,2026-08-01T19:44:53.000+01:00,3261,29.334800720214844,live
3090751706,3390,2026-08-01T19:45:03.000+01:00,3275,29.31751251220703,live
3090751706,3391,2026-08-01T19:45:13.000+01:00,3264,29.266754150390625,live
3090751706,3392,2026-08-01T19:45:23.000+01:00,3259,29.25994110107422,live
3090751706,3393,2026-08-01T19:45:34.000+01:00,3275,29.2366943359375,live
3090751706,3394,2026-08-01T19:45:43.000+01:00,3275,29.240097045898438,live
3090751706,3395,2026-08-01T19:45:53.000+01:00,3278,29.261932373046875,live
3090751706,3396,2026-08-01T19:46:03.000+01:00,3277,29.274978637695312,live
3090751706,3397,2026-08-01T19:46:13.000+01:00,3278,29.2735595703125,live
3090751706,3398,2026-08-01T19:46:23.000+01:00,3275,29.277244567871094,live
3090751706,3399,2026-08-01T19:46:34.000+01:00,3278,29.28234100341797,live
3090751706,3400,2026-08-01T19:46:43.000+01:00,3275,29.286033630371094,live
3090751706,3401,2026-08-01T19:46:53.000+01:00,3281,29.297943115234375,live
3090751706,3402,2026-08-01T19:47:03.000+01:00,3275,29.30559539794922,live
3090751706,3403,2026-08-01T19:47:13.000+01:00,3275,29.32062530517578,live
3090751706,3404,2026-08-01T19:47:23.000+01:00,3275,29.331398010253906,live
3090751706,3405,2026-08-01T19:47:34.000+01:00,3277,29.340476989746094,live
3090751706,3406,2026-08-01T19:47:43.000+01:00,3278,29.350120544433594,live
3090751706,3407,2026-08-01T19:47:53.000+01:00,3277,29.33991241455078,live
3090751706,3408,2026-08-01T19:48:03.000+01:00,3277,29.35040283203125,live
3090751706,3409,2026-08-01T19:48:13.000+01:00,3277,29.352951049804688,live
3090751706,3410,2026-08-01T19:48:23.000+01:00,3277,29.35266876220703,live
3090751706,3411,2026-08-01T19:48:33.000+01:00,3281,29.37109375,live
3090751706,3412,2026-08-01T19:48:43.000+01:00,3265,29.36968231201172,live
3090751706,3413,2026-08-01T19:48:53.000+01:00,3277,29.36060333251953,live
3090751706,3414,2026-08-01T19:49:03.000+01:00,3278,29.335655212402344,live
3090751706,3415,2026-08-01T19:49:13.000+01:00,3275,29.326866149902344,live
3090751706,3416,2026-08-01T19:49:24.000+01:00,3275,29.323463439941406,live
3090751706,3417,2026-08-01T19:49:33.000+01:00,3278,29.333099365234375,live
3090751706,3418,2026-08-01T19:49:43.000+01:00,3277,29.348129272460938,live
3090751706,3419,2026-08-01T19:49:53.000+01:00,3275,29.354080200195312,live
3090751706,3420,2026-08-01T19:50:03.000+01:00,3275,29.318641662597656,live
3090751706,3421,2026-08-01T19:50:13.000+01:00,3261,29.300209045410156,live
3090751706,3422,2026-08-01T19:50:23.000+01:00,3275,29.27043914794922,live
3090751706,3423,2026-08-01T19:50:33.000+01:00,3232,29.265335083007812,live
3090751706,3424,2026-08-01T19:50:43.000+01:00,3277,29.275535583496094,live
3090751706,3425,2026-08-01T19:50:53.000+01:00,3275,29.2982177734375,live
3090751706,3426,2026-08-01T19:51:03.000+01:00,3256,29.31835174560547,live
3090751706,3427,2026-08-01T19:51:14.000+01:00,3273,29.32402801513672,live
3090751706,3428,2026-08-01T19:51:23.000+01:00,3273,29.32941436767578,live
3090751706,3429,2026-08-01T19:51:33.000+01:00,3252,29.34246063232422,live
3090751706,3430,2026-08-01T19:51:43.000+01:00,3275,29.3455810546875,live
3090751706,3431,2026-08-01T19:51:53.000+01:00,3275,29.352386474609375,live
3090751706,3432,2026-08-01T19:52:03.000+01:00,3251,29.3702392578125,live
3090751706,3433,2026-08-01T19:52:13.000+01:00,3265,29.381874084472656,live
3090751706,3434,2026-08-01T19:52:23.000+01:00,3275,29.39520263671875,live
3090751706,3435,2026-08-01T19:52:33.000+01:00,3256,29.393218994140625,live
3090751706,3436,2026-08-01T19:52:43.000+01:00,3273,29.378753662109375,live
3090751706,3437,2026-08-01T19:52:53.000+01:00,3275,29.36060333251953,live
3090751706,3438,2026-08-01T19:53:04.000+01:00,3251,29.369400024414062,live
3090751706,3439,2026-08-01T19:53:13.000+01:00,3273,29.358619689941406,live
3090751706,3440,2026-08-01T19:53:23.000+01:00,3277,29.347557067871094,live
3090751706,3441,2026-08-01T19:53:33.000+01:00,3251,29.35692596435547,live
3090751706,3442,2026-08-01T19:53:43.000+01:00,3259,29.364288330078125,live
3090751706,3443,2026-08-01T19:53:53.000+01:00,3275,29.365997314453125,live
3090751706,3444,2026-08-01T19:54:03.000+01:00,3251,29.352386474609375,live
3090751706,3445,2026-08-01T19:54:13.000+01:00,3273,29.333953857421875,live
3090751706,3446,2026-08-01T19:54:23.000+01:00,3273,29.324317932128906,live
3090751706,3447,2026-08-01T19:54:33.000+01:00,3249,29.312400817871094,live
3090751706,3448,2026-08-01T19:54:43.000+01:00,3275,29.302474975585938,live
3090751706,3449,2026-08-01T19:54:54.000+01:00,3275,29.295387268066406,live
3090751706,3450,2026-08-01T19:55:03.000+01:00,3252,29.28943634033203,live
3090751706,3451,2026-08-01T19:55:13.000+01:00,3251,29.286880493164062,live
3090751706,3452,2026-08-01T19:55:23.000+01:00,3275,29.27893829345703,live
3090751706,3453,2026-08-01T19:55:33.000+01:00,3272,29.272132873535156,live
3090751706,3454,2026-08-01T19:55:43.000+01:00,3275,29.26789093017578,live
3090751706,3455,2026-08-01T19:55:53.000+01:00,3273,29.291709899902344,live
3090751706,3456,2026-08-01T19:56:03.000+01:00,3272,29.308143615722656,live
3090751706,3457,2026-08-01T19:56:13.000+01:00,3275,29.321754455566406,live
3090751706,3458,2026-08-01T19:56:23.000+01:00,3275,29.328277587890625,live
3090751706,3459,2026-08-01T19:56:34.000+01:00,3275,29.34302520751953,live
3090751706,3460,2026-08-01T19:56:43.000+01:00,3277,29.337356567382812,live
3090751706,3461,2026-08-01T19:56:53.000+01:00,3275,29.30304718017578,live
3090751706,3462,2026-08-01T19:57:03.000+01:00,3259,29.27440643310547,live
3090751706,3463,2026-08-01T19:57:13.000+01:00,3275,29.240951538085938,live
3090751706,3464,2026-08-01T19:57:24.000+01:00,3275,29.20635986328125,live
3090751706,3465,2026-08-01T19:57:33.000+01:00,3273,29.200965881347656,live
3090751706,3466,2026-08-01T19:57:43.000+01:00,3275,29.189056396484375,live
3090751706,3467,2026-08-01T19:57:53.000+01:00,3273,29.164100646972656,live
3090751706,3468,2026-08-01T19:58:03.000+01:00,3275,29.157020568847656,live
3090751706,3469,2026-08-01T19:58:13.000+01:00,3275,29.167503356933594,live
3090751706,3470,2026-08-01T19:58:23.000+01:00,3278,29.17176055908203,live
3090751706,3471,2026-08-01T19:58:34.000+01:00,3273,29.198699951171875,live
3090751706,3472,2026-08-01T19:58:43.000+01:00,3275,29.211456298828125,live
3090751706,3473,2026-08-01T19:58:53.000+01:00,3257,29.217979431152344,live
3090751706,3474,2026-08-01T19:59:03.000+01:00,3273,29.2279052734375,live
3090751706,3475,2026-08-01T19:59:13.000+01:00,3261,29.231307983398438,live
3090751706,3476,2026-08-01T19:59:23.000+01:00,3273,29.237258911132812,live
3090751706,3477,2026-08-01T19:59:33.000+01:00,3273,29.245201110839844,live
3090751706,3478,2026-08-01T19:59:43.000+01:00,3254,29.251441955566406,live
3090751706,3479,2026-08-01T19:59:53.000+01:00,3273,29.241233825683594,live
3090751706,3480,2026-08-01T20:00:03.000+01:00,3275,29.222518920898438,live
3090751706,3481,2026-08-01T20:00:13.000+01:00,3248,29.22393035888672,live
3090751706,3482,2026-08-01T20:00:24.000+01:00,3261,29.21826171875,live
3090751706,3483,2026-08-01T20:00:33.000+01:00,3273,29.223648071289062,live
3090751706,3484,2026-08-01T20:00:43.000+01:00,3248,29.22052764892578,live
3090751706,3485,2026-08-01T20:00:53.000+01:00,3272,29.248321533203125,live
3090751706,3486,2026-08-01T20:01:03.000+01:00,3270,29.25739288330078,live
3090751706,3487,2026-08-01T20:01:13.000+01:00,3251,29.268173217773438,live
3090751706,3488,2026-08-01T20:01:23.000+01:00,3275,29.28064727783203,live
3090751706,3489,2026-08-01T20:01:33.000+01:00,3275,29.289718627929688,live
3090751706,3490,2026-08-01T20:01:43.000+01:00,3249,29.280364990234375,live
3090751706,3491,2026-08-01T20:01:53.000+01:00,3273,29.293975830078125,live
3090751706,3492,2026-08-01T20:02:03.000+01:00,3273,29.300209045410156,live
3090751706,3493,2026-08-01T20:02:14.000+01:00,3227,29.306167602539062,live
3090751706,3494,2026-08-01T20:02:23.000+01:00,3275,29.31183624267578,live
3090751706,3495,2026-08-01T20:02:33.000+01:00,3273,29.290283203125,live
3090751706,3496,2026-08-01T20:02:43.000+01:00,3248,29.296524047851562,live
3090751706,3497,2026-08-01T20:02:53.000+01:00,3270,29.30559539794922,live
3090751706,3498,2026-08-01T20:03:03.000+01:00,3267,29.30701446533203,live
3090751706,3499,2026-08-01T20:03:13.000+01:00,3267,29.266754150390625,live
3090751706,3500,2026-08-01T20:03:23.000+01:00,3272,29.250022888183594,live
3090751706,3501,2026-08-01T20:03:33.000+01:00,3270,29.231307983398438,live
3090751706,3502,2026-08-01T20:03:43.000+01:00,3249,29.215713500976562,live
3090751706,3503,2026-08-01T20:03:53.000+01:00,3270,29.216285705566406,live
3090751706,3504,2026-08-01T20:04:04.000+01:00,3251,29.2191162109375,live
3090751706,3505,2026-08-01T20:04:13.000+01:00,3261,29.25030517578125,live
3090751706,3506,2026-08-01T20:04:23.000+01:00,3267,29.27440643310547,live
3090751706,3507,2026-08-01T20:04:33.000+01:00,3275,29.30644989013672,live
3090751706,3508,2026-08-01T20:04:43.000+01:00,3264,29.329132080078125,live
3090751706,3509,2026-08-01T20:04:53.000+01:00,3273,29.31523895263672,live
3090751706,3510,2026-08-01T20:05:03.000+01:00,3267,29.26789093017578,live
3090751706,3511,2026-08-01T20:05:13.000+01:00,3272,29.192176818847656,live
3090751706,3512,2026-08-01T20:05:23.000+01:00,3252,29.122421264648438,live
3090751706,3513,2026-08-01T20:05:33.000+01:00,3265,29.057205200195312,live
3090751706,3514,2026-08-01T20:05:43.000+01:00,3246,29.02715301513672,live
3090751706,3515,2026-08-01T20:05:54.000+01:00,3267,29.001632690429688,live
3090751706,3516,2026-08-01T20:06:03.000+01:00,3270,29.024887084960938,live
3090751706,3517,2026-08-01T20:06:13.000+01:00,3267,29.05437469482422,live
3090751706,3518,2026-08-01T20:06:23.000+01:00,3272,29.069679260253906,live
3090751706,3519,2026-08-01T20:06:33.000+01:00,3264,29.067413330078125,live
3090751706,3520,2026-08-01T20:06:43.000+01:00,3267,29.075355529785156,live
3090751706,3521,2026-08-01T20:06:53.000+01:00,3270,29.049560546875,live
3090751706,3522,2026-08-01T20:07:03.000+01:00,3267,29.072799682617188,live
3090751706,3523,2026-08-01T20:07:13.000+01:00,3251,29.09917449951172,live
3090751706,3524,2026-08-01T20:07:24.000+01:00,3264,29.134613037109375,live
3090751706,3525,2026-08-01T20:07:33.000+01:00,3261,29.165237426757812,live
3090751706,3526,2026-08-01T20:07:43.000+01:00,3264,29.174880981445312,live
3090751706,3527,2026-08-01T20:07:53.000+01:00,3267,29.188209533691406,live
3090751706,3528,2026-08-01T20:08:03.000+01:00,3270,29.198699951171875,live
3090751706,3529,2026-08-01T20:08:14.000+01:00,3267,29.195297241210938,live
3090751706,3530,2026-08-01T20:08:23.000+01:00,3267,29.178565979003906,live
3090751706,3531,2026-08-01T20:08:33.000+01:00,3267,29.151626586914062,live
3090751706,3532,2026-08-01T20:08:43.000+01:00,3257,29.11193084716797,live
3090751706,3533,2026-08-01T20:08:53.000+01:00,3241,29.092369079589844,live
3090751706,3534,2026-08-01T20:09:03.000+01:00,3249,29.07592010498047,live
3090751706,3535,2026-08-01T20:09:13.000+01:00,3259,29.0574951171875,live
3090751706,3536,2026-08-01T20:09:23.000+01:00,3272,29.07648468017578,live
3090751706,3537,2026-08-01T20:09:33.000+01:00,3267,29.105690002441406,live
3090751706,3538,2026-08-01T20:09:44.000+01:00,3259,29.13036346435547,live
3090751706,3539,2026-08-01T20:09:53.000+01:00,3241,29.159568786621094,live
3090751706,3540,2026-08-01T20:10:03.000+01:00,3270,29.13915252685547,live
3090751706,3541,2026-08-01T20:10:13.000+01:00,3267,29.11760711669922,live
3090751706,3542,2026-08-01T20:10:23.000+01:00,3241,29.089248657226562,live
3090751706,3543,2026-08-01T20:10:33.000+01:00,3259,29.052108764648438,live
3090751706,3544,2026-08-01T20:10:43.000+01:00,3246,29.049270629882812,live
3090751706,3545,2026-08-01T20:10:53.000+01:00,3243,29.045867919921875,live
3090751706,3546,2026-08-01T20:11:03.000+01:00,3261,29.067413330078125,live
3090751706,3547,2026-08-01T20:11:13.000+01:00,3265,29.08698272705078,live
3090751706,3548,2026-08-01T20:11:23.000+01:00,3235,29.104278564453125,live
3090751706,3549,2026-08-01T20:11:34.000+01:00,3259,29.09123992919922,live
3090751706,3550,2026-08-01T20:11:43.000+01:00,3261,29.082725524902344,live
3090751706,3551,2026-08-01T20:11:53.000+01:00,3241,29.110801696777344,live
3090751706,3552,2026-08-01T20:12:03.000+01:00,3270,29.119873046875,live
3090751706,3553,2026-08-01T20:12:13.000+01:00,3244,29.134613037109375,live
3090751706,3554,2026-08-01T20:12:23.000+01:00,3240,29.17090606689453,live
3090751706,3555,2026-08-01T20:12:33.000+01:00,3257,29.20068359375,live
3090751706,3556,2026-08-01T20:12:43.000+01:00,3257,29.178848266601562,live
3090751706,3557,2026-08-01T20:12:53.000+01:00,3238,29.179702758789062,live
3090751706,3558,2026-08-01T20:13:03.000+01:00,3257,29.1646728515625,live
3090751706,3559,2026-08-01T20:13:13.000+01:00,3257,29.14539337158203,live
3090751706,3560,2026-08-01T20:13:24.000+01:00,3241,29.133766174316406,live
3090751706,3561,2026-08-01T20:13:33.000+01:00,3264,29.1295166015625,live
3090751706,3562,2026-08-01T20:13:43.000+01:00,3264,29.15190887451172,live
3090751706,3563,2026-08-01T20:13:53.000+01:00,3244,29.168075561523438,live
3090751706,3564,2026-08-01T20:14:03.000+01:00,3265,29.18451690673828,live
3090751706,3565,2026-08-01T20:14:13.000+01:00,3261,29.209190368652344,live
3090751706,3566,2026-08-01T20:14:23.000+01:00,3232,29.23357391357422,live
3090751706,3567,2026-08-01T20:14:33.000+01:00,3261,29.237548828125,live
3090751706,3568,2026-08-01T20:14:43.000+01:00,3259,29.255699157714844,live
3090751706,3569,2026-08-01T20:14:53.000+01:00,3257,29.253990173339844,live
3090751706,3570,2026-08-01T20:15:03.000+01:00,3259,29.239524841308594,live
3090751706,3571,2026-08-01T20:15:14.000+01:00,3257,29.244064331054688,live
3090751706,3572,2026-08-01T20:15:23.000+01:00,3233,29.240097045898438,live
3090751706,3573,2026-08-01T20:15:33.000+01:00,3254,29.20465087890625,live
3090751706,3574,2026-08-01T20:15:43.000+01:00,3244,29.18395233154297,live
3090751706,3575,2026-08-01T20:15:53.000+01:00,3254,29.20068359375,live
3090751706,3576,2026-08-01T20:16:03.000+01:00,3257,29.203514099121094,live
3090751706,3577,2026-08-01T20:16:13.000+01:00,3252,29.186508178710938,live
3090751706,3578,2026-08-01T20:16:23.000+01:00,3254,29.172897338867188,live
3090751706,3579,2026-08-01T20:16:33.000+01:00,3259,29.188209533691406,live
3090751706,3580,2026-08-01T20:16:43.000+01:00,3261,29.189056396484375,live
3090751706,3581,2026-08-01T20:16:53.000+01:00,3267,29.187355041503906,live
3090751706,3582,2026-08-01T20:17:04.000+01:00,3257,29.176300048828125,live
3090751706,3583,2026-08-01T20:17:13.000+01:00,3254,29.17828369140625,live
3090751706,3584,2026-08-01T20:17:23.000+01:00,3236,29.180274963378906,live
3090751706,3585,2026-08-01T20:17:33.000+01:00,3259,29.178001403808594,live
3090751706,3586,2026-08-01T20:17:43.000+01:00,3252,29.204086303710938,live
3090751706,3587,2026-08-01T20:17:53.000+01:00,3256,29.21429443359375,live
3090751706,3588,2026-08-01T20:18:03.000+01:00,3257,29.21826171875,live
3090751706,3589,2026-08-01T20:18:14.000+01:00,3265,29.24803924560547,live
3090751706,3590,2026-08-01T20:18:23.000+01:00,3254,29.247756958007812,live
3090751706,3591,2026-08-01T20:18:33.000+01:00,3261,29.24237060546875,live
3090751706,3592,2026-08-01T20:18:43.000+01:00,3254,29.25030517578125,live
3090751706,3593,2026-08-01T20:18:54.000+01:00,3248,29.238685607910156,live
3090751706,3594,2026-08-01T20:19:03.000+01:00,3254,29.215713500976562,live
3090751706,3595,2026-08-01T20:19:13.000+01:00,3244,29.18310546875,live
3090751706,3596,2026-08-01T20:19:23.000+01:00,3257,29.190185546875,live
3090751706,3597,2026-08-01T20:19:33.000+01:00,3256,29.21288299560547,live
3090751706,3598,2026-08-01T20:19:43.000+01:00,3254,29.211456298828125,live
3090751706,3599,2026-08-01T20:19:53.000+01:00,3265,29.170623779296875,live
3090751706,3600,2026-08-01T20:20:03.000+01:00,3256,29.13178253173828,live
3090751706,3601,2026-08-01T20:20:13.000+01:00,3252,29.12213897705078,live
3090751706,3602,2026-08-01T20:20:24.000+01:00,3252,29.120155334472656,live
3090751706,3603,2026-08-01T20:20:33.000+01:00,3222,29.16326141357422,live
3090751706,3604,2026-08-01T20:20:43.000+01:00,3252,29.17261505126953,live
3090751706,3605,2026-08-01T20:20:53.000+01:00,3240,29.195297241210938,live
3090751706,3606,2026-08-01T20:21:03.000+01:00,3223,29.17998504638672,live
3090751706,3607,2026-08-01T20:21:13.000+01:00,3254,29.18395233154297,live
3090751706,3608,2026-08-01T20:21:23.000+01:00,3257,29.194442749023438,live
3090751706,3609,2026-08-01T20:21:33.000+01:00,3232,29.21117401123047,live
3090751706,3610,2026-08-01T20:21:43.000+01:00,3251,29.22393035888672,live
3090751706,3611,2026-08-01T20:21:53.000+01:00,3254,29.216842651367188,live
3090751706,3612,2026-08-01T20:22:03.000+01:00,3267,29.217124938964844,live
3090751706,3613,2026-08-01T20:22:14.000+01:00,3257,29.222518920898438,live
3090751706,3614,2026-08-01T20:22:23.000+01:00,3256,29.23017120361328,live
3090751706,3615,2026-08-01T20:22:33.000+01:00,3225,29.15106964111328,live
3090751706,3616,2026-08-01T20:22:43.000+01:00,3251,29.10059356689453,live
3090751706,3617,2026-08-01T20:22:53.000+01:00,3254,29.066566467285156,live
3090751706,3618,2026-08-01T20:23:03.000+01:00,3232,29.047279357910156,live
3090751706,3619,2026-08-01T20:23:13.000+01:00,3257,29.05266571044922,live
3090751706,3620,2026-08-01T20:23:23.000+01:00,3252,29.061744689941406,live
3090751706,3621,2026-08-01T20:23:33.000+01:00,3241,29.089248657226562,live
3090751706,3622,2026-08-01T20:23:43.000+01:00,3256,29.10711669921875,live
3090751706,3623,2026-08-01T20:23:53.000+01:00,3257,29.130935668945312,live
3090751706,3624,2026-08-01T20:24:04.000+01:00,3230,29.154464721679688,live
3090751706,3625,2026-08-01T20:24:13.000+01:00,3235,29.157867431640625,live
3090751706,3626,2026-08-01T20:24:23.000+01:00,3249,29.136886596679688,live
3090751706,3627,2026-08-01T20:24:33.000+01:00,3228,29.13433837890625,live
3090751706,3628,2026-08-01T20:24:43.000+01:00,3252,29.147666931152344,live
3090751706,3629,2026-08-01T20:24:53.000+01:00,3254,29.156166076660156,live
3090751706,3630,2026-08-01T20:25:03.000+01:00,3232,29.16637420654297,live
3090751706,3631,2026-08-01T20:25:13.000+01:00,3246,29.18054962158203,live
3090751706,3632,2026-08-01T20:25:23.000+01:00,3251,29.186782836914062,live
3090751706,3633,2026-08-01T20:25:33.000+01:00,3227,29.18791961669922,live
3090751706,3634,2026-08-01T20:25:43.000+01:00,3235,29.16779327392578,live
3090751706,3635,2026-08-01T20:25:54.000+01:00,3257,29.14000701904297,live
3090751706,3636,2026-08-01T20:26:03.000+01:00,3228,29.149932861328125,live
3090751706,3637,2026-08-01T20:26:13.000+01:00,3251,29.159286499023438,live
3090751706,3638,2026-08-01T20:26:23.000+01:00,3254,29.15361785888672,live
3090751706,3639,2026-08-01T20:26:33.000+01:00,3249,29.1102294921875,live
3090751706,3640,2026-08-01T20:26:43.000+01:00,3249,29.0574951171875,live
3090751706,3641,2026-08-01T20:26:53.000+01:00,3246,29.006729125976562,live
3090751706,3642,2026-08-01T20:27:03.000+01:00,3248,28.985183715820312,live
3090751706,3643,2026-08-01T20:27:13.000+01:00,3259,28.98377227783203,live
3090751706,3644,2026-08-01T20:27:23.000+01:00,3244,28.993972778320312,live
3090751706,3645,2026-08-01T20:27:33.000+01:00,3249,29.032257080078125,live
3090751706,3646,2026-08-01T20:27:44.000+01:00,3252,29.062034606933594,live
3090751706,3647,2026-08-01T20:27:53.000+01:00,3248,29.092933654785156,live
3090751706,3648,2026-08-01T20:28:03.000+01:00,3246,29.103424072265625,live
3090751706,3649,2026-08-01T20:28:13.000+01:00,3249,29.117324829101562,live
3090751706,3650,2026-08-01T20:28:23.000+01:00,3251,29.135467529296875,live
3090751706,3651,2026-08-01T20:28:33.000+01:00,3248,29.170623779296875,live
3090751706,3652,2026-08-01T20:28:43.000+01:00,3248,29.181114196777344,live
3090751706,3653,2026-08-01T20:28:54.000+01:00,3248,29.157867431640625,live
3090751706,3654,2026-08-01T20:29:03.000+01:00,3228,29.145957946777344,live
3090751706,3655,2026-08-01T20:29:13.000+01:00,3251,29.1207275390625,live
3090751706,3656,2026-08-01T20:29:23.000+01:00,3249,29.08074188232422,live
3090751706,3657,2026-08-01T20:29:34.000+01:00,3248,29.07677459716797,live
3090751706,3658,2026-08-01T20:29:43.000+01:00,3248,29.084999084472656,live
3090751706,3659,2026-08-01T20:29:53.000+01:00,3248,29.111656188964844,live
3090751706,3660,2026-08-01T20:30:03.000+01:00,3244,29.094924926757812,live
3090751706,3661,2026-08-01T20:30:13.000+01:00,3248,29.086700439453125,live
3090751706,3662,2026-08-01T20:30:23.000+01:00,3249,29.0382080078125,live
3090751706,3663,2026-08-01T20:30:33.000+01:00,3244,29.018081665039062,live
3090751706,3664,2026-08-01T20:30:43.000+01:00,3227,29.0206298828125,live
3090751706,3665,2026-08-01T20:30:53.000+01:00,3246,29.005599975585938,live
3090751706,3666,2026-08-01T20:31:04.000+01:00,3246,28.99510955810547,live
3090751706,3667,2026-08-01T20:31:13.000+01:00,3246,28.999366760253906,live
3090751706,3668,2026-08-01T20:31:23.000+01:00,3246,29.003334045410156,live
3090751706,3669,2026-08-01T20:31:33.000+01:00,3248,29.013824462890625,live
3090751706,3670,2026-08-01T20:31:43.000+01:00,3225,29.01410675048828,live
3090751706,3671,2026-08-01T20:31:53.000+01:00,3241,29.022048950195312,live
3090751706,3672,2026-08-01T20:32:03.000+01:00,3244,29.01836395263672,live
3090751706,3673,2026-08-01T20:32:13.000+01:00,3228,29.00702667236328,live
3090751706,3674,2026-08-01T20:32:23.000+01:00,3243,29.009002685546875,live
3090751706,3675,2026-08-01T20:32:33.000+01:00,3227,29.009292602539062,live
3090751706,3676,2026-08-01T20:32:44.000+01:00,3248,29.025169372558594,live
3090751706,3677,2026-08-01T20:32:53.000+01:00,3244,29.02630615234375,live
3090751706,3678,2026-08-01T20:33:03.000+01:00,3249,28.980369567871094,live
3090751706,3679,2026-08-01T20:33:13.000+01:00,3223,28.945770263671875,live
3090751706,3680,2026-08-01T20:33:23.000+01:00,3244,28.929039001464844,live
3090751706,3681,2026-08-01T20:33:33.000+01:00,3244,28.903526306152344,live
3090751706,3682,2026-08-01T20:33:43.000+01:00,3223,28.905792236328125,live
3090751706,3683,2026-08-01T20:33:53.000+01:00,3241,28.927627563476562,live
3090751706,3684,2026-08-01T20:34:03.000+01:00,3244,28.90778350830078,live
3090751706,3685,2026-08-01T21:30:21.000+01:00,3251,28.66448974609375,live
3090751706,3686,2026-08-01T21:30:32.000+01:00,3228,28.62366485595703,live
3090751706,3687,2026-08-01T21:30:41.000+01:00,3249,28.590492248535156,live
3090751706,3688,2026-08-01T21:30:51.000+01:00,3249,28.586517333984375,live
3090751706,3689,2026-08-01T21:31:01.000+01:00,3225,28.60125732421875,live
3090751706,3690,2026-08-01T21:31:11.000+01:00,3249,28.584823608398438,live
3090751706,3691,2026-08-01T21:31:21.000+01:00,3251,28.55419158935547,live
3090751706,3692,2026-08-01T21:31:31.000+01:00,3222,28.576309204101562,live
3090751706,3693,2026-08-01T21:31:41.000+01:00,3246,28.571495056152344,live
3090751706,3694,2026-08-01T21:31:51.000+01:00,3230,28.551918029785156,live
3090751706,3695,2026-08-01T21:32:01.000+01:00,3246,28.54936981201172,live
3090751706,3696,2026-08-01T21:32:12.000+01:00,3248,28.53888702392578,live
3090751706,3697,2026-08-01T21:32:21.000+01:00,3248,28.542282104492188,live
3090751706,3698,2026-08-01T21:32:31.000+01:00,3244,28.537460327148438,live
3090751706,3699,2026-08-01T21:32:41.000+01:00,3244,28.50995635986328,live
3090751706,3700,2026-08-01T21:32:51.000+01:00,3252,28.52356719970703,live
3090751706,3701,2026-08-01T21:33:01.000+01:00,3248,28.530654907226562,live
3090751706,3702,2026-08-01T21:33:11.000+01:00,3248,28.530654907226562,live
3090751706,3703,2026-08-01T21:33:21.000+01:00,3232,28.51959991455078,live
3090751706,3704,2026-08-01T21:33:31.000+01:00,3244,28.525833129882812,live
3090751706,3705,2026-08-01T21:33:41.000+01:00,3228,28.525558471679688,live
3090751706,3706,2026-08-01T21:33:52.000+01:00,3248,28.52923583984375,live
3090751706,3707,2026-08-01T21:34:01.000+01:00,3243,28.56298065185547,live
3090751706,3708,2026-08-01T21:34:11.000+01:00,3244,28.597007751464844,live
3090751706,3709,2026-08-01T21:34:21.000+01:00,3240,28.60070037841797,live
3090751706,3710,2026-08-01T21:34:31.000+01:00,3240,28.616294860839844,live
3090751706,3711,2026-08-01T21:34:41.000+01:00,3215,28.62847900390625,live
3090751706,3712,2026-08-01T21:34:51.000+01:00,3240,28.661941528320312,live
3090751706,3713,2026-08-01T21:35:01.000+01:00,3225,28.68376922607422,live
3090751706,3714,2026-08-01T21:35:11.000+01:00,3223,28.67725372314453,live
3090751706,3715,2026-08-01T21:35:22.000+01:00,3225,28.684906005859375,live
3090751706,3716,2026-08-01T21:35:31.000+01:00,3240,28.69171905517578,live
3090751706,3717,2026-08-01T21:35:41.000+01:00,3215,28.70616912841797,live
3090751706,3718,2026-08-01T21:35:51.000+01:00,3241,28.69426727294922,live
3090751706,3719,2026-08-01T21:36:01.000+01:00,3235,28.700218200683594,live
3090751706,3720,2026-08-01T21:36:12.000+01:00,3223,28.708160400390625,live
3090751706,3721,2026-08-01T21:36:21.000+01:00,3240,28.702484130859375,live
3090751706,3722,2026-08-01T21:36:31.000+01:00,3241,28.696815490722656,live
3090751706,3723,2026-08-01T21:36:41.000+01:00,3219,28.697952270507812,live
3090751706,3724,2026-08-01T21:36:51.000+01:00,3225,28.6973876953125,live
3090751706,3725,2026-08-01T21:37:01.000+01:00,3225,28.6868896484375,live
3090751706,3726,2026-08-01T21:37:11.000+01:00,3222,28.69426727294922,live
3090751706,3727,2026-08-01T21:37:22.000+01:00,3243,28.695404052734375,live
3090751706,3728,2026-08-01T21:37:31.000+01:00,3241,28.706741333007812,live
3090751706,3729,2026-08-01T21:37:41.000+01:00,3219,28.691146850585938,live
3090751706,3730,2026-08-01T21:37:51.000+01:00,3241,28.673004150390625,live
3090751706,3731,2026-08-01T21:38:01.000+01:00,3235,28.675552368164062,live
3090751706,3732,2026-08-01T21:38:11.000+01:00,3236,28.671585083007812,live
3090751706,3733,2026-08-01T21:38:21.000+01:00,3238,28.663352966308594,live
3090751706,3734,2026-08-01T21:38:31.000+01:00,3225,28.65654754638672,live
3090751706,3735,2026-08-01T21:38:41.000+01:00,3238,28.645782470703125,live
3090751706,3736,2026-08-01T21:38:51.000+01:00,3235,28.636138916015625,live
3090751706,3737,2026-08-01T21:39:02.000+01:00,3233,28.614585876464844,live
3090751706,3738,2026-08-01T21:39:11.000+01:00,3238,28.6148681640625,live
3090751706,3739,2026-08-01T21:39:21.000+01:00,3233,28.619125366210938,live
3090751706,3740,2026-08-01T21:39:31.000+01:00,3241,28.60523223876953,live
3090751706,3741,2026-08-01T21:39:41.000+01:00,3233,28.58197784423828,live
3090751706,3742,2026-08-01T21:39:51.000+01:00,3235,28.56922149658203,live
3090751706,3743,2026-08-01T21:40:01.000+01:00,3223,28.561569213867188,live
3090751706,3744,2026-08-01T21:40:11.000+01:00,3220,28.54936981201172,live
3090751706,3745,2026-08-01T21:40:21.000+01:00,3232,28.548240661621094,live
3090751706,3746,2026-08-01T21:40:31.000+01:00,3233,28.548240661621094,live
3090751706,3747,2026-08-01T21:40:42.000+01:00,3235,28.53803253173828,live
3090751706,3748,2026-08-01T21:40:51.000+01:00,3235,28.535194396972656,live
3090751706,3749,2026-08-01T21:41:01.000+01:00,3235,28.548240661621094,live
3090751706,3750,2026-08-01T21:41:11.000+01:00,3233,28.548812866210938,live
3090751706,3751,2026-08-01T21:41:21.000+01:00,3235,28.554481506347656,live
3090751706,3752,2026-08-01T21:41:31.000+01:00,3235,28.544837951660156,live
3090751706,3753,2026-08-01T21:41:41.000+01:00,3233,28.54851531982422,live
3090751706,3754,2026-08-01T21:41:51.000+01:00,3233,28.556747436523438,live
3090751706,3755,2026-08-01T21:42:01.000+01:00,3222,28.544273376464844,live
3090751706,3756,2026-08-01T21:42:11.000+01:00,3238,28.54143524169922,live
3090751706,3757,2026-08-01T21:42:22.000+01:00,3238,28.549942016601562,live
3090751706,3758,2026-08-01T21:42:31.000+01:00,3228,28.553909301757812,live
3090751706,3759,2026-08-01T21:42:41.000+01:00,3233,28.55107879638672,live
3090751706,3760,2026-08-01T21:42:51.000+01:00,3215,28.55645751953125,live
3090751706,3761,2026-08-01T21:43:01.000+01:00,3228,28.565528869628906,live
3090751706,3762,2026-08-01T21:43:11.000+01:00,3230,28.553909301757812,live
3090751706,3763,2026-08-01T21:43:21.000+01:00,3212,28.55022430419922,live
3090751706,3764,2026-08-01T21:43:31.000+01:00,3230,28.549942016601562,live
3090751706,3765,2026-08-01T21:43:41.000+01:00,3223,28.556175231933594,live
3090751706,3766,2026-08-01T21:43:51.000+01:00,3215,28.553054809570312,live
3090751706,3767,2026-08-01T21:44:02.000+01:00,3232,28.54143524169922,live
3090751706,3768,2026-08-01T21:44:11.000+01:00,3227,28.541717529296875,live
3090751706,3769,2026-08-01T21:44:21.000+01:00,3214,28.540298461914062,live
3090751706,3770,2026-08-01T21:44:31.000+01:00,3232,28.5428466796875,live
3090751706,3771,2026-08-01T21:44:41.000+01:00,3232,28.529808044433594,live
3090751706,3772,2026-08-01T21:44:51.000+01:00,3214,28.526405334472656,live
3090751706,3773,2026-08-01T21:45:01.000+01:00,3235,28.530654907226562,live
3090751706,3774,2026-08-01T21:45:11.000+01:00,3228,28.518470764160156,live
3090751706,3775,2026-08-01T21:45:21.000+01:00,3196,28.51421356201172,live
3090751706,3776,2026-08-01T21:45:31.000+01:00,3228,28.51818084716797,live
3090751706,3777,2026-08-01T21:45:42.000+01:00,3228,28.520164489746094,live
3090751706,3778,2026-08-01T21:45:51.000+01:00,3233,28.543128967285156,live
3090751706,3779,2026-08-01T21:46:01.000+01:00,3228,28.534629821777344,live
3090751706,3780,2026-08-01T21:46:11.000+01:00,3238,28.52215576171875,live
3090751706,3781,2026-08-01T21:46:21.000+01:00,3212,28.534629821777344,live
3090751706,3782,2026-08-01T21:46:31.000+01:00,3232,28.537460327148438,live
3090751706,3783,2026-08-01T21:46:42.000+01:00,3228,28.53235626220703,live
3090751706,3784,2026-08-01T21:46:51.000+01:00,3219,28.51506805419922,live
3090751706,3785,2026-08-01T21:47:01.000+01:00,3217,28.5164794921875,live
3090751706,3786,2026-08-01T21:47:11.000+01:00,3225,28.51421356201172,live
3090751706,3787,2026-08-01T21:47:21.000+01:00,3235,28.511947631835938,live
3090751706,3788,2026-08-01T21:47:32.000+01:00,3227,28.506271362304688,live
3090751706,3789,2026-08-01T21:47:41.000+01:00,3225,28.502578735351562,live
3090751706,3790,2026-08-01T21:47:51.000+01:00,3228,28.4989013671875,live
3090751706,3791,2026-08-01T21:48:01.000+01:00,3225,28.504287719726562,live
3090751706,3792,2026-08-01T21:48:11.000+01:00,3225,28.5076904296875,live
3090751706,3793,2026-08-01T21:48:21.000+01:00,3227,28.507972717285156,live
3090751706,3794,2026-08-01T21:48:31.000+01:00,3214,28.509109497070312,live
3090751706,3795,2026-08-01T21:48:41.000+01:00,3230,28.516197204589844,live
3090751706,3796,2026-08-01T21:48:51.000+01:00,3219,28.527542114257812,live
3090751706,3797,2026-08-01T21:49:01.000+01:00,3223,28.517044067382812,live
3090751706,3798,2026-08-01T21:49:12.000+01:00,3223,28.510528564453125,live
3090751706,3799,2026-08-01T21:49:21.000+01:00,3232,28.51959991455078,live
3090751706,3800,2026-08-01T21:49:31.000+01:00,3225,28.531509399414062,live
3090751706,3801,2026-08-01T21:49:41.000+01:00,3227,28.53661346435547,live
3090751706,3802,2026-08-01T21:49:51.000+01:00,3223,28.526405334472656,live
3090751706,3803,2026-08-01T21:50:01.000+01:00,3227,28.535484313964844,live
3090751706,3804,2026-08-01T21:50:11.000+01:00,3225,28.534629821777344,live
3090751706,3805,2026-08-01T21:50:21.000+01:00,3223,28.538589477539062,live
3090751706,3806,2026-08-01T21:50:31.000+01:00,3215,28.5428466796875,live
3090751706,3807,2026-08-01T21:50:41.000+01:00,3223,28.535194396972656,live
3090751706,3808,2026-08-01T21:50:52.000+01:00,3223,28.546539306640625,live
3090751706,3809,2026-08-01T21:51:01.000+01:00,3227,28.555892944335938,live
3090751706,3810,2026-08-01T21:51:11.000+01:00,3227,28.54767608642578,live
3090751706,3811,2026-08-01T21:51:21.000+01:00,3225,28.539161682128906,live
3090751706,3812,2026-08-01T21:51:31.000+01:00,3214,28.552772521972656,live
3090751706,3813,2026-08-01T21:51:41.000+01:00,3225,28.556747436523438,live
3090751706,3814,2026-08-01T21:51:51.000+01:00,3227,28.557884216308594,live
3090751706,3815,2026-08-01T21:52:01.000+01:00,3191,28.55419158935547,live
3090751706,3816,2026-08-01T21:52:11.000+01:00,3225,28.5533447265625,live
3090751706,3817,2026-08-01T21:52:21.000+01:00,3223,28.547386169433594,live
3090751706,3818,2026-08-01T21:52:32.000+01:00,3198,28.542564392089844,live
3090751706,3819,2026-08-01T21:52:41.000+01:00,3223,28.543418884277344,live
3090751706,3820,2026-08-01T21:52:51.000+01:00,3223,28.533775329589844,live
3090751706,3821,2026-08-01T21:53:01.000+01:00,3202,28.532920837402344,live
3090751706,3822,2026-08-01T21:53:11.000+01:00,3223,28.525558471679688,live
3090751706,3823,2026-08-01T21:53:21.000+01:00,3223,28.512229919433594,live
3090751706,3824,2026-08-01T21:53:31.000+01:00,3193,28.49095916748047,live
3090751706,3825,2026-08-01T21:53:41.000+01:00,3223,28.48358917236328,live
3090751706,3826,2026-08-01T21:53:51.000+01:00,3212,28.49095916748047,live
3090751706,3827,2026-08-01T21:54:01.000+01:00,3202,28.496910095214844,live
3090751706,3828,2026-08-01T21:54:12.000+01:00,3223,28.495216369628906,live
3090751706,3829,2026-08-01T21:54:21.000+01:00,3223,28.508262634277344,live
3090751706,3830,2026-08-01T21:54:31.000+01:00,3212,28.51250457763672,live
3090751706,3831,2026-08-01T21:54:41.000+01:00,3223,28.515907287597656,live
3090751706,3832,2026-08-01T21:54:51.000+01:00,3223,28.520736694335938,live
3090751706,3833,2026-08-01T21:55:01.000+01:00,3199,28.529808044433594,live
3090751706,3834,2026-08-01T21:55:11.000+01:00,3223,28.54596710205078,live
3090751706,3835,2026-08-01T21:55:21.000+01:00,3219,28.549087524414062,live
3090751706,3836,2026-08-01T21:55:31.000+01:00,3201,28.5419921875,live
3090751706,3837,2026-08-01T21:55:41.000+01:00,3220,28.536895751953125,live
3090751706,3838,2026-08-01T21:55:52.000+01:00,3223,28.53972625732422,live
3090751706,3839,2026-08-01T21:56:01.000+01:00,3223,28.519882202148438,live
3090751706,3840,2026-08-01T21:56:11.000+01:00,3223,28.53009033203125,live
3090751706,3841,2026-08-01T21:56:21.000+01:00,3219,28.534629821777344,live
3090751706,3842,2026-08-01T21:56:31.000+01:00,3219,28.531509399414062,live
3090751706,3843,2026-08-01T21:56:41.000+01:00,3223,28.532920837402344,live
3090751706,3844,2026-08-01T21:56:51.000+01:00,3215,28.53235626220703,live
3090751706,3845,2026-08-01T21:57:02.000+01:00,3204,28.52696990966797,live
3090751706,3846,2026-08-01T21:57:11.000+01:00,3222,28.526687622070312,live
3090751706,3847,2026-08-01T21:57:21.000+01:00,3222,28.51903533935547,live
3090751706,3848,2026-08-01T21:57:31.000+01:00,3220,28.52356719970703,live
3090751706,3849,2026-08-01T21:57:42.000+01:00,3227,28.508544921875,live
3090751706,3850,2026-08-01T21:57:51.000+01:00,3219,28.517616271972656,live
3090751706,3851,2026-08-01T21:58:01.000+01:00,3223,28.519882202148438,live
3090751706,3852,2026-08-01T21:58:11.000+01:00,3220,28.515907287597656,live
3090751706,3853,2026-08-01T21:58:21.000+01:00,3220,28.517898559570312,live
3090751706,3854,2026-08-01T21:58:31.000+01:00,3220,28.507972717285156,live
3090751706,3855,2026-08-01T21:58:41.000+01:00,3202,28.50995635986328,live
3090751706,3856,2026-08-01T21:58:51.000+01:00,3220,28.520736694335938,live
3090751706,3857,2026-08-01T21:59:01.000+01:00,3219,28.500030517578125,live
3090751706,3858,2026-08-01T21:59:11.000+01:00,3206,28.50060272216797,live
3090751706,3859,2026-08-01T21:59:21.000+01:00,3217,28.496070861816406,live
3090751706,3860,2026-08-01T21:59:31.000+01:00,3219,28.488128662109375,live
3090751706,3861,2026-08-01T21:59:41.000+01:00,3199,28.488975524902344,live
3090751706,3862,2026-08-01T21:59:51.000+01:00,3219,28.48358917236328,live
3090751706,3863,2026-08-01T22:00:01.000+01:00,3220,28.50060272216797,live
3090751706,3864,2026-08-01T22:00:11.000+01:00,3199,28.489822387695312,live
3090751706,3865,2026-08-01T22:00:21.000+01:00,3215,28.477066040039062,live
3090751706,3866,2026-08-01T22:00:31.000+01:00,3201,28.484725952148438,live
3090751706,3867,2026-08-01T22:00:41.000+01:00,3196,28.473663330078125,live
3090751706,3868,2026-08-01T22:00:51.000+01:00,3222,28.477630615234375,live
3090751706,3869,2026-08-01T22:01:01.000+01:00,3219,28.477920532226562,live
3090751706,3870,2026-08-01T22:01:11.000+01:00,3202,28.48443603515625,live
3090751706,3871,2026-08-01T22:01:21.000+01:00,3219,28.48699188232422,live
3090751706,3872,2026-08-01T22:01:31.000+01:00,3214,28.49010467529297,live
3090751706,3873,2026-08-01T22:01:42.000+01:00,3196,28.476791381835938,live
3090751706,3874,2026-08-01T22:01:51.000+01:00,3215,28.477630615234375,live
3090751706,3875,2026-08-01T22:02:01.000+01:00,3212,28.457496643066406,live
3090751706,3876,2026-08-01T22:02:11.000+01:00,3204,28.45325469970703,live
3090751706,3877,2026-08-01T22:02:21.000+01:00,3215,28.44361114501953,live
3090751706,3878,2026-08-01T22:02:31.000+01:00,3215,28.42914581298828,live
3090751706,3879,2026-08-01T22:02:41.000+01:00,3215,28.43085479736328,live
3090751706,3880,2026-08-01T22:02:51.000+01:00,3215,28.443328857421875,live
3090751706,3881,2026-08-01T22:03:01.000+01:00,3219,28.437652587890625,live
3090751706,3882,2026-08-01T22:03:11.000+01:00,3215,28.413841247558594,live
3090751706,3883,2026-08-01T22:03:21.000+01:00,3215,28.43340301513672,live
3090751706,3884,2026-08-01T22:03:31.000+01:00,3219,28.447288513183594,live
3090751706,3885,2026-08-01T22:03:41.000+01:00,3198,28.452117919921875,live
3090751706,3886,2026-08-01T22:03:51.000+01:00,3214,28.45240020751953,live
3090751706,3887,2026-08-01T22:04:01.000+01:00,3199,28.458633422851562,live
3090751706,3888,2026-08-01T22:04:11.000+01:00,3215,28.447860717773438,live
3090751706,3889,2026-08-01T22:04:21.000+01:00,3219,28.43964385986328,live
3090751706,3890,2026-08-01T22:04:31.000+01:00,3212,28.4339599609375,live
3090751706,3891,2026-08-01T22:04:41.000+01:00,3217,28.43169403076172,live
3090751706,3892,2026-08-01T22:04:51.000+01:00,3207,28.453811645507812,live
3090751706,3893,2026-08-01T22:05:01.000+01:00,3207,28.440208435058594,live
3090751706,3894,2026-08-01T22:05:11.000+01:00,3209,28.441909790039062,live
3090751706,3895,2026-08-01T22:05:21.000+01:00,3191,28.440780639648438,live
3090751706,3896,2026-08-01T22:05:31.000+01:00,3212,28.440208435058594,live
3090751706,3897,2026-08-01T22:05:41.000+01:00,3199,28.445022583007812,live
3090751706,3898,2026-08-01T22:05:51.000+01:00,3196,28.441909790039062,live
3090751706,3899,2026-08-01T22:06:02.000+01:00,3214,28.452682495117188,live
3090751706,3900,2026-08-01T22:06:11.000+01:00,3214,28.45154571533203,live
3090751706,3901,2026-08-01T22:06:21.000+01:00,3219,28.46033477783203,live
3090751706,3902,2026-08-01T22:06:31.000+01:00,3207,28.459205627441406,live
3090751706,3903,2026-08-01T22:06:41.000+01:00,3209,28.46459197998047,live
3090751706,3904,2026-08-01T22:06:51.000+01:00,3190,28.44842529296875,live
3090751706,3905,2026-08-01T22:07:01.000+01:00,3214,28.45069122314453,live
3090751706,3906,2026-08-01T22:07:11.000+01:00,3196,28.44275665283203,live
3090751706,3907,2026-08-01T22:07:21.000+01:00,3194,28.454666137695312,live
3090751706,3908,2026-08-01T22:07:31.000+01:00,3212,28.455230712890625,live
3090751706,3909,2026-08-01T22:07:41.000+01:00,3209,28.4356689453125,live
3090751706,3910,2026-08-01T22:07:51.000+01:00,3182,28.443885803222656,live
3090751706,3911,2026-08-01T22:08:01.000+01:00,3212,28.44927978515625,live
3090751706,3912,2026-08-01T22:08:11.000+01:00,3202,28.4453125,live
3090751706,3913,2026-08-01T22:08:21.000+01:00,3193,28.439926147460938,live
3090751706,3914,2026-08-01T22:08:31.000+01:00,3209,28.425460815429688,live
3090751706,3915,2026-08-01T22:08:42.000+01:00,3207,28.422622680664062,live
3090751706,3916,2026-08-01T22:08:51.000+01:00,3190,28.43340301513672,live
3090751706,3917,2026-08-01T22:09:01.000+01:00,3206,28.412986755371094,live
3090751706,3918,2026-08-01T22:09:11.000+01:00,3206,28.412986755371094,live
3090751706,3919,2026-08-01T22:09:21.000+01:00,3207,28.402206420898438,live
3090751706,3920,2026-08-01T22:09:31.000+01:00,3212,28.422340393066406,live
3090751706,3921,2026-08-01T22:09:41.000+01:00,3202,28.42035675048828,live
3090751706,3922,2026-08-01T22:09:51.000+01:00,3209,28.41724395751953,live
3090751706,3923,2026-08-01T22:10:01.000+01:00,3206,28.405044555664062,live
3090751706,3924,2026-08-01T22:10:11.000+01:00,3214,28.40674591064453,live
3090751706,3925,2026-08-01T22:10:21.000+01:00,3202,28.41724395751953,live
3090751706,3926,2026-08-01T22:10:31.000+01:00,3190,28.42291259765625,live
3090751706,3927,2026-08-01T22:10:41.000+01:00,3193,28.42772674560547,live
3090751706,3928,2026-08-01T22:10:52.000+01:00,3209,28.429718017578125,live
3090751706,3929,2026-08-01T22:11:01.000+01:00,3186,28.446449279785156,live
3090751706,3930,2026-08-01T22:11:11.000+01:00,3204,28.444175720214844,live
3090751706,3931,2026-08-01T22:11:21.000+01:00,3206,28.439926147460938,live
3090751706,3932,2026-08-01T22:11:31.000+01:00,3183,28.455230712890625,live
3090751706,3933,2026-08-01T22:11:41.000+01:00,3202,28.4708251953125,live
3090751706,3934,2026-08-01T22:11:51.000+01:00,3207,28.46855926513672,live
3090751706,3935,2026-08-01T22:12:01.000+01:00,3180,28.47394561767578,live
3090751706,3936,2026-08-01T22:12:11.000+01:00,3191,28.477066040039062,live
3090751706,3937,2026-08-01T22:12:21.000+01:00,3201,28.450408935546875,live
3090751706,3938,2026-08-01T22:12:31.000+01:00,3196,28.45977020263672,live
3090751706,3939,2026-08-01T22:12:41.000+01:00,3206,28.445022583007812,live
3090751706,3940,2026-08-01T22:12:51.000+01:00,3201,28.4453125,live
3090751706,3941,2026-08-01T22:13:02.000+01:00,3207,28.439071655273438,live
3090751706,3942,2026-08-01T22:13:11.000+01:00,3202,28.4373779296875,live
3090751706,3943,2026-08-01T22:13:21.000+01:00,3201,28.421775817871094,live
3090751706,3944,2026-08-01T22:13:31.000+01:00,3204,28.409011840820312,live
3090751706,3945,2026-08-01T22:13:41.000+01:00,3201,28.421775817871094,live
3090751706,3946,2026-08-01T22:13:51.000+01:00,3198,28.417800903320312,live
3090751706,3947,2026-08-01T22:14:01.000+01:00,3193,28.421775817871094,live
3090751706,3948,2026-08-01T22:14:11.000+01:00,3188,28.41326904296875,live
3090751706,3949,2026-08-01T22:14:21.000+01:00,3206,28.41553497314453,live
3090751706,3950,2026-08-01T22:14:31.000+01:00,3199,28.40363311767578,live
3090751706,3951,2026-08-01T22:14:41.000+01:00,3180,28.40618133544922,live
3090751706,3952,2026-08-01T22:14:51.000+01:00,3199,28.399085998535156,live
3090751706,3953,2026-08-01T22:15:01.000+01:00,3206,28.41326904296875,live
3090751706,3954,2026-08-01T22:15:12.000+01:00,3183,28.40447235107422,live
3090751706,3955,2026-08-01T22:15:21.000+01:00,3199,28.390869140625,live
3090751706,3956,2026-08-01T22:15:31.000+01:00,3198,28.38123321533203,live
3090751706,3957,2026-08-01T22:15:41.000+01:00,3167,28.387184143066406,live
3090751706,3958,2026-08-01T22:15:51.000+01:00,3198,28.379806518554688,live
3090751706,3959,2026-08-01T22:16:01.000+01:00,3201,28.37895965576172,live
3090751706,3960,2026-08-01T22:16:11.000+01:00,3177,28.360244750976562,live
3090751706,3961,2026-08-01T22:16:21.000+01:00,3198,28.350318908691406,live
3090751706,3962,2026-08-01T22:16:31.000+01:00,3201,28.33954620361328,live
3090751706,3963,2026-08-01T22:16:41.000+01:00,3177,28.345779418945312,live
3090751706,3964,2026-08-01T22:16:51.000+01:00,3202,28.359107971191406,live
3090751706,3965,2026-08-01T22:17:01.000+01:00,3198,28.36052703857422,live
3090751706,3966,2026-08-01T22:17:11.000+01:00,3180,28.374710083007812,live
3090751706,3967,2026-08-01T22:17:22.000+01:00,3198,28.367332458496094,live
3090751706,3968,2026-08-01T22:17:31.000+01:00,3182,28.358261108398438,live
3090751706,3969,2026-08-01T22:17:41.000+01:00,3198,28.362510681152344,live
3090751706,3970,2026-08-01T22:17:51.000+01:00,3198,28.373001098632812,live
3090751706,3971,2026-08-01T22:18:01.000+01:00,3198,28.34862518310547,live
3090751706,3972,2026-08-01T22:18:11.000+01:00,3196,28.348052978515625,live
3090751706,3973,2026-08-01T22:18:21.000+01:00,3198,28.352584838867188,live
3090751706,3974,2026-08-01T22:18:31.000+01:00,3201,28.343795776367188,live
3090751706,3975,2026-08-01T22:18:41.000+01:00,3196,28.334442138671875,live
3090751706,3976,2026-08-01T22:18:51.000+01:00,3198,28.33472442626953,live
3090751706,3977,2026-08-01T22:19:01.000+01:00,3194,28.318283081054688,live
3090751706,3978,2026-08-01T22:19:11.000+01:00,3180,28.313743591308594,live
3090751706,3979,2026-08-01T22:19:21.000+01:00,3194,28.311477661132812,live
3090751706,3980,2026-08-01T22:19:31.000+01:00,3198,28.301834106445312,live
3090751706,3981,2026-08-01T22:19:41.000+01:00,3196,28.304100036621094,live
3090751706,3982,2026-08-01T22:19:51.000+01:00,3173,28.286514282226562,live
3090751706,3983,2026-08-01T22:20:02.000+01:00,3196,28.29474639892578,live
3090751706,3984,2026-08-01T22:20:11.000+01:00,3194,28.300697326660156,live
3090751706,3985,2026-08-01T22:20:21.000+01:00,3177,28.31317138671875,live
3090751706,3986,2026-08-01T22:20:31.000+01:00,3199,28.316017150878906,live
3090751706,3987,2026-08-01T22:20:41.000+01:00,3177,28.317710876464844,live
3090751706,3988,2026-08-01T22:20:51.000+01:00,3170,28.3179931640625,live
3090751706,3989,2026-08-01T22:21:01.000+01:00,3201,28.294174194335938,live
3090751706,3990,2026-08-01T22:21:11.000+01:00,3196,28.295310974121094,live
3090751706,3991,2026-08-01T22:21:21.000+01:00,3199,28.2933349609375,live
3090751706,3992,2026-08-01T22:21:31.000+01:00,3196,28.276031494140625,live
3090751706,3993,2026-08-01T22:21:41.000+01:00,3198,28.281982421875,live
3090751706,3994,2026-08-01T22:21:51.000+01:00,3193,28.26922607421875,live
3090751706,3995,2026-08-01T22:22:01.000+01:00,3198,28.28850555419922,live
3090751706,3996,2026-08-01T22:22:12.000+01:00,3198,28.28453826904297,live
3090751706,3997,2026-08-01T22:22:21.000+01:00,3196,28.283119201660156,live
3090751706,3998,2026-08-01T22:22:31.000+01:00,3178,28.27574920654297,live
3090751706,3999,2026-08-01T22:22:41.000+01:00,3198,28.283966064453125,live
3090751706,4000,2026-08-01T22:22:51.000+01:00,3196,28.284820556640625,live
3090751706,4001,2026-08-01T22:23:01.000+01:00,3190,28.279434204101562,live
3090751706,4002,2026-08-01T22:23:11.000+01:00,3196,28.28113555908203,live
3090751706,4003,2026-08-01T22:23:21.000+01:00,3191,28.268943786621094,live
3090751706,4004,2026-08-01T22:23:31.000+01:00,3172,28.27234649658203,live
3090751706,4005,2026-08-01T22:23:41.000+01:00,3190,28.282554626464844,live
3090751706,4006,2026-08-01T22:23:51.000+01:00,3193,28.272911071777344,live
3090751706,4007,2026-08-01T22:24:01.000+01:00,3162,28.26128387451172,live
3090751706,4008,2026-08-01T22:24:11.000+01:00,3193,28.272911071777344,live
3090751706,4009,2026-08-01T22:24:22.000+01:00,3193,28.24852752685547,live
3090751706,4010,2026-08-01T22:24:31.000+01:00,3172,28.252212524414062,live
3090751706,4011,2026-08-01T22:24:41.000+01:00,3188,28.2652587890625,live
3090751706,4012,2026-08-01T22:24:51.000+01:00,3183,28.253631591796875,live
3090751706,4013,2026-08-01T22:25:01.000+01:00,3172,28.25080108642578,live
3090751706,4014,2026-08-01T22:25:11.000+01:00,3190,28.253067016601562,live
3090751706,4015,2026-08-01T22:25:21.000+01:00,3193,28.25788116455078,live
3090751706,4016,2026-08-01T22:25:31.000+01:00,3190,28.263275146484375,live
3090751706,4017,2026-08-01T22:25:41.000+01:00,3173,28.244834899902344,live
3090751706,4018,2026-08-01T22:25:51.000+01:00,3190,28.244552612304688,live
3090751706,4019,2026-08-01T22:26:01.000+01:00,3191,28.22527313232422,live
3090751706,4020,2026-08-01T22:26:11.000+01:00,3190,28.24285888671875,live
3090751706,4021,2026-08-01T22:26:21.000+01:00,3190,28.24909210205078,live
3090751706,4022,2026-08-01T22:26:32.000+01:00,3186,28.2459716796875,live
3090751706,4023,2026-08-01T22:26:41.000+01:00,3188,28.249664306640625,live
3090751706,4024,2026-08-01T22:26:51.000+01:00,3190,28.280006408691406,live
3090751706,4025,2026-08-01T22:27:01.000+01:00,3186,28.278579711914062,live
3090751706,4026,2026-08-01T22:27:11.000+01:00,3190,28.283119201660156,live
3090751706,4027,2026-08-01T22:27:21.000+01:00,3182,28.292762756347656,live
3090751706,4028,2026-08-01T22:27:31.000+01:00,3173,28.288223266601562,live
3090751706,4029,2026-08-01T22:27:41.000+01:00,3183,28.27008056640625,live
3090751706,4030,2026-08-01T22:27:51.000+01:00,3196,28.280845642089844,live
3090751706,4031,2026-08-01T22:28:01.000+01:00,3183,28.27574920654297,live
3090751706,4032,2026-08-01T22:28:11.000+01:00,3169,28.267807006835938,live
3090751706,4033,2026-08-01T22:28:21.000+01:00,3182,28.271209716796875,live
3090751706,4034,2026-08-01T22:28:31.000+01:00,3186,28.261856079101562,live
3090751706,4035,2026-08-01T22:28:41.000+01:00,3170,28.241722106933594,live
3090751706,4036,2026-08-01T22:28:51.000+01:00,3188,28.248809814453125,live
3090751706,4037,2026-08-01T22:29:01.000+01:00,3170,28.2547607421875,live
3090751706,4038,2026-08-01T22:29:11.000+01:00,3170,28.236900329589844,live
3090751706,4039,2026-08-01T22:29:21.000+01:00,3172,28.220458984375,live
3090751706,4040,2026-08-01T22:29:31.000+01:00,3177,28.22441864013672,live
3090751706,4041,2026-08-01T22:29:41.000+01:00,3164,28.216766357421875,live
3090751706,4042,2026-08-01T22:29:51.000+01:00,3183,28.229248046875,live
3090751706,4043,2026-08-01T22:30:01.000+01:00,3180,28.22527313232422,live
3090751706,4044,2026-08-01T22:30:11.000+01:00,3188,28.199188232421875,live
3090751706,4045,2026-08-01T22:30:21.000+01:00,3180,28.208541870117188,live
3090751706,4046,2026-08-01T22:30:31.000+01:00,3180,28.213653564453125,live
3090751706,4047,2026-08-01T22:30:41.000+01:00,3180,28.200607299804688,live
3090751706,4048,2026-08-01T22:30:51.000+01:00,3172,28.208541870117188,live
3090751706,4049,2026-08-01T22:31:02.000+01:00,3177,28.200607299804688,live
3090751706,4050,2026-08-01T22:31:11.000+01:00,3182,28.20911407470703,live
3090751706,4051,2026-08-01T22:31:21.000+01:00,3183,28.215065002441406,live
3090751706,4052,2026-08-01T22:31:31.000+01:00,3178,28.199188232421875,live
3090751706,4053,2026-08-01T22:31:41.000+01:00,3186,28.19635009765625,live
3090751706,4054,2026-08-01T22:31:51.000+01:00,3182,28.19550323486328,live
3090751706,4055,2026-08-01T22:32:01.000+01:00,3178,28.196067810058594,live
3090751706,4056,2026-08-01T22:32:11.000+01:00,3182,28.193801879882812,live
3090751706,4057,2026-08-01T22:32:21.000+01:00,3164,28.198333740234375,live
3090751706,4058,2026-08-01T22:32:31.000+01:00,3177,28.196640014648438,live
3090751706,4059,2026-08-01T22:32:41.000+01:00,3164,28.193519592285156,live
3090751706,4060,2026-08-01T22:32:51.000+01:00,3161,28.183021545410156,live
3090751706,4061,2026-08-01T22:33:01.000+01:00,3175,28.181610107421875,live
3090751706,4062,2026-08-01T22:33:12.000+01:00,3177,28.179908752441406,live
3090751706,4063,2026-08-01T22:33:21.000+01:00,3165,28.16771697998047,live
3090751706,4064,2026-08-01T22:33:31.000+01:00,3183,28.151840209960938,live
3090751706,4065,2026-08-01T22:33:41.000+01:00,3175,28.154388427734375,live
3090751706,4066,2026-08-01T22:33:51.000+01:00,3164,28.1458740234375,live
3090751706,4067,2026-08-01T22:34:01.000+01:00,3180,28.14105987548828,live
3090751706,4068,2026-08-01T22:34:11.000+01:00,3169,28.138511657714844,live
3090751706,4069,2026-08-01T22:34:21.000+01:00,3156,28.11724090576172,live
3090751706,4070,2026-08-01T22:34:31.000+01:00,3188,28.111854553222656,live
3090751706,4071,2026-08-01T22:34:41.000+01:00,3173,28.109588623046875,live
3090751706,4072,2026-08-01T22:34:51.000+01:00,3186,28.10448455810547,live
3090751706,4073,2026-08-01T22:35:01.000+01:00,3173,28.101364135742188,live
3090751706,4074,2026-08-01T22:35:11.000+01:00,3177,28.10108184814453,live
3090751706,4075,2026-08-01T22:35:22.000+01:00,3175,28.105621337890625,live
3090751706,4076,2026-08-01T22:35:31.000+01:00,3183,28.100791931152344,live
3090751706,4077,2026-08-01T22:35:41.000+01:00,3178,28.107032775878906,live
3090751706,4078,2026-08-01T22:35:51.000+01:00,3162,28.113555908203125,live
3090751706,4079,2026-08-01T22:36:01.000+01:00,3180,28.100791931152344,live
3090751706,4080,2026-08-01T22:36:11.000+01:00,3173,28.093429565429688,live
3090751706,4081,2026-08-01T22:36:21.000+01:00,3172,28.083221435546875,live
3090751706,4082,2026-08-01T22:36:31.000+01:00,3172,28.078109741210938,live
3090751706,4083,2026-08-01T22:36:41.000+01:00,3175,28.085205078125,live
3090751706,4084,2026-08-01T22:36:51.000+01:00,3172,28.080673217773438,live
3090751706,4085,2026-08-01T22:37:01.000+01:00,3183,28.094558715820312,live
3090751706,4086,2026-08-01T22:37:11.000+01:00,3172,28.088890075683594,live
3090751706,4087,2026-08-01T22:37:21.000+01:00,3172,28.10448455810547,live
3090751706,4088,2026-08-01T22:37:32.000+01:00,3161,28.114410400390625,live
3090751706,4089,2026-08-01T22:37:41.000+01:00,3164,28.097679138183594,live
3090751706,4090,2026-08-01T22:37:51.000+01:00,3172,28.071022033691406,live
3090751706,4091,2026-08-01T22:38:01.000+01:00,3156,28.078399658203125,live
3090751706,4092,2026-08-01T22:38:11.000+01:00,3175,28.091156005859375,live
3090751706,4093,2026-08-01T22:38:21.000+01:00,3172,28.095977783203125,live
3090751706,4094,2026-08-01T22:38:31.000+01:00,3173,28.086624145507812,live
3090751706,4095,2026-08-01T22:38:41.000+01:00,3172,28.108734130859375,live
3090751706,4096,2026-08-01T22:38:51.000+01:00,3173,28.091720581054688,live
3090751706,4097,2026-08-01T22:39:01.000+01:00,3146,28.085769653320312,live
3090751706,4098,2026-08-01T22:39:11.000+01:00,3161,28.09229278564453,live
3090751706,4099,2026-08-01T22:39:21.000+01:00,3170,28.109024047851562,live
3090751706,4100,2026-08-01T22:39:31.000+01:00,3175,28.111854553222656,live
3090751706,4101,2026-08-01T22:39:41.000+01:00,3172,28.10930633544922,live
3090751706,4102,2026-08-01T22:39:51.000+01:00,3172,28.101364135742188,live
3090751706,4103,2026-08-01T22:40:01.000+01:00,3170,28.0843505859375,live
3090751706,4104,2026-08-01T22:40:11.000+01:00,3177,28.084915161132812,live
3090751706,4105,2026-08-01T22:40:21.000+01:00,3173,28.09143829345703,live
3090751706,4106,2026-08-01T22:40:31.000+01:00,3177,28.07329559326172,live
3090751706,4107,2026-08-01T22:40:41.000+01:00,3138,28.092575073242188,live
3090751706,4108,2026-08-01T22:40:51.000+01:00,3154,28.09966278076172,live
3090751706,4521,2026-08-01T23:49:41.000+01:00,3035,27.476425170898438,live
3090751706,4522,2026-08-01T23:49:51.000+01:00,3035,27.505340576171875,live
3090751706,4523,2026-08-01T23:50:02.000+01:00,2991,27.51697540283203,live
3090751706,4524,2026-08-01T23:50:11.000+01:00,3028,27.561203002929688,live
3090751706,4525,2026-08-01T23:50:21.000+01:00,3028,27.61139678955078,live
3090751706,4526,2026-08-01T23:50:31.000+01:00,3024,27.655052185058594,live
3090751706,4527,2026-08-01T23:50:41.000+01:00,3003,27.701560974121094,live
3090751706,4528,2026-08-01T23:50:51.000+01:00,3022,27.73699951171875,live
3090751706,4529,2026-08-01T23:51:01.000+01:00,3022,27.781524658203125,live
3090751706,4530,2026-08-01T23:51:11.000+01:00,2999,27.82122039794922,live
3090751706,4531,2026-08-01T23:51:21.000+01:00,3020,27.781524658203125,live
3090751706,4532,2026-08-01T23:51:31.000+01:00,3019,27.78180694580078,live
3090751706,4533,2026-08-01T23:51:41.000+01:00,2974,27.788894653320312,live
3090751706,4534,2026-08-01T23:51:51.000+01:00,3017,27.78180694580078,live
3090751706,4537,2026-08-01T23:52:21.000+01:00,3016,27.83624267578125,live
3090751706,4542,2026-08-01T23:53:11.000+01:00,3009,27.852691650390625,live
3090751706,4544,2026-08-01T23:53:31.000+01:00,3006,27.84758758544922,live
3090751706,4546,2026-08-01T23:53:52.000+01:00,3006,27.80675506591797,live
3090751706,4547,2026-08-01T23:54:01.000+01:00,2999,27.82660675048828,live
3090751706,4548,2026-08-01T23:54:11.000+01:00,3003,27.799095153808594,live
3090751706,4549,2026-08-01T23:54:21.000+01:00,2995,27.784927368164062,live
3090751706,4550,2026-08-01T23:54:31.000+01:00,2996,27.77245330810547,live
3090751706,4551,2026-08-01T23:54:41.000+01:00,2993,27.797401428222656,live
3090751706,4552,2026-08-01T23:54:52.000+01:00,2996,27.76337432861328,live
3090751706,4553,2026-08-01T23:55:01.000+01:00,2967,27.752601623535156,live
3090751706,4554,2026-08-01T23:55:11.000+01:00,2988,27.82177734375,live
3090751706,4555,2026-08-01T23:55:21.000+01:00,2988,27.896080017089844,live
3090751706,4556,2026-08-01T23:55:31.000+01:00,2987,27.895225524902344,live
3090751706,4557,2026-08-01T23:55:41.000+01:00,2980,27.919898986816406,live
3090751706,4558,2026-08-01T23:55:51.000+01:00,2985,27.925277709960938,live
3090751706,4559,2026-08-01T23:56:01.000+01:00,2975,27.934066772460938,live
3090751706,4560,2026-08-01T23:56:12.000+01:00,2977,27.943710327148438,live
3090751706,4561,2026-08-01T23:56:21.000+01:00,2975,27.895225524902344,live
3090751706,4562,2026-08-01T23:56:31.000+01:00,2972,27.862045288085938,live
3090751706,4563,2026-08-01T23:56:41.000+01:00,2969,27.851837158203125,live
3090751706,4564,2026-08-01T23:56:51.000+01:00,2925,27.809303283691406,live
3090751706,4565,2026-08-01T23:57:01.000+01:00,2974,27.77471923828125,live
3090751706,4566,2026-08-01T23:57:11.000+01:00,2966,27.768760681152344,live
3090751706,4567,2026-08-01T23:57:21.000+01:00,2948,27.759681701660156,live
3090751706,4568,2026-08-01T23:57:31.000+01:00,2966,27.747207641601562,live
3090751706,4569,2026-08-01T23:57:41.000+01:00,2967,27.742393493652344,live
3090751706,4570,2026-08-01T23:57:51.000+01:00,2941,27.745513916015625,live
3090751706,4571,2026-08-01T23:58:02.000+01:00,2964,27.71942901611328,live
3090751706,4572,2026-08-01T23:58:11.000+01:00,2956,27.74011993408203,live
3090751706,4573,2026-08-01T23:58:21.000+01:00,2933,27.724525451660156,live
3090751706,4574,2026-08-01T23:58:31.000+01:00,2932,27.735870361328125,live
3090751706,4575,2026-08-01T23:58:41.000+01:00,2956,27.74437713623047,live
3090751706,4576,2026-08-01T23:58:51.000+01:00,2919,27.750328063964844,live
3090751706,4577,2026-08-01T23:59:01.000+01:00,2948,27.744659423828125,live
3090751706,4578,2026-08-01T23:59:11.000+01:00,2948,27.718292236328125,live
3090751706,4579,2026-08-01T23:59:21.000+01:00,2946,27.691917419433594,live
3090751706,4580,2026-08-01T23:59:31.000+01:00,2943,27.6522216796875,live
3090751706,4581,2026-08-01T23:59:41.000+01:00,2938,27.653076171875,live
3090751706,4582,2026-08-01T23:59:52.000+01:00,2938,27.639175415039062,live
3090751706,4583,2026-08-02T00:00:01.000+01:00,2914,27.621315002441406,live
3090751706,4584,2026-08-02T00:00:11.000+01:00,2911,27.61536407470703,live
3090751706,4585,2026-08-02T00:00:21.000+01:00,2924,27.600616455078125,live
3090751706,4586,2026-08-02T00:00:31.000+01:00,2935,27.599761962890625,live
3090751706,4587,2026-08-02T00:00:41.000+01:00,2930,27.608840942382812,live
3090751706,4588,2026-08-02T00:00:51.000+01:00,2925,27.584457397460938,live
3090751706,4589,2026-08-02T00:01:01.000+01:00,2924,27.59947967529297,live
3090751706,4590,2026-08-02T00:01:11.000+01:00,2917,27.59295654296875,live
3090751706,4591,2026-08-02T00:01:21.000+01:00,2924,27.61933135986328,live
3090751706,4592,2026-08-02T00:01:31.000+01:00,2893,27.617630004882812,live
3090751706,4593,2026-08-02T00:01:42.000+01:00,2891,27.62670135498047,live
3090751706,4594,2026-08-02T00:01:51.000+01:00,2896,27.62103271484375,live
3090751706,4595,2026-08-02T00:02:01.000+01:00,2896,27.62273406982422,live
3090751706,4596,2026-08-02T00:02:11.000+01:00,2911,27.60089874267578,live
3090751706,4597,2026-08-02T00:02:21.000+01:00,2911,27.605438232421875,live
3090751706,4598,2026-08-02T00:02:31.000+01:00,2885,27.59069061279297,live
3090751706,4599,2026-08-02T00:02:41.000+01:00,2903,27.56914520263672,live
3090751706,4600,2026-08-02T00:02:51.000+01:00,2899,27.562904357910156,live
3090751706,4601,2026-08-02T00:03:01.000+01:00,2874,27.557518005371094,live
3090751706,4602,2026-08-02T00:03:11.000+01:00,2901,27.54248809814453,live
3090751706,4603,2026-08-02T00:03:21.000+01:00,2891,27.54277801513672,live
3090751706,4604,2026-08-02T00:03:32.000+01:00,2862,27.5362548828125,live
3090751706,4605,2026-08-02T00:03:41.000+01:00,2880,27.51866912841797,live
3090751706,4606,2026-08-02T00:03:51.000+01:00,2887,27.51526641845703,live
3090751706,4607,2026-08-02T00:04:01.000+01:00,2874,27.509315490722656,live
3090751706,4608,2026-08-02T00:04:11.000+01:00,2880,27.519241333007812,live
3090751706,4609,2026-08-02T00:04:21.000+01:00,2877,27.51385498046875,live
3090751706,4610,2026-08-02T00:04:31.000+01:00,2874,27.501937866210938,live
3090751706,4611,2026-08-02T00:04:41.000+01:00,2866,27.50251007080078,live
3090751706,4612,2026-08-02T00:04:51.000+01:00,2867,27.48180389404297,live
3090751706,4613,2026-08-02T00:05:02.000+01:00,2862,27.50336456298828,live
3090751706,4614,2026-08-02T00:05:11.000+01:00,2862,27.51441192626953,live
3090751706,4615,2026-08-02T00:05:21.000+01:00,2858,27.505340576171875,live
3090751706,4616,2026-08-02T00:05:31.000+01:00,2859,27.49853515625,live
3090751706,4617,2026-08-02T00:05:41.000+01:00,2858,27.499671936035156,live
3090751706,4618,2026-08-02T00:05:52.000+01:00,2846,27.518951416015625,live
3090751706,4619,2026-08-02T00:06:01.000+01:00,2846,27.51129913330078,live
3090751706,4620,2026-08-02T00:06:11.000+01:00,2822,27.519805908203125,live
3090751706,4621,2026-08-02T00:06:21.000+01:00,2840,27.51129913330078,live
3090751706,4622,2026-08-02T00:06:31.000+01:00,2835,27.503929138183594,live
3090751706,4623,2026-08-02T00:06:41.000+01:00,2811,27.501937866210938,live
3090751706,4624,2026-08-02T00:06:51.000+01:00,2808,27.499671936035156,live
3090751706,4625,2026-08-02T00:07:01.000+01:00,2827,27.488609313964844,live
3090751706,4626,2026-08-02T00:07:11.000+01:00,2801,27.50165557861328,live
3090751706,4627,2026-08-02T00:07:21.000+01:00,2827,27.517257690429688,live
3090751706,4628,2026-08-02T00:07:31.000+01:00,2812,27.532562255859375,live
3090751706,4629,2026-08-02T00:07:42.000+01:00,2790,27.5257568359375,live
3090751706,4630,2026-08-02T00:07:51.000+01:00,2814,27.52802276611328,live
3090751706,4631,2026-08-02T00:08:01.000+01:00,2811,27.526046752929688,live
3090751706,4632,2026-08-02T00:08:11.000+01:00,2811,27.487770080566406,live
3090751706,4633,2026-08-02T00:08:21.000+01:00,2804,27.459976196289062,live
3090751706,4634,2026-08-02T00:08:31.000+01:00,2771,27.461669921875,live
3090751706,4635,2026-08-02T00:08:41.000+01:00,2795,27.462806701660156,live
3090751706,4636,2026-08-02T00:08:51.000+01:00,2785,27.463661193847656,live
3090751706,4637,2026-08-02T00:09:01.000+01:00,2785,27.470184326171875,live
3090751706,4638,2026-08-02T00:09:11.000+01:00,2782,27.478973388671875,live
3090751706,4639,2026-08-02T00:09:21.000+01:00,2777,27.461669921875,live
3090751706,4640,2026-08-02T00:09:32.000+01:00,2779,27.457138061523438,live
3090751706,4641,2026-08-02T00:09:41.000+01:00,2766,27.456573486328125,live
3090751706,4642,2026-08-02T00:09:51.000+01:00,2764,27.45771026611328,live
3090751706,4643,2026-08-02T00:10:01.000+01:00,2759,27.448638916015625,live
3090751706,4644,2026-08-02T00:10:11.000+01:00,2732,27.466217041015625,live
3090751706,4645,2026-08-02T00:10:21.000+01:00,2748,27.472732543945312,live
3090751706,4646,2026-08-02T00:10:31.000+01:00,2743,27.477561950683594,live
3090751706,4647,2026-08-02T00:10:41.000+01:00,2742,27.470184326171875,live
3090751706,4648,2026-08-02T00:10:51.000+01:00,2717,27.46819305419922,live
3090751706,4649,2026-08-02T00:11:01.000+01:00,2730,27.47216796875,live
3090751706,4650,2026-08-02T00:11:11.000+01:00,2727,27.463096618652344,live
3090751706,4651,2026-08-02T00:11:22.000+01:00,2706,27.452316284179688,live
3090751706,4652,2026-08-02T00:11:31.000+01:00,2716,27.455162048339844,live
3090751706,4653,2026-08-02T00:11:41.000+01:00,2709,27.46111297607422,live
3090751706,4654,2026-08-02T00:11:51.000+01:00,2666,27.46337890625,live
3090751706,4655,2026-08-02T00:12:01.000+01:00,2679,27.462806701660156,live
3090751706,4656,2026-08-02T00:12:11.000+01:00,2687,27.44891357421875,live
3090751706,4657,2026-08-02T00:12:21.000+01:00,2661,27.438148498535156,live
3090751706,4658,2026-08-02T00:12:31.000+01:00,2684,27.43701171875,live
3090751706,4659,2026-08-02T00:12:41.000+01:00,2680,27.42028045654297,live
3090751706,4660,2026-08-02T00:12:51.000+01:00,2679,27.427650451660156,live
3090751706,4661,2026-08-02T00:13:01.000+01:00,2664,27.405250549316406,live
3090751706,4662,2026-08-02T00:13:12.000+01:00,2656,27.385406494140625,live
3090751706,4663,2026-08-02T00:13:21.000+01:00,2656,27.39533233642578,live
3090751706,4664,2026-08-02T00:13:31.000+01:00,2653,27.386245727539062,live
3090751706,4665,2026-08-02T00:13:41.000+01:00,2609,27.386245727539062,live
3090751706,4666,2026-08-02T00:13:51.000+01:00,2629,27.380294799804688,live
3090751706,4667,2026-08-02T00:14:01.000+01:00,2632,27.370941162109375,live
3090751706,4668,2026-08-02T00:14:11.000+01:00,2622,27.35932159423828,live
3090751706,4669,2026-08-02T00:14:21.000+01:00,2605,27.366966247558594,live
3090751706,4670,2026-08-02T00:14:31.000+01:00,2605,27.37860107421875,live
3090751706,4671,2026-08-02T00:14:41.000+01:00,2596,27.373214721679688,live
3090751706,4672,2026-08-02T00:14:51.000+01:00,2588,27.36981201171875,live
3090751706,4673,2026-08-02T00:15:02.000+01:00,2579,27.34740447998047,live
3090751706,4674,2026-08-02T00:15:11.000+01:00,2571,27.37036895751953,live
3090751706,4675,2026-08-02T00:15:21.000+01:00,2537,27.38483428955078,live
3090751706,4676,2026-08-02T00:15:31.000+01:00,2503,27.391075134277344,live
3090751706,4677,2026-08-02T00:15:41.000+01:00,2542,27.37122344970703,live
3090751706,4678,2026-08-02T00:15:51.000+01:00,2527,27.382003784179688,live
3090751706,4679,2026-08-02T00:16:02.000+01:00,2501,27.380577087402344,live
3090751706,4680,2026-08-02T00:16:11.000+01:00,2506,27.375198364257812,live
3090751706,4681,2026-08-02T00:16:21.000+01:00,2474,27.35137176513672,live
3090751706,4682,2026-08-02T00:16:31.000+01:00,2450,27.353363037109375,live
3090751706,4683,2026-08-02T00:16:41.000+01:00,2466,27.33776092529297,live
3090751706,4684,2026-08-02T00:16:51.000+01:00,2422,27.334930419921875,live
3090751706,4685,2026-08-02T00:17:02.000+01:00,2416,27.310546875,live
3090751706,4686,2026-08-02T00:17:11.000+01:00,2398,27.313095092773438,live
3090751706,4687,2026-08-02T00:17:21.000+01:00,2410,27.33380126953125,live
3090751706,4688,2026-08-02T00:17:31.000+01:00,2397,27.322738647460938,live
3090751706,4689,2026-08-02T00:17:41.000+01:00,2377,27.322174072265625,live
